prediction_side,decision_time_bucket_start,current_price_bucket_start,limit_price_anchor,win_market_count,win_fill_market_count,a_win_market_fill,lose_market_count,lose_fill_market_count,a_lose_market_fill,sample_market_count
up,0,0.3,0.05,0,0,0.0,3,2,0.6666666666666666,3
up,0,0.3,0.1,0,0,0.0,3,2,0.6666666666666666,3
up,0,0.3,0.15,0,0,0.0,3,3,1.0,3
up,0,0.3,0.2,0,0,0.0,3,3,1.0,3
up,0,0.3,0.25,0,0,0.0,3,3,1.0,3
up,0,0.3,0.3,0,0,0.0,3,3,1.0,3
up,0,0.3,0.35,0,0,0.0,3,3,1.0,3
up,0,0.3,0.4,0,0,0.0,3,3,1.0,3
up,0,0.3,0.45,0,0,0.0,3,3,1.0,3
up,0,0.3,0.5,0,0,0.0,3,3,1.0,3
up,0,0.3,0.55,0,0,0.0,3,3,1.0,3
up,0,0.3,0.6,0,0,0.0,3,3,1.0,3
up,0,0.3,0.65,0,0,0.0,3,3,1.0,3
up,0,0.3,0.7,0,0,0.0,3,3,1.0,3
up,0,0.3,0.75,0,0,0.0,3,3,1.0,3
up,0,0.3,0.8,0,0,0.0,3,3,1.0,3
up,0,0.3,0.85,0,0,0.0,3,3,1.0,3
up,0,0.3,0.9,0,0,0.0,3,3,1.0,3
up,0,0.3,0.95,0,0,0.0,3,3,1.0,3
up,0,0.35,0.05,1,1,1.0,4,4,1.0,5
up,0,0.35,0.1,1,1,1.0,4,4,1.0,5
up,0,0.35,0.15,1,1,1.0,4,4,1.0,5
up,0,0.35,0.2,1,1,1.0,4,4,1.0,5
up,0,0.35,0.25,1,1,1.0,4,4,1.0,5
up,0,0.35,0.3,1,1,1.0,4,4,1.0,5
up,0,0.35,0.35,1,1,1.0,4,4,1.0,5
up,0,0.35,0.4,1,1,1.0,4,4,1.0,5
up,0,0.35,0.45,1,1,1.0,4,4,1.0,5
up,0,0.35,0.5,1,1,1.0,4,4,1.0,5
up,0,0.35,0.55,1,1,1.0,4,4,1.0,5
up,0,0.35,0.6,1,1,1.0,4,4,1.0,5
up,0,0.35,0.65,1,1,1.0,4,4,1.0,5
up,0,0.35,0.7,1,1,1.0,4,4,1.0,5
up,0,0.35,0.75,1,1,1.0,4,4,1.0,5
up,0,0.35,0.8,1,1,1.0,4,4,1.0,5
up,0,0.35,0.85,1,1,1.0,4,4,1.0,5
up,0,0.35,0.9,1,1,1.0,4,4,1.0,5
up,0,0.35,0.95,1,1,1.0,4,4,1.0,5
up,0,0.4,0.05,8,0,0.0,17,17,1.0,25
up,0,0.4,0.1,8,0,0.0,17,17,1.0,25
up,0,0.4,0.15,8,1,0.125,17,17,1.0,25
up,0,0.4,0.2,8,1,0.125,17,17,1.0,25
up,0,0.4,0.25,8,3,0.375,17,17,1.0,25
up,0,0.4,0.3,8,3,0.375,17,17,1.0,25
up,0,0.4,0.35,8,3,0.375,17,17,1.0,25
up,0,0.4,0.4,8,6,0.75,17,17,1.0,25
up,0,0.4,0.45,8,8,1.0,17,17,1.0,25
up,0,0.4,0.5,8,8,1.0,17,17,1.0,25
up,0,0.4,0.55,8,8,1.0,17,17,1.0,25
up,0,0.4,0.6,8,8,1.0,17,17,1.0,25
up,0,0.4,0.65,8,8,1.0,17,17,1.0,25
up,0,0.4,0.7,8,8,1.0,17,17,1.0,25
up,0,0.4,0.75,8,8,1.0,17,17,1.0,25
up,0,0.4,0.8,8,8,1.0,17,17,1.0,25
up,0,0.4,0.85,8,8,1.0,17,17,1.0,25
up,0,0.4,0.9,8,8,1.0,17,17,1.0,25
up,0,0.4,0.95,8,8,1.0,17,17,1.0,25
up,0,0.45,0.05,79,2,0.02531645569620253,105,98,0.9333333333333333,184
up,0,0.45,0.1,79,3,0.0379746835443038,105,101,0.9619047619047619,184
up,0,0.45,0.15,79,6,0.0759493670886076,105,102,0.9714285714285714,184
up,0,0.45,0.2,79,12,0.1518987341772152,105,103,0.9809523809523809,184
up,0,0.45,0.25,79,17,0.21518987341772153,105,105,1.0,184
up,0,0.45,0.3,79,30,0.379746835443038,105,105,1.0,184
up,0,0.45,0.35,79,39,0.4936708860759494,105,105,1.0,184
up,0,0.45,0.4,79,47,0.5949367088607594,105,105,1.0,184
up,0,0.45,0.45,79,57,0.7215189873417721,105,105,1.0,184
up,0,0.45,0.5,79,79,1.0,105,105,1.0,184
up,0,0.45,0.55,79,79,1.0,105,105,1.0,184
up,0,0.45,0.6,79,79,1.0,105,105,1.0,184
up,0,0.45,0.65,79,79,1.0,105,105,1.0,184
up,0,0.45,0.7,79,79,1.0,105,105,1.0,184
up,0,0.45,0.75,79,79,1.0,105,105,1.0,184
up,0,0.45,0.8,79,79,1.0,105,105,1.0,184
up,0,0.45,0.85,79,79,1.0,105,105,1.0,184
up,0,0.45,0.9,79,79,1.0,105,105,1.0,184
up,0,0.45,0.95,79,79,1.0,105,105,1.0,184
up,0,0.5,0.05,4202,284,0.06758686339838173,4149,3885,0.9363702096890817,8351
up,0,0.5,0.1,4202,503,0.11970490242741552,4149,4007,0.9657748855145818,8351
up,0,0.5,0.15,4202,769,0.18300809138505475,4149,4072,0.9814413111593155,8351
up,0,0.5,0.2,4202,1002,0.23845787720133269,4149,4108,0.990118100747168,8351
up,0,0.5,0.25,4202,1313,0.3124702522608282,4149,4125,0.9942154736080984,8351
up,0,0.5,0.3,4202,1684,0.4007615421227987,4149,4137,0.9971077368040492,8351
up,0,0.5,0.35,4202,2048,0.48738695859114706,4149,4141,0.9980718245360328,8351
up,0,0.5,0.4,4202,2502,0.595430747263208,4149,4145,0.9990359122680164,8351
up,0,0.5,0.45,4202,2931,0.6975249881009044,4149,4146,0.9992769342010123,8351
up,0,0.5,0.5,4202,3479,0.8279390766301761,4149,4147,0.9995179561340082,8351
up,0,0.5,0.55,4202,3859,0.9183722037125178,4149,4148,0.9997589780670041,8351
up,0,0.5,0.6,4202,4063,0.9669205140409329,4149,4148,0.9997589780670041,8351
up,0,0.5,0.65,4202,4151,0.9878629224178962,4149,4148,0.9997589780670041,8351
up,0,0.5,0.7,4202,4185,0.995954307472632,4149,4148,0.9997589780670041,8351
up,0,0.5,0.75,4202,4196,0.9985721085197525,4149,4148,0.9997589780670041,8351
up,0,0.5,0.8,4202,4199,0.9992860542598763,4149,4148,0.9997589780670041,8351
up,0,0.5,0.85,4202,4199,0.9992860542598763,4149,4148,0.9997589780670041,8351
up,0,0.5,0.9,4202,4201,0.9997620180866255,4149,4148,0.9997589780670041,8351
up,0,0.5,0.95,4202,4201,0.9997620180866255,4149,4148,0.9997589780670041,8351
up,0,0.55,0.05,8,0,0.0,13,10,0.7692307692307693,21
up,0,0.55,0.1,8,0,0.0,13,12,0.9230769230769231,21
up,0,0.55,0.15,8,0,0.0,13,12,0.9230769230769231,21
up,0,0.55,0.2,8,0,0.0,13,13,1.0,21
up,0,0.55,0.25,8,0,0.0,13,13,1.0,21
up,0,0.55,0.3,8,0,0.0,13,13,1.0,21
up,0,0.55,0.35,8,2,0.25,13,13,1.0,21
up,0,0.55,0.4,8,3,0.375,13,13,1.0,21
up,0,0.55,0.45,8,4,0.5,13,13,1.0,21
up,0,0.55,0.5,8,4,0.5,13,13,1.0,21
up,0,0.55,0.55,8,7,0.875,13,13,1.0,21
up,0,0.55,0.6,8,8,1.0,13,13,1.0,21
up,0,0.55,0.65,8,8,1.0,13,13,1.0,21
up,0,0.55,0.7,8,8,1.0,13,13,1.0,21
up,0,0.55,0.75,8,8,1.0,13,13,1.0,21
up,0,0.55,0.8,8,8,1.0,13,13,1.0,21
up,0,0.55,0.85,8,8,1.0,13,13,1.0,21
up,0,0.55,0.9,8,8,1.0,13,13,1.0,21
up,0,0.55,0.95,8,8,1.0,13,13,1.0,21
up,0,0.6,0.05,4,0,0.0,2,2,1.0,6
up,0,0.6,0.1,4,0,0.0,2,2,1.0,6
up,0,0.6,0.15,4,1,0.25,2,2,1.0,6
up,0,0.6,0.2,4,1,0.25,2,2,1.0,6
up,0,0.6,0.25,4,1,0.25,2,2,1.0,6
up,0,0.6,0.3,4,1,0.25,2,2,1.0,6
up,0,0.6,0.35,4,1,0.25,2,2,1.0,6
up,0,0.6,0.4,4,1,0.25,2,2,1.0,6
up,0,0.6,0.45,4,2,0.5,2,2,1.0,6
up,0,0.6,0.5,4,2,0.5,2,2,1.0,6
up,0,0.6,0.55,4,2,0.5,2,2,1.0,6
up,0,0.6,0.6,4,3,0.75,2,2,1.0,6
up,0,0.6,0.65,4,4,1.0,2,2,1.0,6
up,0,0.6,0.7,4,4,1.0,2,2,1.0,6
up,0,0.6,0.75,4,4,1.0,2,2,1.0,6
up,0,0.6,0.8,4,4,1.0,2,2,1.0,6
up,0,0.6,0.85,4,4,1.0,2,2,1.0,6
up,0,0.6,0.9,4,4,1.0,2,2,1.0,6
up,0,0.6,0.95,4,4,1.0,2,2,1.0,6
up,0,0.65,0.05,2,0,0.0,1,1,1.0,3
up,0,0.65,0.1,2,1,0.5,1,1,1.0,3
up,0,0.65,0.15,2,1,0.5,1,1,1.0,3
up,0,0.65,0.2,2,1,0.5,1,1,1.0,3
up,0,0.65,0.25,2,1,0.5,1,1,1.0,3
up,0,0.65,0.3,2,1,0.5,1,1,1.0,3
up,0,0.65,0.35,2,1,0.5,1,1,1.0,3
up,0,0.65,0.4,2,2,1.0,1,1,1.0,3
up,0,0.65,0.45,2,2,1.0,1,1,1.0,3
up,0,0.65,0.5,2,2,1.0,1,1,1.0,3
up,0,0.65,0.55,2,2,1.0,1,1,1.0,3
up,0,0.65,0.6,2,2,1.0,1,1,1.0,3
up,0,0.65,0.65,2,2,1.0,1,1,1.0,3
up,0,0.65,0.7,2,2,1.0,1,1,1.0,3
up,0,0.65,0.75,2,2,1.0,1,1,1.0,3
up,0,0.65,0.8,2,2,1.0,1,1,1.0,3
up,0,0.65,0.85,2,2,1.0,1,1,1.0,3
up,0,0.65,0.9,2,2,1.0,1,1,1.0,3
up,0,0.65,0.95,2,2,1.0,1,1,1.0,3
up,30,0.05,0.05,1,0,0.0,2,2,1.0,3
up,30,0.05,0.1,1,1,1.0,2,2,1.0,3
up,30,0.05,0.15,1,1,1.0,2,2,1.0,3
up,30,0.05,0.2,1,1,1.0,2,2,1.0,3
up,30,0.05,0.25,1,1,1.0,2,2,1.0,3
up,30,0.05,0.3,1,1,1.0,2,2,1.0,3
up,30,0.05,0.35,1,1,1.0,2,2,1.0,3
up,30,0.05,0.4,1,1,1.0,2,2,1.0,3
up,30,0.05,0.45,1,1,1.0,2,2,1.0,3
up,30,0.05,0.5,1,1,1.0,2,2,1.0,3
up,30,0.05,0.55,1,1,1.0,2,2,1.0,3
up,30,0.05,0.6,1,1,1.0,2,2,1.0,3
up,30,0.05,0.65,1,1,1.0,2,2,1.0,3
up,30,0.05,0.7,1,1,1.0,2,2,1.0,3
up,30,0.05,0.75,1,1,1.0,2,2,1.0,3
up,30,0.05,0.8,1,1,1.0,2,2,1.0,3
up,30,0.05,0.85,1,1,1.0,2,2,1.0,3
up,30,0.05,0.9,1,1,1.0,2,2,1.0,3
up,30,0.05,0.95,1,1,1.0,2,2,1.0,3
up,30,0.1,0.05,3,1,0.3333333333333333,21,21,1.0,24
up,30,0.1,0.1,3,1,0.3333333333333333,21,21,1.0,24
up,30,0.1,0.15,3,3,1.0,21,21,1.0,24
up,30,0.1,0.2,3,3,1.0,21,21,1.0,24
up,30,0.1,0.25,3,3,1.0,21,21,1.0,24
up,30,0.1,0.3,3,3,1.0,21,21,1.0,24
up,30,0.1,0.35,3,3,1.0,21,21,1.0,24
up,30,0.1,0.4,3,3,1.0,21,21,1.0,24
up,30,0.1,0.45,3,3,1.0,21,21,1.0,24
up,30,0.1,0.5,3,3,1.0,21,21,1.0,24
up,30,0.1,0.55,3,3,1.0,21,21,1.0,24
up,30,0.1,0.6,3,3,1.0,21,21,1.0,24
up,30,0.1,0.65,3,3,1.0,21,21,1.0,24
up,30,0.1,0.7,3,3,1.0,21,21,1.0,24
up,30,0.1,0.75,3,3,1.0,21,21,1.0,24
up,30,0.1,0.8,3,3,1.0,21,21,1.0,24
up,30,0.1,0.85,3,3,1.0,21,21,1.0,24
up,30,0.1,0.9,3,3,1.0,21,21,1.0,24
up,30,0.1,0.95,3,3,1.0,21,21,1.0,24
up,30,0.15,0.05,7,1,0.14285714285714285,43,43,1.0,50
up,30,0.15,0.1,7,2,0.2857142857142857,43,43,1.0,50
up,30,0.15,0.15,7,4,0.5714285714285714,43,43,1.0,50
up,30,0.15,0.2,7,7,1.0,43,43,1.0,50
up,30,0.15,0.25,7,7,1.0,43,43,1.0,50
up,30,0.15,0.3,7,7,1.0,43,43,1.0,50
up,30,0.15,0.35,7,7,1.0,43,43,1.0,50
up,30,0.15,0.4,7,7,1.0,43,43,1.0,50
up,30,0.15,0.45,7,7,1.0,43,43,1.0,50
up,30,0.15,0.5,7,7,1.0,43,43,1.0,50
up,30,0.15,0.55,7,7,1.0,43,43,1.0,50
up,30,0.15,0.6,7,7,1.0,43,43,1.0,50
up,30,0.15,0.65,7,7,1.0,43,43,1.0,50
up,30,0.15,0.7,7,7,1.0,43,43,1.0,50
up,30,0.15,0.75,7,7,1.0,43,43,1.0,50
up,30,0.15,0.8,7,7,1.0,43,43,1.0,50
up,30,0.15,0.85,7,7,1.0,43,43,1.0,50
up,30,0.15,0.9,7,7,1.0,43,43,1.0,50
up,30,0.15,0.95,7,7,1.0,43,43,1.0,50
up,30,0.2,0.05,27,6,0.2222222222222222,98,95,0.9693877551020408,125
up,30,0.2,0.1,27,11,0.4074074074074074,98,96,0.9795918367346939,125
up,30,0.2,0.15,27,16,0.5925925925925926,98,97,0.9897959183673469,125
up,30,0.2,0.2,27,23,0.8518518518518519,98,98,1.0,125
up,30,0.2,0.25,27,27,1.0,98,98,1.0,125
up,30,0.2,0.3,27,27,1.0,98,98,1.0,125
up,30,0.2,0.35,27,27,1.0,98,98,1.0,125
up,30,0.2,0.4,27,27,1.0,98,98,1.0,125
up,30,0.2,0.45,27,27,1.0,98,98,1.0,125
up,30,0.2,0.5,27,27,1.0,98,98,1.0,125
up,30,0.2,0.55,27,27,1.0,98,98,1.0,125
up,30,0.2,0.6,27,27,1.0,98,98,1.0,125
up,30,0.2,0.65,27,27,1.0,98,98,1.0,125
up,30,0.2,0.7,27,27,1.0,98,98,1.0,125
up,30,0.2,0.75,27,27,1.0,98,98,1.0,125
up,30,0.2,0.8,27,27,1.0,98,98,1.0,125
up,30,0.2,0.85,27,27,1.0,98,98,1.0,125
up,30,0.2,0.9,27,27,1.0,98,98,1.0,125
up,30,0.2,0.95,27,27,1.0,98,98,1.0,125
up,30,0.25,0.05,105,9,0.08571428571428572,285,267,0.9368421052631579,390
up,30,0.25,0.1,105,24,0.22857142857142856,285,275,0.9649122807017544,390
up,30,0.25,0.15,105,45,0.42857142857142855,285,280,0.9824561403508771,390
up,30,0.25,0.2,105,59,0.5619047619047619,285,282,0.9894736842105263,390
up,30,0.25,0.25,105,82,0.780952380952381,285,285,1.0,390
up,30,0.25,0.3,105,97,0.9238095238095239,285,285,1.0,390
up,30,0.25,0.35,105,103,0.9809523809523809,285,285,1.0,390
up,30,0.25,0.4,105,105,1.0,285,285,1.0,390
up,30,0.25,0.45,105,105,1.0,285,285,1.0,390
up,30,0.25,0.5,105,105,1.0,285,285,1.0,390
up,30,0.25,0.55,105,105,1.0,285,285,1.0,390
up,30,0.25,0.6,105,105,1.0,285,285,1.0,390
up,30,0.25,0.65,105,105,1.0,285,285,1.0,390
up,30,0.25,0.7,105,105,1.0,285,285,1.0,390
up,30,0.25,0.75,105,105,1.0,285,285,1.0,390
up,30,0.25,0.8,105,105,1.0,285,285,1.0,390
up,30,0.25,0.85,105,105,1.0,285,285,1.0,390
up,30,0.25,0.9,105,105,1.0,285,285,1.0,390
up,30,0.25,0.95,105,105,1.0,285,285,1.0,390
up,30,0.3,0.05,173,17,0.09826589595375723,383,364,0.9503916449086162,556
up,30,0.3,0.1,173,37,0.2138728323699422,383,373,0.9738903394255874,556
up,30,0.3,0.15,173,54,0.31213872832369943,383,378,0.9869451697127938,556
up,30,0.3,0.2,173,70,0.4046242774566474,383,381,0.9947780678851175,556
up,30,0.3,0.25,173,90,0.5202312138728323,383,382,0.9973890339425587,556
up,30,0.3,0.3,173,122,0.7052023121387283,383,383,1.0,556
up,30,0.3,0.35,173,158,0.9132947976878613,383,383,1.0,556
up,30,0.3,0.4,173,166,0.9595375722543352,383,383,1.0,556
up,30,0.3,0.45,173,171,0.9884393063583815,383,383,1.0,556
up,30,0.3,0.5,173,172,0.9942196531791907,383,383,1.0,556
up,30,0.3,0.55,173,173,1.0,383,383,1.0,556
up,30,0.3,0.6,173,173,1.0,383,383,1.0,556
up,30,0.3,0.65,173,173,1.0,383,383,1.0,556
up,30,0.3,0.7,173,173,1.0,383,383,1.0,556
up,30,0.3,0.75,173,173,1.0,383,383,1.0,556
up,30,0.3,0.8,173,173,1.0,383,383,1.0,556
up,30,0.3,0.85,173,173,1.0,383,383,1.0,556
up,30,0.3,0.9,173,173,1.0,383,383,1.0,556
up,30,0.3,0.95,173,173,1.0,383,383,1.0,556
up,30,0.35,0.05,279,30,0.10752688172043011,376,355,0.9441489361702128,655
up,30,0.35,0.1,279,50,0.17921146953405018,376,363,0.9654255319148937,655
up,30,0.35,0.15,279,83,0.2974910394265233,376,373,0.9920212765957447,655
up,30,0.35,0.2,279,114,0.40860215053763443,376,375,0.9973404255319149,655
up,30,0.35,0.25,279,144,0.5161290322580645,376,376,1.0,655
up,30,0.35,0.3,279,179,0.6415770609318996,376,376,1.0,655
up,30,0.35,0.35,279,218,0.7813620071684588,376,376,1.0,655
up,30,0.35,0.4,279,259,0.9283154121863799,376,376,1.0,655
up,30,0.35,0.45,279,273,0.978494623655914,376,376,1.0,655
up,30,0.35,0.5,279,279,1.0,376,376,1.0,655
up,30,0.35,0.55,279,279,1.0,376,376,1.0,655
up,30,0.35,0.6,279,279,1.0,376,376,1.0,655
up,30,0.35,0.65,279,279,1.0,376,376,1.0,655
up,30,0.35,0.7,279,279,1.0,376,376,1.0,655
up,30,0.35,0.75,279,279,1.0,376,376,1.0,655
up,30,0.35,0.8,279,279,1.0,376,376,1.0,655
up,30,0.35,0.85,279,279,1.0,376,376,1.0,655
up,30,0.35,0.9,279,279,1.0,376,376,1.0,655
up,30,0.35,0.95,279,279,1.0,376,376,1.0,655
up,30,0.4,0.05,463,41,0.08855291576673865,596,568,0.9530201342281879,1059
up,30,0.4,0.1,463,76,0.16414686825053995,596,580,0.9731543624161074,1059
up,30,0.4,0.15,463,120,0.2591792656587473,596,590,0.9899328859060402,1059
up,30,0.4,0.2,463,155,0.3347732181425486,596,593,0.9949664429530202,1059
up,30,0.4,0.25,463,197,0.42548596112311016,596,595,0.9983221476510067,1059
up,30,0.4,0.3,463,250,0.5399568034557235,596,596,1.0,1059
up,30,0.4,0.35,463,304,0.6565874730021598,596,596,1.0,1059
up,30,0.4,0.4,463,380,0.8207343412526998,596,596,1.0,1059
up,30,0.4,0.45,463,436,0.9416846652267818,596,596,1.0,1059
up,30,0.4,0.5,463,452,0.9762419006479481,596,596,1.0,1059
up,30,0.4,0.55,463,456,0.9848812095032398,596,596,1.0,1059
up,30,0.4,0.6,463,462,0.9978401727861771,596,596,1.0,1059
up,30,0.4,0.65,463,463,1.0,596,596,1.0,1059
up,30,0.4,0.7,463,463,1.0,596,596,1.0,1059
up,30,0.4,0.75,463,463,1.0,596,596,1.0,1059
up,30,0.4,0.8,463,463,1.0,596,596,1.0,1059
up,30,0.4,0.85,463,463,1.0,596,596,1.0,1059
up,30,0.4,0.9,463,463,1.0,596,596,1.0,1059
up,30,0.4,0.95,463,463,1.0,596,596,1.0,1059
up,30,0.45,0.05,597,41,0.06867671691792294,667,628,0.9415292353823088,1264
up,30,0.45,0.1,597,67,0.11222780569514237,667,646,0.9685157421289355,1264
up,30,0.45,0.15,597,104,0.17420435510887772,667,654,0.9805097451274363,1264
up,30,0.45,0.2,597,146,0.24455611390284757,667,659,0.9880059970014993,1264
up,30,0.45,0.25,597,204,0.3417085427135678,667,663,0.9940029985007496,1264
up,30,0.45,0.3,597,265,0.4438860971524288,667,665,0.9970014992503748,1264
up,30,0.45,0.35,597,325,0.5443886097152428,667,665,0.9970014992503748,1264
up,30,0.45,0.4,597,392,0.6566164154103853,667,666,0.9985007496251874,1264
up,30,0.45,0.45,597,478,0.8006700167504187,667,666,0.9985007496251874,1264
up,30,0.45,0.5,597,546,0.914572864321608,667,666,0.9985007496251874,1264
up,30,0.45,0.55,597,572,0.9581239530988275,667,667,1.0,1264
up,30,0.45,0.6,597,589,0.9865996649916248,667,667,1.0,1264
up,30,0.45,0.65,597,595,0.9966499162479062,667,667,1.0,1264
up,30,0.45,0.7,597,596,0.998324958123953,667,667,1.0,1264
up,30,0.45,0.75,597,597,1.0,667,667,1.0,1264
up,30,0.45,0.8,597,597,1.0,667,667,1.0,1264
up,30,0.45,0.85,597,597,1.0,667,667,1.0,1264
up,30,0.45,0.9,597,597,1.0,667,667,1.0,1264
up,30,0.45,0.95,597,597,1.0,667,667,1.0,1264
up,30,0.5,0.05,880,71,0.08068181818181819,799,733,0.9173967459324155,1679
up,30,0.5,0.1,880,119,0.13522727272727272,799,763,0.9549436795994993,1679
up,30,0.5,0.15,880,159,0.1806818181818182,799,776,0.9712140175219024,1679
up,30,0.5,0.2,880,198,0.225,799,788,0.986232790988736,1679
up,30,0.5,0.25,880,259,0.2943181818181818,799,791,0.9899874843554443,1679
up,30,0.5,0.3,880,338,0.3840909090909091,799,794,0.9937421777221527,1679
up,30,0.5,0.35,880,400,0.45454545454545453,799,796,0.9962453066332916,1679
up,30,0.5,0.4,880,472,0.5363636363636364,799,797,0.9974968710888611,1679
up,30,0.5,0.45,880,569,0.6465909090909091,799,798,0.9987484355444305,1679
up,30,0.5,0.5,880,688,0.7818181818181819,799,798,0.9987484355444305,1679
up,30,0.5,0.55,880,800,0.9090909090909091,799,798,0.9987484355444305,1679
up,30,0.5,0.6,880,839,0.9534090909090909,799,798,0.9987484355444305,1679
up,30,0.5,0.65,880,863,0.9806818181818182,799,798,0.9987484355444305,1679
up,30,0.5,0.7,880,872,0.990909090909091,799,798,0.9987484355444305,1679
up,30,0.5,0.75,880,877,0.9965909090909091,799,798,0.9987484355444305,1679
up,30,0.5,0.8,880,878,0.9977272727272727,799,798,0.9987484355444305,1679
up,30,0.5,0.85,880,878,0.9977272727272727,799,798,0.9987484355444305,1679
up,30,0.5,0.9,880,879,0.9988636363636364,799,798,0.9987484355444305,1679
up,30,0.5,0.95,880,879,0.9988636363636364,799,798,0.9987484355444305,1679
up,30,0.55,0.05,623,26,0.04173354735152488,493,454,0.920892494929006,1116
up,30,0.55,0.1,623,48,0.07704654895666131,493,473,0.9594320486815415,1116
up,30,0.55,0.15,623,87,0.13964686998394862,493,482,0.9776876267748479,1116
up,30,0.55,0.2,623,113,0.18138041733547353,493,488,0.9898580121703854,1116
up,30,0.55,0.25,623,151,0.24237560192616373,493,489,0.9918864097363083,1116
up,30,0.55,0.3,623,192,0.30818619582664525,493,490,0.9939148073022313,1116
up,30,0.55,0.35,623,226,0.36276083467094705,493,491,0.9959432048681541,1116
up,30,0.55,0.4,623,278,0.4462279293739968,493,492,0.9979716024340771,1116
up,30,0.55,0.45,623,328,0.5264847512038523,493,492,0.9979716024340771,1116
up,30,0.55,0.5,623,390,0.6260032102728732,493,492,0.9979716024340771,1116
up,30,0.55,0.55,623,485,0.7784911717495987,493,492,0.9979716024340771,1116
up,30,0.55,0.6,623,572,0.9181380417335474,493,493,1.0,1116
up,30,0.55,0.65,623,602,0.9662921348314607,493,493,1.0,1116
up,30,0.55,0.7,623,622,0.9983948635634029,493,493,1.0,1116
up,30,0.55,0.75,623,623,1.0,493,493,1.0,1116
up,30,0.55,0.8,623,623,1.0,493,493,1.0,1116
up,30,0.55,0.85,623,623,1.0,493,493,1.0,1116
up,30,0.55,0.9,623,623,1.0,493,493,1.0,1116
up,30,0.55,0.95,623,623,1.0,493,493,1.0,1116
up,30,0.6,0.05,357,21,0.058823529411764705,237,221,0.9324894514767933,594
up,30,0.6,0.1,357,32,0.0896358543417367,237,228,0.9620253164556962,594
up,30,0.6,0.15,357,46,0.12885154061624648,237,231,0.9746835443037974,594
up,30,0.6,0.2,357,54,0.15126050420168066,237,232,0.9789029535864979,594
up,30,0.6,0.25,357,69,0.19327731092436976,237,234,0.9873417721518988,594
up,30,0.6,0.3,357,88,0.24649859943977592,237,237,1.0,594
up,30,0.6,0.35,357,100,0.2801120448179272,237,237,1.0,594
up,30,0.6,0.4,357,125,0.35014005602240894,237,237,1.0,594
up,30,0.6,0.45,357,151,0.42296918767507,237,237,1.0,594
up,30,0.6,0.5,357,188,0.5266106442577031,237,237,1.0,594
up,30,0.6,0.55,357,233,0.6526610644257703,237,237,1.0,594
up,30,0.6,0.6,357,280,0.7843137254901961,237,237,1.0,594
up,30,0.6,0.65,357,337,0.9439775910364145,237,237,1.0,594
up,30,0.6,0.7,357,353,0.988795518207283,237,237,1.0,594
up,30,0.6,0.75,357,357,1.0,237,237,1.0,594
up,30,0.6,0.8,357,357,1.0,237,237,1.0,594
up,30,0.6,0.85,357,357,1.0,237,237,1.0,594
up,30,0.6,0.9,357,357,1.0,237,237,1.0,594
up,30,0.6,0.95,357,357,1.0,237,237,1.0,594
up,30,0.65,0.05,425,14,0.03294117647058824,188,174,0.925531914893617,613
up,30,0.65,0.1,425,26,0.0611764705882353,188,181,0.9627659574468085,613
up,30,0.65,0.15,425,36,0.08470588235294117,188,182,0.9680851063829787,613
up,30,0.65,0.2,425,52,0.1223529411764706,188,185,0.9840425531914894,613
up,30,0.65,0.25,425,67,0.15764705882352942,188,185,0.9840425531914894,613
up,30,0.65,0.3,425,84,0.1976470588235294,188,187,0.9946808510638298,613
up,30,0.65,0.35,425,99,0.23294117647058823,188,188,1.0,613
up,30,0.65,0.4,425,126,0.2964705882352941,188,188,1.0,613
up,30,0.65,0.45,425,145,0.3411764705882353,188,188,1.0,613
up,30,0.65,0.5,425,179,0.4211764705882353,188,188,1.0,613
up,30,0.65,0.55,425,214,0.5035294117647059,188,188,1.0,613
up,30,0.65,0.6,425,272,0.64,188,188,1.0,613
up,30,0.65,0.65,425,342,0.8047058823529412,188,188,1.0,613
up,30,0.65,0.7,425,406,0.9552941176470588,188,188,1.0,613
up,30,0.65,0.75,425,418,0.9835294117647059,188,188,1.0,613
up,30,0.65,0.8,425,423,0.9952941176470588,188,188,1.0,613
up,30,0.65,0.85,425,425,1.0,188,188,1.0,613
up,30,0.65,0.9,425,425,1.0,188,188,1.0,613
up,30,0.65,0.95,425,425,1.0,188,188,1.0,613
up,30,0.7,0.05,189,5,0.026455026455026454,63,57,0.9047619047619048,252
up,30,0.7,0.1,189,9,0.047619047619047616,63,61,0.9682539682539683,252
up,30,0.7,0.15,189,11,0.0582010582010582,63,62,0.9841269841269841,252
up,30,0.7,0.2,189,12,0.06349206349206349,63,62,0.9841269841269841,252
up,30,0.7,0.25,189,15,0.07936507936507936,63,62,0.9841269841269841,252
up,30,0.7,0.3,189,24,0.12698412698412698,63,62,0.9841269841269841,252
up,30,0.7,0.35,189,27,0.14285714285714285,63,62,0.9841269841269841,252
up,30,0.7,0.4,189,35,0.18518518518518517,63,63,1.0,252
up,30,0.7,0.45,189,43,0.2275132275132275,63,63,1.0,252
up,30,0.7,0.5,189,53,0.2804232804232804,63,63,1.0,252
up,30,0.7,0.55,189,66,0.3492063492063492,63,63,1.0,252
up,30,0.7,0.6,189,82,0.43386243386243384,63,63,1.0,252
up,30,0.7,0.65,189,104,0.5502645502645502,63,63,1.0,252
up,30,0.7,0.7,189,130,0.6878306878306878,63,63,1.0,252
up,30,0.7,0.75,189,180,0.9523809523809523,63,63,1.0,252
up,30,0.7,0.8,189,185,0.9788359788359788,63,63,1.0,252
up,30,0.7,0.85,189,189,1.0,63,63,1.0,252
up,30,0.7,0.9,189,189,1.0,63,63,1.0,252
up,30,0.7,0.95,189,189,1.0,63,63,1.0,252
up,30,0.75,0.05,123,3,0.024390243902439025,35,29,0.8285714285714286,158
up,30,0.75,0.1,123,4,0.032520325203252036,35,33,0.9428571428571428,158
up,30,0.75,0.15,123,7,0.056910569105691054,35,34,0.9714285714285714,158
up,30,0.75,0.2,123,7,0.056910569105691054,35,34,0.9714285714285714,158
up,30,0.75,0.25,123,8,0.06504065040650407,35,35,1.0,158
up,30,0.75,0.3,123,10,0.08130081300813008,35,35,1.0,158
up,30,0.75,0.35,123,12,0.0975609756097561,35,35,1.0,158
up,30,0.75,0.4,123,18,0.14634146341463414,35,35,1.0,158
up,30,0.75,0.45,123,22,0.17886178861788618,35,35,1.0,158
up,30,0.75,0.5,123,28,0.22764227642276422,35,35,1.0,158
up,30,0.75,0.55,123,39,0.3170731707317073,35,35,1.0,158
up,30,0.75,0.6,123,49,0.3983739837398374,35,35,1.0,158
up,30,0.75,0.65,123,58,0.4715447154471545,35,35,1.0,158
up,30,0.75,0.7,123,75,0.6097560975609756,35,35,1.0,158
up,30,0.75,0.75,123,103,0.8373983739837398,35,35,1.0,158
up,30,0.75,0.8,123,119,0.967479674796748,35,35,1.0,158
up,30,0.75,0.85,123,122,0.991869918699187,35,35,1.0,158
up,30,0.75,0.9,123,123,1.0,35,35,1.0,158
up,30,0.75,0.95,123,123,1.0,35,35,1.0,158
up,30,0.8,0.05,34,1,0.029411764705882353,6,6,1.0,40
up,30,0.8,0.1,34,1,0.029411764705882353,6,6,1.0,40
up,30,0.8,0.15,34,2,0.058823529411764705,6,6,1.0,40
up,30,0.8,0.2,34,2,0.058823529411764705,6,6,1.0,40
up,30,0.8,0.25,34,3,0.08823529411764706,6,6,1.0,40
up,30,0.8,0.3,34,3,0.08823529411764706,6,6,1.0,40
up,30,0.8,0.35,34,4,0.11764705882352941,6,6,1.0,40
up,30,0.8,0.4,34,4,0.11764705882352941,6,6,1.0,40
up,30,0.8,0.45,34,4,0.11764705882352941,6,6,1.0,40
up,30,0.8,0.5,34,6,0.17647058823529413,6,6,1.0,40
up,30,0.8,0.55,34,6,0.17647058823529413,6,6,1.0,40
up,30,0.8,0.6,34,6,0.17647058823529413,6,6,1.0,40
up,30,0.8,0.65,34,8,0.23529411764705882,6,6,1.0,40
up,30,0.8,0.7,34,14,0.4117647058823529,6,6,1.0,40
up,30,0.8,0.75,34,22,0.6470588235294118,6,6,1.0,40
up,30,0.8,0.8,34,31,0.9117647058823529,6,6,1.0,40
up,30,0.8,0.85,34,34,1.0,6,6,1.0,40
up,30,0.8,0.9,34,34,1.0,6,6,1.0,40
up,30,0.8,0.95,34,34,1.0,6,6,1.0,40
up,30,0.85,0.05,15,0,0.0,2,2,1.0,17
up,30,0.85,0.1,15,0,0.0,2,2,1.0,17
up,30,0.85,0.15,15,0,0.0,2,2,1.0,17
up,30,0.85,0.2,15,0,0.0,2,2,1.0,17
up,30,0.85,0.25,15,0,0.0,2,2,1.0,17
up,30,0.85,0.3,15,0,0.0,2,2,1.0,17
up,30,0.85,0.35,15,0,0.0,2,2,1.0,17
up,30,0.85,0.4,15,0,0.0,2,2,1.0,17
up,30,0.85,0.45,15,0,0.0,2,2,1.0,17
up,30,0.85,0.5,15,0,0.0,2,2,1.0,17
up,30,0.85,0.55,15,0,0.0,2,2,1.0,17
up,30,0.85,0.6,15,1,0.06666666666666667,2,2,1.0,17
up,30,0.85,0.65,15,1,0.06666666666666667,2,2,1.0,17
up,30,0.85,0.7,15,2,0.13333333333333333,2,2,1.0,17
up,30,0.85,0.75,15,3,0.2,2,2,1.0,17
up,30,0.85,0.8,15,5,0.3333333333333333,2,2,1.0,17
up,30,0.85,0.85,15,14,0.9333333333333333,2,2,1.0,17
up,30,0.85,0.9,15,15,1.0,2,2,1.0,17
up,30,0.85,0.95,15,15,1.0,2,2,1.0,17
up,30,0.9,0.05,3,0,0.0,0,0,0.0,3
up,30,0.9,0.1,3,0,0.0,0,0,0.0,3
up,30,0.9,0.15,3,0,0.0,0,0,0.0,3
up,30,0.9,0.2,3,0,0.0,0,0,0.0,3
up,30,0.9,0.25,3,0,0.0,0,0,0.0,3
up,30,0.9,0.3,3,0,0.0,0,0,0.0,3
up,30,0.9,0.35,3,0,0.0,0,0,0.0,3
up,30,0.9,0.4,3,0,0.0,0,0,0.0,3
up,30,0.9,0.45,3,0,0.0,0,0,0.0,3
up,30,0.9,0.5,3,0,0.0,0,0,0.0,3
up,30,0.9,0.55,3,0,0.0,0,0,0.0,3
up,30,0.9,0.6,3,0,0.0,0,0,0.0,3
up,30,0.9,0.65,3,0,0.0,0,0,0.0,3
up,30,0.9,0.7,3,0,0.0,0,0,0.0,3
up,30,0.9,0.75,3,0,0.0,0,0,0.0,3
up,30,0.9,0.8,3,0,0.0,0,0,0.0,3
up,30,0.9,0.85,3,1,0.3333333333333333,0,0,0.0,3
up,30,0.9,0.9,3,3,1.0,0,0,0.0,3
up,30,0.9,0.95,3,3,1.0,0,0,0.0,3
up,60,0.0,0.05,0,0,0.0,8,8,1.0,8
up,60,0.0,0.1,0,0,0.0,8,8,1.0,8
up,60,0.0,0.15,0,0,0.0,8,8,1.0,8
up,60,0.0,0.2,0,0,0.0,8,8,1.0,8
up,60,0.0,0.25,0,0,0.0,8,8,1.0,8
up,60,0.0,0.3,0,0,0.0,8,8,1.0,8
up,60,0.0,0.35,0,0,0.0,8,8,1.0,8
up,60,0.0,0.4,0,0,0.0,8,8,1.0,8
up,60,0.0,0.45,0,0,0.0,8,8,1.0,8
up,60,0.0,0.5,0,0,0.0,8,8,1.0,8
up,60,0.0,0.55,0,0,0.0,8,8,1.0,8
up,60,0.0,0.6,0,0,0.0,8,8,1.0,8
up,60,0.0,0.65,0,0,0.0,8,8,1.0,8
up,60,0.0,0.7,0,0,0.0,8,8,1.0,8
up,60,0.0,0.75,0,0,0.0,8,8,1.0,8
up,60,0.0,0.8,0,0,0.0,8,8,1.0,8
up,60,0.0,0.85,0,0,0.0,8,8,1.0,8
up,60,0.0,0.9,0,0,0.0,8,8,1.0,8
up,60,0.0,0.95,0,0,0.0,8,8,1.0,8
up,60,0.05,0.05,5,2,0.4,28,28,1.0,33
up,60,0.05,0.1,5,4,0.8,28,28,1.0,33
up,60,0.05,0.15,5,4,0.8,28,28,1.0,33
up,60,0.05,0.2,5,4,0.8,28,28,1.0,33
up,60,0.05,0.25,5,4,0.8,28,28,1.0,33
up,60,0.05,0.3,5,4,0.8,28,28,1.0,33
up,60,0.05,0.35,5,4,0.8,28,28,1.0,33
up,60,0.05,0.4,5,4,0.8,28,28,1.0,33
up,60,0.05,0.45,5,4,0.8,28,28,1.0,33
up,60,0.05,0.5,5,4,0.8,28,28,1.0,33
up,60,0.05,0.55,5,4,0.8,28,28,1.0,33
up,60,0.05,0.6,5,4,0.8,28,28,1.0,33
up,60,0.05,0.65,5,4,0.8,28,28,1.0,33
up,60,0.05,0.7,5,4,0.8,28,28,1.0,33
up,60,0.05,0.75,5,4,0.8,28,28,1.0,33
up,60,0.05,0.8,5,4,0.8,28,28,1.0,33
up,60,0.05,0.85,5,4,0.8,28,28,1.0,33
up,60,0.05,0.9,5,4,0.8,28,28,1.0,33
up,60,0.05,0.95,5,4,0.8,28,28,1.0,33
up,60,0.1,0.05,13,6,0.46153846153846156,91,89,0.978021978021978,104
up,60,0.1,0.1,13,7,0.5384615384615384,91,89,0.978021978021978,104
up,60,0.1,0.15,13,11,0.8461538461538461,91,91,1.0,104
up,60,0.1,0.2,13,13,1.0,91,91,1.0,104
up,60,0.1,0.25,13,13,1.0,91,91,1.0,104
up,60,0.1,0.3,13,13,1.0,91,91,1.0,104
up,60,0.1,0.35,13,13,1.0,91,91,1.0,104
up,60,0.1,0.4,13,13,1.0,91,91,1.0,104
up,60,0.1,0.45,13,13,1.0,91,91,1.0,104
up,60,0.1,0.5,13,13,1.0,91,91,1.0,104
up,60,0.1,0.55,13,13,1.0,91,91,1.0,104
up,60,0.1,0.6,13,13,1.0,91,91,1.0,104
up,60,0.1,0.65,13,13,1.0,91,91,1.0,104
up,60,0.1,0.7,13,13,1.0,91,91,1.0,104
up,60,0.1,0.75,13,13,1.0,91,91,1.0,104
up,60,0.1,0.8,13,13,1.0,91,91,1.0,104
up,60,0.1,0.85,13,13,1.0,91,91,1.0,104
up,60,0.1,0.9,13,13,1.0,91,91,1.0,104
up,60,0.1,0.95,13,13,1.0,91,91,1.0,104
up,60,0.15,0.05,28,6,0.21428571428571427,129,128,0.9922480620155039,157
up,60,0.15,0.1,28,16,0.5714285714285714,129,128,0.9922480620155039,157
up,60,0.15,0.15,28,25,0.8928571428571429,129,129,1.0,157
up,60,0.15,0.2,28,27,0.9642857142857143,129,129,1.0,157
up,60,0.15,0.25,28,28,1.0,129,129,1.0,157
up,60,0.15,0.3,28,28,1.0,129,129,1.0,157
up,60,0.15,0.35,28,28,1.0,129,129,1.0,157
up,60,0.15,0.4,28,28,1.0,129,129,1.0,157
up,60,0.15,0.45,28,28,1.0,129,129,1.0,157
up,60,0.15,0.5,28,28,1.0,129,129,1.0,157
up,60,0.15,0.55,28,28,1.0,129,129,1.0,157
up,60,0.15,0.6,28,28,1.0,129,129,1.0,157
up,60,0.15,0.65,28,28,1.0,129,129,1.0,157
up,60,0.15,0.7,28,28,1.0,129,129,1.0,157
up,60,0.15,0.75,28,28,1.0,129,129,1.0,157
up,60,0.15,0.8,28,28,1.0,129,129,1.0,157
up,60,0.15,0.85,28,28,1.0,129,129,1.0,157
up,60,0.15,0.9,28,28,1.0,129,129,1.0,157
up,60,0.15,0.95,28,28,1.0,129,129,1.0,157
up,60,0.2,0.05,76,11,0.14473684210526316,283,274,0.9681978798586572,359
up,60,0.2,0.1,76,29,0.3815789473684211,283,278,0.9823321554770318,359
up,60,0.2,0.15,76,41,0.5394736842105263,283,280,0.9893992932862191,359
up,60,0.2,0.2,76,54,0.7105263157894737,283,281,0.9929328621908127,359
up,60,0.2,0.25,76,72,0.9473684210526315,283,283,1.0,359
up,60,0.2,0.3,76,74,0.9736842105263158,283,283,1.0,359
up,60,0.2,0.35,76,76,1.0,283,283,1.0,359
up,60,0.2,0.4,76,76,1.0,283,283,1.0,359
up,60,0.2,0.45,76,76,1.0,283,283,1.0,359
up,60,0.2,0.5,76,76,1.0,283,283,1.0,359
up,60,0.2,0.55,76,76,1.0,283,283,1.0,359
up,60,0.2,0.6,76,76,1.0,283,283,1.0,359
up,60,0.2,0.65,76,76,1.0,283,283,1.0,359
up,60,0.2,0.7,76,76,1.0,283,283,1.0,359
up,60,0.2,0.75,76,76,1.0,283,283,1.0,359
up,60,0.2,0.8,76,76,1.0,283,283,1.0,359
up,60,0.2,0.85,76,76,1.0,283,283,1.0,359
up,60,0.2,0.9,76,76,1.0,283,283,1.0,359
up,60,0.2,0.95,76,76,1.0,283,283,1.0,359
up,60,0.25,0.05,155,24,0.15483870967741936,438,418,0.954337899543379,593
up,60,0.25,0.1,155,37,0.23870967741935484,438,433,0.9885844748858448,593
up,60,0.25,0.15,155,51,0.32903225806451614,438,436,0.9954337899543378,593
up,60,0.25,0.2,155,69,0.44516129032258067,438,438,1.0,593
up,60,0.25,0.25,155,105,0.6774193548387096,438,438,1.0,593
up,60,0.25,0.3,155,147,0.9483870967741935,438,438,1.0,593
up,60,0.25,0.35,155,152,0.9806451612903225,438,438,1.0,593
up,60,0.25,0.4,155,154,0.9935483870967742,438,438,1.0,593
up,60,0.25,0.45,155,154,0.9935483870967742,438,438,1.0,593
up,60,0.25,0.5,155,154,0.9935483870967742,438,438,1.0,593
up,60,0.25,0.55,155,155,1.0,438,438,1.0,593
up,60,0.25,0.6,155,155,1.0,438,438,1.0,593
up,60,0.25,0.65,155,155,1.0,438,438,1.0,593
up,60,0.25,0.7,155,155,1.0,438,438,1.0,593
up,60,0.25,0.75,155,155,1.0,438,438,1.0,593
up,60,0.25,0.8,155,155,1.0,438,438,1.0,593
up,60,0.25,0.85,155,155,1.0,438,438,1.0,593
up,60,0.25,0.9,155,155,1.0,438,438,1.0,593
up,60,0.25,0.95,155,155,1.0,438,438,1.0,593
up,60,0.3,0.05,201,22,0.10945273631840796,454,433,0.9537444933920705,655
up,60,0.3,0.1,201,43,0.21393034825870647,454,444,0.9779735682819384,655
up,60,0.3,0.15,201,73,0.36318407960199006,454,448,0.986784140969163,655
up,60,0.3,0.2,201,96,0.47761194029850745,454,451,0.9933920704845814,655
up,60,0.3,0.25,201,124,0.6169154228855721,454,452,0.9955947136563876,655
up,60,0.3,0.3,201,161,0.8009950248756219,454,454,1.0,655
up,60,0.3,0.35,201,192,0.9552238805970149,454,454,1.0,655
up,60,0.3,0.4,201,198,0.9850746268656716,454,454,1.0,655
up,60,0.3,0.45,201,199,0.9900497512437811,454,454,1.0,655
up,60,0.3,0.5,201,199,0.9900497512437811,454,454,1.0,655
up,60,0.3,0.55,201,201,1.0,454,454,1.0,655
up,60,0.3,0.6,201,201,1.0,454,454,1.0,655
up,60,0.3,0.65,201,201,1.0,454,454,1.0,655
up,60,0.3,0.7,201,201,1.0,454,454,1.0,655
up,60,0.3,0.75,201,201,1.0,454,454,1.0,655
up,60,0.3,0.8,201,201,1.0,454,454,1.0,655
up,60,0.3,0.85,201,201,1.0,454,454,1.0,655
up,60,0.3,0.9,201,201,1.0,454,454,1.0,655
up,60,0.3,0.95,201,201,1.0,454,454,1.0,655
up,60,0.35,0.05,229,28,0.1222707423580786,338,322,0.9526627218934911,567
up,60,0.35,0.1,229,43,0.18777292576419213,338,328,0.9704142011834319,567
up,60,0.35,0.15,229,70,0.3056768558951965,338,335,0.9911242603550295,567
up,60,0.35,0.2,229,85,0.37117903930131,338,336,0.9940828402366864,567
up,60,0.35,0.25,229,108,0.47161572052401746,338,336,0.9940828402366864,567
up,60,0.35,0.3,229,132,0.5764192139737991,338,337,0.9970414201183432,567
up,60,0.35,0.35,229,167,0.7292576419213974,338,338,1.0,567
up,60,0.35,0.4,229,213,0.9301310043668122,338,338,1.0,567
up,60,0.35,0.45,229,221,0.9650655021834061,338,338,1.0,567
up,60,0.35,0.5,229,226,0.9868995633187773,338,338,1.0,567
up,60,0.35,0.55,229,228,0.9956331877729258,338,338,1.0,567
up,60,0.35,0.6,229,229,1.0,338,338,1.0,567
up,60,0.35,0.65,229,229,1.0,338,338,1.0,567
up,60,0.35,0.7,229,229,1.0,338,338,1.0,567
up,60,0.35,0.75,229,229,1.0,338,338,1.0,567
up,60,0.35,0.8,229,229,1.0,338,338,1.0,567
up,60,0.35,0.85,229,229,1.0,338,338,1.0,567
up,60,0.35,0.9,229,229,1.0,338,338,1.0,567
up,60,0.35,0.95,229,229,1.0,338,338,1.0,567
up,60,0.4,0.05,370,33,0.0891891891891892,500,467,0.934,870
up,60,0.4,0.1,370,54,0.14594594594594595,500,484,0.968,870
up,60,0.4,0.15,370,80,0.21621621621621623,500,492,0.984,870
up,60,0.4,0.2,370,123,0.3324324324324324,500,498,0.996,870
up,60,0.4,0.25,370,156,0.42162162162162165,500,499,0.998,870
up,60,0.4,0.3,370,203,0.5486486486486486,500,499,0.998,870
up,60,0.4,0.35,370,242,0.654054054054054,500,500,1.0,870
up,60,0.4,0.4,370,292,0.7891891891891892,500,500,1.0,870
up,60,0.4,0.45,370,344,0.9297297297297298,500,500,1.0,870
up,60,0.4,0.5,370,361,0.9756756756756757,500,500,1.0,870
up,60,0.4,0.55,370,369,0.9972972972972973,500,500,1.0,870
up,60,0.4,0.6,370,370,1.0,500,500,1.0,870
up,60,0.4,0.65,370,370,1.0,500,500,1.0,870
up,60,0.4,0.7,370,370,1.0,500,500,1.0,870
up,60,0.4,0.75,370,370,1.0,500,500,1.0,870
up,60,0.4,0.8,370,370,1.0,500,500,1.0,870
up,60,0.4,0.85,370,370,1.0,500,500,1.0,870
up,60,0.4,0.9,370,370,1.0,500,500,1.0,870
up,60,0.4,0.95,370,370,1.0,500,500,1.0,870
up,60,0.45,0.05,411,24,0.058394160583941604,448,414,0.9241071428571429,859
up,60,0.45,0.1,411,61,0.14841849148418493,448,426,0.9508928571428571,859
up,60,0.45,0.15,411,91,0.22141119221411193,448,437,0.9754464285714286,859
up,60,0.45,0.2,411,116,0.2822384428223844,448,441,0.984375,859
up,60,0.45,0.25,411,147,0.35766423357664234,448,445,0.9933035714285714,859
up,60,0.45,0.3,411,178,0.43309002433090027,448,447,0.9977678571428571,859
up,60,0.45,0.35,411,222,0.5401459854014599,448,447,0.9977678571428571,859
up,60,0.45,0.4,411,265,0.6447688564476886,448,448,1.0,859
up,60,0.45,0.45,411,332,0.8077858880778589,448,448,1.0,859
up,60,0.45,0.5,411,390,0.948905109489051,448,448,1.0,859
up,60,0.45,0.55,411,400,0.9732360097323601,448,448,1.0,859
up,60,0.45,0.6,411,406,0.9878345498783455,448,448,1.0,859
up,60,0.45,0.65,411,409,0.9951338199513382,448,448,1.0,859
up,60,0.45,0.7,411,409,0.9951338199513382,448,448,1.0,859
up,60,0.45,0.75,411,411,1.0,448,448,1.0,859
up,60,0.45,0.8,411,411,1.0,448,448,1.0,859
up,60,0.45,0.85,411,411,1.0,448,448,1.0,859
up,60,0.45,0.9,411,411,1.0,448,448,1.0,859
up,60,0.45,0.95,411,411,1.0,448,448,1.0,859
up,60,0.5,0.05,541,38,0.07024029574861368,489,445,0.9100204498977505,1030
up,60,0.5,0.1,541,66,0.12199630314232902,489,462,0.9447852760736196,1030
up,60,0.5,0.15,541,96,0.17744916820702403,489,473,0.967280163599182,1030
up,60,0.5,0.2,541,125,0.23105360443622922,489,481,0.983640081799591,1030
up,60,0.5,0.25,541,170,0.3142329020332717,489,483,0.9877300613496932,1030
up,60,0.5,0.3,541,217,0.4011090573012939,489,485,0.9918200408997955,1030
up,60,0.5,0.35,541,251,0.46395563770794823,489,486,0.9938650306748467,1030
up,60,0.5,0.4,541,294,0.5434380776340111,489,487,0.9959100204498977,1030
up,60,0.5,0.45,541,345,0.6377079482439926,489,487,0.9959100204498977,1030
up,60,0.5,0.5,541,438,0.8096118299445472,489,488,0.9979550102249489,1030
up,60,0.5,0.55,541,501,0.9260628465804066,489,488,0.9979550102249489,1030
up,60,0.5,0.6,541,523,0.966728280961183,489,488,0.9979550102249489,1030
up,60,0.5,0.65,541,533,0.9852125693160814,489,488,0.9979550102249489,1030
up,60,0.5,0.7,541,537,0.9926062846580407,489,488,0.9979550102249489,1030
up,60,0.5,0.75,541,538,0.9944547134935305,489,488,0.9979550102249489,1030
up,60,0.5,0.8,541,539,0.9963031423290203,489,488,0.9979550102249489,1030
up,60,0.5,0.85,541,539,0.9963031423290203,489,488,0.9979550102249489,1030
up,60,0.5,0.9,541,540,0.9981515711645101,489,488,0.9979550102249489,1030
up,60,0.5,0.95,541,540,0.9981515711645101,489,488,0.9979550102249489,1030
up,60,0.55,0.05,532,32,0.06015037593984962,415,385,0.927710843373494,947
up,60,0.55,0.1,532,47,0.08834586466165413,415,401,0.9662650602409638,947
up,60,0.55,0.15,532,80,0.15037593984962405,415,405,0.9759036144578314,947
up,60,0.55,0.2,532,98,0.18421052631578946,415,412,0.9927710843373494,947
up,60,0.55,0.25,532,123,0.231203007518797,415,414,0.9975903614457832,947
up,60,0.55,0.3,532,154,0.2894736842105263,415,415,1.0,947
up,60,0.55,0.35,532,187,0.35150375939849626,415,415,1.0,947
up,60,0.55,0.4,532,235,0.4417293233082707,415,415,1.0,947
up,60,0.55,0.45,532,281,0.5281954887218046,415,415,1.0,947
up,60,0.55,0.5,532,324,0.6090225563909775,415,415,1.0,947
up,60,0.55,0.55,532,395,0.7424812030075187,415,415,1.0,947
up,60,0.55,0.6,532,491,0.9229323308270677,415,415,1.0,947
up,60,0.55,0.65,532,513,0.9642857142857143,415,415,1.0,947
up,60,0.55,0.7,532,525,0.9868421052631579,415,415,1.0,947
up,60,0.55,0.75,532,531,0.9981203007518797,415,415,1.0,947
up,60,0.55,0.8,532,531,0.9981203007518797,415,415,1.0,947
up,60,0.55,0.85,532,532,1.0,415,415,1.0,947
up,60,0.55,0.9,532,532,1.0,415,415,1.0,947
up,60,0.55,0.95,532,532,1.0,415,415,1.0,947
up,60,0.6,0.05,359,14,0.03899721448467967,235,211,0.8978723404255319,594
up,60,0.6,0.1,359,24,0.06685236768802229,235,219,0.9319148936170213,594
up,60,0.6,0.15,359,39,0.10863509749303621,235,227,0.9659574468085106,594
up,60,0.6,0.2,359,53,0.14763231197771587,235,228,0.9702127659574468,594
up,60,0.6,0.25,359,70,0.19498607242339833,235,229,0.9744680851063829,594
up,60,0.6,0.3,359,86,0.2395543175487465,235,232,0.9872340425531915,594
up,60,0.6,0.35,359,100,0.2785515320334262,235,233,0.9914893617021276,594
up,60,0.6,0.4,359,133,0.37047353760445684,235,234,0.9957446808510638,594
up,60,0.6,0.45,359,150,0.4178272980501393,235,234,0.9957446808510638,594
up,60,0.6,0.5,359,184,0.5125348189415042,235,234,0.9957446808510638,594
up,60,0.6,0.55,359,230,0.6406685236768802,235,234,0.9957446808510638,594
up,60,0.6,0.6,359,272,0.7576601671309192,235,234,0.9957446808510638,594
up,60,0.6,0.65,359,335,0.9331476323119777,235,234,0.9957446808510638,594
up,60,0.6,0.7,359,355,0.9888579387186629,235,235,1.0,594
up,60,0.6,0.75,359,359,1.0,235,235,1.0,594
up,60,0.6,0.8,359,359,1.0,235,235,1.0,594
up,60,0.6,0.85,359,359,1.0,235,235,1.0,594
up,60,0.6,0.9,359,359,1.0,235,235,1.0,594
up,60,0.6,0.95,359,359,1.0,235,235,1.0,594
up,60,0.65,0.05,503,23,0.04572564612326044,234,217,0.9273504273504274,737
up,60,0.65,0.1,503,38,0.07554671968190854,234,228,0.9743589743589743,737
up,60,0.65,0.15,503,51,0.10139165009940358,234,231,0.9871794871794872,737
up,60,0.65,0.2,503,63,0.12524850894632206,234,233,0.9957264957264957,737
up,60,0.65,0.25,503,82,0.16302186878727634,234,233,0.9957264957264957,737
up,60,0.65,0.3,503,111,0.220675944333996,234,234,1.0,737
up,60,0.65,0.35,503,124,0.24652087475149106,234,234,1.0,737
up,60,0.65,0.4,503,144,0.28628230616302186,234,234,1.0,737
up,60,0.65,0.45,503,183,0.36381709741550694,234,234,1.0,737
up,60,0.65,0.5,503,224,0.44532803180914515,234,234,1.0,737
up,60,0.65,0.55,503,266,0.5288270377733598,234,234,1.0,737
up,60,0.65,0.6,503,315,0.6262425447316103,234,234,1.0,737
up,60,0.65,0.65,503,392,0.7793240556660039,234,234,1.0,737
up,60,0.65,0.7,503,485,0.9642147117296223,234,234,1.0,737
up,60,0.65,0.75,503,499,0.9920477137176938,234,234,1.0,737
up,60,0.65,0.8,503,503,1.0,234,234,1.0,737
up,60,0.65,0.85,503,503,1.0,234,234,1.0,737
up,60,0.65,0.9,503,503,1.0,234,234,1.0,737
up,60,0.65,0.95,503,503,1.0,234,234,1.0,737
up,60,0.7,0.05,279,9,0.03225806451612903,101,84,0.8316831683168316,380
up,60,0.7,0.1,279,13,0.04659498207885305,101,89,0.8811881188118812,380
up,60,0.7,0.15,279,19,0.06810035842293907,101,91,0.900990099009901,380
up,60,0.7,0.2,279,21,0.07526881720430108,101,94,0.9306930693069307,380
up,60,0.7,0.25,279,25,0.08960573476702509,101,97,0.9603960396039604,380
up,60,0.7,0.3,279,37,0.13261648745519714,101,99,0.9801980198019802,380
up,60,0.7,0.35,279,47,0.16845878136200718,101,99,0.9801980198019802,380
up,60,0.7,0.4,279,62,0.2222222222222222,101,100,0.9900990099009901,380
up,60,0.7,0.45,279,73,0.2616487455197133,101,100,0.9900990099009901,380
up,60,0.7,0.5,279,90,0.3225806451612903,101,100,0.9900990099009901,380
up,60,0.7,0.55,279,114,0.40860215053763443,101,100,0.9900990099009901,380
up,60,0.7,0.6,279,131,0.46953405017921146,101,100,0.9900990099009901,380
up,60,0.7,0.65,279,163,0.5842293906810035,101,100,0.9900990099009901,380
up,60,0.7,0.7,279,215,0.7706093189964157,101,100,0.9900990099009901,380
up,60,0.7,0.75,279,268,0.9605734767025089,101,100,0.9900990099009901,380
up,60,0.7,0.8,279,277,0.992831541218638,101,100,0.9900990099009901,380
up,60,0.7,0.85,279,278,0.996415770609319,101,100,0.9900990099009901,380
up,60,0.7,0.9,279,279,1.0,101,100,0.9900990099009901,380
up,60,0.7,0.95,279,279,1.0,101,100,0.9900990099009901,380
up,60,0.75,0.05,282,9,0.031914893617021274,62,57,0.9193548387096774,344
up,60,0.75,0.1,282,15,0.05319148936170213,62,60,0.967741935483871,344
up,60,0.75,0.15,282,21,0.07446808510638298,62,61,0.9838709677419355,344
up,60,0.75,0.2,282,26,0.09219858156028368,62,61,0.9838709677419355,344
up,60,0.75,0.25,282,29,0.10283687943262411,62,62,1.0,344
up,60,0.75,0.3,282,38,0.1347517730496454,62,62,1.0,344
up,60,0.75,0.35,282,44,0.15602836879432624,62,62,1.0,344
up,60,0.75,0.4,282,51,0.18085106382978725,62,62,1.0,344
up,60,0.75,0.45,282,62,0.2198581560283688,62,62,1.0,344
up,60,0.75,0.5,282,72,0.2553191489361702,62,62,1.0,344
up,60,0.75,0.55,282,92,0.3262411347517731,62,62,1.0,344
up,60,0.75,0.6,282,110,0.3900709219858156,62,62,1.0,344
up,60,0.75,0.65,282,131,0.4645390070921986,62,62,1.0,344
up,60,0.75,0.7,282,161,0.5709219858156028,62,62,1.0,344
up,60,0.75,0.75,282,207,0.7340425531914894,62,62,1.0,344
up,60,0.75,0.8,282,268,0.950354609929078,62,62,1.0,344
up,60,0.75,0.85,282,281,0.9964539007092199,62,62,1.0,344
up,60,0.75,0.9,282,282,1.0,62,62,1.0,344
up,60,0.75,0.95,282,282,1.0,62,62,1.0,344
up,60,0.8,0.05,189,3,0.015873015873015872,32,30,0.9375,221
up,60,0.8,0.1,189,6,0.031746031746031744,32,32,1.0,221
up,60,0.8,0.15,189,8,0.042328042328042326,32,32,1.0,221
up,60,0.8,0.2,189,10,0.05291005291005291,32,32,1.0,221
up,60,0.8,0.25,189,14,0.07407407407407407,32,32,1.0,221
up,60,0.8,0.3,189,19,0.10052910052910052,32,32,1.0,221
up,60,0.8,0.35,189,21,0.1111111111111111,32,32,1.0,221
up,60,0.8,0.4,189,24,0.12698412698412698,32,32,1.0,221
up,60,0.8,0.45,189,28,0.14814814814814814,32,32,1.0,221
up,60,0.8,0.5,189,38,0.20105820105820105,32,32,1.0,221
up,60,0.8,0.55,189,43,0.2275132275132275,32,32,1.0,221
up,60,0.8,0.6,189,53,0.2804232804232804,32,32,1.0,221
up,60,0.8,0.65,189,60,0.31746031746031744,32,32,1.0,221
up,60,0.8,0.7,189,76,0.4021164021164021,32,32,1.0,221
up,60,0.8,0.75,189,100,0.5291005291005291,32,32,1.0,221
up,60,0.8,0.8,189,154,0.8148148148148148,32,32,1.0,221
up,60,0.8,0.85,189,186,0.9841269841269841,32,32,1.0,221
up,60,0.8,0.9,189,189,1.0,32,32,1.0,221
up,60,0.8,0.95,189,189,1.0,32,32,1.0,221
up,60,0.85,0.05,74,2,0.02702702702702703,7,7,1.0,81
up,60,0.85,0.1,74,3,0.04054054054054054,7,7,1.0,81
up,60,0.85,0.15,74,6,0.08108108108108109,7,7,1.0,81
up,60,0.85,0.2,74,6,0.08108108108108109,7,7,1.0,81
up,60,0.85,0.25,74,7,0.0945945945945946,7,7,1.0,81
up,60,0.85,0.3,74,7,0.0945945945945946,7,7,1.0,81
up,60,0.85,0.35,74,7,0.0945945945945946,7,7,1.0,81
up,60,0.85,0.4,74,8,0.10810810810810811,7,7,1.0,81
up,60,0.85,0.45,74,8,0.10810810810810811,7,7,1.0,81
up,60,0.85,0.5,74,9,0.12162162162162163,7,7,1.0,81
up,60,0.85,0.55,74,11,0.14864864864864866,7,7,1.0,81
up,60,0.85,0.6,74,13,0.17567567567567569,7,7,1.0,81
up,60,0.85,0.65,74,17,0.22972972972972974,7,7,1.0,81
up,60,0.85,0.7,74,25,0.33783783783783783,7,7,1.0,81
up,60,0.85,0.75,74,30,0.40540540540540543,7,7,1.0,81
up,60,0.85,0.8,74,38,0.5135135135135135,7,7,1.0,81
up,60,0.85,0.85,74,56,0.7567567567567568,7,7,1.0,81
up,60,0.85,0.9,74,72,0.972972972972973,7,7,1.0,81
up,60,0.85,0.95,74,74,1.0,7,7,1.0,81
up,60,0.9,0.05,53,1,0.018867924528301886,2,2,1.0,55
up,60,0.9,0.1,53,1,0.018867924528301886,2,2,1.0,55
up,60,0.9,0.15,53,1,0.018867924528301886,2,2,1.0,55
up,60,0.9,0.2,53,1,0.018867924528301886,2,2,1.0,55
up,60,0.9,0.25,53,1,0.018867924528301886,2,2,1.0,55
up,60,0.9,0.3,53,2,0.03773584905660377,2,2,1.0,55
up,60,0.9,0.35,53,2,0.03773584905660377,2,2,1.0,55
up,60,0.9,0.4,53,2,0.03773584905660377,2,2,1.0,55
up,60,0.9,0.45,53,2,0.03773584905660377,2,2,1.0,55
up,60,0.9,0.5,53,2,0.03773584905660377,2,2,1.0,55
up,60,0.9,0.55,53,4,0.07547169811320754,2,2,1.0,55
up,60,0.9,0.6,53,6,0.11320754716981132,2,2,1.0,55
up,60,0.9,0.65,53,7,0.1320754716981132,2,2,1.0,55
up,60,0.9,0.7,53,8,0.1509433962264151,2,2,1.0,55
up,60,0.9,0.75,53,10,0.18867924528301888,2,2,1.0,55
up,60,0.9,0.8,53,14,0.2641509433962264,2,2,1.0,55
up,60,0.9,0.85,53,28,0.5283018867924528,2,2,1.0,55
up,60,0.9,0.9,53,44,0.8301886792452831,2,2,1.0,55
up,60,0.9,0.95,53,52,0.9811320754716981,2,2,1.0,55
up,60,0.95,0.05,4,0,0.0,0,0,0.0,4
up,60,0.95,0.1,4,0,0.0,0,0,0.0,4
up,60,0.95,0.15,4,0,0.0,0,0,0.0,4
up,60,0.95,0.2,4,0,0.0,0,0,0.0,4
up,60,0.95,0.25,4,0,0.0,0,0,0.0,4
up,60,0.95,0.3,4,0,0.0,0,0,0.0,4
up,60,0.95,0.35,4,0,0.0,0,0,0.0,4
up,60,0.95,0.4,4,0,0.0,0,0,0.0,4
up,60,0.95,0.45,4,0,0.0,0,0,0.0,4
up,60,0.95,0.5,4,0,0.0,0,0,0.0,4
up,60,0.95,0.55,4,0,0.0,0,0,0.0,4
up,60,0.95,0.6,4,0,0.0,0,0,0.0,4
up,60,0.95,0.65,4,0,0.0,0,0,0.0,4
up,60,0.95,0.7,4,0,0.0,0,0,0.0,4
up,60,0.95,0.75,4,0,0.0,0,0,0.0,4
up,60,0.95,0.8,4,0,0.0,0,0,0.0,4
up,60,0.95,0.85,4,1,0.25,0,0,0.0,4
up,60,0.95,0.9,4,1,0.25,0,0,0.0,4
up,60,0.95,0.95,4,3,0.75,0,0,0.0,4
up,90,0.0,0.05,0,0,0.0,28,28,1.0,28
up,90,0.0,0.1,0,0,0.0,28,28,1.0,28
up,90,0.0,0.15,0,0,0.0,28,28,1.0,28
up,90,0.0,0.2,0,0,0.0,28,28,1.0,28
up,90,0.0,0.25,0,0,0.0,28,28,1.0,28
up,90,0.0,0.3,0,0,0.0,28,28,1.0,28
up,90,0.0,0.35,0,0,0.0,28,28,1.0,28
up,90,0.0,0.4,0,0,0.0,28,28,1.0,28
up,90,0.0,0.45,0,0,0.0,28,28,1.0,28
up,90,0.0,0.5,0,0,0.0,28,28,1.0,28
up,90,0.0,0.55,0,0,0.0,28,28,1.0,28
up,90,0.0,0.6,0,0,0.0,28,28,1.0,28
up,90,0.0,0.65,0,0,0.0,28,28,1.0,28
up,90,0.0,0.7,0,0,0.0,28,28,1.0,28
up,90,0.0,0.75,0,0,0.0,28,28,1.0,28
up,90,0.0,0.8,0,0,0.0,28,28,1.0,28
up,90,0.0,0.85,0,0,0.0,28,28,1.0,28
up,90,0.0,0.9,0,0,0.0,28,28,1.0,28
up,90,0.0,0.95,0,0,0.0,28,28,1.0,28
up,90,0.05,0.05,9,7,0.7777777777777778,133,132,0.9924812030075187,142
up,90,0.05,0.1,9,8,0.8888888888888888,133,133,1.0,142
up,90,0.05,0.15,9,8,0.8888888888888888,133,133,1.0,142
up,90,0.05,0.2,9,8,0.8888888888888888,133,133,1.0,142
up,90,0.05,0.25,9,8,0.8888888888888888,133,133,1.0,142
up,90,0.05,0.3,9,8,0.8888888888888888,133,133,1.0,142
up,90,0.05,0.35,9,8,0.8888888888888888,133,133,1.0,142
up,90,0.05,0.4,9,8,0.8888888888888888,133,133,1.0,142
up,90,0.05,0.45,9,8,0.8888888888888888,133,133,1.0,142
up,90,0.05,0.5,9,8,0.8888888888888888,133,133,1.0,142
up,90,0.05,0.55,9,8,0.8888888888888888,133,133,1.0,142
up,90,0.05,0.6,9,8,0.8888888888888888,133,133,1.0,142
up,90,0.05,0.65,9,8,0.8888888888888888,133,133,1.0,142
up,90,0.05,0.7,9,8,0.8888888888888888,133,133,1.0,142
up,90,0.05,0.75,9,8,0.8888888888888888,133,133,1.0,142
up,90,0.05,0.8,9,8,0.8888888888888888,133,133,1.0,142
up,90,0.05,0.85,9,8,0.8888888888888888,133,133,1.0,142
up,90,0.05,0.9,9,8,0.8888888888888888,133,133,1.0,142
up,90,0.05,0.95,9,8,0.8888888888888888,133,133,1.0,142
up,90,0.1,0.05,32,12,0.375,277,272,0.9819494584837545,309
up,90,0.1,0.1,32,24,0.75,277,276,0.9963898916967509,309
up,90,0.1,0.15,32,32,1.0,277,277,1.0,309
up,90,0.1,0.2,32,32,1.0,277,277,1.0,309
up,90,0.1,0.25,32,32,1.0,277,277,1.0,309
up,90,0.1,0.3,32,32,1.0,277,277,1.0,309
up,90,0.1,0.35,32,32,1.0,277,277,1.0,309
up,90,0.1,0.4,32,32,1.0,277,277,1.0,309
up,90,0.1,0.45,32,32,1.0,277,277,1.0,309
up,90,0.1,0.5,32,32,1.0,277,277,1.0,309
up,90,0.1,0.55,32,32,1.0,277,277,1.0,309
up,90,0.1,0.6,32,32,1.0,277,277,1.0,309
up,90,0.1,0.65,32,32,1.0,277,277,1.0,309
up,90,0.1,0.7,32,32,1.0,277,277,1.0,309
up,90,0.1,0.75,32,32,1.0,277,277,1.0,309
up,90,0.1,0.8,32,32,1.0,277,277,1.0,309
up,90,0.1,0.85,32,32,1.0,277,277,1.0,309
up,90,0.1,0.9,32,32,1.0,277,277,1.0,309
up,90,0.1,0.95,32,32,1.0,277,277,1.0,309
up,90,0.15,0.05,47,13,0.2765957446808511,215,209,0.9720930232558139,262
up,90,0.15,0.1,47,20,0.425531914893617,215,213,0.9906976744186047,262
up,90,0.15,0.15,47,35,0.7446808510638298,215,214,0.9953488372093023,262
up,90,0.15,0.2,47,46,0.9787234042553191,215,215,1.0,262
up,90,0.15,0.25,47,47,1.0,215,215,1.0,262
up,90,0.15,0.3,47,47,1.0,215,215,1.0,262
up,90,0.15,0.35,47,47,1.0,215,215,1.0,262
up,90,0.15,0.4,47,47,1.0,215,215,1.0,262
up,90,0.15,0.45,47,47,1.0,215,215,1.0,262
up,90,0.15,0.5,47,47,1.0,215,215,1.0,262
up,90,0.15,0.55,47,47,1.0,215,215,1.0,262
up,90,0.15,0.6,47,47,1.0,215,215,1.0,262
up,90,0.15,0.65,47,47,1.0,215,215,1.0,262
up,90,0.15,0.7,47,47,1.0,215,215,1.0,262
up,90,0.15,0.75,47,47,1.0,215,215,1.0,262
up,90,0.15,0.8,47,47,1.0,215,215,1.0,262
up,90,0.15,0.85,47,47,1.0,215,215,1.0,262
up,90,0.15,0.9,47,47,1.0,215,215,1.0,262
up,90,0.15,0.95,47,47,1.0,215,215,1.0,262
up,90,0.2,0.05,87,20,0.22988505747126436,356,346,0.9719101123595506,443
up,90,0.2,0.1,87,40,0.45977011494252873,356,350,0.9831460674157303,443
up,90,0.2,0.15,87,54,0.6206896551724138,356,354,0.9943820224719101,443
up,90,0.2,0.2,87,71,0.8160919540229885,356,355,0.9971910112359551,443
up,90,0.2,0.25,87,85,0.9770114942528736,356,356,1.0,443
up,90,0.2,0.3,87,87,1.0,356,356,1.0,443
up,90,0.2,0.35,87,87,1.0,356,356,1.0,443
up,90,0.2,0.4,87,87,1.0,356,356,1.0,443
up,90,0.2,0.45,87,87,1.0,356,356,1.0,443
up,90,0.2,0.5,87,87,1.0,356,356,1.0,443
up,90,0.2,0.55,87,87,1.0,356,356,1.0,443
up,90,0.2,0.6,87,87,1.0,356,356,1.0,443
up,90,0.2,0.65,87,87,1.0,356,356,1.0,443
up,90,0.2,0.7,87,87,1.0,356,356,1.0,443
up,90,0.2,0.75,87,87,1.0,356,356,1.0,443
up,90,0.2,0.8,87,87,1.0,356,356,1.0,443
up,90,0.2,0.85,87,87,1.0,356,356,1.0,443
up,90,0.2,0.9,87,87,1.0,356,356,1.0,443
up,90,0.2,0.95,87,87,1.0,356,356,1.0,443
up,90,0.25,0.05,167,21,0.12574850299401197,407,386,0.9484029484029484,574
up,90,0.25,0.1,167,48,0.2874251497005988,407,398,0.9778869778869779,574
up,90,0.25,0.15,167,76,0.4550898203592814,407,403,0.9901719901719902,574
up,90,0.25,0.2,167,101,0.6047904191616766,407,404,0.9926289926289926,574
up,90,0.25,0.25,167,135,0.8083832335329342,407,406,0.9975429975429976,574
up,90,0.25,0.3,167,159,0.9520958083832335,407,407,1.0,574
up,90,0.25,0.35,167,164,0.9820359281437125,407,407,1.0,574
up,90,0.25,0.4,167,165,0.9880239520958084,407,407,1.0,574
up,90,0.25,0.45,167,165,0.9880239520958084,407,407,1.0,574
up,90,0.25,0.5,167,166,0.9940119760479041,407,407,1.0,574
up,90,0.25,0.55,167,167,1.0,407,407,1.0,574
up,90,0.25,0.6,167,167,1.0,407,407,1.0,574
up,90,0.25,0.65,167,167,1.0,407,407,1.0,574
up,90,0.25,0.7,167,167,1.0,407,407,1.0,574
up,90,0.25,0.75,167,167,1.0,407,407,1.0,574
up,90,0.25,0.8,167,167,1.0,407,407,1.0,574
up,90,0.25,0.85,167,167,1.0,407,407,1.0,574
up,90,0.25,0.9,167,167,1.0,407,407,1.0,574
up,90,0.25,0.95,167,167,1.0,407,407,1.0,574
up,90,0.3,0.05,196,22,0.11224489795918367,406,386,0.9507389162561576,602
up,90,0.3,0.1,196,40,0.20408163265306123,406,396,0.9753694581280788,602
up,90,0.3,0.15,196,62,0.3163265306122449,406,400,0.9852216748768473,602
up,90,0.3,0.2,196,84,0.42857142857142855,406,404,0.9950738916256158,602
up,90,0.3,0.25,196,112,0.5714285714285714,406,405,0.9975369458128078,602
up,90,0.3,0.3,196,149,0.7602040816326531,406,406,1.0,602
up,90,0.3,0.35,196,181,0.923469387755102,406,406,1.0,602
up,90,0.3,0.4,196,190,0.9693877551020408,406,406,1.0,602
up,90,0.3,0.45,196,194,0.9897959183673469,406,406,1.0,602
up,90,0.3,0.5,196,195,0.9948979591836735,406,406,1.0,602
up,90,0.3,0.55,196,196,1.0,406,406,1.0,602
up,90,0.3,0.6,196,196,1.0,406,406,1.0,602
up,90,0.3,0.65,196,196,1.0,406,406,1.0,602
up,90,0.3,0.7,196,196,1.0,406,406,1.0,602
up,90,0.3,0.75,196,196,1.0,406,406,1.0,602
up,90,0.3,0.8,196,196,1.0,406,406,1.0,602
up,90,0.3,0.85,196,196,1.0,406,406,1.0,602
up,90,0.3,0.9,196,196,1.0,406,406,1.0,602
up,90,0.3,0.95,196,196,1.0,406,406,1.0,602
up,90,0.35,0.05,194,26,0.13402061855670103,308,288,0.935064935064935,502
up,90,0.35,0.1,194,40,0.20618556701030927,308,296,0.961038961038961,502
up,90,0.35,0.15,194,56,0.28865979381443296,308,303,0.9837662337662337,502
up,90,0.35,0.2,194,72,0.3711340206185567,308,305,0.9902597402597403,502
up,90,0.35,0.25,194,94,0.4845360824742268,308,306,0.9935064935064936,502
up,90,0.35,0.3,194,125,0.6443298969072165,308,308,1.0,502
up,90,0.35,0.35,194,147,0.7577319587628866,308,308,1.0,502
up,90,0.35,0.4,194,181,0.9329896907216495,308,308,1.0,502
up,90,0.35,0.45,194,191,0.9845360824742269,308,308,1.0,502
up,90,0.35,0.5,194,193,0.9948453608247423,308,308,1.0,502
up,90,0.35,0.55,194,194,1.0,308,308,1.0,502
up,90,0.35,0.6,194,194,1.0,308,308,1.0,502
up,90,0.35,0.65,194,194,1.0,308,308,1.0,502
up,90,0.35,0.7,194,194,1.0,308,308,1.0,502
up,90,0.35,0.75,194,194,1.0,308,308,1.0,502
up,90,0.35,0.8,194,194,1.0,308,308,1.0,502
up,90,0.35,0.85,194,194,1.0,308,308,1.0,502
up,90,0.35,0.9,194,194,1.0,308,308,1.0,502
up,90,0.35,0.95,194,194,1.0,308,308,1.0,502
up,90,0.4,0.05,258,22,0.08527131782945736,399,370,0.9273182957393483,657
up,90,0.4,0.1,258,37,0.1434108527131783,399,382,0.9573934837092731,657
up,90,0.4,0.15,258,57,0.22093023255813954,399,389,0.974937343358396,657
up,90,0.4,0.2,258,76,0.29457364341085274,399,395,0.9899749373433584,657
up,90,0.4,0.25,258,96,0.37209302325581395,399,396,0.9924812030075187,657
up,90,0.4,0.3,258,122,0.4728682170542636,399,397,0.9949874686716792,657
up,90,0.4,0.35,258,154,0.5968992248062015,399,398,0.9974937343358395,657
up,90,0.4,0.4,258,200,0.7751937984496124,399,399,1.0,657
up,90,0.4,0.45,258,243,0.9418604651162791,399,399,1.0,657
up,90,0.4,0.5,258,254,0.9844961240310077,399,399,1.0,657
up,90,0.4,0.55,258,257,0.9961240310077519,399,399,1.0,657
up,90,0.4,0.6,258,258,1.0,399,399,1.0,657
up,90,0.4,0.65,258,258,1.0,399,399,1.0,657
up,90,0.4,0.7,258,258,1.0,399,399,1.0,657
up,90,0.4,0.75,258,258,1.0,399,399,1.0,657
up,90,0.4,0.8,258,258,1.0,399,399,1.0,657
up,90,0.4,0.85,258,258,1.0,399,399,1.0,657
up,90,0.4,0.9,258,258,1.0,399,399,1.0,657
up,90,0.4,0.95,258,258,1.0,399,399,1.0,657
up,90,0.45,0.05,343,20,0.05830903790087463,364,334,0.9175824175824175,707
up,90,0.45,0.1,343,46,0.13411078717201166,364,348,0.9560439560439561,707
up,90,0.45,0.15,343,71,0.20699708454810495,364,357,0.9807692307692307,707
up,90,0.45,0.2,343,91,0.2653061224489796,364,361,0.9917582417582418,707
up,90,0.45,0.25,343,122,0.3556851311953353,364,362,0.9945054945054945,707
up,90,0.45,0.3,343,160,0.46647230320699706,364,363,0.9972527472527473,707
up,90,0.45,0.35,343,190,0.5539358600583091,364,363,0.9972527472527473,707
up,90,0.45,0.4,343,239,0.6967930029154519,364,364,1.0,707
up,90,0.45,0.45,343,270,0.7871720116618076,364,364,1.0,707
up,90,0.45,0.5,343,330,0.9620991253644315,364,364,1.0,707
up,90,0.45,0.55,343,338,0.9854227405247813,364,364,1.0,707
up,90,0.45,0.6,343,343,1.0,364,364,1.0,707
up,90,0.45,0.65,343,343,1.0,364,364,1.0,707
up,90,0.45,0.7,343,343,1.0,364,364,1.0,707
up,90,0.45,0.75,343,343,1.0,364,364,1.0,707
up,90,0.45,0.8,343,343,1.0,364,364,1.0,707
up,90,0.45,0.85,343,343,1.0,364,364,1.0,707
up,90,0.45,0.9,343,343,1.0,364,364,1.0,707
up,90,0.45,0.95,343,343,1.0,364,364,1.0,707
up,90,0.5,0.05,408,29,0.07107843137254902,340,313,0.9205882352941176,748
up,90,0.5,0.1,408,53,0.12990196078431374,340,321,0.9441176470588235,748
up,90,0.5,0.15,408,77,0.18872549019607843,340,327,0.961764705882353,748
up,90,0.5,0.2,408,98,0.24019607843137256,340,331,0.9735294117647059,748
up,90,0.5,0.25,408,126,0.3088235294117647,340,334,0.9823529411764705,748
up,90,0.5,0.3,408,154,0.37745098039215685,340,336,0.9882352941176471,748
up,90,0.5,0.35,408,187,0.4583333333333333,340,337,0.9911764705882353,748
up,90,0.5,0.4,408,218,0.5343137254901961,340,338,0.9941176470588236,748
up,90,0.5,0.45,408,262,0.6421568627450981,340,338,0.9941176470588236,748
up,90,0.5,0.5,408,311,0.7622549019607843,340,339,0.9970588235294118,748
up,90,0.5,0.55,408,385,0.9436274509803921,340,339,0.9970588235294118,748
up,90,0.5,0.6,408,398,0.9754901960784313,340,339,0.9970588235294118,748
up,90,0.5,0.65,408,404,0.9901960784313726,340,339,0.9970588235294118,748
up,90,0.5,0.7,408,405,0.9926470588235294,340,339,0.9970588235294118,748
up,90,0.5,0.75,408,406,0.9950980392156863,340,339,0.9970588235294118,748
up,90,0.5,0.8,408,406,0.9950980392156863,340,339,0.9970588235294118,748
up,90,0.5,0.85,408,406,0.9950980392156863,340,339,0.9970588235294118,748
up,90,0.5,0.9,408,407,0.9975490196078431,340,339,0.9970588235294118,748
up,90,0.5,0.95,408,407,0.9975490196078431,340,339,0.9970588235294118,748
up,90,0.55,0.05,446,21,0.04708520179372197,378,345,0.9126984126984127,824
up,90,0.55,0.1,446,37,0.08295964125560538,378,361,0.955026455026455,824
up,90,0.55,0.15,446,56,0.12556053811659193,378,369,0.9761904761904762,824
up,90,0.55,0.2,446,81,0.18161434977578475,378,374,0.9894179894179894,824
up,90,0.55,0.25,446,96,0.21524663677130046,378,376,0.9947089947089947,824
up,90,0.55,0.3,446,121,0.2713004484304933,378,377,0.9973544973544973,824
up,90,0.55,0.35,446,150,0.336322869955157,378,377,0.9973544973544973,824
up,90,0.55,0.4,446,187,0.4192825112107623,378,377,0.9973544973544973,824
up,90,0.55,0.45,446,226,0.5067264573991032,378,377,0.9973544973544973,824
up,90,0.55,0.5,446,265,0.594170403587444,378,377,0.9973544973544973,824
up,90,0.55,0.55,446,336,0.7533632286995515,378,378,1.0,824
up,90,0.55,0.6,446,416,0.9327354260089686,378,378,1.0,824
up,90,0.55,0.65,446,437,0.9798206278026906,378,378,1.0,824
up,90,0.55,0.7,446,442,0.9910313901345291,378,378,1.0,824
up,90,0.55,0.75,446,446,1.0,378,378,1.0,824
up,90,0.55,0.8,446,446,1.0,378,378,1.0,824
up,90,0.55,0.85,446,446,1.0,378,378,1.0,824
up,90,0.55,0.9,446,446,1.0,378,378,1.0,824
up,90,0.55,0.95,446,446,1.0,378,378,1.0,824
up,90,0.6,0.05,332,16,0.04819277108433735,197,180,0.9137055837563451,529
up,90,0.6,0.1,332,21,0.06325301204819277,197,188,0.9543147208121827,529
up,90,0.6,0.15,332,35,0.10542168674698796,197,193,0.9796954314720813,529
up,90,0.6,0.2,332,44,0.13253012048192772,197,195,0.9898477157360406,529
up,90,0.6,0.25,332,60,0.18072289156626506,197,195,0.9898477157360406,529
up,90,0.6,0.3,332,80,0.24096385542168675,197,196,0.9949238578680203,529
up,90,0.6,0.35,332,96,0.2891566265060241,197,197,1.0,529
up,90,0.6,0.4,332,122,0.3674698795180723,197,197,1.0,529
up,90,0.6,0.45,332,147,0.4427710843373494,197,197,1.0,529
up,90,0.6,0.5,332,176,0.5301204819277109,197,197,1.0,529
up,90,0.6,0.55,332,209,0.6295180722891566,197,197,1.0,529
up,90,0.6,0.6,332,262,0.7891566265060241,197,197,1.0,529
up,90,0.6,0.65,332,318,0.9578313253012049,197,197,1.0,529
up,90,0.6,0.7,332,327,0.9849397590361446,197,197,1.0,529
up,90,0.6,0.75,332,330,0.9939759036144579,197,197,1.0,529
up,90,0.6,0.8,332,331,0.9969879518072289,197,197,1.0,529
up,90,0.6,0.85,332,332,1.0,197,197,1.0,529
up,90,0.6,0.9,332,332,1.0,197,197,1.0,529
up,90,0.6,0.95,332,332,1.0,197,197,1.0,529
up,90,0.65,0.05,406,15,0.03694581280788178,199,175,0.8793969849246231,605
up,90,0.65,0.1,406,21,0.05172413793103448,199,189,0.949748743718593,605
up,90,0.65,0.15,406,36,0.08866995073891626,199,193,0.9698492462311558,605
up,90,0.65,0.2,406,46,0.11330049261083744,199,195,0.9798994974874372,605
up,90,0.65,0.25,406,61,0.15024630541871922,199,197,0.9899497487437185,605
up,90,0.65,0.3,406,79,0.19458128078817735,199,197,0.9899497487437185,605
up,90,0.65,0.35,406,89,0.21921182266009853,199,198,0.9949748743718593,605
up,90,0.65,0.4,406,109,0.2684729064039409,199,199,1.0,605
up,90,0.65,0.45,406,133,0.3275862068965517,199,199,1.0,605
up,90,0.65,0.5,406,164,0.4039408866995074,199,199,1.0,605
up,90,0.65,0.55,406,204,0.5024630541871922,199,199,1.0,605
up,90,0.65,0.6,406,243,0.5985221674876847,199,199,1.0,605
up,90,0.65,0.65,406,300,0.7389162561576355,199,199,1.0,605
up,90,0.65,0.7,406,381,0.9384236453201971,199,199,1.0,605
up,90,0.65,0.75,406,401,0.9876847290640394,199,199,1.0,605
up,90,0.65,0.8,406,406,1.0,199,199,1.0,605
up,90,0.65,0.85,406,406,1.0,199,199,1.0,605
up,90,0.65,0.9,406,406,1.0,199,199,1.0,605
up,90,0.65,0.95,406,406,1.0,199,199,1.0,605
up,90,0.7,0.05,312,17,0.05448717948717949,105,92,0.8761904761904762,417
up,90,0.7,0.1,312,24,0.07692307692307693,105,95,0.9047619047619048,417
up,90,0.7,0.15,312,36,0.11538461538461539,105,99,0.9428571428571428,417
up,90,0.7,0.2,312,41,0.13141025641025642,105,100,0.9523809523809523,417
up,90,0.7,0.25,312,52,0.16666666666666666,105,101,0.9619047619047619,417
up,90,0.7,0.3,312,64,0.20512820512820512,105,103,0.9809523809523809,417
up,90,0.7,0.35,312,72,0.23076923076923078,105,103,0.9809523809523809,417
up,90,0.7,0.4,312,82,0.26282051282051283,105,103,0.9809523809523809,417
up,90,0.7,0.45,312,91,0.2916666666666667,105,103,0.9809523809523809,417
up,90,0.7,0.5,312,107,0.34294871794871795,105,103,0.9809523809523809,417
up,90,0.7,0.55,312,127,0.40705128205128205,105,103,0.9809523809523809,417
up,90,0.7,0.6,312,147,0.47115384615384615,105,103,0.9809523809523809,417
up,90,0.7,0.65,312,176,0.5641025641025641,105,103,0.9809523809523809,417
up,90,0.7,0.7,312,230,0.7371794871794872,105,103,0.9809523809523809,417
up,90,0.7,0.75,312,302,0.967948717948718,105,104,0.9904761904761905,417
up,90,0.7,0.8,312,311,0.9967948717948718,105,104,0.9904761904761905,417
up,90,0.7,0.85,312,312,1.0,105,104,0.9904761904761905,417
up,90,0.7,0.9,312,312,1.0,105,104,0.9904761904761905,417
up,90,0.7,0.95,312,312,1.0,105,104,0.9904761904761905,417
up,90,0.75,0.05,355,12,0.03380281690140845,97,88,0.9072164948453608,452
up,90,0.75,0.1,355,20,0.056338028169014086,97,91,0.9381443298969072,452
up,90,0.75,0.15,355,26,0.07323943661971831,97,93,0.9587628865979382,452
up,90,0.75,0.2,355,35,0.09859154929577464,97,95,0.979381443298969,452
up,90,0.75,0.25,355,42,0.11830985915492957,97,95,0.979381443298969,452
up,90,0.75,0.3,355,54,0.15211267605633802,97,97,1.0,452
up,90,0.75,0.35,355,61,0.17183098591549295,97,97,1.0,452
up,90,0.75,0.4,355,71,0.2,97,97,1.0,452
up,90,0.75,0.45,355,86,0.24225352112676057,97,97,1.0,452
up,90,0.75,0.5,355,108,0.30422535211267604,97,97,1.0,452
up,90,0.75,0.55,355,125,0.352112676056338,97,97,1.0,452
up,90,0.75,0.6,355,144,0.4056338028169014,97,97,1.0,452
up,90,0.75,0.65,355,170,0.4788732394366197,97,97,1.0,452
up,90,0.75,0.7,355,213,0.6,97,97,1.0,452
up,90,0.75,0.75,355,273,0.7690140845070422,97,97,1.0,452
up,90,0.75,0.8,355,345,0.971830985915493,97,97,1.0,452
up,90,0.75,0.85,355,355,1.0,97,97,1.0,452
up,90,0.75,0.9,355,355,1.0,97,97,1.0,452
up,90,0.75,0.95,355,355,1.0,97,97,1.0,452
up,90,0.8,0.05,325,6,0.018461538461538463,49,41,0.8367346938775511,374
up,90,0.8,0.1,325,12,0.036923076923076927,49,46,0.9387755102040817,374
up,90,0.8,0.15,325,15,0.046153846153846156,49,46,0.9387755102040817,374
up,90,0.8,0.2,325,17,0.052307692307692305,49,48,0.9795918367346939,374
up,90,0.8,0.25,325,19,0.05846153846153846,49,49,1.0,374
up,90,0.8,0.3,325,28,0.08615384615384615,49,49,1.0,374
up,90,0.8,0.35,325,31,0.09538461538461539,49,49,1.0,374
up,90,0.8,0.4,325,40,0.12307692307692308,49,49,1.0,374
up,90,0.8,0.45,325,45,0.13846153846153847,49,49,1.0,374
up,90,0.8,0.5,325,55,0.16923076923076924,49,49,1.0,374
up,90,0.8,0.55,325,71,0.21846153846153846,49,49,1.0,374
up,90,0.8,0.6,325,83,0.2553846153846154,49,49,1.0,374
up,90,0.8,0.65,325,100,0.3076923076923077,49,49,1.0,374
up,90,0.8,0.7,325,130,0.4,49,49,1.0,374
up,90,0.8,0.75,325,163,0.5015384615384615,49,49,1.0,374
up,90,0.8,0.8,325,233,0.7169230769230769,49,49,1.0,374
up,90,0.8,0.85,325,312,0.96,49,49,1.0,374
up,90,0.8,0.9,325,325,1.0,49,49,1.0,374
up,90,0.8,0.95,325,325,1.0,49,49,1.0,374
up,90,0.85,0.05,214,4,0.018691588785046728,28,25,0.8928571428571429,242
up,90,0.85,0.1,214,7,0.03271028037383177,28,26,0.9285714285714286,242
up,90,0.85,0.15,214,10,0.04672897196261682,28,26,0.9285714285714286,242
up,90,0.85,0.2,214,12,0.056074766355140186,28,27,0.9642857142857143,242
up,90,0.85,0.25,214,14,0.06542056074766354,28,27,0.9642857142857143,242
up,90,0.85,0.3,214,18,0.08411214953271028,28,28,1.0,242
up,90,0.85,0.35,214,20,0.09345794392523364,28,28,1.0,242
up,90,0.85,0.4,214,24,0.11214953271028037,28,28,1.0,242
up,90,0.85,0.45,214,25,0.11682242990654206,28,28,1.0,242
up,90,0.85,0.5,214,28,0.1308411214953271,28,28,1.0,242
up,90,0.85,0.55,214,32,0.14953271028037382,28,28,1.0,242
up,90,0.85,0.6,214,38,0.17757009345794392,28,28,1.0,242
up,90,0.85,0.65,214,47,0.21962616822429906,28,28,1.0,242
up,90,0.85,0.7,214,62,0.2897196261682243,28,28,1.0,242
up,90,0.85,0.75,214,86,0.40186915887850466,28,28,1.0,242
up,90,0.85,0.8,214,113,0.5280373831775701,28,28,1.0,242
up,90,0.85,0.85,214,160,0.7476635514018691,28,28,1.0,242
up,90,0.85,0.9,214,208,0.9719626168224299,28,28,1.0,242
up,90,0.85,0.95,214,214,1.0,28,28,1.0,242
up,90,0.9,0.05,146,3,0.02054794520547945,8,8,1.0,154
up,90,0.9,0.1,146,3,0.02054794520547945,8,8,1.0,154
up,90,0.9,0.15,146,4,0.0273972602739726,8,8,1.0,154
up,90,0.9,0.2,146,4,0.0273972602739726,8,8,1.0,154
up,90,0.9,0.25,146,6,0.0410958904109589,8,8,1.0,154
up,90,0.9,0.3,146,7,0.04794520547945205,8,8,1.0,154
up,90,0.9,0.35,146,8,0.0547945205479452,8,8,1.0,154
up,90,0.9,0.4,146,12,0.0821917808219178,8,8,1.0,154
up,90,0.9,0.45,146,12,0.0821917808219178,8,8,1.0,154
up,90,0.9,0.5,146,14,0.0958904109589041,8,8,1.0,154
up,90,0.9,0.55,146,19,0.13013698630136986,8,8,1.0,154
up,90,0.9,0.6,146,19,0.13013698630136986,8,8,1.0,154
up,90,0.9,0.65,146,23,0.15753424657534246,8,8,1.0,154
up,90,0.9,0.7,146,26,0.1780821917808219,8,8,1.0,154
up,90,0.9,0.75,146,28,0.1917808219178082,8,8,1.0,154
up,90,0.9,0.8,146,37,0.2534246575342466,8,8,1.0,154
up,90,0.9,0.85,146,53,0.363013698630137,8,8,1.0,154
up,90,0.9,0.9,146,103,0.7054794520547946,8,8,1.0,154
up,90,0.9,0.95,146,146,1.0,8,8,1.0,154
up,90,0.95,0.05,27,0,0.0,0,0,0.0,27
up,90,0.95,0.1,27,0,0.0,0,0,0.0,27
up,90,0.95,0.15,27,0,0.0,0,0,0.0,27
up,90,0.95,0.2,27,0,0.0,0,0,0.0,27
up,90,0.95,0.25,27,0,0.0,0,0,0.0,27
up,90,0.95,0.3,27,1,0.037037037037037035,0,0,0.0,27
up,90,0.95,0.35,27,1,0.037037037037037035,0,0,0.0,27
up,90,0.95,0.4,27,1,0.037037037037037035,0,0,0.0,27
up,90,0.95,0.45,27,1,0.037037037037037035,0,0,0.0,27
up,90,0.95,0.5,27,1,0.037037037037037035,0,0,0.0,27
up,90,0.95,0.55,27,1,0.037037037037037035,0,0,0.0,27
up,90,0.95,0.6,27,1,0.037037037037037035,0,0,0.0,27
up,90,0.95,0.65,27,1,0.037037037037037035,0,0,0.0,27
up,90,0.95,0.7,27,1,0.037037037037037035,0,0,0.0,27
up,90,0.95,0.75,27,2,0.07407407407407407,0,0,0.0,27
up,90,0.95,0.8,27,2,0.07407407407407407,0,0,0.0,27
up,90,0.95,0.85,27,4,0.14814814814814814,0,0,0.0,27
up,90,0.95,0.9,27,8,0.2962962962962963,0,0,0.0,27
up,90,0.95,0.95,27,18,0.6666666666666666,0,0,0.0,27
up,120,0.0,0.05,4,4,1.0,106,104,0.9811320754716981,110
up,120,0.0,0.1,4,4,1.0,106,104,0.9811320754716981,110
up,120,0.0,0.15,4,4,1.0,106,104,0.9811320754716981,110
up,120,0.0,0.2,4,4,1.0,106,104,0.9811320754716981,110
up,120,0.0,0.25,4,4,1.0,106,104,0.9811320754716981,110
up,120,0.0,0.3,4,4,1.0,106,104,0.9811320754716981,110
up,120,0.0,0.35,4,4,1.0,106,104,0.9811320754716981,110
up,120,0.0,0.4,4,4,1.0,106,104,0.9811320754716981,110
up,120,0.0,0.45,4,4,1.0,106,104,0.9811320754716981,110
up,120,0.0,0.5,4,4,1.0,106,104,0.9811320754716981,110
up,120,0.0,0.55,4,4,1.0,106,104,0.9811320754716981,110
up,120,0.0,0.6,4,4,1.0,106,104,0.9811320754716981,110
up,120,0.0,0.65,4,4,1.0,106,104,0.9811320754716981,110
up,120,0.0,0.7,4,4,1.0,106,104,0.9811320754716981,110
up,120,0.0,0.75,4,4,1.0,106,104,0.9811320754716981,110
up,120,0.0,0.8,4,4,1.0,106,104,0.9811320754716981,110
up,120,0.0,0.85,4,4,1.0,106,104,0.9811320754716981,110
up,120,0.0,0.9,4,4,1.0,106,104,0.9811320754716981,110
up,120,0.0,0.95,4,4,1.0,106,104,0.9811320754716981,110
up,120,0.05,0.05,15,11,0.7333333333333333,246,245,0.9959349593495935,261
up,120,0.05,0.1,15,14,0.9333333333333333,246,246,1.0,261
up,120,0.05,0.15,15,14,0.9333333333333333,246,246,1.0,261
up,120,0.05,0.2,15,14,0.9333333333333333,246,246,1.0,261
up,120,0.05,0.25,15,14,0.9333333333333333,246,246,1.0,261
up,120,0.05,0.3,15,14,0.9333333333333333,246,246,1.0,261
up,120,0.05,0.35,15,14,0.9333333333333333,246,246,1.0,261
up,120,0.05,0.4,15,14,0.9333333333333333,246,246,1.0,261
up,120,0.05,0.45,15,14,0.9333333333333333,246,246,1.0,261
up,120,0.05,0.5,15,14,0.9333333333333333,246,246,1.0,261
up,120,0.05,0.55,15,14,0.9333333333333333,246,246,1.0,261
up,120,0.05,0.6,15,14,0.9333333333333333,246,246,1.0,261
up,120,0.05,0.65,15,14,0.9333333333333333,246,246,1.0,261
up,120,0.05,0.7,15,14,0.9333333333333333,246,246,1.0,261
up,120,0.05,0.75,15,14,0.9333333333333333,246,246,1.0,261
up,120,0.05,0.8,15,14,0.9333333333333333,246,246,1.0,261
up,120,0.05,0.85,15,14,0.9333333333333333,246,246,1.0,261
up,120,0.05,0.9,15,14,0.9333333333333333,246,246,1.0,261
up,120,0.05,0.95,15,14,0.9333333333333333,246,246,1.0,261
up,120,0.1,0.05,61,20,0.32786885245901637,378,369,0.9761904761904762,439
up,120,0.1,0.1,61,44,0.7213114754098361,378,376,0.9947089947089947,439
up,120,0.1,0.15,61,61,1.0,378,377,0.9973544973544973,439
up,120,0.1,0.2,61,61,1.0,378,377,0.9973544973544973,439
up,120,0.1,0.25,61,61,1.0,378,377,0.9973544973544973,439
up,120,0.1,0.3,61,61,1.0,378,377,0.9973544973544973,439
up,120,0.1,0.35,61,61,1.0,378,377,0.9973544973544973,439
up,120,0.1,0.4,61,61,1.0,378,377,0.9973544973544973,439
up,120,0.1,0.45,61,61,1.0,378,377,0.9973544973544973,439
up,120,0.1,0.5,61,61,1.0,378,377,0.9973544973544973,439
up,120,0.1,0.55,61,61,1.0,378,377,0.9973544973544973,439
up,120,0.1,0.6,61,61,1.0,378,377,0.9973544973544973,439
up,120,0.1,0.65,61,61,1.0,378,377,0.9973544973544973,439
up,120,0.1,0.7,61,61,1.0,378,377,0.9973544973544973,439
up,120,0.1,0.75,61,61,1.0,378,377,0.9973544973544973,439
up,120,0.1,0.8,61,61,1.0,378,377,0.9973544973544973,439
up,120,0.1,0.85,61,61,1.0,378,377,0.9973544973544973,439
up,120,0.1,0.9,61,61,1.0,378,377,0.9973544973544973,439
up,120,0.1,0.95,61,61,1.0,378,377,0.9973544973544973,439
up,120,0.15,0.05,51,17,0.3333333333333333,286,273,0.9545454545454546,337
up,120,0.15,0.1,51,29,0.5686274509803921,286,281,0.9825174825174825,337
up,120,0.15,0.15,51,39,0.7647058823529411,286,285,0.9965034965034965,337
up,120,0.15,0.2,51,50,0.9803921568627451,286,285,0.9965034965034965,337
up,120,0.15,0.25,51,51,1.0,286,286,1.0,337
up,120,0.15,0.3,51,51,1.0,286,286,1.0,337
up,120,0.15,0.35,51,51,1.0,286,286,1.0,337
up,120,0.15,0.4,51,51,1.0,286,286,1.0,337
up,120,0.15,0.45,51,51,1.0,286,286,1.0,337
up,120,0.15,0.5,51,51,1.0,286,286,1.0,337
up,120,0.15,0.55,51,51,1.0,286,286,1.0,337
up,120,0.15,0.6,51,51,1.0,286,286,1.0,337
up,120,0.15,0.65,51,51,1.0,286,286,1.0,337
up,120,0.15,0.7,51,51,1.0,286,286,1.0,337
up,120,0.15,0.75,51,51,1.0,286,286,1.0,337
up,120,0.15,0.8,51,51,1.0,286,286,1.0,337
up,120,0.15,0.85,51,51,1.0,286,286,1.0,337
up,120,0.15,0.9,51,51,1.0,286,286,1.0,337
up,120,0.15,0.95,51,51,1.0,286,286,1.0,337
up,120,0.2,0.05,88,19,0.2159090909090909,355,342,0.9633802816901409,443
up,120,0.2,0.1,88,35,0.3977272727272727,355,347,0.9774647887323944,443
up,120,0.2,0.15,88,50,0.5681818181818182,355,351,0.9887323943661972,443
up,120,0.2,0.2,88,65,0.7386363636363636,355,355,1.0,443
up,120,0.2,0.25,88,84,0.9545454545454546,355,355,1.0,443
up,120,0.2,0.3,88,86,0.9772727272727273,355,355,1.0,443
up,120,0.2,0.35,88,87,0.9886363636363636,355,355,1.0,443
up,120,0.2,0.4,88,87,0.9886363636363636,355,355,1.0,443
up,120,0.2,0.45,88,87,0.9886363636363636,355,355,1.0,443
up,120,0.2,0.5,88,88,1.0,355,355,1.0,443
up,120,0.2,0.55,88,88,1.0,355,355,1.0,443
up,120,0.2,0.6,88,88,1.0,355,355,1.0,443
up,120,0.2,0.65,88,88,1.0,355,355,1.0,443
up,120,0.2,0.7,88,88,1.0,355,355,1.0,443
up,120,0.2,0.75,88,88,1.0,355,355,1.0,443
up,120,0.2,0.8,88,88,1.0,355,355,1.0,443
up,120,0.2,0.85,88,88,1.0,355,355,1.0,443
up,120,0.2,0.9,88,88,1.0,355,355,1.0,443
up,120,0.2,0.95,88,88,1.0,355,355,1.0,443
up,120,0.25,0.05,153,18,0.11764705882352941,440,422,0.9590909090909091,593
up,120,0.25,0.1,153,41,0.2679738562091503,440,432,0.9818181818181818,593
up,120,0.25,0.15,153,69,0.45098039215686275,440,436,0.990909090909091,593
up,120,0.25,0.2,153,94,0.6143790849673203,440,438,0.9954545454545455,593
up,120,0.25,0.25,153,121,0.7908496732026143,440,439,0.9977272727272727,593
up,120,0.25,0.3,153,146,0.954248366013072,440,440,1.0,593
up,120,0.25,0.35,153,150,0.9803921568627451,440,440,1.0,593
up,120,0.25,0.4,153,152,0.9934640522875817,440,440,1.0,593
up,120,0.25,0.45,153,153,1.0,440,440,1.0,593
up,120,0.25,0.5,153,153,1.0,440,440,1.0,593
up,120,0.25,0.55,153,153,1.0,440,440,1.0,593
up,120,0.25,0.6,153,153,1.0,440,440,1.0,593
up,120,0.25,0.65,153,153,1.0,440,440,1.0,593
up,120,0.25,0.7,153,153,1.0,440,440,1.0,593
up,120,0.25,0.75,153,153,1.0,440,440,1.0,593
up,120,0.25,0.8,153,153,1.0,440,440,1.0,593
up,120,0.25,0.85,153,153,1.0,440,440,1.0,593
up,120,0.25,0.9,153,153,1.0,440,440,1.0,593
up,120,0.25,0.95,153,153,1.0,440,440,1.0,593
up,120,0.3,0.05,165,17,0.10303030303030303,325,308,0.9476923076923077,490
up,120,0.3,0.1,165,30,0.18181818181818182,325,316,0.9723076923076923,490
up,120,0.3,0.15,165,50,0.30303030303030304,325,320,0.9846153846153847,490
up,120,0.3,0.2,165,69,0.41818181818181815,325,324,0.9969230769230769,490
up,120,0.3,0.25,165,95,0.5757575757575758,325,324,0.9969230769230769,490
up,120,0.3,0.3,165,126,0.7636363636363637,325,325,1.0,490
up,120,0.3,0.35,165,158,0.9575757575757575,325,325,1.0,490
up,120,0.3,0.4,165,162,0.9818181818181818,325,325,1.0,490
up,120,0.3,0.45,165,163,0.9878787878787879,325,325,1.0,490
up,120,0.3,0.5,165,165,1.0,325,325,1.0,490
up,120,0.3,0.55,165,165,1.0,325,325,1.0,490
up,120,0.3,0.6,165,165,1.0,325,325,1.0,490
up,120,0.3,0.65,165,165,1.0,325,325,1.0,490
up,120,0.3,0.7,165,165,1.0,325,325,1.0,490
up,120,0.3,0.75,165,165,1.0,325,325,1.0,490
up,120,0.3,0.8,165,165,1.0,325,325,1.0,490
up,120,0.3,0.85,165,165,1.0,325,325,1.0,490
up,120,0.3,0.9,165,165,1.0,325,325,1.0,490
up,120,0.3,0.95,165,165,1.0,325,325,1.0,490
up,120,0.35,0.05,161,19,0.11801242236024845,251,232,0.9243027888446215,412
up,120,0.35,0.1,161,31,0.19254658385093168,251,239,0.952191235059761,412
up,120,0.35,0.15,161,43,0.2670807453416149,251,245,0.9760956175298805,412
up,120,0.35,0.2,161,59,0.36645962732919257,251,246,0.9800796812749004,412
up,120,0.35,0.25,161,74,0.45962732919254656,251,247,0.9840637450199203,412
up,120,0.35,0.3,161,95,0.5900621118012422,251,248,0.9880478087649402,412
up,120,0.35,0.35,161,125,0.7763975155279503,251,250,0.9960159362549801,412
up,120,0.35,0.4,161,152,0.9440993788819876,251,250,0.9960159362549801,412
up,120,0.35,0.45,161,158,0.9813664596273292,251,250,0.9960159362549801,412
up,120,0.35,0.5,161,160,0.9937888198757764,251,250,0.9960159362549801,412
up,120,0.35,0.55,161,161,1.0,251,250,0.9960159362549801,412
up,120,0.35,0.6,161,161,1.0,251,250,0.9960159362549801,412
up,120,0.35,0.65,161,161,1.0,251,250,0.9960159362549801,412
up,120,0.35,0.7,161,161,1.0,251,250,0.9960159362549801,412
up,120,0.35,0.75,161,161,1.0,251,250,0.9960159362549801,412
up,120,0.35,0.8,161,161,1.0,251,250,0.9960159362549801,412
up,120,0.35,0.85,161,161,1.0,251,250,0.9960159362549801,412
up,120,0.35,0.9,161,161,1.0,251,250,0.9960159362549801,412
up,120,0.35,0.95,161,161,1.0,251,250,0.9960159362549801,412
up,120,0.4,0.05,225,23,0.10222222222222223,320,291,0.909375,545
up,120,0.4,0.1,225,35,0.15555555555555556,320,299,0.934375,545
up,120,0.4,0.15,225,49,0.21777777777777776,320,310,0.96875,545
up,120,0.4,0.2,225,66,0.29333333333333333,320,313,0.978125,545
up,120,0.4,0.25,225,91,0.40444444444444444,320,315,0.984375,545
up,120,0.4,0.3,225,110,0.4888888888888889,320,318,0.99375,545
up,120,0.4,0.35,225,134,0.5955555555555555,320,319,0.996875,545
up,120,0.4,0.4,225,171,0.76,320,320,1.0,545
up,120,0.4,0.45,225,208,0.9244444444444444,320,320,1.0,545
up,120,0.4,0.5,225,218,0.9688888888888889,320,320,1.0,545
up,120,0.4,0.55,225,224,0.9955555555555555,320,320,1.0,545
up,120,0.4,0.6,225,225,1.0,320,320,1.0,545
up,120,0.4,0.65,225,225,1.0,320,320,1.0,545
up,120,0.4,0.7,225,225,1.0,320,320,1.0,545
up,120,0.4,0.75,225,225,1.0,320,320,1.0,545
up,120,0.4,0.8,225,225,1.0,320,320,1.0,545
up,120,0.4,0.85,225,225,1.0,320,320,1.0,545
up,120,0.4,0.9,225,225,1.0,320,320,1.0,545
up,120,0.4,0.95,225,225,1.0,320,320,1.0,545
up,120,0.45,0.05,272,19,0.06985294117647059,321,299,0.9314641744548287,593
up,120,0.45,0.1,272,38,0.13970588235294118,321,310,0.9657320872274143,593
up,120,0.45,0.15,272,58,0.21323529411764705,321,316,0.9844236760124611,593
up,120,0.45,0.2,272,76,0.27941176470588236,321,320,0.9968847352024922,593
up,120,0.45,0.25,272,98,0.3602941176470588,321,320,0.9968847352024922,593
up,120,0.45,0.3,272,122,0.4485294117647059,321,321,1.0,593
up,120,0.45,0.35,272,147,0.5404411764705882,321,321,1.0,593
up,120,0.45,0.4,272,171,0.6286764705882353,321,321,1.0,593
up,120,0.45,0.45,272,213,0.7830882352941176,321,321,1.0,593
up,120,0.45,0.5,272,261,0.9595588235294118,321,321,1.0,593
up,120,0.45,0.55,272,266,0.9779411764705882,321,321,1.0,593
up,120,0.45,0.6,272,269,0.9889705882352942,321,321,1.0,593
up,120,0.45,0.65,272,270,0.9926470588235294,321,321,1.0,593
up,120,0.45,0.7,272,271,0.9963235294117647,321,321,1.0,593
up,120,0.45,0.75,272,272,1.0,321,321,1.0,593
up,120,0.45,0.8,272,272,1.0,321,321,1.0,593
up,120,0.45,0.85,272,272,1.0,321,321,1.0,593
up,120,0.45,0.9,272,272,1.0,321,321,1.0,593
up,120,0.45,0.95,272,272,1.0,321,321,1.0,593
up,120,0.5,0.05,295,27,0.09152542372881356,293,265,0.9044368600682594,588
up,120,0.5,0.1,295,48,0.16271186440677965,293,277,0.9453924914675768,588
up,120,0.5,0.15,295,68,0.2305084745762712,293,281,0.9590443686006825,588
up,120,0.5,0.2,295,75,0.2542372881355932,293,284,0.9692832764505119,588
up,120,0.5,0.25,295,90,0.3050847457627119,293,289,0.9863481228668942,588
up,120,0.5,0.3,295,114,0.3864406779661017,293,290,0.9897610921501706,588
up,120,0.5,0.35,295,132,0.44745762711864406,293,291,0.9931740614334471,588
up,120,0.5,0.4,295,159,0.5389830508474577,293,292,0.9965870307167235,588
up,120,0.5,0.45,295,193,0.6542372881355932,293,292,0.9965870307167235,588
up,120,0.5,0.5,295,241,0.8169491525423729,293,292,0.9965870307167235,588
up,120,0.5,0.55,295,279,0.9457627118644067,293,292,0.9965870307167235,588
up,120,0.5,0.6,295,285,0.9661016949152542,293,292,0.9965870307167235,588
up,120,0.5,0.65,295,291,0.9864406779661017,293,292,0.9965870307167235,588
up,120,0.5,0.7,295,293,0.9932203389830508,293,292,0.9965870307167235,588
up,120,0.5,0.75,295,293,0.9932203389830508,293,292,0.9965870307167235,588
up,120,0.5,0.8,295,293,0.9932203389830508,293,292,0.9965870307167235,588
up,120,0.5,0.85,295,293,0.9932203389830508,293,292,0.9965870307167235,588
up,120,0.5,0.9,295,294,0.9966101694915255,293,292,0.9965870307167235,588
up,120,0.5,0.95,295,294,0.9966101694915255,293,292,0.9965870307167235,588
up,120,0.55,0.05,369,16,0.04336043360433604,269,242,0.8996282527881041,638
up,120,0.55,0.1,369,29,0.07859078590785908,269,253,0.9405204460966543,638
up,120,0.55,0.15,369,46,0.12466124661246612,269,259,0.9628252788104089,638
up,120,0.55,0.2,369,62,0.16802168021680217,269,265,0.9851301115241635,638
up,120,0.55,0.25,369,83,0.22493224932249323,269,266,0.9888475836431226,638
up,120,0.55,0.3,369,107,0.2899728997289973,269,268,0.9962825278810409,638
up,120,0.55,0.35,369,131,0.35501355013550134,269,268,0.9962825278810409,638
up,120,0.55,0.4,369,175,0.4742547425474255,269,268,0.9962825278810409,638
up,120,0.55,0.45,369,206,0.5582655826558266,269,268,0.9962825278810409,638
up,120,0.55,0.5,369,230,0.6233062330623306,269,269,1.0,638
up,120,0.55,0.55,369,287,0.7777777777777778,269,269,1.0,638
up,120,0.55,0.6,369,342,0.926829268292683,269,269,1.0,638
up,120,0.55,0.65,369,358,0.9701897018970189,269,269,1.0,638
up,120,0.55,0.7,369,365,0.989159891598916,269,269,1.0,638
up,120,0.55,0.75,369,367,0.994579945799458,269,269,1.0,638
up,120,0.55,0.8,369,369,1.0,269,269,1.0,638
up,120,0.55,0.85,369,369,1.0,269,269,1.0,638
up,120,0.55,0.9,369,369,1.0,269,269,1.0,638
up,120,0.55,0.95,369,369,1.0,269,269,1.0,638
up,120,0.6,0.05,296,13,0.04391891891891892,154,133,0.8636363636363636,450
up,120,0.6,0.1,296,19,0.06418918918918919,154,144,0.935064935064935,450
up,120,0.6,0.15,296,29,0.09797297297297297,154,148,0.961038961038961,450
up,120,0.6,0.2,296,38,0.12837837837837837,154,150,0.974025974025974,450
up,120,0.6,0.25,296,52,0.17567567567567569,154,150,0.974025974025974,450
up,120,0.6,0.3,296,67,0.22635135135135134,154,151,0.9805194805194806,450
up,120,0.6,0.35,296,81,0.27364864864864863,154,151,0.9805194805194806,450
up,120,0.6,0.4,296,98,0.3310810810810811,154,153,0.9935064935064936,450
up,120,0.6,0.45,296,115,0.3885135135135135,154,153,0.9935064935064936,450
up,120,0.6,0.5,296,147,0.4966216216216216,154,153,0.9935064935064936,450
up,120,0.6,0.55,296,184,0.6216216216216216,154,154,1.0,450
up,120,0.6,0.6,296,210,0.7094594594594594,154,154,1.0,450
up,120,0.6,0.65,296,280,0.9459459459459459,154,154,1.0,450
up,120,0.6,0.7,296,289,0.9763513513513513,154,154,1.0,450
up,120,0.6,0.75,296,294,0.9932432432432432,154,154,1.0,450
up,120,0.6,0.8,296,295,0.9966216216216216,154,154,1.0,450
up,120,0.6,0.85,296,296,1.0,154,154,1.0,450
up,120,0.6,0.9,296,296,1.0,154,154,1.0,450
up,120,0.6,0.95,296,296,1.0,154,154,1.0,450
up,120,0.65,0.05,419,20,0.0477326968973747,210,193,0.919047619047619,629
up,120,0.65,0.1,419,36,0.08591885441527446,210,200,0.9523809523809523,629
up,120,0.65,0.15,419,52,0.12410501193317422,210,203,0.9666666666666667,629
up,120,0.65,0.2,419,68,0.162291169451074,210,206,0.9809523809523809,629
up,120,0.65,0.25,419,79,0.18854415274463007,210,208,0.9904761904761905,629
up,120,0.65,0.3,419,95,0.22673031026252982,210,210,1.0,629
up,120,0.65,0.35,419,109,0.26014319809069214,210,210,1.0,629
up,120,0.65,0.4,419,135,0.3221957040572792,210,210,1.0,629
up,120,0.65,0.45,419,158,0.37708830548926014,210,210,1.0,629
up,120,0.65,0.5,419,193,0.4606205250596659,210,210,1.0,629
up,120,0.65,0.55,419,229,0.5465393794749404,210,210,1.0,629
up,120,0.65,0.6,419,268,0.639618138424821,210,210,1.0,629
up,120,0.65,0.65,419,328,0.7828162291169452,210,210,1.0,629
up,120,0.65,0.7,419,399,0.9522673031026253,210,210,1.0,629
up,120,0.65,0.75,419,414,0.9880668257756563,210,210,1.0,629
up,120,0.65,0.8,419,419,1.0,210,210,1.0,629
up,120,0.65,0.85,419,419,1.0,210,210,1.0,629
up,120,0.65,0.9,419,419,1.0,210,210,1.0,629
up,120,0.65,0.95,419,419,1.0,210,210,1.0,629
up,120,0.7,0.05,318,9,0.02830188679245283,110,95,0.8636363636363636,428
up,120,0.7,0.1,318,13,0.040880503144654086,110,102,0.9272727272727272,428
up,120,0.7,0.15,318,22,0.06918238993710692,110,107,0.9727272727272728,428
up,120,0.7,0.2,318,30,0.09433962264150944,110,108,0.9818181818181818,428
up,120,0.7,0.25,318,42,0.1320754716981132,110,109,0.990909090909091,428
up,120,0.7,0.3,318,55,0.17295597484276728,110,109,0.990909090909091,428
up,120,0.7,0.35,318,60,0.18867924528301888,110,109,0.990909090909091,428
up,120,0.7,0.4,318,75,0.2358490566037736,110,109,0.990909090909091,428
up,120,0.7,0.45,318,84,0.2641509433962264,110,109,0.990909090909091,428
up,120,0.7,0.5,318,95,0.29874213836477986,110,109,0.990909090909091,428
up,120,0.7,0.55,318,118,0.3710691823899371,110,109,0.990909090909091,428
up,120,0.7,0.6,318,146,0.4591194968553459,110,109,0.990909090909091,428
up,120,0.7,0.65,318,181,0.5691823899371069,110,109,0.990909090909091,428
up,120,0.7,0.7,318,233,0.7327044025157232,110,109,0.990909090909091,428
up,120,0.7,0.75,318,295,0.9276729559748428,110,109,0.990909090909091,428
up,120,0.7,0.8,318,310,0.9748427672955975,110,109,0.990909090909091,428
up,120,0.7,0.85,318,317,0.9968553459119497,110,109,0.990909090909091,428
up,120,0.7,0.9,318,318,1.0,110,109,0.990909090909091,428
up,120,0.7,0.95,318,318,1.0,110,109,0.990909090909091,428
up,120,0.75,0.05,356,7,0.019662921348314606,103,91,0.883495145631068,459
up,120,0.75,0.1,356,11,0.03089887640449438,103,99,0.9611650485436893,459
up,120,0.75,0.15,356,17,0.047752808988764044,103,101,0.9805825242718447,459
up,120,0.75,0.2,356,28,0.07865168539325842,103,102,0.9902912621359223,459
up,120,0.75,0.25,356,33,0.09269662921348315,103,103,1.0,459
up,120,0.75,0.3,356,48,0.1348314606741573,103,103,1.0,459
up,120,0.75,0.35,356,51,0.14325842696629212,103,103,1.0,459
up,120,0.75,0.4,356,58,0.16292134831460675,103,103,1.0,459
up,120,0.75,0.45,356,73,0.2050561797752809,103,103,1.0,459
up,120,0.75,0.5,356,91,0.2556179775280899,103,103,1.0,459
up,120,0.75,0.55,356,110,0.3089887640449438,103,103,1.0,459
up,120,0.75,0.6,356,127,0.35674157303370785,103,103,1.0,459
up,120,0.75,0.65,356,153,0.4297752808988764,103,103,1.0,459
up,120,0.75,0.7,356,197,0.5533707865168539,103,103,1.0,459
up,120,0.75,0.75,356,271,0.7612359550561798,103,103,1.0,459
up,120,0.75,0.8,356,338,0.949438202247191,103,103,1.0,459
up,120,0.75,0.85,356,351,0.9859550561797753,103,103,1.0,459
up,120,0.75,0.9,356,356,1.0,103,103,1.0,459
up,120,0.75,0.95,356,356,1.0,103,103,1.0,459
up,120,0.8,0.05,344,12,0.03488372093023256,79,68,0.8607594936708861,423
up,120,0.8,0.1,344,17,0.04941860465116279,79,72,0.9113924050632911,423
up,120,0.8,0.15,344,23,0.06686046511627906,79,74,0.9367088607594937,423
up,120,0.8,0.2,344,25,0.07267441860465117,79,76,0.9620253164556962,423
up,120,0.8,0.25,344,31,0.09011627906976744,79,76,0.9620253164556962,423
up,120,0.8,0.3,344,42,0.12209302325581395,79,77,0.9746835443037974,423
up,120,0.8,0.35,344,49,0.14244186046511628,79,78,0.9873417721518988,423
up,120,0.8,0.4,344,55,0.15988372093023256,79,78,0.9873417721518988,423
up,120,0.8,0.45,344,64,0.18604651162790697,79,78,0.9873417721518988,423
up,120,0.8,0.5,344,78,0.22674418604651161,79,78,0.9873417721518988,423
up,120,0.8,0.55,344,91,0.26453488372093026,79,78,0.9873417721518988,423
up,120,0.8,0.6,344,103,0.29941860465116277,79,78,0.9873417721518988,423
up,120,0.8,0.65,344,118,0.3430232558139535,79,78,0.9873417721518988,423
up,120,0.8,0.7,344,147,0.4273255813953488,79,78,0.9873417721518988,423
up,120,0.8,0.75,344,188,0.5465116279069767,79,79,1.0,423
up,120,0.8,0.8,344,249,0.7238372093023255,79,79,1.0,423
up,120,0.8,0.85,344,334,0.9709302325581395,79,79,1.0,423
up,120,0.8,0.9,344,343,0.997093023255814,79,79,1.0,423
up,120,0.8,0.95,344,344,1.0,79,79,1.0,423
up,120,0.85,0.05,325,8,0.024615384615384615,36,32,0.8888888888888888,361
up,120,0.85,0.1,325,13,0.04,36,32,0.8888888888888888,361
up,120,0.85,0.15,325,19,0.05846153846153846,36,32,0.8888888888888888,361
up,120,0.85,0.2,325,23,0.07076923076923076,36,34,0.9444444444444444,361
up,120,0.85,0.25,325,26,0.08,36,34,0.9444444444444444,361
up,120,0.85,0.3,325,32,0.09846153846153846,36,35,0.9722222222222222,361
up,120,0.85,0.35,325,34,0.10461538461538461,36,36,1.0,361
up,120,0.85,0.4,325,41,0.12615384615384614,36,36,1.0,361
up,120,0.85,0.45,325,44,0.13538461538461538,36,36,1.0,361
up,120,0.85,0.5,325,50,0.15384615384615385,36,36,1.0,361
up,120,0.85,0.55,325,57,0.1753846153846154,36,36,1.0,361
up,120,0.85,0.6,325,69,0.2123076923076923,36,36,1.0,361
up,120,0.85,0.65,325,84,0.25846153846153846,36,36,1.0,361
up,120,0.85,0.7,325,101,0.31076923076923074,36,36,1.0,361
up,120,0.85,0.75,325,121,0.3723076923076923,36,36,1.0,361
up,120,0.85,0.8,325,165,0.5076923076923077,36,36,1.0,361
up,120,0.85,0.85,325,236,0.7261538461538461,36,36,1.0,361
up,120,0.85,0.9,325,317,0.9753846153846154,36,36,1.0,361
up,120,0.85,0.95,325,325,1.0,36,36,1.0,361
up,120,0.9,0.05,327,4,0.012232415902140673,11,11,1.0,338
up,120,0.9,0.1,327,6,0.01834862385321101,11,11,1.0,338
up,120,0.9,0.15,327,7,0.021406727828746176,11,11,1.0,338
up,120,0.9,0.2,327,8,0.024464831804281346,11,11,1.0,338
up,120,0.9,0.25,327,10,0.03058103975535168,11,11,1.0,338
up,120,0.9,0.3,327,14,0.04281345565749235,11,11,1.0,338
up,120,0.9,0.35,327,16,0.04892966360856269,11,11,1.0,338
up,120,0.9,0.4,327,18,0.05504587155963303,11,11,1.0,338
up,120,0.9,0.45,327,20,0.06116207951070336,11,11,1.0,338
up,120,0.9,0.5,327,23,0.07033639143730887,11,11,1.0,338
up,120,0.9,0.55,327,30,0.09174311926605505,11,11,1.0,338
up,120,0.9,0.6,327,37,0.11314984709480122,11,11,1.0,338
up,120,0.9,0.65,327,42,0.12844036697247707,11,11,1.0,338
up,120,0.9,0.7,327,48,0.14678899082568808,11,11,1.0,338
up,120,0.9,0.75,327,60,0.1834862385321101,11,11,1.0,338
up,120,0.9,0.8,327,79,0.2415902140672783,11,11,1.0,338
up,120,0.9,0.85,327,122,0.3730886850152905,11,11,1.0,338
up,120,0.9,0.9,327,212,0.6483180428134556,11,11,1.0,338
up,120,0.9,0.95,327,321,0.981651376146789,11,11,1.0,338
up,120,0.95,0.05,60,2,0.03333333333333333,1,1,1.0,61
up,120,0.95,0.1,60,2,0.03333333333333333,1,1,1.0,61
up,120,0.95,0.15,60,2,0.03333333333333333,1,1,1.0,61
up,120,0.95,0.2,60,2,0.03333333333333333,1,1,1.0,61
up,120,0.95,0.25,60,2,0.03333333333333333,1,1,1.0,61
up,120,0.95,0.3,60,3,0.05,1,1,1.0,61
up,120,0.95,0.35,60,3,0.05,1,1,1.0,61
up,120,0.95,0.4,60,3,0.05,1,1,1.0,61
up,120,0.95,0.45,60,3,0.05,1,1,1.0,61
up,120,0.95,0.5,60,4,0.06666666666666667,1,1,1.0,61
up,120,0.95,0.55,60,4,0.06666666666666667,1,1,1.0,61
up,120,0.95,0.6,60,4,0.06666666666666667,1,1,1.0,61
up,120,0.95,0.65,60,4,0.06666666666666667,1,1,1.0,61
up,120,0.95,0.7,60,6,0.1,1,1,1.0,61
up,120,0.95,0.75,60,6,0.1,1,1,1.0,61
up,120,0.95,0.8,60,7,0.11666666666666667,1,1,1.0,61
up,120,0.95,0.85,60,9,0.15,1,1,1.0,61
up,120,0.95,0.9,60,14,0.23333333333333334,1,1,1.0,61
up,120,0.95,0.95,60,23,0.38333333333333336,1,1,1.0,61
up,150,0.0,0.05,8,6,0.75,264,256,0.9696969696969697,272
up,150,0.0,0.1,8,7,0.875,264,257,0.9734848484848485,272
up,150,0.0,0.15,8,8,1.0,264,257,0.9734848484848485,272
up,150,0.0,0.2,8,8,1.0,264,257,0.9734848484848485,272
up,150,0.0,0.25,8,8,1.0,264,257,0.9734848484848485,272
up,150,0.0,0.3,8,8,1.0,264,257,0.9734848484848485,272
up,150,0.0,0.35,8,8,1.0,264,257,0.9734848484848485,272
up,150,0.0,0.4,8,8,1.0,264,257,0.9734848484848485,272
up,150,0.0,0.45,8,8,1.0,264,257,0.9734848484848485,272
up,150,0.0,0.5,8,8,1.0,264,257,0.9734848484848485,272
up,150,0.0,0.55,8,8,1.0,264,257,0.9734848484848485,272
up,150,0.0,0.6,8,8,1.0,264,257,0.9734848484848485,272
up,150,0.0,0.65,8,8,1.0,264,257,0.9734848484848485,272
up,150,0.0,0.7,8,8,1.0,264,257,0.9734848484848485,272
up,150,0.0,0.75,8,8,1.0,264,257,0.9734848484848485,272
up,150,0.0,0.8,8,8,1.0,264,257,0.9734848484848485,272
up,150,0.0,0.85,8,8,1.0,264,257,0.9734848484848485,272
up,150,0.0,0.9,8,8,1.0,264,257,0.9734848484848485,272
up,150,0.0,0.95,8,8,1.0,264,257,0.9734848484848485,272
up,150,0.05,0.05,29,18,0.6206896551724138,393,391,0.9949109414758269,422
up,150,0.05,0.1,29,28,0.9655172413793104,393,392,0.9974554707379135,422
up,150,0.05,0.15,29,28,0.9655172413793104,393,392,0.9974554707379135,422
up,150,0.05,0.2,29,28,0.9655172413793104,393,392,0.9974554707379135,422
up,150,0.05,0.25,29,28,0.9655172413793104,393,392,0.9974554707379135,422
up,150,0.05,0.3,29,28,0.9655172413793104,393,392,0.9974554707379135,422
up,150,0.05,0.35,29,28,0.9655172413793104,393,392,0.9974554707379135,422
up,150,0.05,0.4,29,28,0.9655172413793104,393,392,0.9974554707379135,422
up,150,0.05,0.45,29,28,0.9655172413793104,393,392,0.9974554707379135,422
up,150,0.05,0.5,29,28,0.9655172413793104,393,392,0.9974554707379135,422
up,150,0.05,0.55,29,28,0.9655172413793104,393,392,0.9974554707379135,422
up,150,0.05,0.6,29,28,0.9655172413793104,393,392,0.9974554707379135,422
up,150,0.05,0.65,29,28,0.9655172413793104,393,392,0.9974554707379135,422
up,150,0.05,0.7,29,28,0.9655172413793104,393,392,0.9974554707379135,422
up,150,0.05,0.75,29,28,0.9655172413793104,393,392,0.9974554707379135,422
up,150,0.05,0.8,29,28,0.9655172413793104,393,392,0.9974554707379135,422
up,150,0.05,0.85,29,28,0.9655172413793104,393,392,0.9974554707379135,422
up,150,0.05,0.9,29,28,0.9655172413793104,393,392,0.9974554707379135,422
up,150,0.05,0.95,29,28,0.9655172413793104,393,392,0.9974554707379135,422
up,150,0.1,0.05,65,21,0.3230769230769231,447,437,0.9776286353467561,512
up,150,0.1,0.1,65,43,0.6615384615384615,447,444,0.9932885906040269,512
up,150,0.1,0.15,65,63,0.9692307692307692,447,445,0.9955257270693513,512
up,150,0.1,0.2,65,65,1.0,447,445,0.9955257270693513,512
up,150,0.1,0.25,65,65,1.0,447,445,0.9955257270693513,512
up,150,0.1,0.3,65,65,1.0,447,445,0.9955257270693513,512
up,150,0.1,0.35,65,65,1.0,447,445,0.9955257270693513,512
up,150,0.1,0.4,65,65,1.0,447,445,0.9955257270693513,512
up,150,0.1,0.45,65,65,1.0,447,445,0.9955257270693513,512
up,150,0.1,0.5,65,65,1.0,447,445,0.9955257270693513,512
up,150,0.1,0.55,65,65,1.0,447,445,0.9955257270693513,512
up,150,0.1,0.6,65,65,1.0,447,445,0.9955257270693513,512
up,150,0.1,0.65,65,65,1.0,447,445,0.9955257270693513,512
up,150,0.1,0.7,65,65,1.0,447,445,0.9955257270693513,512
up,150,0.1,0.75,65,65,1.0,447,445,0.9955257270693513,512
up,150,0.1,0.8,65,65,1.0,447,445,0.9955257270693513,512
up,150,0.1,0.85,65,65,1.0,447,445,0.9955257270693513,512
up,150,0.1,0.9,65,65,1.0,447,445,0.9955257270693513,512
up,150,0.1,0.95,65,65,1.0,447,445,0.9955257270693513,512
up,150,0.15,0.05,46,12,0.2608695652173913,286,282,0.986013986013986,332
up,150,0.15,0.1,46,26,0.5652173913043478,286,285,0.9965034965034965,332
up,150,0.15,0.15,46,40,0.8695652173913043,286,286,1.0,332
up,150,0.15,0.2,46,45,0.9782608695652174,286,286,1.0,332
up,150,0.15,0.25,46,46,1.0,286,286,1.0,332
up,150,0.15,0.3,46,46,1.0,286,286,1.0,332
up,150,0.15,0.35,46,46,1.0,286,286,1.0,332
up,150,0.15,0.4,46,46,1.0,286,286,1.0,332
up,150,0.15,0.45,46,46,1.0,286,286,1.0,332
up,150,0.15,0.5,46,46,1.0,286,286,1.0,332
up,150,0.15,0.55,46,46,1.0,286,286,1.0,332
up,150,0.15,0.6,46,46,1.0,286,286,1.0,332
up,150,0.15,0.65,46,46,1.0,286,286,1.0,332
up,150,0.15,0.7,46,46,1.0,286,286,1.0,332
up,150,0.15,0.75,46,46,1.0,286,286,1.0,332
up,150,0.15,0.8,46,46,1.0,286,286,1.0,332
up,150,0.15,0.85,46,46,1.0,286,286,1.0,332
up,150,0.15,0.9,46,46,1.0,286,286,1.0,332
up,150,0.15,0.95,46,46,1.0,286,286,1.0,332
up,150,0.2,0.05,93,12,0.12903225806451613,343,332,0.967930029154519,436
up,150,0.2,0.1,93,27,0.2903225806451613,343,338,0.9854227405247813,436
up,150,0.2,0.15,93,44,0.4731182795698925,343,340,0.9912536443148688,436
up,150,0.2,0.2,93,68,0.7311827956989247,343,343,1.0,436
up,150,0.2,0.25,93,86,0.9247311827956989,343,343,1.0,436
up,150,0.2,0.3,93,91,0.978494623655914,343,343,1.0,436
up,150,0.2,0.35,93,91,0.978494623655914,343,343,1.0,436
up,150,0.2,0.4,93,92,0.989247311827957,343,343,1.0,436
up,150,0.2,0.45,93,92,0.989247311827957,343,343,1.0,436
up,150,0.2,0.5,93,92,0.989247311827957,343,343,1.0,436
up,150,0.2,0.55,93,92,0.989247311827957,343,343,1.0,436
up,150,0.2,0.6,93,93,1.0,343,343,1.0,436
up,150,0.2,0.65,93,93,1.0,343,343,1.0,436
up,150,0.2,0.7,93,93,1.0,343,343,1.0,436
up,150,0.2,0.75,93,93,1.0,343,343,1.0,436
up,150,0.2,0.8,93,93,1.0,343,343,1.0,436
up,150,0.2,0.85,93,93,1.0,343,343,1.0,436
up,150,0.2,0.9,93,93,1.0,343,343,1.0,436
up,150,0.2,0.95,93,93,1.0,343,343,1.0,436
up,150,0.25,0.05,125,24,0.192,421,394,0.9358669833729216,546
up,150,0.25,0.1,125,35,0.28,421,409,0.9714964370546318,546
up,150,0.25,0.15,125,54,0.432,421,412,0.9786223277909739,546
up,150,0.25,0.2,125,66,0.528,421,416,0.9881235154394299,546
up,150,0.25,0.25,125,100,0.8,421,419,0.995249406175772,546
up,150,0.25,0.3,125,117,0.936,421,420,0.997624703087886,546
up,150,0.25,0.35,125,121,0.968,421,421,1.0,546
up,150,0.25,0.4,125,123,0.984,421,421,1.0,546
up,150,0.25,0.45,125,124,0.992,421,421,1.0,546
up,150,0.25,0.5,125,124,0.992,421,421,1.0,546
up,150,0.25,0.55,125,124,0.992,421,421,1.0,546
up,150,0.25,0.6,125,125,1.0,421,421,1.0,546
up,150,0.25,0.65,125,125,1.0,421,421,1.0,546
up,150,0.25,0.7,125,125,1.0,421,421,1.0,546
up,150,0.25,0.75,125,125,1.0,421,421,1.0,546
up,150,0.25,0.8,125,125,1.0,421,421,1.0,546
up,150,0.25,0.85,125,125,1.0,421,421,1.0,546
up,150,0.25,0.9,125,125,1.0,421,421,1.0,546
up,150,0.25,0.95,125,125,1.0,421,421,1.0,546
up,150,0.3,0.05,144,13,0.09027777777777778,263,245,0.9315589353612167,407
up,150,0.3,0.1,144,31,0.2152777777777778,263,253,0.9619771863117871,407
up,150,0.3,0.15,144,48,0.3333333333333333,263,257,0.9771863117870723,407
up,150,0.3,0.2,144,63,0.4375,263,259,0.9847908745247148,407
up,150,0.3,0.25,144,79,0.5486111111111112,263,259,0.9847908745247148,407
up,150,0.3,0.3,144,105,0.7291666666666666,263,261,0.9923954372623575,407
up,150,0.3,0.35,144,133,0.9236111111111112,263,263,1.0,407
up,150,0.3,0.4,144,137,0.9513888888888888,263,263,1.0,407
up,150,0.3,0.45,144,141,0.9791666666666666,263,263,1.0,407
up,150,0.3,0.5,144,143,0.9930555555555556,263,263,1.0,407
up,150,0.3,0.55,144,143,0.9930555555555556,263,263,1.0,407
up,150,0.3,0.6,144,143,0.9930555555555556,263,263,1.0,407
up,150,0.3,0.65,144,143,0.9930555555555556,263,263,1.0,407
up,150,0.3,0.7,144,144,1.0,263,263,1.0,407
up,150,0.3,0.75,144,144,1.0,263,263,1.0,407
up,150,0.3,0.8,144,144,1.0,263,263,1.0,407
up,150,0.3,0.85,144,144,1.0,263,263,1.0,407
up,150,0.3,0.9,144,144,1.0,263,263,1.0,407
up,150,0.3,0.95,144,144,1.0,263,263,1.0,407
up,150,0.35,0.05,141,13,0.09219858156028368,211,195,0.9241706161137441,352
up,150,0.35,0.1,141,26,0.18439716312056736,211,201,0.95260663507109,352
up,150,0.35,0.15,141,36,0.2553191489361702,211,205,0.9715639810426541,352
up,150,0.35,0.2,141,49,0.3475177304964539,211,206,0.976303317535545,352
up,150,0.35,0.25,141,67,0.475177304964539,211,208,0.985781990521327,352
up,150,0.35,0.3,141,83,0.5886524822695035,211,209,0.990521327014218,352
up,150,0.35,0.35,141,107,0.7588652482269503,211,209,0.990521327014218,352
up,150,0.35,0.4,141,138,0.9787234042553191,211,210,0.995260663507109,352
up,150,0.35,0.45,141,139,0.9858156028368794,211,210,0.995260663507109,352
up,150,0.35,0.5,141,140,0.9929078014184397,211,210,0.995260663507109,352
up,150,0.35,0.55,141,140,0.9929078014184397,211,210,0.995260663507109,352
up,150,0.35,0.6,141,140,0.9929078014184397,211,210,0.995260663507109,352
up,150,0.35,0.65,141,141,1.0,211,210,0.995260663507109,352
up,150,0.35,0.7,141,141,1.0,211,210,0.995260663507109,352
up,150,0.35,0.75,141,141,1.0,211,210,0.995260663507109,352
up,150,0.35,0.8,141,141,1.0,211,210,0.995260663507109,352
up,150,0.35,0.85,141,141,1.0,211,210,0.995260663507109,352
up,150,0.35,0.9,141,141,1.0,211,210,0.995260663507109,352
up,150,0.35,0.95,141,141,1.0,211,210,0.995260663507109,352
up,150,0.4,0.05,206,26,0.1262135922330097,283,258,0.911660777385159,489
up,150,0.4,0.1,206,40,0.1941747572815534,283,265,0.9363957597173145,489
up,150,0.4,0.15,206,59,0.28640776699029125,283,276,0.9752650176678446,489
up,150,0.4,0.2,206,73,0.35436893203883496,283,278,0.9823321554770318,489
up,150,0.4,0.25,206,97,0.470873786407767,283,280,0.9893992932862191,489
up,150,0.4,0.3,206,110,0.5339805825242718,283,281,0.9929328621908127,489
up,150,0.4,0.35,206,132,0.6407766990291263,283,283,1.0,489
up,150,0.4,0.4,206,166,0.8058252427184466,283,283,1.0,489
up,150,0.4,0.45,206,196,0.9514563106796117,283,283,1.0,489
up,150,0.4,0.5,206,202,0.9805825242718447,283,283,1.0,489
up,150,0.4,0.55,206,205,0.9951456310679612,283,283,1.0,489
up,150,0.4,0.6,206,206,1.0,283,283,1.0,489
up,150,0.4,0.65,206,206,1.0,283,283,1.0,489
up,150,0.4,0.7,206,206,1.0,283,283,1.0,489
up,150,0.4,0.75,206,206,1.0,283,283,1.0,489
up,150,0.4,0.8,206,206,1.0,283,283,1.0,489
up,150,0.4,0.85,206,206,1.0,283,283,1.0,489
up,150,0.4,0.9,206,206,1.0,283,283,1.0,489
up,150,0.4,0.95,206,206,1.0,283,283,1.0,489
up,150,0.45,0.05,195,15,0.07692307692307693,248,215,0.8669354838709677,443
up,150,0.45,0.1,195,34,0.17435897435897435,248,234,0.9435483870967742,443
up,150,0.45,0.15,195,46,0.2358974358974359,248,240,0.967741935483871,443
up,150,0.45,0.2,195,56,0.28717948717948716,248,244,0.9838709677419355,443
up,150,0.45,0.25,195,67,0.3435897435897436,248,246,0.9919354838709677,443
up,150,0.45,0.3,195,80,0.41025641025641024,248,248,1.0,443
up,150,0.45,0.35,195,102,0.5230769230769231,248,248,1.0,443
up,150,0.45,0.4,195,123,0.6307692307692307,248,248,1.0,443
up,150,0.45,0.45,195,155,0.7948717948717948,248,248,1.0,443
up,150,0.45,0.5,195,184,0.9435897435897436,248,248,1.0,443
up,150,0.45,0.55,195,190,0.9743589743589743,248,248,1.0,443
up,150,0.45,0.6,195,190,0.9743589743589743,248,248,1.0,443
up,150,0.45,0.65,195,193,0.9897435897435898,248,248,1.0,443
up,150,0.45,0.7,195,194,0.9948717948717949,248,248,1.0,443
up,150,0.45,0.75,195,194,0.9948717948717949,248,248,1.0,443
up,150,0.45,0.8,195,195,1.0,248,248,1.0,443
up,150,0.45,0.85,195,195,1.0,248,248,1.0,443
up,150,0.45,0.9,195,195,1.0,248,248,1.0,443
up,150,0.45,0.95,195,195,1.0,248,248,1.0,443
up,150,0.5,0.05,257,19,0.07392996108949416,246,222,0.9024390243902439,503
up,150,0.5,0.1,257,31,0.12062256809338522,246,234,0.9512195121951219,503
up,150,0.5,0.15,257,41,0.15953307392996108,246,238,0.967479674796748,503
up,150,0.5,0.2,257,53,0.20622568093385213,246,241,0.9796747967479674,503
up,150,0.5,0.25,257,67,0.2607003891050584,246,242,0.983739837398374,503
up,150,0.5,0.3,257,87,0.33852140077821014,246,244,0.991869918699187,503
up,150,0.5,0.35,257,106,0.41245136186770426,246,244,0.991869918699187,503
up,150,0.5,0.4,257,131,0.5097276264591439,246,244,0.991869918699187,503
up,150,0.5,0.45,257,161,0.6264591439688716,246,244,0.991869918699187,503
up,150,0.5,0.5,257,203,0.7898832684824902,246,245,0.9959349593495935,503
up,150,0.5,0.55,257,246,0.9571984435797666,246,245,0.9959349593495935,503
up,150,0.5,0.6,257,254,0.9883268482490273,246,245,0.9959349593495935,503
up,150,0.5,0.65,257,254,0.9883268482490273,246,245,0.9959349593495935,503
up,150,0.5,0.7,257,256,0.9961089494163424,246,245,0.9959349593495935,503
up,150,0.5,0.75,257,256,0.9961089494163424,246,245,0.9959349593495935,503
up,150,0.5,0.8,257,256,0.9961089494163424,246,245,0.9959349593495935,503
up,150,0.5,0.85,257,256,0.9961089494163424,246,245,0.9959349593495935,503
up,150,0.5,0.9,257,256,0.9961089494163424,246,245,0.9959349593495935,503
up,150,0.5,0.95,257,256,0.9961089494163424,246,245,0.9959349593495935,503
up,150,0.55,0.05,309,16,0.05177993527508091,194,176,0.9072164948453608,503
up,150,0.55,0.1,309,23,0.0744336569579288,194,185,0.9536082474226805,503
up,150,0.55,0.15,309,40,0.12944983818770225,194,189,0.9742268041237113,503
up,150,0.55,0.2,309,52,0.16828478964401294,194,192,0.9896907216494846,503
up,150,0.55,0.25,309,65,0.21035598705501618,194,193,0.9948453608247423,503
up,150,0.55,0.3,309,86,0.2783171521035599,194,194,1.0,503
up,150,0.55,0.35,309,97,0.313915857605178,194,194,1.0,503
up,150,0.55,0.4,309,122,0.3948220064724919,194,194,1.0,503
up,150,0.55,0.45,309,153,0.49514563106796117,194,194,1.0,503
up,150,0.55,0.5,309,191,0.6181229773462783,194,194,1.0,503
up,150,0.55,0.55,309,234,0.7572815533980582,194,194,1.0,503
up,150,0.55,0.6,309,294,0.9514563106796117,194,194,1.0,503
up,150,0.55,0.65,309,307,0.9935275080906149,194,194,1.0,503
up,150,0.55,0.7,309,308,0.9967637540453075,194,194,1.0,503
up,150,0.55,0.75,309,308,0.9967637540453075,194,194,1.0,503
up,150,0.55,0.8,309,308,0.9967637540453075,194,194,1.0,503
up,150,0.55,0.85,309,309,1.0,194,194,1.0,503
up,150,0.55,0.9,309,309,1.0,194,194,1.0,503
up,150,0.55,0.95,309,309,1.0,194,194,1.0,503
up,150,0.6,0.05,239,13,0.05439330543933055,144,130,0.9027777777777778,383
up,150,0.6,0.1,239,17,0.07112970711297072,144,135,0.9375,383
up,150,0.6,0.15,239,29,0.12133891213389121,144,140,0.9722222222222222,383
up,150,0.6,0.2,239,41,0.17154811715481172,144,141,0.9791666666666666,383
up,150,0.6,0.25,239,47,0.19665271966527198,144,141,0.9791666666666666,383
up,150,0.6,0.3,239,57,0.2384937238493724,144,141,0.9791666666666666,383
up,150,0.6,0.35,239,66,0.27615062761506276,144,142,0.9861111111111112,383
up,150,0.6,0.4,239,81,0.3389121338912134,144,142,0.9861111111111112,383
up,150,0.6,0.45,239,99,0.41422594142259417,144,142,0.9861111111111112,383
up,150,0.6,0.5,239,116,0.48535564853556484,144,143,0.9930555555555556,383
up,150,0.6,0.55,239,140,0.5857740585774058,144,144,1.0,383
up,150,0.6,0.6,239,162,0.6778242677824268,144,144,1.0,383
up,150,0.6,0.65,239,231,0.9665271966527197,144,144,1.0,383
up,150,0.6,0.7,239,235,0.9832635983263598,144,144,1.0,383
up,150,0.6,0.75,239,236,0.9874476987447699,144,144,1.0,383
up,150,0.6,0.8,239,237,0.9916317991631799,144,144,1.0,383
up,150,0.6,0.85,239,238,0.99581589958159,144,144,1.0,383
up,150,0.6,0.9,239,239,1.0,144,144,1.0,383
up,150,0.6,0.95,239,239,1.0,144,144,1.0,383
up,150,0.65,0.05,393,12,0.030534351145038167,192,165,0.859375,585
up,150,0.65,0.1,393,22,0.05597964376590331,192,175,0.9114583333333334,585
up,150,0.65,0.15,393,34,0.08651399491094147,192,182,0.9479166666666666,585
up,150,0.65,0.2,393,46,0.11704834605597965,192,187,0.9739583333333334,585
up,150,0.65,0.25,393,64,0.1628498727735369,192,188,0.9791666666666666,585
up,150,0.65,0.3,393,80,0.2035623409669211,192,190,0.9895833333333334,585
up,150,0.65,0.35,393,90,0.22900763358778625,192,191,0.9947916666666666,585
up,150,0.65,0.4,393,109,0.27735368956743,192,191,0.9947916666666666,585
up,150,0.65,0.45,393,127,0.3231552162849873,192,191,0.9947916666666666,585
up,150,0.65,0.5,393,152,0.38676844783715014,192,191,0.9947916666666666,585
up,150,0.65,0.55,393,187,0.4758269720101781,192,192,1.0,585
up,150,0.65,0.6,393,228,0.5801526717557252,192,192,1.0,585
up,150,0.65,0.65,393,279,0.7099236641221374,192,192,1.0,585
up,150,0.65,0.7,393,367,0.9338422391857506,192,192,1.0,585
up,150,0.65,0.75,393,384,0.9770992366412213,192,192,1.0,585
up,150,0.65,0.8,393,392,0.9974554707379135,192,192,1.0,585
up,150,0.65,0.85,393,393,1.0,192,192,1.0,585
up,150,0.65,0.9,393,393,1.0,192,192,1.0,585
up,150,0.65,0.95,393,393,1.0,192,192,1.0,585
up,150,0.7,0.05,278,15,0.0539568345323741,94,80,0.851063829787234,372
up,150,0.7,0.1,278,23,0.08273381294964029,94,85,0.9042553191489362,372
up,150,0.7,0.15,278,33,0.11870503597122302,94,89,0.9468085106382979,372
up,150,0.7,0.2,278,36,0.12949640287769784,94,92,0.9787234042553191,372
up,150,0.7,0.25,278,44,0.15827338129496402,94,92,0.9787234042553191,372
up,150,0.7,0.3,278,52,0.18705035971223022,94,93,0.9893617021276596,372
up,150,0.7,0.35,278,59,0.21223021582733814,94,93,0.9893617021276596,372
up,150,0.7,0.4,278,73,0.26258992805755393,94,93,0.9893617021276596,372
up,150,0.7,0.45,278,84,0.302158273381295,94,93,0.9893617021276596,372
up,150,0.7,0.5,278,101,0.36330935251798563,94,93,0.9893617021276596,372
up,150,0.7,0.55,278,119,0.42805755395683454,94,93,0.9893617021276596,372
up,150,0.7,0.6,278,138,0.49640287769784175,94,93,0.9893617021276596,372
up,150,0.7,0.65,278,167,0.6007194244604317,94,93,0.9893617021276596,372
up,150,0.7,0.7,278,199,0.7158273381294964,94,93,0.9893617021276596,372
up,150,0.7,0.75,278,268,0.9640287769784173,94,93,0.9893617021276596,372
up,150,0.7,0.8,278,274,0.9856115107913669,94,93,0.9893617021276596,372
up,150,0.7,0.85,278,277,0.9964028776978417,94,93,0.9893617021276596,372
up,150,0.7,0.9,278,278,1.0,94,93,0.9893617021276596,372
up,150,0.7,0.95,278,278,1.0,94,93,0.9893617021276596,372
up,150,0.75,0.05,350,12,0.03428571428571429,112,93,0.8303571428571429,462
up,150,0.75,0.1,350,22,0.06285714285714286,112,100,0.8928571428571429,462
up,150,0.75,0.15,350,25,0.07142857142857142,112,103,0.9196428571428571,462
up,150,0.75,0.2,350,32,0.09142857142857143,112,106,0.9464285714285714,462
up,150,0.75,0.25,350,37,0.10571428571428572,112,109,0.9732142857142857,462
up,150,0.75,0.3,350,56,0.16,112,112,1.0,462
up,150,0.75,0.35,350,60,0.17142857142857143,112,112,1.0,462
up,150,0.75,0.4,350,71,0.20285714285714285,112,112,1.0,462
up,150,0.75,0.45,350,87,0.24857142857142858,112,112,1.0,462
up,150,0.75,0.5,350,99,0.28285714285714286,112,112,1.0,462
up,150,0.75,0.55,350,117,0.3342857142857143,112,112,1.0,462
up,150,0.75,0.6,350,139,0.39714285714285713,112,112,1.0,462
up,150,0.75,0.65,350,167,0.47714285714285715,112,112,1.0,462
up,150,0.75,0.7,350,206,0.5885714285714285,112,112,1.0,462
up,150,0.75,0.75,350,264,0.7542857142857143,112,112,1.0,462
up,150,0.75,0.8,350,334,0.9542857142857143,112,112,1.0,462
up,150,0.75,0.85,350,346,0.9885714285714285,112,112,1.0,462
up,150,0.75,0.9,350,350,1.0,112,112,1.0,462
up,150,0.75,0.95,350,350,1.0,112,112,1.0,462
up,150,0.8,0.05,344,11,0.03197674418604651,66,62,0.9393939393939394,410
up,150,0.8,0.1,344,14,0.040697674418604654,66,64,0.9696969696969697,410
up,150,0.8,0.15,344,21,0.061046511627906974,66,66,1.0,410
up,150,0.8,0.2,344,26,0.0755813953488372,66,66,1.0,410
up,150,0.8,0.25,344,31,0.09011627906976744,66,66,1.0,410
up,150,0.8,0.3,344,43,0.125,66,66,1.0,410
up,150,0.8,0.35,344,49,0.14244186046511628,66,66,1.0,410
up,150,0.8,0.4,344,57,0.16569767441860464,66,66,1.0,410
up,150,0.8,0.45,344,64,0.18604651162790697,66,66,1.0,410
up,150,0.8,0.5,344,73,0.21220930232558138,66,66,1.0,410
up,150,0.8,0.55,344,89,0.25872093023255816,66,66,1.0,410
up,150,0.8,0.6,344,101,0.2936046511627907,66,66,1.0,410
up,150,0.8,0.65,344,117,0.34011627906976744,66,66,1.0,410
up,150,0.8,0.7,344,136,0.3953488372093023,66,66,1.0,410
up,150,0.8,0.75,344,177,0.5145348837209303,66,66,1.0,410
up,150,0.8,0.8,344,243,0.7063953488372093,66,66,1.0,410
up,150,0.8,0.85,344,335,0.9738372093023255,66,66,1.0,410
up,150,0.8,0.9,344,343,0.997093023255814,66,66,1.0,410
up,150,0.8,0.95,344,344,1.0,66,66,1.0,410
up,150,0.85,0.05,392,2,0.00510204081632653,55,47,0.8545454545454545,447
up,150,0.85,0.1,392,7,0.017857142857142856,55,49,0.8909090909090909,447
up,150,0.85,0.15,392,13,0.03316326530612245,55,51,0.9272727272727272,447
up,150,0.85,0.2,392,16,0.04081632653061224,55,52,0.9454545454545454,447
up,150,0.85,0.25,392,19,0.04846938775510204,55,53,0.9636363636363636,447
up,150,0.85,0.3,392,27,0.06887755102040816,55,53,0.9636363636363636,447
up,150,0.85,0.35,392,30,0.07653061224489796,55,53,0.9636363636363636,447
up,150,0.85,0.4,392,37,0.09438775510204081,55,54,0.9818181818181818,447
up,150,0.85,0.45,392,41,0.10459183673469388,55,54,0.9818181818181818,447
up,150,0.85,0.5,392,48,0.12244897959183673,55,54,0.9818181818181818,447
up,150,0.85,0.55,392,57,0.14540816326530612,55,54,0.9818181818181818,447
up,150,0.85,0.6,392,65,0.16581632653061223,55,54,0.9818181818181818,447
up,150,0.85,0.65,392,78,0.1989795918367347,55,54,0.9818181818181818,447
up,150,0.85,0.7,392,105,0.26785714285714285,55,54,0.9818181818181818,447
up,150,0.85,0.75,392,130,0.33163265306122447,55,55,1.0,447
up,150,0.85,0.8,392,184,0.46938775510204084,55,55,1.0,447
up,150,0.85,0.85,392,267,0.6811224489795918,55,55,1.0,447
up,150,0.85,0.9,392,372,0.9489795918367347,55,55,1.0,447
up,150,0.85,0.95,392,392,1.0,55,55,1.0,447
up,150,0.9,0.05,493,13,0.02636916835699797,31,27,0.8709677419354839,524
up,150,0.9,0.1,493,17,0.034482758620689655,31,27,0.8709677419354839,524
up,150,0.9,0.15,493,21,0.04259634888438134,31,27,0.8709677419354839,524
up,150,0.9,0.2,493,27,0.05476673427991886,31,31,1.0,524
up,150,0.9,0.25,493,33,0.06693711967545639,31,31,1.0,524
up,150,0.9,0.3,493,43,0.0872210953346856,31,31,1.0,524
up,150,0.9,0.35,493,45,0.09127789046653144,31,31,1.0,524
up,150,0.9,0.4,493,48,0.0973630831643002,31,31,1.0,524
up,150,0.9,0.45,493,51,0.10344827586206896,31,31,1.0,524
up,150,0.9,0.5,493,59,0.11967545638945233,31,31,1.0,524
up,150,0.9,0.55,493,65,0.13184584178498987,31,31,1.0,524
up,150,0.9,0.6,493,73,0.14807302231237324,31,31,1.0,524
up,150,0.9,0.65,493,78,0.15821501014198783,31,31,1.0,524
up,150,0.9,0.7,493,94,0.19066937119675456,31,31,1.0,524
up,150,0.9,0.75,493,107,0.21703853955375255,31,31,1.0,524
up,150,0.9,0.8,493,129,0.2616632860040568,31,31,1.0,524
up,150,0.9,0.85,493,191,0.38742393509127787,31,31,1.0,524
up,150,0.9,0.9,493,305,0.6186612576064908,31,31,1.0,524
up,150,0.9,0.95,493,483,0.9797160243407708,31,31,1.0,524
up,150,0.95,0.05,197,3,0.015228426395939087,1,1,1.0,198
up,150,0.95,0.1,197,3,0.015228426395939087,1,1,1.0,198
up,150,0.95,0.15,197,3,0.015228426395939087,1,1,1.0,198
up,150,0.95,0.2,197,4,0.02030456852791878,1,1,1.0,198
up,150,0.95,0.25,197,4,0.02030456852791878,1,1,1.0,198
up,150,0.95,0.3,197,6,0.030456852791878174,1,1,1.0,198
up,150,0.95,0.35,197,6,0.030456852791878174,1,1,1.0,198
up,150,0.95,0.4,197,6,0.030456852791878174,1,1,1.0,198
up,150,0.95,0.45,197,7,0.03553299492385787,1,1,1.0,198
up,150,0.95,0.5,197,7,0.03553299492385787,1,1,1.0,198
up,150,0.95,0.55,197,9,0.04568527918781726,1,1,1.0,198
up,150,0.95,0.6,197,9,0.04568527918781726,1,1,1.0,198
up,150,0.95,0.65,197,10,0.050761421319796954,1,1,1.0,198
up,150,0.95,0.7,197,15,0.07614213197969544,1,1,1.0,198
up,150,0.95,0.75,197,17,0.08629441624365482,1,1,1.0,198
up,150,0.95,0.8,197,19,0.09644670050761421,1,1,1.0,198
up,150,0.95,0.85,197,24,0.1218274111675127,1,1,1.0,198
up,150,0.95,0.9,197,35,0.17766497461928935,1,1,1.0,198
up,150,0.95,0.95,197,75,0.38071065989847713,1,1,1.0,198
up,180,0.0,0.05,14,14,1.0,491,459,0.9348268839103869,505
up,180,0.0,0.1,14,14,1.0,491,459,0.9348268839103869,505
up,180,0.0,0.15,14,14,1.0,491,459,0.9348268839103869,505
up,180,0.0,0.2,14,14,1.0,491,459,0.9348268839103869,505
up,180,0.0,0.25,14,14,1.0,491,459,0.9348268839103869,505
up,180,0.0,0.3,14,14,1.0,491,459,0.9348268839103869,505
up,180,0.0,0.35,14,14,1.0,491,459,0.9348268839103869,505
up,180,0.0,0.4,14,14,1.0,491,459,0.9348268839103869,505
up,180,0.0,0.45,14,14,1.0,491,459,0.9348268839103869,505
up,180,0.0,0.5,14,14,1.0,491,459,0.9348268839103869,505
up,180,0.0,0.55,14,14,1.0,491,459,0.9348268839103869,505
up,180,0.0,0.6,14,14,1.0,491,459,0.9348268839103869,505
up,180,0.0,0.65,14,14,1.0,491,459,0.9348268839103869,505
up,180,0.0,0.7,14,14,1.0,491,459,0.9348268839103869,505
up,180,0.0,0.75,14,14,1.0,491,459,0.9348268839103869,505
up,180,0.0,0.8,14,14,1.0,491,459,0.9348268839103869,505
up,180,0.0,0.85,14,14,1.0,491,459,0.9348268839103869,505
up,180,0.0,0.9,14,14,1.0,491,459,0.9348268839103869,505
up,180,0.0,0.95,14,14,1.0,491,459,0.9348268839103869,505
up,180,0.05,0.05,35,18,0.5142857142857142,539,535,0.9925788497217068,574
up,180,0.05,0.1,35,32,0.9142857142857143,539,537,0.9962894248608535,574
up,180,0.05,0.15,35,34,0.9714285714285714,539,537,0.9962894248608535,574
up,180,0.05,0.2,35,34,0.9714285714285714,539,537,0.9962894248608535,574
up,180,0.05,0.25,35,34,0.9714285714285714,539,537,0.9962894248608535,574
up,180,0.05,0.3,35,34,0.9714285714285714,539,537,0.9962894248608535,574
up,180,0.05,0.35,35,34,0.9714285714285714,539,537,0.9962894248608535,574
up,180,0.05,0.4,35,34,0.9714285714285714,539,537,0.9962894248608535,574
up,180,0.05,0.45,35,34,0.9714285714285714,539,537,0.9962894248608535,574
up,180,0.05,0.5,35,34,0.9714285714285714,539,537,0.9962894248608535,574
up,180,0.05,0.55,35,34,0.9714285714285714,539,537,0.9962894248608535,574
up,180,0.05,0.6,35,34,0.9714285714285714,539,537,0.9962894248608535,574
up,180,0.05,0.65,35,34,0.9714285714285714,539,537,0.9962894248608535,574
up,180,0.05,0.7,35,34,0.9714285714285714,539,537,0.9962894248608535,574
up,180,0.05,0.75,35,34,0.9714285714285714,539,537,0.9962894248608535,574
up,180,0.05,0.8,35,34,0.9714285714285714,539,537,0.9962894248608535,574
up,180,0.05,0.85,35,34,0.9714285714285714,539,537,0.9962894248608535,574
up,180,0.05,0.9,35,34,0.9714285714285714,539,537,0.9962894248608535,574
up,180,0.05,0.95,35,34,0.9714285714285714,539,537,0.9962894248608535,574
up,180,0.1,0.05,46,21,0.45652173913043476,484,475,0.981404958677686,530
up,180,0.1,0.1,46,32,0.6956521739130435,484,481,0.993801652892562,530
up,180,0.1,0.15,46,44,0.9565217391304348,484,482,0.9958677685950413,530
up,180,0.1,0.2,46,46,1.0,484,482,0.9958677685950413,530
up,180,0.1,0.25,46,46,1.0,484,482,0.9958677685950413,530
up,180,0.1,0.3,46,46,1.0,484,482,0.9958677685950413,530
up,180,0.1,0.35,46,46,1.0,484,482,0.9958677685950413,530
up,180,0.1,0.4,46,46,1.0,484,482,0.9958677685950413,530
up,180,0.1,0.45,46,46,1.0,484,482,0.9958677685950413,530
up,180,0.1,0.5,46,46,1.0,484,482,0.9958677685950413,530
up,180,0.1,0.55,46,46,1.0,484,482,0.9958677685950413,530
up,180,0.1,0.6,46,46,1.0,484,482,0.9958677685950413,530
up,180,0.1,0.65,46,46,1.0,484,482,0.9958677685950413,530
up,180,0.1,0.7,46,46,1.0,484,482,0.9958677685950413,530
up,180,0.1,0.75,46,46,1.0,484,482,0.9958677685950413,530
up,180,0.1,0.8,46,46,1.0,484,482,0.9958677685950413,530
up,180,0.1,0.85,46,46,1.0,484,482,0.9958677685950413,530
up,180,0.1,0.9,46,46,1.0,484,482,0.9958677685950413,530
up,180,0.1,0.95,46,46,1.0,484,482,0.9958677685950413,530
up,180,0.15,0.05,49,5,0.10204081632653061,277,266,0.9602888086642599,326
up,180,0.15,0.1,49,16,0.32653061224489793,277,275,0.9927797833935018,326
up,180,0.15,0.15,49,32,0.6530612244897959,277,277,1.0,326
up,180,0.15,0.2,49,46,0.9387755102040817,277,277,1.0,326
up,180,0.15,0.25,49,48,0.9795918367346939,277,277,1.0,326
up,180,0.15,0.3,49,49,1.0,277,277,1.0,326
up,180,0.15,0.35,49,49,1.0,277,277,1.0,326
up,180,0.15,0.4,49,49,1.0,277,277,1.0,326
up,180,0.15,0.45,49,49,1.0,277,277,1.0,326
up,180,0.15,0.5,49,49,1.0,277,277,1.0,326
up,180,0.15,0.55,49,49,1.0,277,277,1.0,326
up,180,0.15,0.6,49,49,1.0,277,277,1.0,326
up,180,0.15,0.65,49,49,1.0,277,277,1.0,326
up,180,0.15,0.7,49,49,1.0,277,277,1.0,326
up,180,0.15,0.75,49,49,1.0,277,277,1.0,326
up,180,0.15,0.8,49,49,1.0,277,277,1.0,326
up,180,0.15,0.85,49,49,1.0,277,277,1.0,326
up,180,0.15,0.9,49,49,1.0,277,277,1.0,326
up,180,0.15,0.95,49,49,1.0,277,277,1.0,326
up,180,0.2,0.05,86,15,0.1744186046511628,296,280,0.9459459459459459,382
up,180,0.2,0.1,86,29,0.3372093023255814,296,287,0.9695945945945946,382
up,180,0.2,0.15,86,44,0.5116279069767442,296,290,0.9797297297297297,382
up,180,0.2,0.2,86,66,0.7674418604651163,296,294,0.9932432432432432,382
up,180,0.2,0.25,86,84,0.9767441860465116,296,295,0.9966216216216216,382
up,180,0.2,0.3,86,84,0.9767441860465116,296,296,1.0,382
up,180,0.2,0.35,86,85,0.9883720930232558,296,296,1.0,382
up,180,0.2,0.4,86,85,0.9883720930232558,296,296,1.0,382
up,180,0.2,0.45,86,86,1.0,296,296,1.0,382
up,180,0.2,0.5,86,86,1.0,296,296,1.0,382
up,180,0.2,0.55,86,86,1.0,296,296,1.0,382
up,180,0.2,0.6,86,86,1.0,296,296,1.0,382
up,180,0.2,0.65,86,86,1.0,296,296,1.0,382
up,180,0.2,0.7,86,86,1.0,296,296,1.0,382
up,180,0.2,0.75,86,86,1.0,296,296,1.0,382
up,180,0.2,0.8,86,86,1.0,296,296,1.0,382
up,180,0.2,0.85,86,86,1.0,296,296,1.0,382
up,180,0.2,0.9,86,86,1.0,296,296,1.0,382
up,180,0.2,0.95,86,86,1.0,296,296,1.0,382
up,180,0.25,0.05,115,21,0.1826086956521739,339,327,0.9646017699115044,454
up,180,0.25,0.1,115,33,0.28695652173913044,339,331,0.976401179941003,454
up,180,0.25,0.15,115,48,0.41739130434782606,339,337,0.9941002949852508,454
up,180,0.25,0.2,115,66,0.5739130434782609,339,337,0.9941002949852508,454
up,180,0.25,0.25,115,93,0.808695652173913,339,339,1.0,454
up,180,0.25,0.3,115,113,0.9826086956521739,339,339,1.0,454
up,180,0.25,0.35,115,114,0.991304347826087,339,339,1.0,454
up,180,0.25,0.4,115,114,0.991304347826087,339,339,1.0,454
up,180,0.25,0.45,115,115,1.0,339,339,1.0,454
up,180,0.25,0.5,115,115,1.0,339,339,1.0,454
up,180,0.25,0.55,115,115,1.0,339,339,1.0,454
up,180,0.25,0.6,115,115,1.0,339,339,1.0,454
up,180,0.25,0.65,115,115,1.0,339,339,1.0,454
up,180,0.25,0.7,115,115,1.0,339,339,1.0,454
up,180,0.25,0.75,115,115,1.0,339,339,1.0,454
up,180,0.25,0.8,115,115,1.0,339,339,1.0,454
up,180,0.25,0.85,115,115,1.0,339,339,1.0,454
up,180,0.25,0.9,115,115,1.0,339,339,1.0,454
up,180,0.25,0.95,115,115,1.0,339,339,1.0,454
up,180,0.3,0.05,114,13,0.11403508771929824,261,236,0.9042145593869731,375
up,180,0.3,0.1,114,25,0.21929824561403508,261,248,0.9501915708812261,375
up,180,0.3,0.15,114,45,0.39473684210526316,261,253,0.9693486590038314,375
up,180,0.3,0.2,114,53,0.4649122807017544,261,258,0.9885057471264368,375
up,180,0.3,0.25,114,71,0.6228070175438597,261,259,0.9923371647509579,375
up,180,0.3,0.3,114,82,0.7192982456140351,261,261,1.0,375
up,180,0.3,0.35,114,109,0.956140350877193,261,261,1.0,375
up,180,0.3,0.4,114,112,0.9824561403508771,261,261,1.0,375
up,180,0.3,0.45,114,112,0.9824561403508771,261,261,1.0,375
up,180,0.3,0.5,114,114,1.0,261,261,1.0,375
up,180,0.3,0.55,114,114,1.0,261,261,1.0,375
up,180,0.3,0.6,114,114,1.0,261,261,1.0,375
up,180,0.3,0.65,114,114,1.0,261,261,1.0,375
up,180,0.3,0.7,114,114,1.0,261,261,1.0,375
up,180,0.3,0.75,114,114,1.0,261,261,1.0,375
up,180,0.3,0.8,114,114,1.0,261,261,1.0,375
up,180,0.3,0.85,114,114,1.0,261,261,1.0,375
up,180,0.3,0.9,114,114,1.0,261,261,1.0,375
up,180,0.3,0.95,114,114,1.0,261,261,1.0,375
up,180,0.35,0.05,122,11,0.09016393442622951,172,155,0.9011627906976745,294
up,180,0.35,0.1,122,23,0.1885245901639344,172,163,0.9476744186046512,294
up,180,0.35,0.15,122,35,0.28688524590163933,172,167,0.9709302325581395,294
up,180,0.35,0.2,122,46,0.3770491803278688,172,167,0.9709302325581395,294
up,180,0.35,0.25,122,61,0.5,172,168,0.9767441860465116,294
up,180,0.35,0.3,122,77,0.6311475409836066,172,171,0.9941860465116279,294
up,180,0.35,0.35,122,85,0.6967213114754098,172,171,0.9941860465116279,294
up,180,0.35,0.4,122,117,0.9590163934426229,172,171,0.9941860465116279,294
up,180,0.35,0.45,122,121,0.9918032786885246,172,171,0.9941860465116279,294
up,180,0.35,0.5,122,121,0.9918032786885246,172,171,0.9941860465116279,294
up,180,0.35,0.55,122,122,1.0,172,171,0.9941860465116279,294
up,180,0.35,0.6,122,122,1.0,172,171,0.9941860465116279,294
up,180,0.35,0.65,122,122,1.0,172,171,0.9941860465116279,294
up,180,0.35,0.7,122,122,1.0,172,171,0.9941860465116279,294
up,180,0.35,0.75,122,122,1.0,172,171,0.9941860465116279,294
up,180,0.35,0.8,122,122,1.0,172,171,0.9941860465116279,294
up,180,0.35,0.85,122,122,1.0,172,171,0.9941860465116279,294
up,180,0.35,0.9,122,122,1.0,172,171,0.9941860465116279,294
up,180,0.35,0.95,122,122,1.0,172,171,0.9941860465116279,294
up,180,0.4,0.05,201,18,0.08955223880597014,237,208,0.8776371308016878,438
up,180,0.4,0.1,201,36,0.1791044776119403,237,224,0.9451476793248945,438
up,180,0.4,0.15,201,49,0.24378109452736318,237,229,0.9662447257383966,438
up,180,0.4,0.2,201,58,0.2885572139303483,237,232,0.9789029535864979,438
up,180,0.4,0.25,201,71,0.35323383084577115,237,233,0.9831223628691983,438
up,180,0.4,0.3,201,96,0.47761194029850745,237,235,0.9915611814345991,438
up,180,0.4,0.35,201,122,0.6069651741293532,237,237,1.0,438
up,180,0.4,0.4,201,157,0.7810945273631841,237,237,1.0,438
up,180,0.4,0.45,201,190,0.945273631840796,237,237,1.0,438
up,180,0.4,0.5,201,195,0.9701492537313433,237,237,1.0,438
up,180,0.4,0.55,201,197,0.9800995024875622,237,237,1.0,438
up,180,0.4,0.6,201,199,0.9900497512437811,237,237,1.0,438
up,180,0.4,0.65,201,200,0.9950248756218906,237,237,1.0,438
up,180,0.4,0.7,201,200,0.9950248756218906,237,237,1.0,438
up,180,0.4,0.75,201,201,1.0,237,237,1.0,438
up,180,0.4,0.8,201,201,1.0,237,237,1.0,438
up,180,0.4,0.85,201,201,1.0,237,237,1.0,438
up,180,0.4,0.9,201,201,1.0,237,237,1.0,438
up,180,0.4,0.95,201,201,1.0,237,237,1.0,438
up,180,0.45,0.05,190,21,0.11052631578947368,200,170,0.85,390
up,180,0.45,0.1,190,31,0.1631578947368421,200,181,0.905,390
up,180,0.45,0.15,190,42,0.22105263157894736,200,186,0.93,390
up,180,0.45,0.2,190,55,0.2894736842105263,200,193,0.965,390
up,180,0.45,0.25,190,64,0.3368421052631579,200,195,0.975,390
up,180,0.45,0.3,190,81,0.4263157894736842,200,195,0.975,390
up,180,0.45,0.35,190,91,0.4789473684210526,200,198,0.99,390
up,180,0.45,0.4,190,112,0.5894736842105263,200,198,0.99,390
up,180,0.45,0.45,190,142,0.7473684210526316,200,198,0.99,390
up,180,0.45,0.5,190,181,0.9526315789473684,200,200,1.0,390
up,180,0.45,0.55,190,185,0.9736842105263158,200,200,1.0,390
up,180,0.45,0.6,190,188,0.9894736842105263,200,200,1.0,390
up,180,0.45,0.65,190,190,1.0,200,200,1.0,390
up,180,0.45,0.7,190,190,1.0,200,200,1.0,390
up,180,0.45,0.75,190,190,1.0,200,200,1.0,390
up,180,0.45,0.8,190,190,1.0,200,200,1.0,390
up,180,0.45,0.85,190,190,1.0,200,200,1.0,390
up,180,0.45,0.9,190,190,1.0,200,200,1.0,390
up,180,0.45,0.95,190,190,1.0,200,200,1.0,390
up,180,0.5,0.05,212,16,0.07547169811320754,203,177,0.8719211822660099,415
up,180,0.5,0.1,212,24,0.11320754716981132,203,191,0.9408866995073891,415
up,180,0.5,0.15,212,34,0.16037735849056603,203,195,0.9605911330049262,415
up,180,0.5,0.2,212,43,0.2028301886792453,203,200,0.9852216748768473,415
up,180,0.5,0.25,212,48,0.22641509433962265,203,201,0.9901477832512315,415
up,180,0.5,0.3,212,65,0.30660377358490565,203,201,0.9901477832512315,415
up,180,0.5,0.35,212,78,0.36792452830188677,203,201,0.9901477832512315,415
up,180,0.5,0.4,212,96,0.4528301886792453,203,201,0.9901477832512315,415
up,180,0.5,0.45,212,113,0.5330188679245284,203,201,0.9901477832512315,415
up,180,0.5,0.5,212,157,0.7405660377358491,203,202,0.9950738916256158,415
up,180,0.5,0.55,212,202,0.9528301886792453,203,202,0.9950738916256158,415
up,180,0.5,0.6,212,207,0.9764150943396226,203,202,0.9950738916256158,415
up,180,0.5,0.65,212,208,0.9811320754716981,203,202,0.9950738916256158,415
up,180,0.5,0.7,212,211,0.9952830188679245,203,202,0.9950738916256158,415
up,180,0.5,0.75,212,211,0.9952830188679245,203,202,0.9950738916256158,415
up,180,0.5,0.8,212,211,0.9952830188679245,203,202,0.9950738916256158,415
up,180,0.5,0.85,212,211,0.9952830188679245,203,202,0.9950738916256158,415
up,180,0.5,0.9,212,211,0.9952830188679245,203,202,0.9950738916256158,415
up,180,0.5,0.95,212,211,0.9952830188679245,203,202,0.9950738916256158,415
up,180,0.55,0.05,272,18,0.0661764705882353,202,180,0.8910891089108911,474
up,180,0.55,0.1,272,27,0.09926470588235294,202,188,0.9306930693069307,474
up,180,0.55,0.15,272,42,0.15441176470588236,202,197,0.9752475247524752,474
up,180,0.55,0.2,272,57,0.20955882352941177,202,200,0.9900990099009901,474
up,180,0.55,0.25,272,67,0.24632352941176472,202,201,0.995049504950495,474
up,180,0.55,0.3,272,86,0.3161764705882353,202,202,1.0,474
up,180,0.55,0.35,272,109,0.4007352941176471,202,202,1.0,474
up,180,0.55,0.4,272,129,0.4742647058823529,202,202,1.0,474
up,180,0.55,0.45,272,145,0.5330882352941176,202,202,1.0,474
up,180,0.55,0.5,272,177,0.6507352941176471,202,202,1.0,474
up,180,0.55,0.55,272,214,0.7867647058823529,202,202,1.0,474
up,180,0.55,0.6,272,262,0.9632352941176471,202,202,1.0,474
up,180,0.55,0.65,272,267,0.9816176470588235,202,202,1.0,474
up,180,0.55,0.7,272,268,0.9852941176470589,202,202,1.0,474
up,180,0.55,0.75,272,272,1.0,202,202,1.0,474
up,180,0.55,0.8,272,272,1.0,202,202,1.0,474
up,180,0.55,0.85,272,272,1.0,202,202,1.0,474
up,180,0.55,0.9,272,272,1.0,202,202,1.0,474
up,180,0.55,0.95,272,272,1.0,202,202,1.0,474
up,180,0.6,0.05,211,8,0.037914691943127965,119,108,0.907563025210084,330
up,180,0.6,0.1,211,18,0.08530805687203792,119,112,0.9411764705882353,330
up,180,0.6,0.15,211,23,0.10900473933649289,119,117,0.9831932773109243,330
up,180,0.6,0.2,211,28,0.13270142180094788,119,118,0.9915966386554622,330
up,180,0.6,0.25,211,38,0.18009478672985782,119,118,0.9915966386554622,330
up,180,0.6,0.3,211,45,0.2132701421800948,119,118,0.9915966386554622,330
up,180,0.6,0.35,211,52,0.24644549763033174,119,118,0.9915966386554622,330
up,180,0.6,0.4,211,65,0.3080568720379147,119,118,0.9915966386554622,330
up,180,0.6,0.45,211,77,0.36492890995260663,119,118,0.9915966386554622,330
up,180,0.6,0.5,211,90,0.4265402843601896,119,119,1.0,330
up,180,0.6,0.55,211,116,0.5497630331753555,119,119,1.0,330
up,180,0.6,0.6,211,145,0.6872037914691943,119,119,1.0,330
up,180,0.6,0.65,211,192,0.909952606635071,119,119,1.0,330
up,180,0.6,0.7,211,202,0.957345971563981,119,119,1.0,330
up,180,0.6,0.75,211,207,0.981042654028436,119,119,1.0,330
up,180,0.6,0.8,211,210,0.995260663507109,119,119,1.0,330
up,180,0.6,0.85,211,210,0.995260663507109,119,119,1.0,330
up,180,0.6,0.9,211,211,1.0,119,119,1.0,330
up,180,0.6,0.95,211,211,1.0,119,119,1.0,330
up,180,0.65,0.05,284,12,0.04225352112676056,146,122,0.8356164383561644,430
up,180,0.65,0.1,284,23,0.08098591549295775,146,128,0.8767123287671232,430
up,180,0.65,0.15,284,32,0.11267605633802817,146,136,0.9315068493150684,430
up,180,0.65,0.2,284,43,0.15140845070422534,146,138,0.9452054794520548,430
up,180,0.65,0.25,284,50,0.176056338028169,146,141,0.9657534246575342,430
up,180,0.65,0.3,284,58,0.20422535211267606,146,144,0.9863013698630136,430
up,180,0.65,0.35,284,68,0.23943661971830985,146,145,0.9931506849315068,430
up,180,0.65,0.4,284,78,0.2746478873239437,146,145,0.9931506849315068,430
up,180,0.65,0.45,284,96,0.3380281690140845,146,145,0.9931506849315068,430
up,180,0.65,0.5,284,112,0.39436619718309857,146,145,0.9931506849315068,430
up,180,0.65,0.55,284,139,0.4894366197183099,146,146,1.0,430
up,180,0.65,0.6,284,170,0.5985915492957746,146,146,1.0,430
up,180,0.65,0.65,284,204,0.7183098591549296,146,146,1.0,430
up,180,0.65,0.7,284,265,0.9330985915492958,146,146,1.0,430
up,180,0.65,0.75,284,278,0.9788732394366197,146,146,1.0,430
up,180,0.65,0.8,284,283,0.9964788732394366,146,146,1.0,430
up,180,0.65,0.85,284,284,1.0,146,146,1.0,430
up,180,0.65,0.9,284,284,1.0,146,146,1.0,430
up,180,0.65,0.95,284,284,1.0,146,146,1.0,430
up,180,0.7,0.05,274,10,0.0364963503649635,72,64,0.8888888888888888,346
up,180,0.7,0.1,274,11,0.040145985401459854,72,66,0.9166666666666666,346
up,180,0.7,0.15,274,20,0.072992700729927,72,66,0.9166666666666666,346
up,180,0.7,0.2,274,26,0.0948905109489051,72,67,0.9305555555555556,346
up,180,0.7,0.25,274,32,0.11678832116788321,72,67,0.9305555555555556,346
up,180,0.7,0.3,274,42,0.15328467153284672,72,69,0.9583333333333334,346
up,180,0.7,0.35,274,50,0.18248175182481752,72,70,0.9722222222222222,346
up,180,0.7,0.4,274,59,0.21532846715328466,72,70,0.9722222222222222,346
up,180,0.7,0.45,274,71,0.2591240875912409,72,70,0.9722222222222222,346
up,180,0.7,0.5,274,88,0.32116788321167883,72,70,0.9722222222222222,346
up,180,0.7,0.55,274,101,0.3686131386861314,72,71,0.9861111111111112,346
up,180,0.7,0.6,274,116,0.4233576642335766,72,71,0.9861111111111112,346
up,180,0.7,0.65,274,141,0.5145985401459854,72,71,0.9861111111111112,346
up,180,0.7,0.7,274,176,0.6423357664233577,72,71,0.9861111111111112,346
up,180,0.7,0.75,274,257,0.9379562043795621,72,71,0.9861111111111112,346
up,180,0.7,0.8,274,268,0.9781021897810219,72,71,0.9861111111111112,346
up,180,0.7,0.85,274,274,1.0,72,71,0.9861111111111112,346
up,180,0.7,0.9,274,274,1.0,72,71,0.9861111111111112,346
up,180,0.7,0.95,274,274,1.0,72,71,0.9861111111111112,346
up,180,0.75,0.05,293,13,0.04436860068259386,90,77,0.8555555555555555,383
up,180,0.75,0.1,293,20,0.06825938566552901,90,85,0.9444444444444444,383
up,180,0.75,0.15,293,29,0.09897610921501707,90,87,0.9666666666666667,383
up,180,0.75,0.2,293,33,0.11262798634812286,90,89,0.9888888888888889,383
up,180,0.75,0.25,293,46,0.15699658703071673,90,89,0.9888888888888889,383
up,180,0.75,0.3,293,58,0.19795221843003413,90,90,1.0,383
up,180,0.75,0.35,293,64,0.21843003412969283,90,90,1.0,383
up,180,0.75,0.4,293,71,0.24232081911262798,90,90,1.0,383
up,180,0.75,0.45,293,81,0.2764505119453925,90,90,1.0,383
up,180,0.75,0.5,293,98,0.33447098976109213,90,90,1.0,383
up,180,0.75,0.55,293,111,0.378839590443686,90,90,1.0,383
up,180,0.75,0.6,293,120,0.40955631399317405,90,90,1.0,383
up,180,0.75,0.65,293,143,0.4880546075085324,90,90,1.0,383
up,180,0.75,0.7,293,171,0.5836177474402731,90,90,1.0,383
up,180,0.75,0.75,293,211,0.7201365187713311,90,90,1.0,383
up,180,0.75,0.8,293,274,0.9351535836177475,90,90,1.0,383
up,180,0.75,0.85,293,291,0.9931740614334471,90,90,1.0,383
up,180,0.75,0.9,293,293,1.0,90,90,1.0,383
up,180,0.75,0.95,293,293,1.0,90,90,1.0,383
up,180,0.8,0.05,332,7,0.02108433734939759,69,60,0.8695652173913043,401
up,180,0.8,0.1,332,13,0.0391566265060241,69,62,0.8985507246376812,401
up,180,0.8,0.15,332,18,0.05421686746987952,69,65,0.9420289855072463,401
up,180,0.8,0.2,332,23,0.06927710843373494,69,67,0.9710144927536232,401
up,180,0.8,0.25,332,28,0.08433734939759036,69,67,0.9710144927536232,401
up,180,0.8,0.3,332,33,0.09939759036144578,69,68,0.9855072463768116,401
up,180,0.8,0.35,332,35,0.10542168674698796,69,68,0.9855072463768116,401
up,180,0.8,0.4,332,42,0.12650602409638553,69,69,1.0,401
up,180,0.8,0.45,332,48,0.14457831325301204,69,69,1.0,401
up,180,0.8,0.5,332,53,0.15963855421686746,69,69,1.0,401
up,180,0.8,0.55,332,66,0.19879518072289157,69,69,1.0,401
up,180,0.8,0.6,332,82,0.2469879518072289,69,69,1.0,401
up,180,0.8,0.65,332,98,0.29518072289156627,69,69,1.0,401
up,180,0.8,0.7,332,122,0.3674698795180723,69,69,1.0,401
up,180,0.8,0.75,332,154,0.463855421686747,69,69,1.0,401
up,180,0.8,0.8,332,227,0.6837349397590361,69,69,1.0,401
up,180,0.8,0.85,332,309,0.9307228915662651,69,69,1.0,401
up,180,0.8,0.9,332,328,0.9879518072289156,69,69,1.0,401
up,180,0.8,0.95,332,332,1.0,69,69,1.0,401
up,180,0.85,0.05,416,9,0.021634615384615384,52,44,0.8461538461538461,468
up,180,0.85,0.1,416,11,0.026442307692307692,52,48,0.9230769230769231,468
up,180,0.85,0.15,416,15,0.036057692307692304,52,50,0.9615384615384616,468
up,180,0.85,0.2,416,18,0.04326923076923077,52,52,1.0,468
up,180,0.85,0.25,416,24,0.057692307692307696,52,52,1.0,468
up,180,0.85,0.3,416,33,0.07932692307692307,52,52,1.0,468
up,180,0.85,0.35,416,35,0.08413461538461539,52,52,1.0,468
up,180,0.85,0.4,416,38,0.09134615384615384,52,52,1.0,468
up,180,0.85,0.45,416,41,0.0985576923076923,52,52,1.0,468
up,180,0.85,0.5,416,49,0.11778846153846154,52,52,1.0,468
up,180,0.85,0.55,416,60,0.14423076923076922,52,52,1.0,468
up,180,0.85,0.6,416,71,0.17067307692307693,52,52,1.0,468
up,180,0.85,0.65,416,78,0.1875,52,52,1.0,468
up,180,0.85,0.7,416,105,0.25240384615384615,52,52,1.0,468
up,180,0.85,0.75,416,132,0.3173076923076923,52,52,1.0,468
up,180,0.85,0.8,416,166,0.39903846153846156,52,52,1.0,468
up,180,0.85,0.85,416,267,0.6418269230769231,52,52,1.0,468
up,180,0.85,0.9,416,403,0.96875,52,52,1.0,468
up,180,0.85,0.95,416,416,1.0,52,52,1.0,468
up,180,0.9,0.05,628,13,0.020700636942675158,37,31,0.8378378378378378,665
up,180,0.9,0.1,628,20,0.03184713375796178,37,32,0.8648648648648649,665
up,180,0.9,0.15,628,28,0.044585987261146494,37,33,0.8918918918918919,665
up,180,0.9,0.2,628,35,0.05573248407643312,37,35,0.9459459459459459,665
up,180,0.9,0.25,628,41,0.06528662420382166,37,35,0.9459459459459459,665
up,180,0.9,0.3,628,53,0.08439490445859872,37,36,0.972972972972973,665
up,180,0.9,0.35,628,56,0.08917197452229299,37,36,0.972972972972973,665
up,180,0.9,0.4,628,61,0.09713375796178345,37,36,0.972972972972973,665
up,180,0.9,0.45,628,67,0.10668789808917198,37,36,0.972972972972973,665
up,180,0.9,0.5,628,76,0.12101910828025478,37,36,0.972972972972973,665
up,180,0.9,0.55,628,81,0.12898089171974522,37,36,0.972972972972973,665
up,180,0.9,0.6,628,87,0.13853503184713375,37,36,0.972972972972973,665
up,180,0.9,0.65,628,102,0.1624203821656051,37,36,0.972972972972973,665
up,180,0.9,0.7,628,119,0.18949044585987262,37,36,0.972972972972973,665
up,180,0.9,0.75,628,136,0.21656050955414013,37,37,1.0,665
up,180,0.9,0.8,628,174,0.2770700636942675,37,37,1.0,665
up,180,0.9,0.85,628,224,0.35668789808917195,37,37,1.0,665
up,180,0.9,0.9,628,343,0.5461783439490446,37,37,1.0,665
up,180,0.9,0.95,628,613,0.9761146496815286,37,37,1.0,665
up,180,0.95,0.05,410,4,0.00975609756097561,8,7,0.875,418
up,180,0.95,0.1,410,5,0.012195121951219513,8,7,0.875,418
up,180,0.95,0.15,410,5,0.012195121951219513,8,7,0.875,418
up,180,0.95,0.2,410,8,0.01951219512195122,8,7,0.875,418
up,180,0.95,0.25,410,10,0.024390243902439025,8,8,1.0,418
up,180,0.95,0.3,410,16,0.03902439024390244,8,8,1.0,418
up,180,0.95,0.35,410,16,0.03902439024390244,8,8,1.0,418
up,180,0.95,0.4,410,19,0.046341463414634146,8,8,1.0,418
up,180,0.95,0.45,410,20,0.04878048780487805,8,8,1.0,418
up,180,0.95,0.5,410,20,0.04878048780487805,8,8,1.0,418
up,180,0.95,0.55,410,23,0.05609756097560976,8,8,1.0,418
up,180,0.95,0.6,410,26,0.06341463414634146,8,8,1.0,418
up,180,0.95,0.65,410,28,0.06829268292682927,8,8,1.0,418
up,180,0.95,0.7,410,36,0.08780487804878048,8,8,1.0,418
up,180,0.95,0.75,410,39,0.0951219512195122,8,8,1.0,418
up,180,0.95,0.8,410,44,0.1073170731707317,8,8,1.0,418
up,180,0.95,0.85,410,58,0.14146341463414633,8,8,1.0,418
up,180,0.95,0.9,410,75,0.18292682926829268,8,8,1.0,418
up,180,0.95,0.95,410,153,0.37317073170731707,8,8,1.0,418
up,210,0.0,0.05,17,17,1.0,875,774,0.8845714285714286,892
up,210,0.0,0.1,17,17,1.0,875,774,0.8845714285714286,892
up,210,0.0,0.15,17,17,1.0,875,774,0.8845714285714286,892
up,210,0.0,0.2,17,17,1.0,875,774,0.8845714285714286,892
up,210,0.0,0.25,17,17,1.0,875,774,0.8845714285714286,892
up,210,0.0,0.3,17,17,1.0,875,774,0.8845714285714286,892
up,210,0.0,0.35,17,17,1.0,875,774,0.8845714285714286,892
up,210,0.0,0.4,17,17,1.0,875,774,0.8845714285714286,892
up,210,0.0,0.45,17,17,1.0,875,774,0.8845714285714286,892
up,210,0.0,0.5,17,17,1.0,875,774,0.8845714285714286,892
up,210,0.0,0.55,17,17,1.0,875,774,0.8845714285714286,892
up,210,0.0,0.6,17,17,1.0,875,774,0.8845714285714286,892
up,210,0.0,0.65,17,17,1.0,875,774,0.8845714285714286,892
up,210,0.0,0.7,17,17,1.0,875,774,0.8845714285714286,892
up,210,0.0,0.75,17,17,1.0,875,774,0.8845714285714286,892
up,210,0.0,0.8,17,17,1.0,875,774,0.8845714285714286,892
up,210,0.0,0.85,17,17,1.0,875,774,0.8845714285714286,892
up,210,0.0,0.9,17,17,1.0,875,774,0.8845714285714286,892
up,210,0.0,0.95,17,17,1.0,875,774,0.8845714285714286,892
up,210,0.05,0.05,31,18,0.5806451612903226,580,574,0.9896551724137931,611
up,210,0.05,0.1,31,27,0.8709677419354839,580,577,0.9948275862068966,611
up,210,0.05,0.15,31,27,0.8709677419354839,580,577,0.9948275862068966,611
up,210,0.05,0.2,31,29,0.9354838709677419,580,577,0.9948275862068966,611
up,210,0.05,0.25,31,30,0.967741935483871,580,577,0.9948275862068966,611
up,210,0.05,0.3,31,30,0.967741935483871,580,577,0.9948275862068966,611
up,210,0.05,0.35,31,30,0.967741935483871,580,577,0.9948275862068966,611
up,210,0.05,0.4,31,30,0.967741935483871,580,577,0.9948275862068966,611
up,210,0.05,0.45,31,30,0.967741935483871,580,577,0.9948275862068966,611
up,210,0.05,0.5,31,30,0.967741935483871,580,577,0.9948275862068966,611
up,210,0.05,0.55,31,30,0.967741935483871,580,577,0.9948275862068966,611
up,210,0.05,0.6,31,30,0.967741935483871,580,577,0.9948275862068966,611
up,210,0.05,0.65,31,30,0.967741935483871,580,577,0.9948275862068966,611
up,210,0.05,0.7,31,30,0.967741935483871,580,577,0.9948275862068966,611
up,210,0.05,0.75,31,30,0.967741935483871,580,577,0.9948275862068966,611
up,210,0.05,0.8,31,30,0.967741935483871,580,577,0.9948275862068966,611
up,210,0.05,0.85,31,30,0.967741935483871,580,577,0.9948275862068966,611
up,210,0.05,0.9,31,30,0.967741935483871,580,577,0.9948275862068966,611
up,210,0.05,0.95,31,30,0.967741935483871,580,577,0.9948275862068966,611
up,210,0.1,0.05,60,21,0.35,453,438,0.9668874172185431,513
up,210,0.1,0.1,60,37,0.6166666666666667,453,449,0.9911699779249448,513
up,210,0.1,0.15,60,59,0.9833333333333333,453,450,0.9933774834437086,513
up,210,0.1,0.2,60,60,1.0,453,450,0.9933774834437086,513
up,210,0.1,0.25,60,60,1.0,453,450,0.9933774834437086,513
up,210,0.1,0.3,60,60,1.0,453,451,0.9955849889624724,513
up,210,0.1,0.35,60,60,1.0,453,451,0.9955849889624724,513
up,210,0.1,0.4,60,60,1.0,453,451,0.9955849889624724,513
up,210,0.1,0.45,60,60,1.0,453,451,0.9955849889624724,513
up,210,0.1,0.5,60,60,1.0,453,451,0.9955849889624724,513
up,210,0.1,0.55,60,60,1.0,453,451,0.9955849889624724,513
up,210,0.1,0.6,60,60,1.0,453,451,0.9955849889624724,513
up,210,0.1,0.65,60,60,1.0,453,451,0.9955849889624724,513
up,210,0.1,0.7,60,60,1.0,453,451,0.9955849889624724,513
up,210,0.1,0.75,60,60,1.0,453,451,0.9955849889624724,513
up,210,0.1,0.8,60,60,1.0,453,451,0.9955849889624724,513
up,210,0.1,0.85,60,60,1.0,453,451,0.9955849889624724,513
up,210,0.1,0.9,60,60,1.0,453,451,0.9955849889624724,513
up,210,0.1,0.95,60,60,1.0,453,451,0.9955849889624724,513
up,210,0.15,0.05,56,16,0.2857142857142857,279,267,0.956989247311828,335
up,210,0.15,0.1,56,26,0.4642857142857143,279,274,0.982078853046595,335
up,210,0.15,0.15,56,39,0.6964285714285714,279,278,0.996415770609319,335
up,210,0.15,0.2,56,55,0.9821428571428571,279,279,1.0,335
up,210,0.15,0.25,56,55,0.9821428571428571,279,279,1.0,335
up,210,0.15,0.3,56,55,0.9821428571428571,279,279,1.0,335
up,210,0.15,0.35,56,55,0.9821428571428571,279,279,1.0,335
up,210,0.15,0.4,56,56,1.0,279,279,1.0,335
up,210,0.15,0.45,56,56,1.0,279,279,1.0,335
up,210,0.15,0.5,56,56,1.0,279,279,1.0,335
up,210,0.15,0.55,56,56,1.0,279,279,1.0,335
up,210,0.15,0.6,56,56,1.0,279,279,1.0,335
up,210,0.15,0.65,56,56,1.0,279,279,1.0,335
up,210,0.15,0.7,56,56,1.0,279,279,1.0,335
up,210,0.15,0.75,56,56,1.0,279,279,1.0,335
up,210,0.15,0.8,56,56,1.0,279,279,1.0,335
up,210,0.15,0.85,56,56,1.0,279,279,1.0,335
up,210,0.15,0.9,56,56,1.0,279,279,1.0,335
up,210,0.15,0.95,56,56,1.0,279,279,1.0,335
up,210,0.2,0.05,66,16,0.24242424242424243,279,260,0.931899641577061,345
up,210,0.2,0.1,66,22,0.3333333333333333,279,271,0.9713261648745519,345
up,210,0.2,0.15,66,33,0.5,279,275,0.985663082437276,345
up,210,0.2,0.2,66,48,0.7272727272727273,279,279,1.0,345
up,210,0.2,0.25,66,62,0.9393939393939394,279,279,1.0,345
up,210,0.2,0.3,66,66,1.0,279,279,1.0,345
up,210,0.2,0.35,66,66,1.0,279,279,1.0,345
up,210,0.2,0.4,66,66,1.0,279,279,1.0,345
up,210,0.2,0.45,66,66,1.0,279,279,1.0,345
up,210,0.2,0.5,66,66,1.0,279,279,1.0,345
up,210,0.2,0.55,66,66,1.0,279,279,1.0,345
up,210,0.2,0.6,66,66,1.0,279,279,1.0,345
up,210,0.2,0.65,66,66,1.0,279,279,1.0,345
up,210,0.2,0.7,66,66,1.0,279,279,1.0,345
up,210,0.2,0.75,66,66,1.0,279,279,1.0,345
up,210,0.2,0.8,66,66,1.0,279,279,1.0,345
up,210,0.2,0.85,66,66,1.0,279,279,1.0,345
up,210,0.2,0.9,66,66,1.0,279,279,1.0,345
up,210,0.2,0.95,66,66,1.0,279,279,1.0,345
up,210,0.25,0.05,103,16,0.1553398058252427,276,258,0.9347826086956522,379
up,210,0.25,0.1,103,27,0.2621359223300971,276,267,0.967391304347826,379
up,210,0.25,0.15,103,43,0.4174757281553398,276,272,0.9855072463768116,379
up,210,0.25,0.2,103,56,0.5436893203883495,276,274,0.9927536231884058,379
up,210,0.25,0.25,103,81,0.7864077669902912,276,275,0.9963768115942029,379
up,210,0.25,0.3,103,97,0.941747572815534,276,276,1.0,379
up,210,0.25,0.35,103,99,0.9611650485436893,276,276,1.0,379
up,210,0.25,0.4,103,103,1.0,276,276,1.0,379
up,210,0.25,0.45,103,103,1.0,276,276,1.0,379
up,210,0.25,0.5,103,103,1.0,276,276,1.0,379
up,210,0.25,0.55,103,103,1.0,276,276,1.0,379
up,210,0.25,0.6,103,103,1.0,276,276,1.0,379
up,210,0.25,0.65,103,103,1.0,276,276,1.0,379
up,210,0.25,0.7,103,103,1.0,276,276,1.0,379
up,210,0.25,0.75,103,103,1.0,276,276,1.0,379
up,210,0.25,0.8,103,103,1.0,276,276,1.0,379
up,210,0.25,0.85,103,103,1.0,276,276,1.0,379
up,210,0.25,0.9,103,103,1.0,276,276,1.0,379
up,210,0.25,0.95,103,103,1.0,276,276,1.0,379
up,210,0.3,0.05,93,13,0.13978494623655913,203,180,0.8866995073891626,296
up,210,0.3,0.1,93,22,0.23655913978494625,203,191,0.9408866995073891,296
up,210,0.3,0.15,93,31,0.3333333333333333,203,196,0.9655172413793104,296
up,210,0.3,0.2,93,38,0.40860215053763443,203,200,0.9852216748768473,296
up,210,0.3,0.25,93,54,0.5806451612903226,203,201,0.9901477832512315,296
up,210,0.3,0.3,93,72,0.7741935483870968,203,201,0.9901477832512315,296
up,210,0.3,0.35,93,89,0.956989247311828,203,202,0.9950738916256158,296
up,210,0.3,0.4,93,90,0.967741935483871,203,202,0.9950738916256158,296
up,210,0.3,0.45,93,92,0.989247311827957,203,202,0.9950738916256158,296
up,210,0.3,0.5,93,93,1.0,203,203,1.0,296
up,210,0.3,0.55,93,93,1.0,203,203,1.0,296
up,210,0.3,0.6,93,93,1.0,203,203,1.0,296
up,210,0.3,0.65,93,93,1.0,203,203,1.0,296
up,210,0.3,0.7,93,93,1.0,203,203,1.0,296
up,210,0.3,0.75,93,93,1.0,203,203,1.0,296
up,210,0.3,0.8,93,93,1.0,203,203,1.0,296
up,210,0.3,0.85,93,93,1.0,203,203,1.0,296
up,210,0.3,0.9,93,93,1.0,203,203,1.0,296
up,210,0.3,0.95,93,93,1.0,203,203,1.0,296
up,210,0.35,0.05,101,9,0.0891089108910891,175,153,0.8742857142857143,276
up,210,0.35,0.1,101,18,0.1782178217821782,175,160,0.9142857142857143,276
up,210,0.35,0.15,101,27,0.26732673267326734,175,164,0.9371428571428572,276
up,210,0.35,0.2,101,37,0.36633663366336633,175,168,0.96,276
up,210,0.35,0.25,101,46,0.45544554455445546,175,170,0.9714285714285714,276
up,210,0.35,0.3,101,60,0.594059405940594,175,172,0.9828571428571429,276
up,210,0.35,0.35,101,78,0.7722772277227723,175,174,0.9942857142857143,276
up,210,0.35,0.4,101,99,0.9801980198019802,175,174,0.9942857142857143,276
up,210,0.35,0.45,101,100,0.9900990099009901,175,174,0.9942857142857143,276
up,210,0.35,0.5,101,101,1.0,175,174,0.9942857142857143,276
up,210,0.35,0.55,101,101,1.0,175,174,0.9942857142857143,276
up,210,0.35,0.6,101,101,1.0,175,174,0.9942857142857143,276
up,210,0.35,0.65,101,101,1.0,175,174,0.9942857142857143,276
up,210,0.35,0.7,101,101,1.0,175,174,0.9942857142857143,276
up,210,0.35,0.75,101,101,1.0,175,174,0.9942857142857143,276
up,210,0.35,0.8,101,101,1.0,175,174,0.9942857142857143,276
up,210,0.35,0.85,101,101,1.0,175,174,0.9942857142857143,276
up,210,0.35,0.9,101,101,1.0,175,174,0.9942857142857143,276
up,210,0.35,0.95,101,101,1.0,175,174,0.9942857142857143,276
up,210,0.4,0.05,130,6,0.046153846153846156,174,162,0.9310344827586207,304
up,210,0.4,0.1,130,20,0.15384615384615385,174,169,0.9712643678160919,304
up,210,0.4,0.15,130,28,0.2153846153846154,174,171,0.9827586206896551,304
up,210,0.4,0.2,130,41,0.3153846153846154,174,172,0.9885057471264368,304
up,210,0.4,0.25,130,52,0.4,174,172,0.9885057471264368,304
up,210,0.4,0.3,130,65,0.5,174,172,0.9885057471264368,304
up,210,0.4,0.35,130,82,0.6307692307692307,174,173,0.9942528735632183,304
up,210,0.4,0.4,130,102,0.7846153846153846,174,174,1.0,304
up,210,0.4,0.45,130,124,0.9538461538461539,174,174,1.0,304
up,210,0.4,0.5,130,129,0.9923076923076923,174,174,1.0,304
up,210,0.4,0.55,130,130,1.0,174,174,1.0,304
up,210,0.4,0.6,130,130,1.0,174,174,1.0,304
up,210,0.4,0.65,130,130,1.0,174,174,1.0,304
up,210,0.4,0.7,130,130,1.0,174,174,1.0,304
up,210,0.4,0.75,130,130,1.0,174,174,1.0,304
up,210,0.4,0.8,130,130,1.0,174,174,1.0,304
up,210,0.4,0.85,130,130,1.0,174,174,1.0,304
up,210,0.4,0.9,130,130,1.0,174,174,1.0,304
up,210,0.4,0.95,130,130,1.0,174,174,1.0,304
up,210,0.45,0.05,151,15,0.09933774834437085,149,125,0.8389261744966443,300
up,210,0.45,0.1,151,24,0.15894039735099338,149,133,0.8926174496644296,300
up,210,0.45,0.15,151,32,0.2119205298013245,149,139,0.9328859060402684,300
up,210,0.45,0.2,151,35,0.23178807947019867,149,144,0.9664429530201343,300
up,210,0.45,0.25,151,50,0.33112582781456956,149,145,0.9731543624161074,300
up,210,0.45,0.3,151,64,0.423841059602649,149,148,0.9932885906040269,300
up,210,0.45,0.35,151,79,0.5231788079470199,149,148,0.9932885906040269,300
up,210,0.45,0.4,151,96,0.6357615894039735,149,149,1.0,300
up,210,0.45,0.45,151,114,0.7549668874172185,149,149,1.0,300
up,210,0.45,0.5,151,143,0.9470198675496688,149,149,1.0,300
up,210,0.45,0.55,151,146,0.9668874172185431,149,149,1.0,300
up,210,0.45,0.6,151,148,0.9801324503311258,149,149,1.0,300
up,210,0.45,0.65,151,149,0.9867549668874173,149,149,1.0,300
up,210,0.45,0.7,151,149,0.9867549668874173,149,149,1.0,300
up,210,0.45,0.75,151,150,0.9933774834437086,149,149,1.0,300
up,210,0.45,0.8,151,150,0.9933774834437086,149,149,1.0,300
up,210,0.45,0.85,151,150,0.9933774834437086,149,149,1.0,300
up,210,0.45,0.9,151,150,0.9933774834437086,149,149,1.0,300
up,210,0.45,0.95,151,150,0.9933774834437086,149,149,1.0,300
up,210,0.5,0.05,153,10,0.06535947712418301,177,148,0.8361581920903954,330
up,210,0.5,0.1,153,20,0.13071895424836602,177,158,0.8926553672316384,330
up,210,0.5,0.15,153,26,0.16993464052287582,177,165,0.9322033898305084,330
up,210,0.5,0.2,153,34,0.2222222222222222,177,168,0.9491525423728814,330
up,210,0.5,0.25,153,38,0.24836601307189543,177,170,0.96045197740113,330
up,210,0.5,0.3,153,54,0.35294117647058826,177,171,0.9661016949152542,330
up,210,0.5,0.35,153,61,0.39869281045751637,177,173,0.9774011299435028,330
up,210,0.5,0.4,153,73,0.477124183006536,177,174,0.9830508474576272,330
up,210,0.5,0.45,153,91,0.5947712418300654,177,174,0.9830508474576272,330
up,210,0.5,0.5,153,112,0.7320261437908496,177,175,0.9887005649717514,330
up,210,0.5,0.55,153,142,0.9281045751633987,177,176,0.9943502824858758,330
up,210,0.5,0.6,153,147,0.9607843137254902,177,176,0.9943502824858758,330
up,210,0.5,0.65,153,149,0.9738562091503268,177,176,0.9943502824858758,330
up,210,0.5,0.7,153,151,0.9869281045751634,177,176,0.9943502824858758,330
up,210,0.5,0.75,153,152,0.9934640522875817,177,176,0.9943502824858758,330
up,210,0.5,0.8,153,152,0.9934640522875817,177,176,0.9943502824858758,330
up,210,0.5,0.85,153,152,0.9934640522875817,177,176,0.9943502824858758,330
up,210,0.5,0.9,153,152,0.9934640522875817,177,176,0.9943502824858758,330
up,210,0.5,0.95,153,152,0.9934640522875817,177,176,0.9943502824858758,330
up,210,0.55,0.05,246,12,0.04878048780487805,140,122,0.8714285714285714,386
up,210,0.55,0.1,246,18,0.07317073170731707,140,125,0.8928571428571429,386
up,210,0.55,0.15,246,32,0.13008130081300814,140,130,0.9285714285714286,386
up,210,0.55,0.2,246,44,0.17886178861788618,140,134,0.9571428571428572,386
up,210,0.55,0.25,246,52,0.21138211382113822,140,135,0.9642857142857143,386
up,210,0.55,0.3,246,68,0.2764227642276423,140,138,0.9857142857142858,386
up,210,0.55,0.35,246,79,0.32113821138211385,140,138,0.9857142857142858,386
up,210,0.55,0.4,246,93,0.3780487804878049,140,138,0.9857142857142858,386
up,210,0.55,0.45,246,116,0.4715447154471545,140,138,0.9857142857142858,386
up,210,0.55,0.5,246,138,0.5609756097560976,140,138,0.9857142857142858,386
up,210,0.55,0.55,246,185,0.7520325203252033,140,139,0.9928571428571429,386
up,210,0.55,0.6,246,241,0.9796747967479674,140,140,1.0,386
up,210,0.55,0.65,246,245,0.9959349593495935,140,140,1.0,386
up,210,0.55,0.7,246,246,1.0,140,140,1.0,386
up,210,0.55,0.75,246,246,1.0,140,140,1.0,386
up,210,0.55,0.8,246,246,1.0,140,140,1.0,386
up,210,0.55,0.85,246,246,1.0,140,140,1.0,386
up,210,0.55,0.9,246,246,1.0,140,140,1.0,386
up,210,0.55,0.95,246,246,1.0,140,140,1.0,386
up,210,0.6,0.05,183,13,0.07103825136612021,103,85,0.8252427184466019,286
up,210,0.6,0.1,183,21,0.11475409836065574,103,93,0.9029126213592233,286
up,210,0.6,0.15,183,26,0.14207650273224043,103,98,0.9514563106796117,286
up,210,0.6,0.2,183,31,0.16939890710382513,103,100,0.970873786407767,286
up,210,0.6,0.25,183,37,0.20218579234972678,103,101,0.9805825242718447,286
up,210,0.6,0.3,183,42,0.22950819672131148,103,101,0.9805825242718447,286
up,210,0.6,0.35,183,49,0.2677595628415301,103,101,0.9805825242718447,286
up,210,0.6,0.4,183,62,0.33879781420765026,103,101,0.9805825242718447,286
up,210,0.6,0.45,183,73,0.3989071038251366,103,101,0.9805825242718447,286
up,210,0.6,0.5,183,96,0.5245901639344263,103,103,1.0,286
up,210,0.6,0.55,183,115,0.6284153005464481,103,103,1.0,286
up,210,0.6,0.6,183,141,0.7704918032786885,103,103,1.0,286
up,210,0.6,0.65,183,172,0.9398907103825137,103,103,1.0,286
up,210,0.6,0.7,183,181,0.9890710382513661,103,103,1.0,286
up,210,0.6,0.75,183,182,0.994535519125683,103,103,1.0,286
up,210,0.6,0.8,183,182,0.994535519125683,103,103,1.0,286
up,210,0.6,0.85,183,182,0.994535519125683,103,103,1.0,286
up,210,0.6,0.9,183,182,0.994535519125683,103,103,1.0,286
up,210,0.6,0.95,183,182,0.994535519125683,103,103,1.0,286
up,210,0.65,0.05,270,14,0.05185185185185185,116,101,0.8706896551724138,386
up,210,0.65,0.1,270,22,0.08148148148148149,116,107,0.9224137931034483,386
up,210,0.65,0.15,270,28,0.1037037037037037,116,111,0.9568965517241379,386
up,210,0.65,0.2,270,37,0.13703703703703704,116,114,0.9827586206896551,386
up,210,0.65,0.25,270,50,0.18518518518518517,116,115,0.9913793103448276,386
up,210,0.65,0.3,270,61,0.22592592592592592,116,115,0.9913793103448276,386
up,210,0.65,0.35,270,69,0.25555555555555554,116,116,1.0,386
up,210,0.65,0.4,270,81,0.3,116,116,1.0,386
up,210,0.65,0.45,270,94,0.34814814814814815,116,116,1.0,386
up,210,0.65,0.5,270,111,0.4111111111111111,116,116,1.0,386
up,210,0.65,0.55,270,131,0.48518518518518516,116,116,1.0,386
up,210,0.65,0.6,270,152,0.562962962962963,116,116,1.0,386
up,210,0.65,0.65,270,193,0.7148148148148148,116,116,1.0,386
up,210,0.65,0.7,270,245,0.9074074074074074,116,116,1.0,386
up,210,0.65,0.75,270,257,0.9518518518518518,116,116,1.0,386
up,210,0.65,0.8,270,266,0.9851851851851852,116,116,1.0,386
up,210,0.65,0.85,270,270,1.0,116,116,1.0,386
up,210,0.65,0.9,270,270,1.0,116,116,1.0,386
up,210,0.65,0.95,270,270,1.0,116,116,1.0,386
up,210,0.7,0.05,183,8,0.04371584699453552,60,52,0.8666666666666667,243
up,210,0.7,0.1,183,13,0.07103825136612021,60,55,0.9166666666666666,243
up,210,0.7,0.15,183,19,0.10382513661202186,60,55,0.9166666666666666,243
up,210,0.7,0.2,183,22,0.12021857923497267,60,56,0.9333333333333333,243
up,210,0.7,0.25,183,23,0.12568306010928962,60,57,0.95,243
up,210,0.7,0.3,183,30,0.16393442622950818,60,58,0.9666666666666667,243
up,210,0.7,0.35,183,34,0.18579234972677597,60,59,0.9833333333333333,243
up,210,0.7,0.4,183,42,0.22950819672131148,60,59,0.9833333333333333,243
up,210,0.7,0.45,183,49,0.2677595628415301,60,59,0.9833333333333333,243
up,210,0.7,0.5,183,59,0.3224043715846995,60,59,0.9833333333333333,243
up,210,0.7,0.55,183,71,0.3879781420765027,60,59,0.9833333333333333,243
up,210,0.7,0.6,183,83,0.453551912568306,60,59,0.9833333333333333,243
up,210,0.7,0.65,183,94,0.5136612021857924,60,59,0.9833333333333333,243
up,210,0.7,0.7,183,121,0.6612021857923497,60,59,0.9833333333333333,243
up,210,0.7,0.75,183,172,0.9398907103825137,60,59,0.9833333333333333,243
up,210,0.7,0.8,183,177,0.9672131147540983,60,59,0.9833333333333333,243
up,210,0.7,0.85,183,183,1.0,60,59,0.9833333333333333,243
up,210,0.7,0.9,183,183,1.0,60,59,0.9833333333333333,243
up,210,0.7,0.95,183,183,1.0,60,59,0.9833333333333333,243
up,210,0.75,0.05,263,10,0.03802281368821293,90,74,0.8222222222222222,353
up,210,0.75,0.1,263,13,0.049429657794676805,90,84,0.9333333333333333,353
up,210,0.75,0.15,263,24,0.09125475285171103,90,86,0.9555555555555556,353
up,210,0.75,0.2,263,29,0.11026615969581749,90,89,0.9888888888888889,353
up,210,0.75,0.25,263,36,0.13688212927756654,90,89,0.9888888888888889,353
up,210,0.75,0.3,263,43,0.1634980988593156,90,90,1.0,353
up,210,0.75,0.35,263,49,0.18631178707224336,90,90,1.0,353
up,210,0.75,0.4,263,57,0.21673003802281368,90,90,1.0,353
up,210,0.75,0.45,263,60,0.22813688212927757,90,90,1.0,353
up,210,0.75,0.5,263,73,0.27756653992395436,90,90,1.0,353
up,210,0.75,0.55,263,86,0.3269961977186312,90,90,1.0,353
up,210,0.75,0.6,263,101,0.3840304182509506,90,90,1.0,353
up,210,0.75,0.65,263,113,0.4296577946768061,90,90,1.0,353
up,210,0.75,0.7,263,140,0.532319391634981,90,90,1.0,353
up,210,0.75,0.75,263,178,0.6768060836501901,90,90,1.0,353
up,210,0.75,0.8,263,248,0.9429657794676806,90,90,1.0,353
up,210,0.75,0.85,263,259,0.9847908745247148,90,90,1.0,353
up,210,0.75,0.9,263,263,1.0,90,90,1.0,353
up,210,0.75,0.95,263,263,1.0,90,90,1.0,353
up,210,0.8,0.05,307,5,0.016286644951140065,64,50,0.78125,371
up,210,0.8,0.1,307,9,0.029315960912052116,64,56,0.875,371
up,210,0.8,0.15,307,15,0.048859934853420196,64,60,0.9375,371
up,210,0.8,0.2,307,22,0.07166123778501629,64,61,0.953125,371
up,210,0.8,0.25,307,29,0.09446254071661238,64,61,0.953125,371
up,210,0.8,0.3,307,39,0.1270358306188925,64,63,0.984375,371
up,210,0.8,0.35,307,42,0.13680781758957655,64,63,0.984375,371
up,210,0.8,0.4,307,48,0.1563517915309446,64,63,0.984375,371
up,210,0.8,0.45,307,55,0.1791530944625407,64,63,0.984375,371
up,210,0.8,0.5,307,63,0.20521172638436483,64,63,0.984375,371
up,210,0.8,0.55,307,70,0.2280130293159609,64,63,0.984375,371
up,210,0.8,0.6,307,84,0.2736156351791531,64,63,0.984375,371
up,210,0.8,0.65,307,92,0.2996742671009772,64,63,0.984375,371
up,210,0.8,0.7,307,112,0.36482084690553745,64,63,0.984375,371
up,210,0.8,0.75,307,145,0.4723127035830619,64,63,0.984375,371
up,210,0.8,0.8,307,206,0.6710097719869706,64,63,0.984375,371
up,210,0.8,0.85,307,290,0.9446254071661238,64,64,1.0,371
up,210,0.8,0.9,307,304,0.990228013029316,64,64,1.0,371
up,210,0.8,0.95,307,307,1.0,64,64,1.0,371
up,210,0.85,0.05,390,16,0.041025641025641026,46,42,0.9130434782608695,436
up,210,0.85,0.1,390,22,0.05641025641025641,46,43,0.9347826086956522,436
up,210,0.85,0.15,390,30,0.07692307692307693,46,45,0.9782608695652174,436
up,210,0.85,0.2,390,33,0.08461538461538462,46,45,0.9782608695652174,436
up,210,0.85,0.25,390,38,0.09743589743589744,46,45,0.9782608695652174,436
up,210,0.85,0.3,390,50,0.1282051282051282,46,46,1.0,436
up,210,0.85,0.35,390,53,0.1358974358974359,46,46,1.0,436
up,210,0.85,0.4,390,59,0.15128205128205127,46,46,1.0,436
up,210,0.85,0.45,390,64,0.1641025641025641,46,46,1.0,436
up,210,0.85,0.5,390,74,0.18974358974358974,46,46,1.0,436
up,210,0.85,0.55,390,81,0.2076923076923077,46,46,1.0,436
up,210,0.85,0.6,390,88,0.22564102564102564,46,46,1.0,436
up,210,0.85,0.65,390,107,0.2743589743589744,46,46,1.0,436
up,210,0.85,0.7,390,127,0.32564102564102565,46,46,1.0,436
up,210,0.85,0.75,390,153,0.3923076923076923,46,46,1.0,436
up,210,0.85,0.8,390,174,0.4461538461538462,46,46,1.0,436
up,210,0.85,0.85,390,248,0.6358974358974359,46,46,1.0,436
up,210,0.85,0.9,390,373,0.9564102564102565,46,46,1.0,436
up,210,0.85,0.95,390,390,1.0,46,46,1.0,436
up,210,0.9,0.05,701,14,0.019971469329529243,50,41,0.82,751
up,210,0.9,0.1,701,22,0.03138373751783167,50,41,0.82,751
up,210,0.9,0.15,701,26,0.037089871611982884,50,45,0.9,751
up,210,0.9,0.2,701,32,0.0456490727532097,50,47,0.94,751
up,210,0.9,0.25,701,38,0.05420827389443652,50,48,0.96,751
up,210,0.9,0.3,701,45,0.06419400855920114,50,50,1.0,751
up,210,0.9,0.35,701,49,0.06990014265335236,50,50,1.0,751
up,210,0.9,0.4,701,52,0.07417974322396577,50,50,1.0,751
up,210,0.9,0.45,701,54,0.07703281027104136,50,50,1.0,751
up,210,0.9,0.5,701,62,0.0884450784593438,50,50,1.0,751
up,210,0.9,0.55,701,69,0.09843081312410841,50,50,1.0,751
up,210,0.9,0.6,701,77,0.10984308131241084,50,50,1.0,751
up,210,0.9,0.65,701,95,0.1355206847360913,50,50,1.0,751
up,210,0.9,0.7,701,114,0.16262482168330955,50,50,1.0,751
up,210,0.9,0.75,701,134,0.19115549215406563,50,50,1.0,751
up,210,0.9,0.8,701,157,0.2239657631954351,50,50,1.0,751
up,210,0.9,0.85,701,216,0.30813124108416545,50,50,1.0,751
up,210,0.9,0.9,701,361,0.514978601997147,50,50,1.0,751
up,210,0.9,0.95,701,686,0.978601997146933,50,50,1.0,751
up,210,0.95,0.05,800,10,0.0125,5,4,0.8,805
up,210,0.95,0.1,800,16,0.02,5,5,1.0,805
up,210,0.95,0.15,800,18,0.0225,5,5,1.0,805
up,210,0.95,0.2,800,24,0.03,5,5,1.0,805
up,210,0.95,0.25,800,29,0.03625,5,5,1.0,805
up,210,0.95,0.3,800,44,0.055,5,5,1.0,805
up,210,0.95,0.35,800,44,0.055,5,5,1.0,805
up,210,0.95,0.4,800,47,0.05875,5,5,1.0,805
up,210,0.95,0.45,800,50,0.0625,5,5,1.0,805
up,210,0.95,0.5,800,53,0.06625,5,5,1.0,805
up,210,0.95,0.55,800,58,0.0725,5,5,1.0,805
up,210,0.95,0.6,800,59,0.07375,5,5,1.0,805
up,210,0.95,0.65,800,61,0.07625,5,5,1.0,805
up,210,0.95,0.7,800,73,0.09125,5,5,1.0,805
up,210,0.95,0.75,800,77,0.09625,5,5,1.0,805
up,210,0.95,0.8,800,89,0.11125,5,5,1.0,805
up,210,0.95,0.85,800,110,0.1375,5,5,1.0,805
up,210,0.95,0.9,800,139,0.17375,5,5,1.0,805
up,210,0.95,0.95,800,250,0.3125,5,5,1.0,805
up,240,0.0,0.05,26,23,0.8846153846153846,1370,1049,0.7656934306569343,1396
up,240,0.0,0.1,26,26,1.0,1370,1050,0.7664233576642335,1396
up,240,0.0,0.15,26,26,1.0,1370,1053,0.7686131386861313,1396
up,240,0.0,0.2,26,26,1.0,1370,1053,0.7686131386861313,1396
up,240,0.0,0.25,26,26,1.0,1370,1053,0.7686131386861313,1396
up,240,0.0,0.3,26,26,1.0,1370,1053,0.7686131386861313,1396
up,240,0.0,0.35,26,26,1.0,1370,1054,0.7693430656934307,1396
up,240,0.0,0.4,26,26,1.0,1370,1054,0.7693430656934307,1396
up,240,0.0,0.45,26,26,1.0,1370,1055,0.7700729927007299,1396
up,240,0.0,0.5,26,26,1.0,1370,1055,0.7700729927007299,1396
up,240,0.0,0.55,26,26,1.0,1370,1056,0.7708029197080292,1396
up,240,0.0,0.6,26,26,1.0,1370,1057,0.7715328467153285,1396
up,240,0.0,0.65,26,26,1.0,1370,1057,0.7715328467153285,1396
up,240,0.0,0.7,26,26,1.0,1370,1057,0.7715328467153285,1396
up,240,0.0,0.75,26,26,1.0,1370,1057,0.7715328467153285,1396
up,240,0.0,0.8,26,26,1.0,1370,1057,0.7715328467153285,1396
up,240,0.0,0.85,26,26,1.0,1370,1057,0.7715328467153285,1396
up,240,0.0,0.9,26,26,1.0,1370,1057,0.7715328467153285,1396
up,240,0.0,0.95,26,26,1.0,1370,1057,0.7715328467153285,1396
up,240,0.05,0.05,40,30,0.75,579,570,0.9844559585492227,619
up,240,0.05,0.1,40,39,0.975,579,575,0.9930915371329879,619
up,240,0.05,0.15,40,39,0.975,579,575,0.9930915371329879,619
up,240,0.05,0.2,40,39,0.975,579,575,0.9930915371329879,619
up,240,0.05,0.25,40,39,0.975,579,575,0.9930915371329879,619
up,240,0.05,0.3,40,39,0.975,579,575,0.9930915371329879,619
up,240,0.05,0.35,40,39,0.975,579,575,0.9930915371329879,619
up,240,0.05,0.4,40,39,0.975,579,575,0.9930915371329879,619
up,240,0.05,0.45,40,39,0.975,579,575,0.9930915371329879,619
up,240,0.05,0.5,40,39,0.975,579,575,0.9930915371329879,619
up,240,0.05,0.55,40,39,0.975,579,575,0.9930915371329879,619
up,240,0.05,0.6,40,39,0.975,579,575,0.9930915371329879,619
up,240,0.05,0.65,40,39,0.975,579,575,0.9930915371329879,619
up,240,0.05,0.7,40,39,0.975,579,575,0.9930915371329879,619
up,240,0.05,0.75,40,39,0.975,579,575,0.9930915371329879,619
up,240,0.05,0.8,40,39,0.975,579,575,0.9930915371329879,619
up,240,0.05,0.85,40,39,0.975,579,575,0.9930915371329879,619
up,240,0.05,0.9,40,39,0.975,579,575,0.9930915371329879,619
up,240,0.05,0.95,40,39,0.975,579,575,0.9930915371329879,619
up,240,0.1,0.05,47,15,0.3191489361702128,399,385,0.9649122807017544,446
up,240,0.1,0.1,47,31,0.6595744680851063,399,393,0.9849624060150376,446
up,240,0.1,0.15,47,44,0.9361702127659575,399,396,0.9924812030075187,446
up,240,0.1,0.2,47,46,0.9787234042553191,399,396,0.9924812030075187,446
up,240,0.1,0.25,47,47,1.0,399,397,0.9949874686716792,446
up,240,0.1,0.3,47,47,1.0,399,397,0.9949874686716792,446
up,240,0.1,0.35,47,47,1.0,399,397,0.9949874686716792,446
up,240,0.1,0.4,47,47,1.0,399,397,0.9949874686716792,446
up,240,0.1,0.45,47,47,1.0,399,397,0.9949874686716792,446
up,240,0.1,0.5,47,47,1.0,399,397,0.9949874686716792,446
up,240,0.1,0.55,47,47,1.0,399,397,0.9949874686716792,446
up,240,0.1,0.6,47,47,1.0,399,397,0.9949874686716792,446
up,240,0.1,0.65,47,47,1.0,399,397,0.9949874686716792,446
up,240,0.1,0.7,47,47,1.0,399,397,0.9949874686716792,446
up,240,0.1,0.75,47,47,1.0,399,397,0.9949874686716792,446
up,240,0.1,0.8,47,47,1.0,399,397,0.9949874686716792,446
up,240,0.1,0.85,47,47,1.0,399,397,0.9949874686716792,446
up,240,0.1,0.9,47,47,1.0,399,397,0.9949874686716792,446
up,240,0.1,0.95,47,47,1.0,399,397,0.9949874686716792,446
up,240,0.15,0.05,38,14,0.3684210526315789,228,214,0.9385964912280702,266
up,240,0.15,0.1,38,21,0.5526315789473685,228,221,0.9692982456140351,266
up,240,0.15,0.15,38,28,0.7368421052631579,228,225,0.9868421052631579,266
up,240,0.15,0.2,38,37,0.9736842105263158,228,228,1.0,266
up,240,0.15,0.25,38,38,1.0,228,228,1.0,266
up,240,0.15,0.3,38,38,1.0,228,228,1.0,266
up,240,0.15,0.35,38,38,1.0,228,228,1.0,266
up,240,0.15,0.4,38,38,1.0,228,228,1.0,266
up,240,0.15,0.45,38,38,1.0,228,228,1.0,266
up,240,0.15,0.5,38,38,1.0,228,228,1.0,266
up,240,0.15,0.55,38,38,1.0,228,228,1.0,266
up,240,0.15,0.6,38,38,1.0,228,228,1.0,266
up,240,0.15,0.65,38,38,1.0,228,228,1.0,266
up,240,0.15,0.7,38,38,1.0,228,228,1.0,266
up,240,0.15,0.75,38,38,1.0,228,228,1.0,266
up,240,0.15,0.8,38,38,1.0,228,228,1.0,266
up,240,0.15,0.85,38,38,1.0,228,228,1.0,266
up,240,0.15,0.9,38,38,1.0,228,228,1.0,266
up,240,0.15,0.95,38,38,1.0,228,228,1.0,266
up,240,0.2,0.05,67,13,0.19402985074626866,233,220,0.944206008583691,300
up,240,0.2,0.1,67,29,0.43283582089552236,233,226,0.9699570815450643,300
up,240,0.2,0.15,67,41,0.6119402985074627,233,229,0.9828326180257511,300
up,240,0.2,0.2,67,54,0.8059701492537313,233,231,0.9914163090128756,300
up,240,0.2,0.25,67,64,0.9552238805970149,233,233,1.0,300
up,240,0.2,0.3,67,67,1.0,233,233,1.0,300
up,240,0.2,0.35,67,67,1.0,233,233,1.0,300
up,240,0.2,0.4,67,67,1.0,233,233,1.0,300
up,240,0.2,0.45,67,67,1.0,233,233,1.0,300
up,240,0.2,0.5,67,67,1.0,233,233,1.0,300
up,240,0.2,0.55,67,67,1.0,233,233,1.0,300
up,240,0.2,0.6,67,67,1.0,233,233,1.0,300
up,240,0.2,0.65,67,67,1.0,233,233,1.0,300
up,240,0.2,0.7,67,67,1.0,233,233,1.0,300
up,240,0.2,0.75,67,67,1.0,233,233,1.0,300
up,240,0.2,0.8,67,67,1.0,233,233,1.0,300
up,240,0.2,0.85,67,67,1.0,233,233,1.0,300
up,240,0.2,0.9,67,67,1.0,233,233,1.0,300
up,240,0.2,0.95,67,67,1.0,233,233,1.0,300
up,240,0.25,0.05,75,9,0.12,231,202,0.8744588744588745,306
up,240,0.25,0.1,75,19,0.25333333333333335,231,217,0.9393939393939394,306
up,240,0.25,0.15,75,33,0.44,231,222,0.961038961038961,306
up,240,0.25,0.2,75,43,0.5733333333333334,231,226,0.9783549783549783,306
up,240,0.25,0.25,75,48,0.64,231,228,0.987012987012987,306
up,240,0.25,0.3,75,64,0.8533333333333334,231,231,1.0,306
up,240,0.25,0.35,75,69,0.92,231,231,1.0,306
up,240,0.25,0.4,75,73,0.9733333333333334,231,231,1.0,306
up,240,0.25,0.45,75,75,1.0,231,231,1.0,306
up,240,0.25,0.5,75,75,1.0,231,231,1.0,306
up,240,0.25,0.55,75,75,1.0,231,231,1.0,306
up,240,0.25,0.6,75,75,1.0,231,231,1.0,306
up,240,0.25,0.65,75,75,1.0,231,231,1.0,306
up,240,0.25,0.7,75,75,1.0,231,231,1.0,306
up,240,0.25,0.75,75,75,1.0,231,231,1.0,306
up,240,0.25,0.8,75,75,1.0,231,231,1.0,306
up,240,0.25,0.85,75,75,1.0,231,231,1.0,306
up,240,0.25,0.9,75,75,1.0,231,231,1.0,306
up,240,0.25,0.95,75,75,1.0,231,231,1.0,306
up,240,0.3,0.05,75,8,0.10666666666666667,160,143,0.89375,235
up,240,0.3,0.1,75,13,0.17333333333333334,160,152,0.95,235
up,240,0.3,0.15,75,19,0.25333333333333335,160,155,0.96875,235
up,240,0.3,0.2,75,29,0.38666666666666666,160,157,0.98125,235
up,240,0.3,0.25,75,40,0.5333333333333333,160,158,0.9875,235
up,240,0.3,0.3,75,54,0.72,160,160,1.0,235
up,240,0.3,0.35,75,72,0.96,160,160,1.0,235
up,240,0.3,0.4,75,74,0.9866666666666667,160,160,1.0,235
up,240,0.3,0.45,75,75,1.0,160,160,1.0,235
up,240,0.3,0.5,75,75,1.0,160,160,1.0,235
up,240,0.3,0.55,75,75,1.0,160,160,1.0,235
up,240,0.3,0.6,75,75,1.0,160,160,1.0,235
up,240,0.3,0.65,75,75,1.0,160,160,1.0,235
up,240,0.3,0.7,75,75,1.0,160,160,1.0,235
up,240,0.3,0.75,75,75,1.0,160,160,1.0,235
up,240,0.3,0.8,75,75,1.0,160,160,1.0,235
up,240,0.3,0.85,75,75,1.0,160,160,1.0,235
up,240,0.3,0.9,75,75,1.0,160,160,1.0,235
up,240,0.3,0.95,75,75,1.0,160,160,1.0,235
up,240,0.35,0.05,71,9,0.1267605633802817,126,109,0.8650793650793651,197
up,240,0.35,0.1,71,12,0.16901408450704225,126,117,0.9285714285714286,197
up,240,0.35,0.15,71,16,0.22535211267605634,126,122,0.9682539682539683,197
up,240,0.35,0.2,71,27,0.38028169014084506,126,123,0.9761904761904762,197
up,240,0.35,0.25,71,34,0.4788732394366197,126,123,0.9761904761904762,197
up,240,0.35,0.3,71,45,0.6338028169014085,126,124,0.9841269841269841,197
up,240,0.35,0.35,71,55,0.7746478873239436,126,124,0.9841269841269841,197
up,240,0.35,0.4,71,70,0.9859154929577465,126,125,0.9920634920634921,197
up,240,0.35,0.45,71,71,1.0,126,125,0.9920634920634921,197
up,240,0.35,0.5,71,71,1.0,126,125,0.9920634920634921,197
up,240,0.35,0.55,71,71,1.0,126,125,0.9920634920634921,197
up,240,0.35,0.6,71,71,1.0,126,125,0.9920634920634921,197
up,240,0.35,0.65,71,71,1.0,126,125,0.9920634920634921,197
up,240,0.35,0.7,71,71,1.0,126,125,0.9920634920634921,197
up,240,0.35,0.75,71,71,1.0,126,125,0.9920634920634921,197
up,240,0.35,0.8,71,71,1.0,126,125,0.9920634920634921,197
up,240,0.35,0.85,71,71,1.0,126,125,0.9920634920634921,197
up,240,0.35,0.9,71,71,1.0,126,125,0.9920634920634921,197
up,240,0.35,0.95,71,71,1.0,126,125,0.9920634920634921,197
up,240,0.4,0.05,110,9,0.08181818181818182,157,138,0.8789808917197452,267
up,240,0.4,0.1,110,16,0.14545454545454545,157,146,0.9299363057324841,267
up,240,0.4,0.15,110,25,0.22727272727272727,157,150,0.9554140127388535,267
up,240,0.4,0.2,110,35,0.3181818181818182,157,153,0.9745222929936306,267
up,240,0.4,0.25,110,45,0.4090909090909091,157,153,0.9745222929936306,267
up,240,0.4,0.3,110,54,0.4909090909090909,157,157,1.0,267
up,240,0.4,0.35,110,68,0.6181818181818182,157,157,1.0,267
up,240,0.4,0.4,110,89,0.8090909090909091,157,157,1.0,267
up,240,0.4,0.45,110,105,0.9545454545454546,157,157,1.0,267
up,240,0.4,0.5,110,107,0.9727272727272728,157,157,1.0,267
up,240,0.4,0.55,110,107,0.9727272727272728,157,157,1.0,267
up,240,0.4,0.6,110,108,0.9818181818181818,157,157,1.0,267
up,240,0.4,0.65,110,109,0.990909090909091,157,157,1.0,267
up,240,0.4,0.7,110,109,0.990909090909091,157,157,1.0,267
up,240,0.4,0.75,110,110,1.0,157,157,1.0,267
up,240,0.4,0.8,110,110,1.0,157,157,1.0,267
up,240,0.4,0.85,110,110,1.0,157,157,1.0,267
up,240,0.4,0.9,110,110,1.0,157,157,1.0,267
up,240,0.4,0.95,110,110,1.0,157,157,1.0,267
up,240,0.45,0.05,130,11,0.08461538461538462,128,107,0.8359375,258
up,240,0.45,0.1,130,15,0.11538461538461539,128,115,0.8984375,258
up,240,0.45,0.15,130,21,0.16153846153846155,128,119,0.9296875,258
up,240,0.45,0.2,130,26,0.2,128,123,0.9609375,258
up,240,0.45,0.25,130,30,0.23076923076923078,128,124,0.96875,258
up,240,0.45,0.3,130,47,0.36153846153846153,128,124,0.96875,258
up,240,0.45,0.35,130,58,0.4461538461538462,128,125,0.9765625,258
up,240,0.45,0.4,130,68,0.5230769230769231,128,126,0.984375,258
up,240,0.45,0.45,130,92,0.7076923076923077,128,128,1.0,258
up,240,0.45,0.5,130,118,0.9076923076923077,128,128,1.0,258
up,240,0.45,0.55,130,122,0.9384615384615385,128,128,1.0,258
up,240,0.45,0.6,130,127,0.9769230769230769,128,128,1.0,258
up,240,0.45,0.65,130,128,0.9846153846153847,128,128,1.0,258
up,240,0.45,0.7,130,129,0.9923076923076923,128,128,1.0,258
up,240,0.45,0.75,130,129,0.9923076923076923,128,128,1.0,258
up,240,0.45,0.8,130,129,0.9923076923076923,128,128,1.0,258
up,240,0.45,0.85,130,129,0.9923076923076923,128,128,1.0,258
up,240,0.45,0.9,130,129,0.9923076923076923,128,128,1.0,258
up,240,0.45,0.95,130,129,0.9923076923076923,128,128,1.0,258
up,240,0.5,0.05,134,12,0.08955223880597014,116,96,0.8275862068965517,250
up,240,0.5,0.1,134,17,0.12686567164179105,116,101,0.8706896551724138,250
up,240,0.5,0.15,134,20,0.14925373134328357,116,106,0.9137931034482759,250
up,240,0.5,0.2,134,26,0.19402985074626866,116,109,0.9396551724137931,250
up,240,0.5,0.25,134,30,0.22388059701492538,116,111,0.9568965517241379,250
up,240,0.5,0.3,134,40,0.29850746268656714,116,112,0.9655172413793104,250
up,240,0.5,0.35,134,49,0.3656716417910448,116,112,0.9655172413793104,250
up,240,0.5,0.4,134,55,0.41044776119402987,116,114,0.9827586206896551,250
up,240,0.5,0.45,134,65,0.48507462686567165,116,114,0.9827586206896551,250
up,240,0.5,0.5,134,91,0.6791044776119403,116,114,0.9827586206896551,250
up,240,0.5,0.55,134,124,0.9253731343283582,116,115,0.9913793103448276,250
up,240,0.5,0.6,134,130,0.9701492537313433,116,115,0.9913793103448276,250
up,240,0.5,0.65,134,132,0.9850746268656716,116,115,0.9913793103448276,250
up,240,0.5,0.7,134,132,0.9850746268656716,116,115,0.9913793103448276,250
up,240,0.5,0.75,134,132,0.9850746268656716,116,115,0.9913793103448276,250
up,240,0.5,0.8,134,133,0.9925373134328358,116,115,0.9913793103448276,250
up,240,0.5,0.85,134,133,0.9925373134328358,116,115,0.9913793103448276,250
up,240,0.5,0.9,134,133,0.9925373134328358,116,115,0.9913793103448276,250
up,240,0.5,0.95,134,133,0.9925373134328358,116,115,0.9913793103448276,250
up,240,0.55,0.05,189,8,0.042328042328042326,128,101,0.7890625,317
up,240,0.55,0.1,189,15,0.07936507936507936,128,111,0.8671875,317
up,240,0.55,0.15,189,23,0.12169312169312169,128,116,0.90625,317
up,240,0.55,0.2,189,31,0.164021164021164,128,121,0.9453125,317
up,240,0.55,0.25,189,41,0.21693121693121692,128,122,0.953125,317
up,240,0.55,0.3,189,57,0.30158730158730157,128,124,0.96875,317
up,240,0.55,0.35,189,66,0.3492063492063492,128,127,0.9921875,317
up,240,0.55,0.4,189,80,0.42328042328042326,128,127,0.9921875,317
up,240,0.55,0.45,189,96,0.5079365079365079,128,127,0.9921875,317
up,240,0.55,0.5,189,116,0.6137566137566137,128,127,0.9921875,317
up,240,0.55,0.55,189,136,0.7195767195767195,128,128,1.0,317
up,240,0.55,0.6,189,179,0.9470899470899471,128,128,1.0,317
up,240,0.55,0.65,189,185,0.9788359788359788,128,128,1.0,317
up,240,0.55,0.7,189,186,0.9841269841269841,128,128,1.0,317
up,240,0.55,0.75,189,187,0.9894179894179894,128,128,1.0,317
up,240,0.55,0.8,189,187,0.9894179894179894,128,128,1.0,317
up,240,0.55,0.85,189,188,0.9947089947089947,128,128,1.0,317
up,240,0.55,0.9,189,189,1.0,128,128,1.0,317
up,240,0.55,0.95,189,189,1.0,128,128,1.0,317
up,240,0.6,0.05,148,9,0.060810810810810814,69,57,0.8260869565217391,217
up,240,0.6,0.1,148,18,0.12162162162162163,69,60,0.8695652173913043,217
up,240,0.6,0.15,148,26,0.17567567567567569,69,61,0.8840579710144928,217
up,240,0.6,0.2,148,31,0.20945945945945946,69,63,0.9130434782608695,217
up,240,0.6,0.25,148,33,0.22297297297297297,69,65,0.9420289855072463,217
up,240,0.6,0.3,148,40,0.2702702702702703,69,65,0.9420289855072463,217
up,240,0.6,0.35,148,43,0.2905405405405405,69,66,0.9565217391304348,217
up,240,0.6,0.4,148,53,0.3581081081081081,69,67,0.9710144927536232,217
up,240,0.6,0.45,148,61,0.41216216216216217,69,67,0.9710144927536232,217
up,240,0.6,0.5,148,70,0.47297297297297297,69,68,0.9855072463768116,217
up,240,0.6,0.55,148,88,0.5945945945945946,69,69,1.0,217
up,240,0.6,0.6,148,102,0.6891891891891891,69,69,1.0,217
up,240,0.6,0.65,148,138,0.9324324324324325,69,69,1.0,217
up,240,0.6,0.7,148,144,0.972972972972973,69,69,1.0,217
up,240,0.6,0.75,148,147,0.9932432432432432,69,69,1.0,217
up,240,0.6,0.8,148,147,0.9932432432432432,69,69,1.0,217
up,240,0.6,0.85,148,147,0.9932432432432432,69,69,1.0,217
up,240,0.6,0.9,148,147,0.9932432432432432,69,69,1.0,217
up,240,0.6,0.95,148,147,0.9932432432432432,69,69,1.0,217
up,240,0.65,0.05,209,12,0.05741626794258373,87,72,0.8275862068965517,296
up,240,0.65,0.1,209,17,0.08133971291866028,87,77,0.8850574712643678,296
up,240,0.65,0.15,209,23,0.11004784688995216,87,81,0.9310344827586207,296
up,240,0.65,0.2,209,29,0.13875598086124402,87,83,0.9540229885057471,296
up,240,0.65,0.25,209,37,0.17703349282296652,87,84,0.9655172413793104,296
up,240,0.65,0.3,209,42,0.20095693779904306,87,85,0.9770114942528736,296
up,240,0.65,0.35,209,48,0.22966507177033493,87,85,0.9770114942528736,296
up,240,0.65,0.4,209,53,0.2535885167464115,87,85,0.9770114942528736,296
up,240,0.65,0.45,209,62,0.2966507177033493,87,85,0.9770114942528736,296
up,240,0.65,0.5,209,73,0.3492822966507177,87,85,0.9770114942528736,296
up,240,0.65,0.55,209,93,0.4449760765550239,87,86,0.9885057471264368,296
up,240,0.65,0.6,209,112,0.5358851674641149,87,86,0.9885057471264368,296
up,240,0.65,0.65,209,149,0.7129186602870813,87,86,0.9885057471264368,296
up,240,0.65,0.7,209,193,0.9234449760765551,87,87,1.0,296
up,240,0.65,0.75,209,201,0.9617224880382775,87,87,1.0,296
up,240,0.65,0.8,209,206,0.9856459330143541,87,87,1.0,296
up,240,0.65,0.85,209,208,0.9952153110047847,87,87,1.0,296
up,240,0.65,0.9,209,208,0.9952153110047847,87,87,1.0,296
up,240,0.65,0.95,209,209,1.0,87,87,1.0,296
up,240,0.7,0.05,155,10,0.06451612903225806,55,46,0.8363636363636363,210
up,240,0.7,0.1,155,14,0.09032258064516129,55,48,0.8727272727272727,210
up,240,0.7,0.15,155,18,0.11612903225806452,55,51,0.9272727272727272,210
up,240,0.7,0.2,155,22,0.14193548387096774,55,54,0.9818181818181818,210
up,240,0.7,0.25,155,25,0.16129032258064516,55,54,0.9818181818181818,210
up,240,0.7,0.3,155,33,0.2129032258064516,55,54,0.9818181818181818,210
up,240,0.7,0.35,155,37,0.23870967741935484,55,54,0.9818181818181818,210
up,240,0.7,0.4,155,41,0.2645161290322581,55,54,0.9818181818181818,210
up,240,0.7,0.45,155,46,0.2967741935483871,55,54,0.9818181818181818,210
up,240,0.7,0.5,155,52,0.33548387096774196,55,54,0.9818181818181818,210
up,240,0.7,0.55,155,62,0.4,55,54,0.9818181818181818,210
up,240,0.7,0.6,155,70,0.45161290322580644,55,54,0.9818181818181818,210
up,240,0.7,0.65,155,82,0.5290322580645161,55,54,0.9818181818181818,210
up,240,0.7,0.7,155,102,0.6580645161290323,55,54,0.9818181818181818,210
up,240,0.7,0.75,155,136,0.8774193548387097,55,54,0.9818181818181818,210
up,240,0.7,0.8,155,146,0.9419354838709677,55,54,0.9818181818181818,210
up,240,0.7,0.85,155,150,0.967741935483871,55,54,0.9818181818181818,210
up,240,0.7,0.9,155,152,0.9806451612903225,55,54,0.9818181818181818,210
up,240,0.7,0.95,155,155,1.0,55,54,0.9818181818181818,210
up,240,0.75,0.05,208,8,0.038461538461538464,68,55,0.8088235294117647,276
up,240,0.75,0.1,208,8,0.038461538461538464,68,60,0.8823529411764706,276
up,240,0.75,0.15,208,14,0.0673076923076923,68,64,0.9411764705882353,276
up,240,0.75,0.2,208,15,0.07211538461538461,68,66,0.9705882352941176,276
up,240,0.75,0.25,208,21,0.10096153846153846,68,67,0.9852941176470589,276
up,240,0.75,0.3,208,26,0.125,68,68,1.0,276
up,240,0.75,0.35,208,34,0.16346153846153846,68,68,1.0,276
up,240,0.75,0.4,208,38,0.18269230769230768,68,68,1.0,276
up,240,0.75,0.45,208,44,0.21153846153846154,68,68,1.0,276
up,240,0.75,0.5,208,53,0.2548076923076923,68,68,1.0,276
up,240,0.75,0.55,208,64,0.3076923076923077,68,68,1.0,276
up,240,0.75,0.6,208,76,0.36538461538461536,68,68,1.0,276
up,240,0.75,0.65,208,94,0.4519230769230769,68,68,1.0,276
up,240,0.75,0.7,208,112,0.5384615384615384,68,68,1.0,276
up,240,0.75,0.75,208,144,0.6923076923076923,68,68,1.0,276
up,240,0.75,0.8,208,203,0.9759615384615384,68,68,1.0,276
up,240,0.75,0.85,208,207,0.9951923076923077,68,68,1.0,276
up,240,0.75,0.9,208,208,1.0,68,68,1.0,276
up,240,0.75,0.95,208,208,1.0,68,68,1.0,276
up,240,0.8,0.05,268,11,0.041044776119402986,54,43,0.7962962962962963,322
up,240,0.8,0.1,268,19,0.0708955223880597,54,50,0.9259259259259259,322
up,240,0.8,0.15,268,23,0.08582089552238806,54,51,0.9444444444444444,322
up,240,0.8,0.2,268,27,0.10074626865671642,54,52,0.9629629629629629,322
up,240,0.8,0.25,268,35,0.13059701492537312,54,53,0.9814814814814815,322
up,240,0.8,0.3,268,42,0.15671641791044777,54,53,0.9814814814814815,322
up,240,0.8,0.35,268,46,0.17164179104477612,54,54,1.0,322
up,240,0.8,0.4,268,49,0.1828358208955224,54,54,1.0,322
up,240,0.8,0.45,268,56,0.208955223880597,54,54,1.0,322
up,240,0.8,0.5,268,66,0.2462686567164179,54,54,1.0,322
up,240,0.8,0.55,268,75,0.2798507462686567,54,54,1.0,322
up,240,0.8,0.6,268,83,0.30970149253731344,54,54,1.0,322
up,240,0.8,0.65,268,95,0.35447761194029853,54,54,1.0,322
up,240,0.8,0.7,268,118,0.44029850746268656,54,54,1.0,322
up,240,0.8,0.75,268,142,0.5298507462686567,54,54,1.0,322
up,240,0.8,0.8,268,191,0.7126865671641791,54,54,1.0,322
up,240,0.8,0.85,268,257,0.9589552238805971,54,54,1.0,322
up,240,0.8,0.9,268,267,0.996268656716418,54,54,1.0,322
up,240,0.8,0.95,268,268,1.0,54,54,1.0,322
up,240,0.85,0.05,337,9,0.026706231454005934,47,37,0.7872340425531915,384
up,240,0.85,0.1,337,16,0.04747774480712166,47,41,0.8723404255319149,384
up,240,0.85,0.15,337,18,0.05341246290801187,47,41,0.8723404255319149,384
up,240,0.85,0.2,337,24,0.0712166172106825,47,42,0.8936170212765957,384
up,240,0.85,0.25,337,28,0.0830860534124629,47,42,0.8936170212765957,384
up,240,0.85,0.3,337,38,0.11275964391691394,47,44,0.9361702127659575,384
up,240,0.85,0.35,337,38,0.11275964391691394,47,44,0.9361702127659575,384
up,240,0.85,0.4,337,44,0.13056379821958458,47,44,0.9361702127659575,384
up,240,0.85,0.45,337,51,0.1513353115727003,47,45,0.9574468085106383,384
up,240,0.85,0.5,337,64,0.18991097922848665,47,45,0.9574468085106383,384
up,240,0.85,0.55,337,69,0.20474777448071216,47,46,0.9787234042553191,384
up,240,0.85,0.6,337,74,0.2195845697329377,47,46,0.9787234042553191,384
up,240,0.85,0.65,337,83,0.24629080118694363,47,46,0.9787234042553191,384
up,240,0.85,0.7,337,105,0.3115727002967359,47,46,0.9787234042553191,384
up,240,0.85,0.75,337,122,0.3620178041543027,47,46,0.9787234042553191,384
up,240,0.85,0.8,337,150,0.44510385756676557,47,46,0.9787234042553191,384
up,240,0.85,0.85,337,196,0.5816023738872403,47,46,0.9787234042553191,384
up,240,0.85,0.9,337,317,0.9406528189910979,47,46,0.9787234042553191,384
up,240,0.85,0.95,337,337,1.0,47,46,0.9787234042553191,384
up,240,0.9,0.05,697,11,0.015781922525107604,52,38,0.7307692307692307,749
up,240,0.9,0.1,697,19,0.027259684361549498,52,40,0.7692307692307693,749
up,240,0.9,0.15,697,33,0.047345767575322814,52,47,0.9038461538461539,749
up,240,0.9,0.2,697,40,0.05738880918220947,52,49,0.9423076923076923,749
up,240,0.9,0.25,697,47,0.06743185078909612,52,50,0.9615384615384616,749
up,240,0.9,0.3,697,63,0.09038737446197992,52,51,0.9807692307692307,749
up,240,0.9,0.35,697,68,0.0975609756097561,52,51,0.9807692307692307,749
up,240,0.9,0.4,697,76,0.10903873744619799,52,51,0.9807692307692307,749
up,240,0.9,0.45,697,80,0.11477761836441894,52,51,0.9807692307692307,749
up,240,0.9,0.5,697,86,0.12338593974175036,52,52,1.0,749
up,240,0.9,0.55,697,93,0.133428981348637,52,52,1.0,749
up,240,0.9,0.6,697,100,0.14347202295552366,52,52,1.0,749
up,240,0.9,0.65,697,112,0.1606886657101865,52,52,1.0,749
up,240,0.9,0.7,697,131,0.18794835007173602,52,52,1.0,749
up,240,0.9,0.75,697,159,0.22812051649928264,52,52,1.0,749
up,240,0.9,0.8,697,180,0.2582496413199426,52,52,1.0,749
up,240,0.9,0.85,697,214,0.30703012912482064,52,52,1.0,749
up,240,0.9,0.9,697,355,0.509325681492109,52,52,1.0,749
up,240,0.9,0.95,697,665,0.9540889526542324,52,52,1.0,749
up,240,0.95,0.05,1280,15,0.01171875,7,6,0.8571428571428571,1287
up,240,0.95,0.1,1280,25,0.01953125,7,6,0.8571428571428571,1287
up,240,0.95,0.15,1280,29,0.02265625,7,6,0.8571428571428571,1287
up,240,0.95,0.2,1280,35,0.02734375,7,7,1.0,1287
up,240,0.95,0.25,1280,40,0.03125,7,7,1.0,1287
up,240,0.95,0.3,1280,55,0.04296875,7,7,1.0,1287
up,240,0.95,0.35,1280,55,0.04296875,7,7,1.0,1287
up,240,0.95,0.4,1280,57,0.04453125,7,7,1.0,1287
up,240,0.95,0.45,1280,60,0.046875,7,7,1.0,1287
up,240,0.95,0.5,1280,67,0.05234375,7,7,1.0,1287
up,240,0.95,0.55,1280,73,0.05703125,7,7,1.0,1287
up,240,0.95,0.6,1280,78,0.0609375,7,7,1.0,1287
up,240,0.95,0.65,1280,84,0.065625,7,7,1.0,1287
up,240,0.95,0.7,1280,100,0.078125,7,7,1.0,1287
up,240,0.95,0.75,1280,107,0.08359375,7,7,1.0,1287
up,240,0.95,0.8,1280,119,0.09296875,7,7,1.0,1287
up,240,0.95,0.85,1280,146,0.1140625,7,7,1.0,1287
up,240,0.95,0.9,1280,191,0.14921875,7,7,1.0,1287
up,240,0.95,0.95,1280,325,0.25390625,7,7,1.0,1287
up,270,0.0,0.05,28,24,0.8571428571428571,2107,1207,0.5728523967726625,2135
up,270,0.0,0.1,28,25,0.8928571428571429,2107,1216,0.5771238728049359,2135
up,270,0.0,0.15,28,26,0.9285714285714286,2107,1220,0.5790223065970574,2135
up,270,0.0,0.2,28,26,0.9285714285714286,2107,1220,0.5790223065970574,2135
up,270,0.0,0.25,28,26,0.9285714285714286,2107,1221,0.5794969150450878,2135
up,270,0.0,0.3,28,26,0.9285714285714286,2107,1223,0.5804461319411486,2135
up,270,0.0,0.35,28,27,0.9642857142857143,2107,1225,0.5813953488372093,2135
up,270,0.0,0.4,28,27,0.9642857142857143,2107,1225,0.5813953488372093,2135
up,270,0.0,0.45,28,28,1.0,2107,1226,0.5818699572852397,2135
up,270,0.0,0.5,28,28,1.0,2107,1228,0.5828191741813005,2135
up,270,0.0,0.55,28,28,1.0,2107,1231,0.5842429995253916,2135
up,270,0.0,0.6,28,28,1.0,2107,1233,0.5851922164214522,2135
up,270,0.0,0.65,28,28,1.0,2107,1233,0.5851922164214522,2135
up,270,0.0,0.7,28,28,1.0,2107,1234,0.5856668248694826,2135
up,270,0.0,0.75,28,28,1.0,2107,1241,0.5889890840056953,2135
up,270,0.0,0.8,28,28,1.0,2107,1241,0.5889890840056953,2135
up,270,0.0,0.85,28,28,1.0,2107,1242,0.5894636924537257,2135
up,270,0.0,0.9,28,28,1.0,2107,1242,0.5894636924537257,2135
up,270,0.0,0.95,28,28,1.0,2107,1243,0.589938300901756,2135
up,270,0.05,0.05,32,18,0.5625,451,439,0.9733924611973392,483
up,270,0.05,0.1,32,30,0.9375,451,443,0.9822616407982262,483
up,270,0.05,0.15,32,30,0.9375,451,443,0.9822616407982262,483
up,270,0.05,0.2,32,30,0.9375,451,444,0.9844789356984479,483
up,270,0.05,0.25,32,30,0.9375,451,444,0.9844789356984479,483
up,270,0.05,0.3,32,30,0.9375,451,444,0.9844789356984479,483
up,270,0.05,0.35,32,30,0.9375,451,444,0.9844789356984479,483
up,270,0.05,0.4,32,30,0.9375,451,444,0.9844789356984479,483
up,270,0.05,0.45,32,31,0.96875,451,444,0.9844789356984479,483
up,270,0.05,0.5,32,31,0.96875,451,444,0.9844789356984479,483
up,270,0.05,0.55,32,31,0.96875,451,444,0.9844789356984479,483
up,270,0.05,0.6,32,31,0.96875,451,444,0.9844789356984479,483
up,270,0.05,0.65,32,31,0.96875,451,444,0.9844789356984479,483
up,270,0.05,0.7,32,31,0.96875,451,444,0.9844789356984479,483
up,270,0.05,0.75,32,31,0.96875,451,444,0.9844789356984479,483
up,270,0.05,0.8,32,31,0.96875,451,444,0.9844789356984479,483
up,270,0.05,0.85,32,31,0.96875,451,444,0.9844789356984479,483
up,270,0.05,0.9,32,31,0.96875,451,444,0.9844789356984479,483
up,270,0.05,0.95,32,31,0.96875,451,444,0.9844789356984479,483
up,270,0.1,0.05,40,15,0.375,329,310,0.9422492401215805,369
up,270,0.1,0.1,40,30,0.75,329,322,0.9787234042553191,369
up,270,0.1,0.15,40,39,0.975,329,327,0.993920972644377,369
up,270,0.1,0.2,40,39,0.975,329,327,0.993920972644377,369
up,270,0.1,0.25,40,39,0.975,329,327,0.993920972644377,369
up,270,0.1,0.3,40,40,1.0,329,327,0.993920972644377,369
up,270,0.1,0.35,40,40,1.0,329,327,0.993920972644377,369
up,270,0.1,0.4,40,40,1.0,329,327,0.993920972644377,369
up,270,0.1,0.45,40,40,1.0,329,327,0.993920972644377,369
up,270,0.1,0.5,40,40,1.0,329,327,0.993920972644377,369
up,270,0.1,0.55,40,40,1.0,329,327,0.993920972644377,369
up,270,0.1,0.6,40,40,1.0,329,327,0.993920972644377,369
up,270,0.1,0.65,40,40,1.0,329,327,0.993920972644377,369
up,270,0.1,0.7,40,40,1.0,329,327,0.993920972644377,369
up,270,0.1,0.75,40,40,1.0,329,327,0.993920972644377,369
up,270,0.1,0.8,40,40,1.0,329,327,0.993920972644377,369
up,270,0.1,0.85,40,40,1.0,329,327,0.993920972644377,369
up,270,0.1,0.9,40,40,1.0,329,327,0.993920972644377,369
up,270,0.1,0.95,40,40,1.0,329,327,0.993920972644377,369
up,270,0.15,0.05,34,11,0.3235294117647059,171,150,0.8771929824561403,205
up,270,0.15,0.1,34,19,0.5588235294117647,171,159,0.9298245614035088,205
up,270,0.15,0.15,34,25,0.7352941176470589,171,165,0.9649122807017544,205
up,270,0.15,0.2,34,34,1.0,171,169,0.9883040935672515,205
up,270,0.15,0.25,34,34,1.0,171,171,1.0,205
up,270,0.15,0.3,34,34,1.0,171,171,1.0,205
up,270,0.15,0.35,34,34,1.0,171,171,1.0,205
up,270,0.15,0.4,34,34,1.0,171,171,1.0,205
up,270,0.15,0.45,34,34,1.0,171,171,1.0,205
up,270,0.15,0.5,34,34,1.0,171,171,1.0,205
up,270,0.15,0.55,34,34,1.0,171,171,1.0,205
up,270,0.15,0.6,34,34,1.0,171,171,1.0,205
up,270,0.15,0.65,34,34,1.0,171,171,1.0,205
up,270,0.15,0.7,34,34,1.0,171,171,1.0,205
up,270,0.15,0.75,34,34,1.0,171,171,1.0,205
up,270,0.15,0.8,34,34,1.0,171,171,1.0,205
up,270,0.15,0.85,34,34,1.0,171,171,1.0,205
up,270,0.15,0.9,34,34,1.0,171,171,1.0,205
up,270,0.15,0.95,34,34,1.0,171,171,1.0,205
up,270,0.2,0.05,36,11,0.3055555555555556,175,152,0.8685714285714285,211
up,270,0.2,0.1,36,15,0.4166666666666667,175,163,0.9314285714285714,211
up,270,0.2,0.15,36,20,0.5555555555555556,175,167,0.9542857142857143,211
up,270,0.2,0.2,36,27,0.75,175,173,0.9885714285714285,211
up,270,0.2,0.25,36,33,0.9166666666666666,175,175,1.0,211
up,270,0.2,0.3,36,34,0.9444444444444444,175,175,1.0,211
up,270,0.2,0.35,36,34,0.9444444444444444,175,175,1.0,211
up,270,0.2,0.4,36,35,0.9722222222222222,175,175,1.0,211
up,270,0.2,0.45,36,35,0.9722222222222222,175,175,1.0,211
up,270,0.2,0.5,36,35,0.9722222222222222,175,175,1.0,211
up,270,0.2,0.55,36,35,0.9722222222222222,175,175,1.0,211
up,270,0.2,0.6,36,35,0.9722222222222222,175,175,1.0,211
up,270,0.2,0.65,36,35,0.9722222222222222,175,175,1.0,211
up,270,0.2,0.7,36,35,0.9722222222222222,175,175,1.0,211
up,270,0.2,0.75,36,35,0.9722222222222222,175,175,1.0,211
up,270,0.2,0.8,36,35,0.9722222222222222,175,175,1.0,211
up,270,0.2,0.85,36,36,1.0,175,175,1.0,211
up,270,0.2,0.9,36,36,1.0,175,175,1.0,211
up,270,0.2,0.95,36,36,1.0,175,175,1.0,211
up,270,0.25,0.05,68,10,0.14705882352941177,190,165,0.868421052631579,258
up,270,0.25,0.1,68,20,0.29411764705882354,190,179,0.9421052631578948,258
up,270,0.25,0.15,68,26,0.38235294117647056,190,183,0.9631578947368421,258
up,270,0.25,0.2,68,33,0.4852941176470588,190,187,0.9842105263157894,258
up,270,0.25,0.25,68,48,0.7058823529411765,190,188,0.9894736842105263,258
up,270,0.25,0.3,68,66,0.9705882352941176,190,189,0.9947368421052631,258
up,270,0.25,0.35,68,66,0.9705882352941176,190,189,0.9947368421052631,258
up,270,0.25,0.4,68,66,0.9705882352941176,190,189,0.9947368421052631,258
up,270,0.25,0.45,68,67,0.9852941176470589,190,189,0.9947368421052631,258
up,270,0.25,0.5,68,67,0.9852941176470589,190,189,0.9947368421052631,258
up,270,0.25,0.55,68,68,1.0,190,189,0.9947368421052631,258
up,270,0.25,0.6,68,68,1.0,190,189,0.9947368421052631,258
up,270,0.25,0.65,68,68,1.0,190,189,0.9947368421052631,258
up,270,0.25,0.7,68,68,1.0,190,189,0.9947368421052631,258
up,270,0.25,0.75,68,68,1.0,190,189,0.9947368421052631,258
up,270,0.25,0.8,68,68,1.0,190,189,0.9947368421052631,258
up,270,0.25,0.85,68,68,1.0,190,189,0.9947368421052631,258
up,270,0.25,0.9,68,68,1.0,190,189,0.9947368421052631,258
up,270,0.25,0.95,68,68,1.0,190,189,0.9947368421052631,258
up,270,0.3,0.05,58,8,0.13793103448275862,130,111,0.8538461538461538,188
up,270,0.3,0.1,58,10,0.1724137931034483,130,115,0.8846153846153846,188
up,270,0.3,0.15,58,14,0.2413793103448276,130,119,0.9153846153846154,188
up,270,0.3,0.2,58,20,0.3448275862068966,130,124,0.9538461538461539,188
up,270,0.3,0.25,58,27,0.46551724137931033,130,126,0.9692307692307692,188
up,270,0.3,0.3,58,38,0.6551724137931034,130,128,0.9846153846153847,188
up,270,0.3,0.35,58,55,0.9482758620689655,130,130,1.0,188
up,270,0.3,0.4,58,56,0.9655172413793104,130,130,1.0,188
up,270,0.3,0.45,58,56,0.9655172413793104,130,130,1.0,188
up,270,0.3,0.5,58,57,0.9827586206896551,130,130,1.0,188
up,270,0.3,0.55,58,57,0.9827586206896551,130,130,1.0,188
up,270,0.3,0.6,58,57,0.9827586206896551,130,130,1.0,188
up,270,0.3,0.65,58,58,1.0,130,130,1.0,188
up,270,0.3,0.7,58,58,1.0,130,130,1.0,188
up,270,0.3,0.75,58,58,1.0,130,130,1.0,188
up,270,0.3,0.8,58,58,1.0,130,130,1.0,188
up,270,0.3,0.85,58,58,1.0,130,130,1.0,188
up,270,0.3,0.9,58,58,1.0,130,130,1.0,188
up,270,0.3,0.95,58,58,1.0,130,130,1.0,188
up,270,0.35,0.05,57,6,0.10526315789473684,85,72,0.8470588235294118,142
up,270,0.35,0.1,57,6,0.10526315789473684,85,78,0.9176470588235294,142
up,270,0.35,0.15,57,11,0.19298245614035087,85,82,0.9647058823529412,142
up,270,0.35,0.2,57,16,0.2807017543859649,85,82,0.9647058823529412,142
up,270,0.35,0.25,57,17,0.2982456140350877,85,82,0.9647058823529412,142
up,270,0.35,0.3,57,29,0.5087719298245614,85,82,0.9647058823529412,142
up,270,0.35,0.35,57,39,0.6842105263157895,85,84,0.9882352941176471,142
up,270,0.35,0.4,57,55,0.9649122807017544,85,84,0.9882352941176471,142
up,270,0.35,0.45,57,56,0.9824561403508771,85,84,0.9882352941176471,142
up,270,0.35,0.5,57,56,0.9824561403508771,85,84,0.9882352941176471,142
up,270,0.35,0.55,57,56,0.9824561403508771,85,84,0.9882352941176471,142
up,270,0.35,0.6,57,57,1.0,85,84,0.9882352941176471,142
up,270,0.35,0.65,57,57,1.0,85,84,0.9882352941176471,142
up,270,0.35,0.7,57,57,1.0,85,84,0.9882352941176471,142
up,270,0.35,0.75,57,57,1.0,85,84,0.9882352941176471,142
up,270,0.35,0.8,57,57,1.0,85,84,0.9882352941176471,142
up,270,0.35,0.85,57,57,1.0,85,84,0.9882352941176471,142
up,270,0.35,0.9,57,57,1.0,85,84,0.9882352941176471,142
up,270,0.35,0.95,57,57,1.0,85,84,0.9882352941176471,142
up,270,0.4,0.05,69,7,0.10144927536231885,99,75,0.7575757575757576,168
up,270,0.4,0.1,69,13,0.18840579710144928,99,86,0.8686868686868687,168
up,270,0.4,0.15,69,19,0.2753623188405797,99,92,0.9292929292929293,168
up,270,0.4,0.2,69,23,0.3333333333333333,99,93,0.9393939393939394,168
up,270,0.4,0.25,69,24,0.34782608695652173,99,94,0.9494949494949495,168
up,270,0.4,0.3,69,33,0.4782608695652174,99,96,0.9696969696969697,168
up,270,0.4,0.35,69,42,0.6086956521739131,99,98,0.98989898989899,168
up,270,0.4,0.4,69,57,0.8260869565217391,99,99,1.0,168
up,270,0.4,0.45,69,66,0.9565217391304348,99,99,1.0,168
up,270,0.4,0.5,69,67,0.9710144927536232,99,99,1.0,168
up,270,0.4,0.55,69,68,0.9855072463768116,99,99,1.0,168
up,270,0.4,0.6,69,68,0.9855072463768116,99,99,1.0,168
up,270,0.4,0.65,69,69,1.0,99,99,1.0,168
up,270,0.4,0.7,69,69,1.0,99,99,1.0,168
up,270,0.4,0.75,69,69,1.0,99,99,1.0,168
up,270,0.4,0.8,69,69,1.0,99,99,1.0,168
up,270,0.4,0.85,69,69,1.0,99,99,1.0,168
up,270,0.4,0.9,69,69,1.0,99,99,1.0,168
up,270,0.4,0.95,69,69,1.0,99,99,1.0,168
up,270,0.45,0.05,71,5,0.07042253521126761,70,53,0.7571428571428571,141
up,270,0.45,0.1,71,9,0.1267605633802817,70,56,0.8,141
up,270,0.45,0.15,71,13,0.18309859154929578,70,62,0.8857142857142857,141
up,270,0.45,0.2,71,15,0.2112676056338028,70,64,0.9142857142857143,141
up,270,0.45,0.25,71,23,0.323943661971831,70,68,0.9714285714285714,141
up,270,0.45,0.3,71,29,0.4084507042253521,70,70,1.0,141
up,270,0.45,0.35,71,35,0.49295774647887325,70,70,1.0,141
up,270,0.45,0.4,71,45,0.6338028169014085,70,70,1.0,141
up,270,0.45,0.45,71,52,0.7323943661971831,70,70,1.0,141
up,270,0.45,0.5,71,68,0.9577464788732394,70,70,1.0,141
up,270,0.45,0.55,71,68,0.9577464788732394,70,70,1.0,141
up,270,0.45,0.6,71,69,0.971830985915493,70,70,1.0,141
up,270,0.45,0.65,71,70,0.9859154929577465,70,70,1.0,141
up,270,0.45,0.7,71,70,0.9859154929577465,70,70,1.0,141
up,270,0.45,0.75,71,70,0.9859154929577465,70,70,1.0,141
up,270,0.45,0.8,71,70,0.9859154929577465,70,70,1.0,141
up,270,0.45,0.85,71,70,0.9859154929577465,70,70,1.0,141
up,270,0.45,0.9,71,70,0.9859154929577465,70,70,1.0,141
up,270,0.45,0.95,71,70,0.9859154929577465,70,70,1.0,141
up,270,0.5,0.05,83,3,0.03614457831325301,80,56,0.7,163
up,270,0.5,0.1,83,8,0.0963855421686747,80,61,0.7625,163
up,270,0.5,0.15,83,9,0.10843373493975904,80,65,0.8125,163
up,270,0.5,0.2,83,13,0.1566265060240964,80,68,0.85,163
up,270,0.5,0.25,83,19,0.2289156626506024,80,73,0.9125,163
up,270,0.5,0.3,83,25,0.30120481927710846,80,77,0.9625,163
up,270,0.5,0.35,83,30,0.3614457831325301,80,78,0.975,163
up,270,0.5,0.4,83,35,0.42168674698795183,80,79,0.9875,163
up,270,0.5,0.45,83,46,0.5542168674698795,80,79,0.9875,163
up,270,0.5,0.5,83,56,0.6746987951807228,80,79,0.9875,163
up,270,0.5,0.55,83,75,0.9036144578313253,80,79,0.9875,163
up,270,0.5,0.6,83,78,0.9397590361445783,80,79,0.9875,163
up,270,0.5,0.65,83,80,0.963855421686747,80,79,0.9875,163
up,270,0.5,0.7,83,81,0.9759036144578314,80,79,0.9875,163
up,270,0.5,0.75,83,82,0.9879518072289156,80,79,0.9875,163
up,270,0.5,0.8,83,82,0.9879518072289156,80,79,0.9875,163
up,270,0.5,0.85,83,82,0.9879518072289156,80,79,0.9875,163
up,270,0.5,0.9,83,82,0.9879518072289156,80,79,0.9875,163
up,270,0.5,0.95,83,82,0.9879518072289156,80,79,0.9875,163
up,270,0.55,0.05,115,2,0.017391304347826087,86,65,0.7558139534883721,201
up,270,0.55,0.1,115,5,0.043478260869565216,86,72,0.8372093023255814,201
up,270,0.55,0.15,115,12,0.10434782608695652,86,73,0.8488372093023255,201
up,270,0.55,0.2,115,17,0.14782608695652175,86,79,0.9186046511627907,201
up,270,0.55,0.25,115,23,0.2,86,79,0.9186046511627907,201
up,270,0.55,0.3,115,34,0.2956521739130435,86,82,0.9534883720930233,201
up,270,0.55,0.35,115,44,0.3826086956521739,86,82,0.9534883720930233,201
up,270,0.55,0.4,115,48,0.41739130434782606,86,82,0.9534883720930233,201
up,270,0.55,0.45,115,55,0.4782608695652174,86,83,0.9651162790697675,201
up,270,0.55,0.5,115,63,0.5478260869565217,86,84,0.9767441860465116,201
up,270,0.55,0.55,115,78,0.6782608695652174,86,86,1.0,201
up,270,0.55,0.6,115,106,0.9217391304347826,86,86,1.0,201
up,270,0.55,0.65,115,110,0.9565217391304348,86,86,1.0,201
up,270,0.55,0.7,115,111,0.9652173913043478,86,86,1.0,201
up,270,0.55,0.75,115,113,0.9826086956521739,86,86,1.0,201
up,270,0.55,0.8,115,113,0.9826086956521739,86,86,1.0,201
up,270,0.55,0.85,115,114,0.991304347826087,86,86,1.0,201
up,270,0.55,0.9,115,114,0.991304347826087,86,86,1.0,201
up,270,0.55,0.95,115,115,1.0,86,86,1.0,201
up,270,0.6,0.05,99,7,0.0707070707070707,53,40,0.7547169811320755,152
up,270,0.6,0.1,99,9,0.09090909090909091,53,46,0.8679245283018868,152
up,270,0.6,0.15,99,13,0.13131313131313133,53,48,0.9056603773584906,152
up,270,0.6,0.2,99,16,0.16161616161616163,53,50,0.9433962264150944,152
up,270,0.6,0.25,99,17,0.1717171717171717,53,50,0.9433962264150944,152
up,270,0.6,0.3,99,22,0.2222222222222222,53,52,0.9811320754716981,152
up,270,0.6,0.35,99,27,0.2727272727272727,53,52,0.9811320754716981,152
up,270,0.6,0.4,99,28,0.2828282828282828,53,52,0.9811320754716981,152
up,270,0.6,0.45,99,36,0.36363636363636365,53,52,0.9811320754716981,152
up,270,0.6,0.5,99,41,0.41414141414141414,53,52,0.9811320754716981,152
up,270,0.6,0.55,99,49,0.494949494949495,53,53,1.0,152
up,270,0.6,0.6,99,71,0.7171717171717171,53,53,1.0,152
up,270,0.6,0.65,99,89,0.898989898989899,53,53,1.0,152
up,270,0.6,0.7,99,91,0.9191919191919192,53,53,1.0,152
up,270,0.6,0.75,99,95,0.9595959595959596,53,53,1.0,152
up,270,0.6,0.8,99,97,0.9797979797979798,53,53,1.0,152
up,270,0.6,0.85,99,98,0.98989898989899,53,53,1.0,152
up,270,0.6,0.9,99,98,0.98989898989899,53,53,1.0,152
up,270,0.6,0.95,99,98,0.98989898989899,53,53,1.0,152
up,270,0.65,0.05,155,9,0.05806451612903226,51,42,0.8235294117647058,206
up,270,0.65,0.1,155,12,0.07741935483870968,51,46,0.9019607843137255,206
up,270,0.65,0.15,155,14,0.09032258064516129,51,47,0.9215686274509803,206
up,270,0.65,0.2,155,17,0.10967741935483871,51,48,0.9411764705882353,206
up,270,0.65,0.25,155,23,0.14838709677419354,51,48,0.9411764705882353,206
up,270,0.65,0.3,155,33,0.2129032258064516,51,49,0.9607843137254902,206
up,270,0.65,0.35,155,38,0.24516129032258063,51,49,0.9607843137254902,206
up,270,0.65,0.4,155,45,0.2903225806451613,51,50,0.9803921568627451,206
up,270,0.65,0.45,155,51,0.32903225806451614,51,50,0.9803921568627451,206
up,270,0.65,0.5,155,53,0.3419354838709677,51,50,0.9803921568627451,206
up,270,0.65,0.55,155,63,0.4064516129032258,51,50,0.9803921568627451,206
up,270,0.65,0.6,155,73,0.47096774193548385,51,51,1.0,206
up,270,0.65,0.65,155,101,0.6516129032258065,51,51,1.0,206
up,270,0.65,0.7,155,145,0.9354838709677419,51,51,1.0,206
up,270,0.65,0.75,155,149,0.9612903225806452,51,51,1.0,206
up,270,0.65,0.8,155,153,0.9870967741935484,51,51,1.0,206
up,270,0.65,0.85,155,155,1.0,51,51,1.0,206
up,270,0.65,0.9,155,155,1.0,51,51,1.0,206
up,270,0.65,0.95,155,155,1.0,51,51,1.0,206
up,270,0.7,0.05,99,2,0.020202020202020204,38,24,0.631578947368421,137
up,270,0.7,0.1,99,3,0.030303030303030304,38,29,0.7631578947368421,137
up,270,0.7,0.15,99,6,0.06060606060606061,38,30,0.7894736842105263,137
up,270,0.7,0.2,99,11,0.1111111111111111,38,32,0.8421052631578947,137
up,270,0.7,0.25,99,14,0.1414141414141414,38,33,0.868421052631579,137
up,270,0.7,0.3,99,19,0.1919191919191919,38,34,0.8947368421052632,137
up,270,0.7,0.35,99,21,0.21212121212121213,38,35,0.9210526315789473,137
up,270,0.7,0.4,99,25,0.25252525252525254,38,35,0.9210526315789473,137
up,270,0.7,0.45,99,28,0.2828282828282828,38,35,0.9210526315789473,137
up,270,0.7,0.5,99,30,0.30303030303030304,38,35,0.9210526315789473,137
up,270,0.7,0.55,99,33,0.3333333333333333,38,35,0.9210526315789473,137
up,270,0.7,0.6,99,38,0.3838383838383838,38,36,0.9473684210526315,137
up,270,0.7,0.65,99,47,0.47474747474747475,38,36,0.9473684210526315,137
up,270,0.7,0.7,99,61,0.6161616161616161,38,37,0.9736842105263158,137
up,270,0.7,0.75,99,94,0.9494949494949495,38,37,0.9736842105263158,137
up,270,0.7,0.8,99,98,0.98989898989899,38,37,0.9736842105263158,137
up,270,0.7,0.85,99,98,0.98989898989899,38,37,0.9736842105263158,137
up,270,0.7,0.9,99,98,0.98989898989899,38,37,0.9736842105263158,137
up,270,0.7,0.95,99,99,1.0,38,37,0.9736842105263158,137
up,270,0.75,0.05,165,5,0.030303030303030304,47,39,0.8297872340425532,212
up,270,0.75,0.1,165,11,0.06666666666666667,47,41,0.8723404255319149,212
up,270,0.75,0.15,165,17,0.10303030303030303,47,43,0.9148936170212766,212
up,270,0.75,0.2,165,23,0.1393939393939394,47,44,0.9361702127659575,212
up,270,0.75,0.25,165,27,0.16363636363636364,47,44,0.9361702127659575,212
up,270,0.75,0.3,165,30,0.18181818181818182,47,45,0.9574468085106383,212
up,270,0.75,0.35,165,32,0.19393939393939394,47,45,0.9574468085106383,212
up,270,0.75,0.4,165,38,0.23030303030303031,47,46,0.9787234042553191,212
up,270,0.75,0.45,165,42,0.2545454545454545,47,46,0.9787234042553191,212
up,270,0.75,0.5,165,46,0.2787878787878788,47,46,0.9787234042553191,212
up,270,0.75,0.55,165,52,0.3151515151515151,47,47,1.0,212
up,270,0.75,0.6,165,62,0.37575757575757573,47,47,1.0,212
up,270,0.75,0.65,165,70,0.42424242424242425,47,47,1.0,212
up,270,0.75,0.7,165,88,0.5333333333333333,47,47,1.0,212
up,270,0.75,0.75,165,118,0.7151515151515152,47,47,1.0,212
up,270,0.75,0.8,165,158,0.9575757575757575,47,47,1.0,212
up,270,0.75,0.85,165,164,0.9939393939393939,47,47,1.0,212
up,270,0.75,0.9,165,165,1.0,47,47,1.0,212
up,270,0.75,0.95,165,165,1.0,47,47,1.0,212
up,270,0.8,0.05,214,8,0.037383177570093455,33,26,0.7878787878787878,247
up,270,0.8,0.1,214,13,0.06074766355140187,33,27,0.8181818181818182,247
up,270,0.8,0.15,214,18,0.08411214953271028,33,28,0.8484848484848485,247
up,270,0.8,0.2,214,23,0.10747663551401869,33,32,0.9696969696969697,247
up,270,0.8,0.25,214,27,0.1261682242990654,33,32,0.9696969696969697,247
up,270,0.8,0.3,214,30,0.14018691588785046,33,32,0.9696969696969697,247
up,270,0.8,0.35,214,36,0.16822429906542055,33,33,1.0,247
up,270,0.8,0.4,214,38,0.17757009345794392,33,33,1.0,247
up,270,0.8,0.45,214,43,0.20093457943925233,33,33,1.0,247
up,270,0.8,0.5,214,56,0.2616822429906542,33,33,1.0,247
up,270,0.8,0.55,214,66,0.308411214953271,33,33,1.0,247
up,270,0.8,0.6,214,73,0.3411214953271028,33,33,1.0,247
up,270,0.8,0.65,214,79,0.3691588785046729,33,33,1.0,247
up,270,0.8,0.7,214,94,0.4392523364485981,33,33,1.0,247
up,270,0.8,0.75,214,101,0.4719626168224299,33,33,1.0,247
up,270,0.8,0.8,214,130,0.6074766355140186,33,33,1.0,247
up,270,0.8,0.85,214,201,0.9392523364485982,33,33,1.0,247
up,270,0.8,0.9,214,210,0.9813084112149533,33,33,1.0,247
up,270,0.8,0.95,214,214,1.0,33,33,1.0,247
up,270,0.85,0.05,276,7,0.025362318840579712,44,30,0.6818181818181818,320
up,270,0.85,0.1,276,13,0.04710144927536232,44,36,0.8181818181818182,320
up,270,0.85,0.15,276,18,0.06521739130434782,44,38,0.8636363636363636,320
up,270,0.85,0.2,276,24,0.08695652173913043,44,39,0.8863636363636364,320
up,270,0.85,0.25,276,30,0.10869565217391304,44,40,0.9090909090909091,320
up,270,0.85,0.3,276,36,0.13043478260869565,44,41,0.9318181818181818,320
up,270,0.85,0.35,276,37,0.13405797101449277,44,41,0.9318181818181818,320
up,270,0.85,0.4,276,42,0.15217391304347827,44,42,0.9545454545454546,320
up,270,0.85,0.45,276,45,0.16304347826086957,44,43,0.9772727272727273,320
up,270,0.85,0.5,276,51,0.18478260869565216,44,43,0.9772727272727273,320
up,270,0.85,0.55,276,56,0.2028985507246377,44,43,0.9772727272727273,320
up,270,0.85,0.6,276,66,0.2391304347826087,44,43,0.9772727272727273,320
up,270,0.85,0.65,276,71,0.2572463768115942,44,43,0.9772727272727273,320
up,270,0.85,0.7,276,88,0.3188405797101449,44,43,0.9772727272727273,320
up,270,0.85,0.75,276,99,0.358695652173913,44,43,0.9772727272727273,320
up,270,0.85,0.8,276,129,0.4673913043478261,44,43,0.9772727272727273,320
up,270,0.85,0.85,276,178,0.644927536231884,44,43,0.9772727272727273,320
up,270,0.85,0.9,276,257,0.9311594202898551,44,43,0.9772727272727273,320
up,270,0.85,0.95,276,274,0.9927536231884058,44,43,0.9772727272727273,320
up,270,0.9,0.05,542,18,0.033210332103321034,37,29,0.7837837837837838,579
up,270,0.9,0.1,542,28,0.05166051660516605,37,31,0.8378378378378378,579
up,270,0.9,0.15,542,38,0.07011070110701106,37,32,0.8648648648648649,579
up,270,0.9,0.2,542,42,0.07749077490774908,37,33,0.8918918918918919,579
up,270,0.9,0.25,542,45,0.08302583025830258,37,35,0.9459459459459459,579
up,270,0.9,0.3,542,55,0.1014760147601476,37,36,0.972972972972973,579
up,270,0.9,0.35,542,57,0.10516605166051661,37,36,0.972972972972973,579
up,270,0.9,0.4,542,58,0.1070110701107011,37,36,0.972972972972973,579
up,270,0.9,0.45,542,66,0.12177121771217712,37,36,0.972972972972973,579
up,270,0.9,0.5,542,72,0.13284132841328414,37,37,1.0,579
up,270,0.9,0.55,542,75,0.13837638376383765,37,37,1.0,579
up,270,0.9,0.6,542,81,0.14944649446494465,37,37,1.0,579
up,270,0.9,0.65,542,90,0.16605166051660517,37,37,1.0,579
up,270,0.9,0.7,542,103,0.1900369003690037,37,37,1.0,579
up,270,0.9,0.75,542,121,0.22324723247232472,37,37,1.0,579
up,270,0.9,0.8,542,140,0.25830258302583026,37,37,1.0,579
up,270,0.9,0.85,542,174,0.3210332103321033,37,37,1.0,579
up,270,0.9,0.9,542,266,0.4907749077490775,37,37,1.0,579
up,270,0.9,0.95,542,517,0.9538745387453874,37,37,1.0,579
up,270,0.95,0.05,2063,27,0.013087736306349976,18,11,0.6111111111111112,2081
up,270,0.95,0.1,2063,42,0.02035870092098885,18,12,0.6666666666666666,2081
up,270,0.95,0.15,2063,53,0.025690741638390694,18,16,0.8888888888888888,2081
up,270,0.95,0.2,2063,61,0.02956858943286476,18,16,0.8888888888888888,2081
up,270,0.95,0.25,2063,71,0.034415899175957346,18,16,0.8888888888888888,2081
up,270,0.95,0.3,2063,103,0.04992729035385361,18,17,0.9444444444444444,2081
up,270,0.95,0.35,2063,103,0.04992729035385361,18,17,0.9444444444444444,2081
up,270,0.95,0.4,2063,109,0.052835676199709164,18,17,0.9444444444444444,2081
up,270,0.95,0.45,2063,113,0.054774600096946194,18,18,1.0,2081
up,270,0.95,0.5,2063,127,0.06156083373727581,18,18,1.0,2081
up,270,0.95,0.55,2063,134,0.06495395055744062,18,18,1.0,2081
up,270,0.95,0.6,2063,139,0.06737760542898691,18,18,1.0,2081
up,270,0.95,0.65,2063,148,0.07174018419777024,18,18,1.0,2081
up,270,0.95,0.7,2063,170,0.08240426563257393,18,18,1.0,2081
up,270,0.95,0.75,2063,187,0.09064469219583131,18,18,1.0,2081
up,270,0.95,0.8,2063,202,0.0979156568104702,18,18,1.0,2081
up,270,0.95,0.85,2063,218,0.10567135239941833,18,18,1.0,2081
up,270,0.95,0.9,2063,271,0.13136209403780902,18,18,1.0,2081
up,270,0.95,0.95,2063,427,0.2069801260300533,18,18,1.0,2081
down,0,0.3,0.05,0,0,0.0,1,1,1.0,1
down,0,0.3,0.1,0,0,0.0,1,1,1.0,1
down,0,0.3,0.15,0,0,0.0,1,1,1.0,1
down,0,0.3,0.2,0,0,0.0,1,1,1.0,1
down,0,0.3,0.25,0,0,0.0,1,1,1.0,1
down,0,0.3,0.3,0,0,0.0,1,1,1.0,1
down,0,0.3,0.35,0,0,0.0,1,1,1.0,1
down,0,0.3,0.4,0,0,0.0,1,1,1.0,1
down,0,0.3,0.45,0,0,0.0,1,1,1.0,1
down,0,0.3,0.5,0,0,0.0,1,1,1.0,1
down,0,0.3,0.55,0,0,0.0,1,1,1.0,1
down,0,0.3,0.6,0,0,0.0,1,1,1.0,1
down,0,0.3,0.65,0,0,0.0,1,1,1.0,1
down,0,0.3,0.7,0,0,0.0,1,1,1.0,1
down,0,0.3,0.75,0,0,0.0,1,1,1.0,1
down,0,0.3,0.8,0,0,0.0,1,1,1.0,1
down,0,0.3,0.85,0,0,0.0,1,1,1.0,1
down,0,0.3,0.9,0,0,0.0,1,1,1.0,1
down,0,0.3,0.95,0,0,0.0,1,1,1.0,1
down,0,0.35,0.05,3,0,0.0,7,7,1.0,10
down,0,0.35,0.1,3,0,0.0,7,7,1.0,10
down,0,0.35,0.15,3,1,0.3333333333333333,7,7,1.0,10
down,0,0.35,0.2,3,1,0.3333333333333333,7,7,1.0,10
down,0,0.35,0.25,3,2,0.6666666666666666,7,7,1.0,10
down,0,0.35,0.3,3,2,0.6666666666666666,7,7,1.0,10
down,0,0.35,0.35,3,2,0.6666666666666666,7,7,1.0,10
down,0,0.35,0.4,3,3,1.0,7,7,1.0,10
down,0,0.35,0.45,3,3,1.0,7,7,1.0,10
down,0,0.35,0.5,3,3,1.0,7,7,1.0,10
down,0,0.35,0.55,3,3,1.0,7,7,1.0,10
down,0,0.35,0.6,3,3,1.0,7,7,1.0,10
down,0,0.35,0.65,3,3,1.0,7,7,1.0,10
down,0,0.35,0.7,3,3,1.0,7,7,1.0,10
down,0,0.35,0.75,3,3,1.0,7,7,1.0,10
down,0,0.35,0.8,3,3,1.0,7,7,1.0,10
down,0,0.35,0.85,3,3,1.0,7,7,1.0,10
down,0,0.35,0.9,3,3,1.0,7,7,1.0,10
down,0,0.35,0.95,3,3,1.0,7,7,1.0,10
down,0,0.4,0.05,12,2,0.16666666666666666,15,15,1.0,27
down,0,0.4,0.1,12,3,0.25,15,15,1.0,27
down,0,0.4,0.15,12,3,0.25,15,15,1.0,27
down,0,0.4,0.2,12,4,0.3333333333333333,15,15,1.0,27
down,0,0.4,0.25,12,5,0.4166666666666667,15,15,1.0,27
down,0,0.4,0.3,12,5,0.4166666666666667,15,15,1.0,27
down,0,0.4,0.35,12,6,0.5,15,15,1.0,27
down,0,0.4,0.4,12,8,0.6666666666666666,15,15,1.0,27
down,0,0.4,0.45,12,12,1.0,15,15,1.0,27
down,0,0.4,0.5,12,12,1.0,15,15,1.0,27
down,0,0.4,0.55,12,12,1.0,15,15,1.0,27
down,0,0.4,0.6,12,12,1.0,15,15,1.0,27
down,0,0.4,0.65,12,12,1.0,15,15,1.0,27
down,0,0.4,0.7,12,12,1.0,15,15,1.0,27
down,0,0.4,0.75,12,12,1.0,15,15,1.0,27
down,0,0.4,0.8,12,12,1.0,15,15,1.0,27
down,0,0.4,0.85,12,12,1.0,15,15,1.0,27
down,0,0.4,0.9,12,12,1.0,15,15,1.0,27
down,0,0.4,0.95,12,12,1.0,15,15,1.0,27
down,0,0.45,0.05,97,9,0.09278350515463918,92,86,0.9347826086956522,189
down,0,0.45,0.1,97,17,0.17525773195876287,92,89,0.967391304347826,189
down,0,0.45,0.15,97,21,0.21649484536082475,92,91,0.9891304347826086,189
down,0,0.45,0.2,97,27,0.27835051546391754,92,92,1.0,189
down,0,0.45,0.25,97,36,0.3711340206185567,92,92,1.0,189
down,0,0.45,0.3,97,47,0.4845360824742268,92,92,1.0,189
down,0,0.45,0.35,97,54,0.5567010309278351,92,92,1.0,189
down,0,0.45,0.4,97,64,0.6597938144329897,92,92,1.0,189
down,0,0.45,0.45,97,74,0.7628865979381443,92,92,1.0,189
down,0,0.45,0.5,97,97,1.0,92,92,1.0,189
down,0,0.45,0.55,97,97,1.0,92,92,1.0,189
down,0,0.45,0.6,97,97,1.0,92,92,1.0,189
down,0,0.45,0.65,97,97,1.0,92,92,1.0,189
down,0,0.45,0.7,97,97,1.0,92,92,1.0,189
down,0,0.45,0.75,97,97,1.0,92,92,1.0,189
down,0,0.45,0.8,97,97,1.0,92,92,1.0,189
down,0,0.45,0.85,97,97,1.0,92,92,1.0,189
down,0,0.45,0.9,97,97,1.0,92,92,1.0,189
down,0,0.45,0.95,97,97,1.0,92,92,1.0,189
down,0,0.5,0.05,4161,250,0.0600817111271329,4178,3886,0.9301101005265677,8339
down,0,0.5,0.1,4161,481,0.1155972122086037,4178,4021,0.9624222115844902,8339
down,0,0.5,0.15,4161,749,0.18000480653689016,4178,4092,0.9794159885112494,8339
down,0,0.5,0.2,4161,1019,0.2448930545541937,4178,4120,0.9861177596936334,8339
down,0,0.5,0.25,4161,1331,0.31987503004085555,4178,4141,0.9911440880804212,8339
down,0,0.5,0.3,4161,1721,0.41360249939918287,4178,4157,0.994973671613212,8339
down,0,0.5,0.35,4161,2109,0.5068493150684932,4178,4163,0.9964097654380086,8339
down,0,0.5,0.4,4161,2544,0.6113914924297044,4178,4168,0.9976065102920058,8339
down,0,0.5,0.45,4161,2979,0.7159336697909157,4178,4171,0.998324557204404,8339
down,0,0.5,0.5,4161,3495,0.839942321557318,4178,4175,0.9992819530876017,8339
down,0,0.5,0.55,4161,3831,0.9206921413121846,4178,4176,0.9995213020584012,8339
down,0,0.5,0.6,4161,4017,0.9653929343907715,4178,4176,0.9995213020584012,8339
down,0,0.5,0.65,4161,4101,0.9855803893294881,4178,4176,0.9995213020584012,8339
down,0,0.5,0.7,4161,4135,0.9937515020427782,4178,4176,0.9995213020584012,8339
down,0,0.5,0.75,4161,4155,0.9985580389329488,4178,4176,0.9995213020584012,8339
down,0,0.5,0.8,4161,4159,0.9995193463109829,4178,4176,0.9995213020584012,8339
down,0,0.5,0.85,4161,4159,0.9995193463109829,4178,4176,0.9995213020584012,8339
down,0,0.5,0.9,4161,4159,0.9995193463109829,4178,4176,0.9995213020584012,8339
down,0,0.5,0.95,4161,4159,0.9995193463109829,4178,4176,0.9995213020584012,8339
down,0,0.55,0.05,11,0,0.0,7,7,1.0,18
down,0,0.55,0.1,11,2,0.18181818181818182,7,7,1.0,18
down,0,0.55,0.15,11,3,0.2727272727272727,7,7,1.0,18
down,0,0.55,0.2,11,3,0.2727272727272727,7,7,1.0,18
down,0,0.55,0.25,11,3,0.2727272727272727,7,7,1.0,18
down,0,0.55,0.3,11,3,0.2727272727272727,7,7,1.0,18
down,0,0.55,0.35,11,3,0.2727272727272727,7,7,1.0,18
down,0,0.55,0.4,11,5,0.45454545454545453,7,7,1.0,18
down,0,0.55,0.45,11,6,0.5454545454545454,7,7,1.0,18
down,0,0.55,0.5,11,7,0.6363636363636364,7,7,1.0,18
down,0,0.55,0.55,11,9,0.8181818181818182,7,7,1.0,18
down,0,0.55,0.6,11,11,1.0,7,7,1.0,18
down,0,0.55,0.65,11,11,1.0,7,7,1.0,18
down,0,0.55,0.7,11,11,1.0,7,7,1.0,18
down,0,0.55,0.75,11,11,1.0,7,7,1.0,18
down,0,0.55,0.8,11,11,1.0,7,7,1.0,18
down,0,0.55,0.85,11,11,1.0,7,7,1.0,18
down,0,0.55,0.9,11,11,1.0,7,7,1.0,18
down,0,0.55,0.95,11,11,1.0,7,7,1.0,18
down,0,0.6,0.05,4,0,0.0,2,1,0.5,6
down,0,0.6,0.1,4,0,0.0,2,2,1.0,6
down,0,0.6,0.15,4,0,0.0,2,2,1.0,6
down,0,0.6,0.2,4,0,0.0,2,2,1.0,6
down,0,0.6,0.25,4,0,0.0,2,2,1.0,6
down,0,0.6,0.3,4,0,0.0,2,2,1.0,6
down,0,0.6,0.35,4,0,0.0,2,2,1.0,6
down,0,0.6,0.4,4,0,0.0,2,2,1.0,6
down,0,0.6,0.45,4,1,0.25,2,2,1.0,6
down,0,0.6,0.5,4,1,0.25,2,2,1.0,6
down,0,0.6,0.55,4,2,0.5,2,2,1.0,6
down,0,0.6,0.6,4,3,0.75,2,2,1.0,6
down,0,0.6,0.65,4,4,1.0,2,2,1.0,6
down,0,0.6,0.7,4,4,1.0,2,2,1.0,6
down,0,0.6,0.75,4,4,1.0,2,2,1.0,6
down,0,0.6,0.8,4,4,1.0,2,2,1.0,6
down,0,0.6,0.85,4,4,1.0,2,2,1.0,6
down,0,0.6,0.9,4,4,1.0,2,2,1.0,6
down,0,0.6,0.95,4,4,1.0,2,2,1.0,6
down,0,0.65,0.05,6,1,0.16666666666666666,2,2,1.0,8
down,0,0.65,0.1,6,1,0.16666666666666666,2,2,1.0,8
down,0,0.65,0.15,6,1,0.16666666666666666,2,2,1.0,8
down,0,0.65,0.2,6,2,0.3333333333333333,2,2,1.0,8
down,0,0.65,0.25,6,2,0.3333333333333333,2,2,1.0,8
down,0,0.65,0.3,6,3,0.5,2,2,1.0,8
down,0,0.65,0.35,6,3,0.5,2,2,1.0,8
down,0,0.65,0.4,6,3,0.5,2,2,1.0,8
down,0,0.65,0.45,6,3,0.5,2,2,1.0,8
down,0,0.65,0.5,6,3,0.5,2,2,1.0,8
down,0,0.65,0.55,6,5,0.8333333333333334,2,2,1.0,8
down,0,0.65,0.6,6,5,0.8333333333333334,2,2,1.0,8
down,0,0.65,0.65,6,6,1.0,2,2,1.0,8
down,0,0.65,0.7,6,6,1.0,2,2,1.0,8
down,0,0.65,0.75,6,6,1.0,2,2,1.0,8
down,0,0.65,0.8,6,6,1.0,2,2,1.0,8
down,0,0.65,0.85,6,6,1.0,2,2,1.0,8
down,0,0.65,0.9,6,6,1.0,2,2,1.0,8
down,0,0.65,0.95,6,6,1.0,2,2,1.0,8
down,30,0.05,0.05,0,0,0.0,3,3,1.0,3
down,30,0.05,0.1,0,0,0.0,3,3,1.0,3
down,30,0.05,0.15,0,0,0.0,3,3,1.0,3
down,30,0.05,0.2,0,0,0.0,3,3,1.0,3
down,30,0.05,0.25,0,0,0.0,3,3,1.0,3
down,30,0.05,0.3,0,0,0.0,3,3,1.0,3
down,30,0.05,0.35,0,0,0.0,3,3,1.0,3
down,30,0.05,0.4,0,0,0.0,3,3,1.0,3
down,30,0.05,0.45,0,0,0.0,3,3,1.0,3
down,30,0.05,0.5,0,0,0.0,3,3,1.0,3
down,30,0.05,0.55,0,0,0.0,3,3,1.0,3
down,30,0.05,0.6,0,0,0.0,3,3,1.0,3
down,30,0.05,0.65,0,0,0.0,3,3,1.0,3
down,30,0.05,0.7,0,0,0.0,3,3,1.0,3
down,30,0.05,0.75,0,0,0.0,3,3,1.0,3
down,30,0.05,0.8,0,0,0.0,3,3,1.0,3
down,30,0.05,0.85,0,0,0.0,3,3,1.0,3
down,30,0.05,0.9,0,0,0.0,3,3,1.0,3
down,30,0.05,0.95,0,0,0.0,3,3,1.0,3
down,30,0.1,0.05,4,0,0.0,22,22,1.0,26
down,30,0.1,0.1,4,0,0.0,22,22,1.0,26
down,30,0.1,0.15,4,4,1.0,22,22,1.0,26
down,30,0.1,0.2,4,4,1.0,22,22,1.0,26
down,30,0.1,0.25,4,4,1.0,22,22,1.0,26
down,30,0.1,0.3,4,4,1.0,22,22,1.0,26
down,30,0.1,0.35,4,4,1.0,22,22,1.0,26
down,30,0.1,0.4,4,4,1.0,22,22,1.0,26
down,30,0.1,0.45,4,4,1.0,22,22,1.0,26
down,30,0.1,0.5,4,4,1.0,22,22,1.0,26
down,30,0.1,0.55,4,4,1.0,22,22,1.0,26
down,30,0.1,0.6,4,4,1.0,22,22,1.0,26
down,30,0.1,0.65,4,4,1.0,22,22,1.0,26
down,30,0.1,0.7,4,4,1.0,22,22,1.0,26
down,30,0.1,0.75,4,4,1.0,22,22,1.0,26
down,30,0.1,0.8,4,4,1.0,22,22,1.0,26
down,30,0.1,0.85,4,4,1.0,22,22,1.0,26
down,30,0.1,0.9,4,4,1.0,22,22,1.0,26
down,30,0.1,0.95,4,4,1.0,22,22,1.0,26
down,30,0.15,0.05,5,0,0.0,45,44,0.9777777777777777,50
down,30,0.15,0.1,5,0,0.0,45,45,1.0,50
down,30,0.15,0.15,5,2,0.4,45,45,1.0,50
down,30,0.15,0.2,5,5,1.0,45,45,1.0,50
down,30,0.15,0.25,5,5,1.0,45,45,1.0,50
down,30,0.15,0.3,5,5,1.0,45,45,1.0,50
down,30,0.15,0.35,5,5,1.0,45,45,1.0,50
down,30,0.15,0.4,5,5,1.0,45,45,1.0,50
down,30,0.15,0.45,5,5,1.0,45,45,1.0,50
down,30,0.15,0.5,5,5,1.0,45,45,1.0,50
down,30,0.15,0.55,5,5,1.0,45,45,1.0,50
down,30,0.15,0.6,5,5,1.0,45,45,1.0,50
down,30,0.15,0.65,5,5,1.0,45,45,1.0,50
down,30,0.15,0.7,5,5,1.0,45,45,1.0,50
down,30,0.15,0.75,5,5,1.0,45,45,1.0,50
down,30,0.15,0.8,5,5,1.0,45,45,1.0,50
down,30,0.15,0.85,5,5,1.0,45,45,1.0,50
down,30,0.15,0.9,5,5,1.0,45,45,1.0,50
down,30,0.15,0.95,5,5,1.0,45,45,1.0,50
down,30,0.2,0.05,30,7,0.23333333333333334,129,123,0.9534883720930233,159
down,30,0.2,0.1,30,9,0.3,129,126,0.9767441860465116,159
down,30,0.2,0.15,30,15,0.5,129,128,0.9922480620155039,159
down,30,0.2,0.2,30,23,0.7666666666666667,129,128,0.9922480620155039,159
down,30,0.2,0.25,30,29,0.9666666666666667,129,129,1.0,159
down,30,0.2,0.3,30,29,0.9666666666666667,129,129,1.0,159
down,30,0.2,0.35,30,29,0.9666666666666667,129,129,1.0,159
down,30,0.2,0.4,30,30,1.0,129,129,1.0,159
down,30,0.2,0.45,30,30,1.0,129,129,1.0,159
down,30,0.2,0.5,30,30,1.0,129,129,1.0,159
down,30,0.2,0.55,30,30,1.0,129,129,1.0,159
down,30,0.2,0.6,30,30,1.0,129,129,1.0,159
down,30,0.2,0.65,30,30,1.0,129,129,1.0,159
down,30,0.2,0.7,30,30,1.0,129,129,1.0,159
down,30,0.2,0.75,30,30,1.0,129,129,1.0,159
down,30,0.2,0.8,30,30,1.0,129,129,1.0,159
down,30,0.2,0.85,30,30,1.0,129,129,1.0,159
down,30,0.2,0.9,30,30,1.0,129,129,1.0,159
down,30,0.2,0.95,30,30,1.0,129,129,1.0,159
down,30,0.25,0.05,121,10,0.08264462809917356,299,288,0.9632107023411371,420
down,30,0.25,0.1,121,22,0.18181818181818182,299,295,0.9866220735785953,420
down,30,0.25,0.15,121,45,0.371900826446281,299,296,0.9899665551839465,420
down,30,0.25,0.2,121,62,0.512396694214876,299,296,0.9899665551839465,420
down,30,0.25,0.25,121,94,0.7768595041322314,299,298,0.9966555183946488,420
down,30,0.25,0.3,121,112,0.9256198347107438,299,299,1.0,420
down,30,0.25,0.35,121,119,0.9834710743801653,299,299,1.0,420
down,30,0.25,0.4,121,119,0.9834710743801653,299,299,1.0,420
down,30,0.25,0.45,121,120,0.9917355371900827,299,299,1.0,420
down,30,0.25,0.5,121,120,0.9917355371900827,299,299,1.0,420
down,30,0.25,0.55,121,121,1.0,299,299,1.0,420
down,30,0.25,0.6,121,121,1.0,299,299,1.0,420
down,30,0.25,0.65,121,121,1.0,299,299,1.0,420
down,30,0.25,0.7,121,121,1.0,299,299,1.0,420
down,30,0.25,0.75,121,121,1.0,299,299,1.0,420
down,30,0.25,0.8,121,121,1.0,299,299,1.0,420
down,30,0.25,0.85,121,121,1.0,299,299,1.0,420
down,30,0.25,0.9,121,121,1.0,299,299,1.0,420
down,30,0.25,0.95,121,121,1.0,299,299,1.0,420
down,30,0.3,0.05,197,16,0.08121827411167512,432,416,0.9629629629629629,629
down,30,0.3,0.1,197,33,0.16751269035532995,432,424,0.9814814814814815,629
down,30,0.3,0.15,197,53,0.26903553299492383,432,430,0.9953703703703703,629
down,30,0.3,0.2,197,78,0.39593908629441626,432,431,0.9976851851851852,629
down,30,0.3,0.25,197,105,0.5329949238578681,432,431,0.9976851851851852,629
down,30,0.3,0.3,197,139,0.7055837563451777,432,432,1.0,629
down,30,0.3,0.35,197,177,0.8984771573604061,432,432,1.0,629
down,30,0.3,0.4,197,192,0.9746192893401016,432,432,1.0,629
down,30,0.3,0.45,197,196,0.9949238578680203,432,432,1.0,629
down,30,0.3,0.5,197,197,1.0,432,432,1.0,629
down,30,0.3,0.55,197,197,1.0,432,432,1.0,629
down,30,0.3,0.6,197,197,1.0,432,432,1.0,629
down,30,0.3,0.65,197,197,1.0,432,432,1.0,629
down,30,0.3,0.7,197,197,1.0,432,432,1.0,629
down,30,0.3,0.75,197,197,1.0,432,432,1.0,629
down,30,0.3,0.8,197,197,1.0,432,432,1.0,629
down,30,0.3,0.85,197,197,1.0,432,432,1.0,629
down,30,0.3,0.9,197,197,1.0,432,432,1.0,629
down,30,0.3,0.95,197,197,1.0,432,432,1.0,629
down,30,0.35,0.05,268,24,0.08955223880597014,387,367,0.9483204134366925,655
down,30,0.35,0.1,268,49,0.1828358208955224,387,375,0.9689922480620154,655
down,30,0.35,0.15,268,71,0.26492537313432835,387,380,0.9819121447028424,655
down,30,0.35,0.2,268,106,0.39552238805970147,387,383,0.9896640826873385,655
down,30,0.35,0.25,268,134,0.5,387,385,0.9948320413436692,655
down,30,0.35,0.3,268,170,0.6343283582089553,387,386,0.9974160206718347,655
down,30,0.35,0.35,268,213,0.7947761194029851,387,386,0.9974160206718347,655
down,30,0.35,0.4,268,244,0.9104477611940298,387,387,1.0,655
down,30,0.35,0.45,268,257,0.9589552238805971,387,387,1.0,655
down,30,0.35,0.5,268,263,0.9813432835820896,387,387,1.0,655
down,30,0.35,0.55,268,266,0.9925373134328358,387,387,1.0,655
down,30,0.35,0.6,268,267,0.996268656716418,387,387,1.0,655
down,30,0.35,0.65,268,268,1.0,387,387,1.0,655
down,30,0.35,0.7,268,268,1.0,387,387,1.0,655
down,30,0.35,0.75,268,268,1.0,387,387,1.0,655
down,30,0.35,0.8,268,268,1.0,387,387,1.0,655
down,30,0.35,0.85,268,268,1.0,387,387,1.0,655
down,30,0.35,0.9,268,268,1.0,387,387,1.0,655
down,30,0.35,0.95,268,268,1.0,387,387,1.0,655
down,30,0.4,0.05,453,38,0.08388520971302428,555,515,0.9279279279279279,1008
down,30,0.4,0.1,453,75,0.16556291390728478,555,533,0.9603603603603603,1008
down,30,0.4,0.15,453,110,0.24282560706401765,555,544,0.9801801801801802,1008
down,30,0.4,0.2,453,152,0.3355408388520971,555,547,0.9855855855855856,1008
down,30,0.4,0.25,453,194,0.4282560706401766,555,552,0.9945945945945946,1008
down,30,0.4,0.3,453,236,0.5209713024282561,555,555,1.0,1008
down,30,0.4,0.35,453,291,0.6423841059602649,555,555,1.0,1008
down,30,0.4,0.4,453,354,0.7814569536423841,555,555,1.0,1008
down,30,0.4,0.45,453,417,0.9205298013245033,555,555,1.0,1008
down,30,0.4,0.5,453,436,0.9624724061810155,555,555,1.0,1008
down,30,0.4,0.55,453,448,0.9889624724061811,555,555,1.0,1008
down,30,0.4,0.6,453,450,0.9933774834437086,555,555,1.0,1008
down,30,0.4,0.65,453,453,1.0,555,555,1.0,1008
down,30,0.4,0.7,453,453,1.0,555,555,1.0,1008
down,30,0.4,0.75,453,453,1.0,555,555,1.0,1008
down,30,0.4,0.8,453,453,1.0,555,555,1.0,1008
down,30,0.4,0.85,453,453,1.0,555,555,1.0,1008
down,30,0.4,0.9,453,453,1.0,555,555,1.0,1008
down,30,0.4,0.95,453,453,1.0,555,555,1.0,1008
down,30,0.45,0.05,629,41,0.06518282988871224,647,599,0.9258114374034003,1276
down,30,0.45,0.1,629,86,0.13672496025437203,647,621,0.9598145285935085,1276
down,30,0.45,0.15,629,136,0.21621621621621623,647,632,0.9768160741885626,1276
down,30,0.45,0.2,629,180,0.2861685214626391,647,639,0.9876352395672334,1276
down,30,0.45,0.25,629,221,0.35135135135135137,647,640,0.9891808346213292,1276
down,30,0.45,0.3,629,285,0.45310015898251194,647,640,0.9891808346213292,1276
down,30,0.45,0.35,629,341,0.5421303656597775,647,643,0.9938176197836167,1276
down,30,0.45,0.4,629,407,0.6470588235294118,647,644,0.9953632148377125,1276
down,30,0.45,0.45,629,488,0.7758346581875993,647,645,0.9969088098918083,1276
down,30,0.45,0.5,629,571,0.9077901430842608,647,646,0.9984544049459042,1276
down,30,0.45,0.55,629,603,0.958664546899841,647,646,0.9984544049459042,1276
down,30,0.45,0.6,629,620,0.985691573926868,647,646,0.9984544049459042,1276
down,30,0.45,0.65,629,627,0.9968203497615262,647,646,0.9984544049459042,1276
down,30,0.45,0.7,629,629,1.0,647,646,0.9984544049459042,1276
down,30,0.45,0.75,629,629,1.0,647,646,0.9984544049459042,1276
down,30,0.45,0.8,629,629,1.0,647,646,0.9984544049459042,1276
down,30,0.45,0.85,629,629,1.0,647,646,0.9984544049459042,1276
down,30,0.45,0.9,629,629,1.0,647,646,0.9984544049459042,1276
down,30,0.45,0.95,629,629,1.0,647,646,0.9984544049459042,1276
down,30,0.5,0.05,937,65,0.06937033084311633,810,740,0.9135802469135802,1747
down,30,0.5,0.1,937,111,0.11846318036286019,810,768,0.9481481481481482,1747
down,30,0.5,0.15,937,160,0.17075773745997866,810,784,0.9679012345679012,1747
down,30,0.5,0.2,937,215,0.2294557097118463,810,793,0.9790123456790123,1747
down,30,0.5,0.25,937,268,0.28601921024546423,810,798,0.9851851851851852,1747
down,30,0.5,0.3,937,358,0.3820704375667022,810,802,0.9901234567901235,1747
down,30,0.5,0.35,937,446,0.4759871931696905,810,804,0.9925925925925926,1747
down,30,0.5,0.4,937,531,0.5667022411953042,810,805,0.9938271604938271,1747
down,30,0.5,0.45,937,614,0.655282817502668,810,806,0.9950617283950617,1747
down,30,0.5,0.5,937,726,0.7748132337246532,810,807,0.9962962962962963,1747
down,30,0.5,0.55,937,834,0.8900747065101388,810,808,0.9975308641975309,1747
down,30,0.5,0.6,937,893,0.9530416221985059,810,808,0.9975308641975309,1747
down,30,0.5,0.65,937,916,0.9775880469583778,810,808,0.9975308641975309,1747
down,30,0.5,0.7,937,926,0.9882604055496265,810,808,0.9975308641975309,1747
down,30,0.5,0.75,937,934,0.9967982924226254,810,808,0.9975308641975309,1747
down,30,0.5,0.8,937,935,0.9978655282817502,810,808,0.9975308641975309,1747
down,30,0.5,0.85,937,935,0.9978655282817502,810,808,0.9975308641975309,1747
down,30,0.5,0.9,937,935,0.9978655282817502,810,808,0.9975308641975309,1747
down,30,0.5,0.95,937,935,0.9978655282817502,810,808,0.9975308641975309,1747
down,30,0.55,0.05,601,23,0.03826955074875208,478,435,0.9100418410041841,1079
down,30,0.55,0.1,601,46,0.07653910149750416,478,456,0.9539748953974896,1079
down,30,0.55,0.15,601,74,0.12312811980033278,478,467,0.9769874476987448,1079
down,30,0.55,0.2,601,97,0.16139767054908485,478,470,0.9832635983263598,1079
down,30,0.55,0.25,601,135,0.22462562396006655,478,473,0.9895397489539749,1079
down,30,0.55,0.3,601,171,0.28452579034941766,478,476,0.99581589958159,1079
down,30,0.55,0.35,601,209,0.34775374376039936,478,476,0.99581589958159,1079
down,30,0.55,0.4,601,255,0.4242928452579035,478,477,0.997907949790795,1079
down,30,0.55,0.45,601,312,0.519134775374376,478,477,0.997907949790795,1079
down,30,0.55,0.5,601,370,0.6156405990016639,478,478,1.0,1079
down,30,0.55,0.55,601,461,0.7670549084858569,478,478,1.0,1079
down,30,0.55,0.6,601,557,0.9267886855241264,478,478,1.0,1079
down,30,0.55,0.65,601,579,0.9633943427620633,478,478,1.0,1079
down,30,0.55,0.7,601,596,0.9916805324459235,478,478,1.0,1079
down,30,0.55,0.75,601,600,0.9983361064891847,478,478,1.0,1079
down,30,0.55,0.8,601,601,1.0,478,478,1.0,1079
down,30,0.55,0.85,601,601,1.0,478,478,1.0,1079
down,30,0.55,0.9,601,601,1.0,478,478,1.0,1079
down,30,0.55,0.95,601,601,1.0,478,478,1.0,1079
down,30,0.6,0.05,363,12,0.03305785123966942,243,226,0.9300411522633745,606
down,30,0.6,0.1,363,26,0.07162534435261708,243,240,0.9876543209876543,606
down,30,0.6,0.15,363,42,0.11570247933884298,243,241,0.9917695473251029,606
down,30,0.6,0.2,363,54,0.1487603305785124,243,242,0.9958847736625515,606
down,30,0.6,0.25,363,71,0.19559228650137742,243,242,0.9958847736625515,606
down,30,0.6,0.3,363,93,0.256198347107438,243,242,0.9958847736625515,606
down,30,0.6,0.35,363,113,0.31129476584022037,243,242,0.9958847736625515,606
down,30,0.6,0.4,363,133,0.36639118457300274,243,242,0.9958847736625515,606
down,30,0.6,0.45,363,158,0.43526170798898073,243,243,1.0,606
down,30,0.6,0.5,363,196,0.5399449035812672,243,243,1.0,606
down,30,0.6,0.55,363,223,0.6143250688705234,243,243,1.0,606
down,30,0.6,0.6,363,274,0.7548209366391184,243,243,1.0,606
down,30,0.6,0.65,363,331,0.9118457300275482,243,243,1.0,606
down,30,0.6,0.7,363,356,0.9807162534435262,243,243,1.0,606
down,30,0.6,0.75,363,363,1.0,243,243,1.0,606
down,30,0.6,0.8,363,363,1.0,243,243,1.0,606
down,30,0.6,0.85,363,363,1.0,243,243,1.0,606
down,30,0.6,0.9,363,363,1.0,243,243,1.0,606
down,30,0.6,0.95,363,363,1.0,243,243,1.0,606
down,30,0.65,0.05,358,14,0.03910614525139665,169,148,0.8757396449704142,527
down,30,0.65,0.1,358,26,0.07262569832402235,169,155,0.9171597633136095,527
down,30,0.65,0.15,358,40,0.11173184357541899,169,162,0.9585798816568047,527
down,30,0.65,0.2,358,49,0.13687150837988826,169,163,0.9644970414201184,527
down,30,0.65,0.25,358,67,0.1871508379888268,169,165,0.9763313609467456,527
down,30,0.65,0.3,358,81,0.22625698324022347,169,166,0.9822485207100592,527
down,30,0.65,0.35,358,93,0.25977653631284914,169,166,0.9822485207100592,527
down,30,0.65,0.4,358,110,0.30726256983240224,169,168,0.9940828402366864,527
down,30,0.65,0.45,358,138,0.3854748603351955,169,168,0.9940828402366864,527
down,30,0.65,0.5,358,163,0.4553072625698324,169,168,0.9940828402366864,527
down,30,0.65,0.55,358,207,0.5782122905027933,169,169,1.0,527
down,30,0.65,0.6,358,247,0.6899441340782123,169,169,1.0,527
down,30,0.65,0.65,358,299,0.835195530726257,169,169,1.0,527
down,30,0.65,0.7,358,339,0.946927374301676,169,169,1.0,527
down,30,0.65,0.75,358,355,0.9916201117318436,169,169,1.0,527
down,30,0.65,0.8,358,357,0.9972067039106145,169,169,1.0,527
down,30,0.65,0.85,358,358,1.0,169,169,1.0,527
down,30,0.65,0.9,358,358,1.0,169,169,1.0,527
down,30,0.65,0.95,358,358,1.0,169,169,1.0,527
down,30,0.7,0.05,166,5,0.030120481927710843,54,50,0.9259259259259259,220
down,30,0.7,0.1,166,12,0.07228915662650602,54,52,0.9629629629629629,220
down,30,0.7,0.15,166,15,0.09036144578313253,54,52,0.9629629629629629,220
down,30,0.7,0.2,166,18,0.10843373493975904,54,53,0.9814814814814815,220
down,30,0.7,0.25,166,21,0.12650602409638553,54,53,0.9814814814814815,220
down,30,0.7,0.3,166,29,0.1746987951807229,54,54,1.0,220
down,30,0.7,0.35,166,37,0.22289156626506024,54,54,1.0,220
down,30,0.7,0.4,166,47,0.28313253012048195,54,54,1.0,220
down,30,0.7,0.45,166,55,0.3313253012048193,54,54,1.0,220
down,30,0.7,0.5,166,63,0.3795180722891566,54,54,1.0,220
down,30,0.7,0.55,166,71,0.42771084337349397,54,54,1.0,220
down,30,0.7,0.6,166,86,0.5180722891566265,54,54,1.0,220
down,30,0.7,0.65,166,107,0.6445783132530121,54,54,1.0,220
down,30,0.7,0.7,166,127,0.7650602409638554,54,54,1.0,220
down,30,0.7,0.75,166,157,0.9457831325301205,54,54,1.0,220
down,30,0.7,0.8,166,164,0.9879518072289156,54,54,1.0,220
down,30,0.7,0.85,166,166,1.0,54,54,1.0,220
down,30,0.7,0.9,166,166,1.0,54,54,1.0,220
down,30,0.7,0.95,166,166,1.0,54,54,1.0,220
down,30,0.75,0.05,100,5,0.05,22,21,0.9545454545454546,122
down,30,0.75,0.1,100,6,0.06,22,21,0.9545454545454546,122
down,30,0.75,0.15,100,6,0.06,22,22,1.0,122
down,30,0.75,0.2,100,7,0.07,22,22,1.0,122
down,30,0.75,0.25,100,9,0.09,22,22,1.0,122
down,30,0.75,0.3,100,12,0.12,22,22,1.0,122
down,30,0.75,0.35,100,13,0.13,22,22,1.0,122
down,30,0.75,0.4,100,14,0.14,22,22,1.0,122
down,30,0.75,0.45,100,19,0.19,22,22,1.0,122
down,30,0.75,0.5,100,26,0.26,22,22,1.0,122
down,30,0.75,0.55,100,31,0.31,22,22,1.0,122
down,30,0.75,0.6,100,36,0.36,22,22,1.0,122
down,30,0.75,0.65,100,45,0.45,22,22,1.0,122
down,30,0.75,0.7,100,63,0.63,22,22,1.0,122
down,30,0.75,0.75,100,78,0.78,22,22,1.0,122
down,30,0.75,0.8,100,94,0.94,22,22,1.0,122
down,30,0.75,0.85,100,100,1.0,22,22,1.0,122
down,30,0.75,0.9,100,100,1.0,22,22,1.0,122
down,30,0.75,0.95,100,100,1.0,22,22,1.0,122
down,30,0.8,0.05,47,2,0.0425531914893617,7,6,0.8571428571428571,54
down,30,0.8,0.1,47,3,0.06382978723404255,7,6,0.8571428571428571,54
down,30,0.8,0.15,47,3,0.06382978723404255,7,7,1.0,54
down,30,0.8,0.2,47,4,0.0851063829787234,7,7,1.0,54
down,30,0.8,0.25,47,4,0.0851063829787234,7,7,1.0,54
down,30,0.8,0.3,47,4,0.0851063829787234,7,7,1.0,54
down,30,0.8,0.35,47,4,0.0851063829787234,7,7,1.0,54
down,30,0.8,0.4,47,6,0.1276595744680851,7,7,1.0,54
down,30,0.8,0.45,47,7,0.14893617021276595,7,7,1.0,54
down,30,0.8,0.5,47,11,0.23404255319148937,7,7,1.0,54
down,30,0.8,0.55,47,14,0.2978723404255319,7,7,1.0,54
down,30,0.8,0.6,47,15,0.3191489361702128,7,7,1.0,54
down,30,0.8,0.65,47,19,0.40425531914893614,7,7,1.0,54
down,30,0.8,0.7,47,27,0.574468085106383,7,7,1.0,54
down,30,0.8,0.75,47,31,0.6595744680851063,7,7,1.0,54
down,30,0.8,0.8,47,39,0.8297872340425532,7,7,1.0,54
down,30,0.8,0.85,47,47,1.0,7,7,1.0,54
down,30,0.8,0.9,47,47,1.0,7,7,1.0,54
down,30,0.8,0.95,47,47,1.0,7,7,1.0,54
down,30,0.85,0.05,13,0,0.0,2,2,1.0,15
down,30,0.85,0.1,13,0,0.0,2,2,1.0,15
down,30,0.85,0.15,13,0,0.0,2,2,1.0,15
down,30,0.85,0.2,13,0,0.0,2,2,1.0,15
down,30,0.85,0.25,13,0,0.0,2,2,1.0,15
down,30,0.85,0.3,13,0,0.0,2,2,1.0,15
down,30,0.85,0.35,13,0,0.0,2,2,1.0,15
down,30,0.85,0.4,13,0,0.0,2,2,1.0,15
down,30,0.85,0.45,13,0,0.0,2,2,1.0,15
down,30,0.85,0.5,13,0,0.0,2,2,1.0,15
down,30,0.85,0.55,13,2,0.15384615384615385,2,2,1.0,15
down,30,0.85,0.6,13,2,0.15384615384615385,2,2,1.0,15
down,30,0.85,0.65,13,2,0.15384615384615385,2,2,1.0,15
down,30,0.85,0.7,13,2,0.15384615384615385,2,2,1.0,15
down,30,0.85,0.75,13,2,0.15384615384615385,2,2,1.0,15
down,30,0.85,0.8,13,5,0.38461538461538464,2,2,1.0,15
down,30,0.85,0.85,13,9,0.6923076923076923,2,2,1.0,15
down,30,0.85,0.9,13,13,1.0,2,2,1.0,15
down,30,0.85,0.95,13,13,1.0,2,2,1.0,15
down,30,0.9,0.05,2,0,0.0,0,0,0.0,2
down,30,0.9,0.1,2,0,0.0,0,0,0.0,2
down,30,0.9,0.15,2,0,0.0,0,0,0.0,2
down,30,0.9,0.2,2,0,0.0,0,0,0.0,2
down,30,0.9,0.25,2,0,0.0,0,0,0.0,2
down,30,0.9,0.3,2,0,0.0,0,0,0.0,2
down,30,0.9,0.35,2,0,0.0,0,0,0.0,2
down,30,0.9,0.4,2,0,0.0,0,0,0.0,2
down,30,0.9,0.45,2,0,0.0,0,0,0.0,2
down,30,0.9,0.5,2,0,0.0,0,0,0.0,2
down,30,0.9,0.55,2,0,0.0,0,0,0.0,2
down,30,0.9,0.6,2,0,0.0,0,0,0.0,2
down,30,0.9,0.65,2,0,0.0,0,0,0.0,2
down,30,0.9,0.7,2,0,0.0,0,0,0.0,2
down,30,0.9,0.75,2,0,0.0,0,0,0.0,2
down,30,0.9,0.8,2,0,0.0,0,0,0.0,2
down,30,0.9,0.85,2,1,0.5,0,0,0.0,2
down,30,0.9,0.9,2,2,1.0,0,0,0.0,2
down,30,0.9,0.95,2,2,1.0,0,0,0.0,2
down,60,0.0,0.05,0,0,0.0,6,6,1.0,6
down,60,0.0,0.1,0,0,0.0,6,6,1.0,6
down,60,0.0,0.15,0,0,0.0,6,6,1.0,6
down,60,0.0,0.2,0,0,0.0,6,6,1.0,6
down,60,0.0,0.25,0,0,0.0,6,6,1.0,6
down,60,0.0,0.3,0,0,0.0,6,6,1.0,6
down,60,0.0,0.35,0,0,0.0,6,6,1.0,6
down,60,0.0,0.4,0,0,0.0,6,6,1.0,6
down,60,0.0,0.45,0,0,0.0,6,6,1.0,6
down,60,0.0,0.5,0,0,0.0,6,6,1.0,6
down,60,0.0,0.55,0,0,0.0,6,6,1.0,6
down,60,0.0,0.6,0,0,0.0,6,6,1.0,6
down,60,0.0,0.65,0,0,0.0,6,6,1.0,6
down,60,0.0,0.7,0,0,0.0,6,6,1.0,6
down,60,0.0,0.75,0,0,0.0,6,6,1.0,6
down,60,0.0,0.8,0,0,0.0,6,6,1.0,6
down,60,0.0,0.85,0,0,0.0,6,6,1.0,6
down,60,0.0,0.9,0,0,0.0,6,6,1.0,6
down,60,0.0,0.95,0,0,0.0,6,6,1.0,6
down,60,0.05,0.05,1,1,1.0,48,48,1.0,49
down,60,0.05,0.1,1,1,1.0,48,48,1.0,49
down,60,0.05,0.15,1,1,1.0,48,48,1.0,49
down,60,0.05,0.2,1,1,1.0,48,48,1.0,49
down,60,0.05,0.25,1,1,1.0,48,48,1.0,49
down,60,0.05,0.3,1,1,1.0,48,48,1.0,49
down,60,0.05,0.35,1,1,1.0,48,48,1.0,49
down,60,0.05,0.4,1,1,1.0,48,48,1.0,49
down,60,0.05,0.45,1,1,1.0,48,48,1.0,49
down,60,0.05,0.5,1,1,1.0,48,48,1.0,49
down,60,0.05,0.55,1,1,1.0,48,48,1.0,49
down,60,0.05,0.6,1,1,1.0,48,48,1.0,49
down,60,0.05,0.65,1,1,1.0,48,48,1.0,49
down,60,0.05,0.7,1,1,1.0,48,48,1.0,49
down,60,0.05,0.75,1,1,1.0,48,48,1.0,49
down,60,0.05,0.8,1,1,1.0,48,48,1.0,49
down,60,0.05,0.85,1,1,1.0,48,48,1.0,49
down,60,0.05,0.9,1,1,1.0,48,48,1.0,49
down,60,0.05,0.95,1,1,1.0,48,48,1.0,49
down,60,0.1,0.05,10,3,0.3,121,119,0.9834710743801653,131
down,60,0.1,0.1,10,6,0.6,121,120,0.9917355371900827,131
down,60,0.1,0.15,10,10,1.0,121,121,1.0,131
down,60,0.1,0.2,10,10,1.0,121,121,1.0,131
down,60,0.1,0.25,10,10,1.0,121,121,1.0,131
down,60,0.1,0.3,10,10,1.0,121,121,1.0,131
down,60,0.1,0.35,10,10,1.0,121,121,1.0,131
down,60,0.1,0.4,10,10,1.0,121,121,1.0,131
down,60,0.1,0.45,10,10,1.0,121,121,1.0,131
down,60,0.1,0.5,10,10,1.0,121,121,1.0,131
down,60,0.1,0.55,10,10,1.0,121,121,1.0,131
down,60,0.1,0.6,10,10,1.0,121,121,1.0,131
down,60,0.1,0.65,10,10,1.0,121,121,1.0,131
down,60,0.1,0.7,10,10,1.0,121,121,1.0,131
down,60,0.1,0.75,10,10,1.0,121,121,1.0,131
down,60,0.1,0.8,10,10,1.0,121,121,1.0,131
down,60,0.1,0.85,10,10,1.0,121,121,1.0,131
down,60,0.1,0.9,10,10,1.0,121,121,1.0,131
down,60,0.1,0.95,10,10,1.0,121,121,1.0,131
down,60,0.15,0.05,32,9,0.28125,142,138,0.971830985915493,174
down,60,0.15,0.1,32,14,0.4375,142,141,0.9929577464788732,174
down,60,0.15,0.15,32,22,0.6875,142,142,1.0,174
down,60,0.15,0.2,32,31,0.96875,142,142,1.0,174
down,60,0.15,0.25,32,31,0.96875,142,142,1.0,174
down,60,0.15,0.3,32,31,0.96875,142,142,1.0,174
down,60,0.15,0.35,32,31,0.96875,142,142,1.0,174
down,60,0.15,0.4,32,31,0.96875,142,142,1.0,174
down,60,0.15,0.45,32,32,1.0,142,142,1.0,174
down,60,0.15,0.5,32,32,1.0,142,142,1.0,174
down,60,0.15,0.55,32,32,1.0,142,142,1.0,174
down,60,0.15,0.6,32,32,1.0,142,142,1.0,174
down,60,0.15,0.65,32,32,1.0,142,142,1.0,174
down,60,0.15,0.7,32,32,1.0,142,142,1.0,174
down,60,0.15,0.75,32,32,1.0,142,142,1.0,174
down,60,0.15,0.8,32,32,1.0,142,142,1.0,174
down,60,0.15,0.85,32,32,1.0,142,142,1.0,174
down,60,0.15,0.9,32,32,1.0,142,142,1.0,174
down,60,0.15,0.95,32,32,1.0,142,142,1.0,174
down,60,0.2,0.05,60,9,0.15,307,293,0.9543973941368078,367
down,60,0.2,0.1,60,21,0.35,307,304,0.990228013029316,367
down,60,0.2,0.15,60,35,0.5833333333333334,307,306,0.996742671009772,367
down,60,0.2,0.2,60,48,0.8,307,306,0.996742671009772,367
down,60,0.2,0.25,60,57,0.95,307,307,1.0,367
down,60,0.2,0.3,60,60,1.0,307,307,1.0,367
down,60,0.2,0.35,60,60,1.0,307,307,1.0,367
down,60,0.2,0.4,60,60,1.0,307,307,1.0,367
down,60,0.2,0.45,60,60,1.0,307,307,1.0,367
down,60,0.2,0.5,60,60,1.0,307,307,1.0,367
down,60,0.2,0.55,60,60,1.0,307,307,1.0,367
down,60,0.2,0.6,60,60,1.0,307,307,1.0,367
down,60,0.2,0.65,60,60,1.0,307,307,1.0,367
down,60,0.2,0.7,60,60,1.0,307,307,1.0,367
down,60,0.2,0.75,60,60,1.0,307,307,1.0,367
down,60,0.2,0.8,60,60,1.0,307,307,1.0,367
down,60,0.2,0.85,60,60,1.0,307,307,1.0,367
down,60,0.2,0.9,60,60,1.0,307,307,1.0,367
down,60,0.2,0.95,60,60,1.0,307,307,1.0,367
down,60,0.25,0.05,164,23,0.1402439024390244,397,378,0.9521410579345088,561
down,60,0.25,0.1,164,40,0.24390243902439024,397,386,0.9722921914357683,561
down,60,0.25,0.15,164,62,0.3780487804878049,397,390,0.982367758186398,561
down,60,0.25,0.2,164,91,0.5548780487804879,397,395,0.9949622166246851,561
down,60,0.25,0.25,164,116,0.7073170731707317,397,396,0.9974811083123426,561
down,60,0.25,0.3,164,152,0.926829268292683,397,397,1.0,561
down,60,0.25,0.35,164,159,0.9695121951219512,397,397,1.0,561
down,60,0.25,0.4,164,164,1.0,397,397,1.0,561
down,60,0.25,0.45,164,164,1.0,397,397,1.0,561
down,60,0.25,0.5,164,164,1.0,397,397,1.0,561
down,60,0.25,0.55,164,164,1.0,397,397,1.0,561
down,60,0.25,0.6,164,164,1.0,397,397,1.0,561
down,60,0.25,0.65,164,164,1.0,397,397,1.0,561
down,60,0.25,0.7,164,164,1.0,397,397,1.0,561
down,60,0.25,0.75,164,164,1.0,397,397,1.0,561
down,60,0.25,0.8,164,164,1.0,397,397,1.0,561
down,60,0.25,0.85,164,164,1.0,397,397,1.0,561
down,60,0.25,0.9,164,164,1.0,397,397,1.0,561
down,60,0.25,0.95,164,164,1.0,397,397,1.0,561
down,60,0.3,0.05,253,23,0.09090909090909091,484,465,0.9607438016528925,737
down,60,0.3,0.1,253,47,0.1857707509881423,484,473,0.9772727272727273,737
down,60,0.3,0.15,253,83,0.32806324110671936,484,480,0.9917355371900827,737
down,60,0.3,0.2,253,118,0.466403162055336,484,480,0.9917355371900827,737
down,60,0.3,0.25,253,152,0.6007905138339921,484,483,0.9979338842975206,737
down,60,0.3,0.3,253,189,0.7470355731225297,484,484,1.0,737
down,60,0.3,0.35,253,240,0.9486166007905138,484,484,1.0,737
down,60,0.3,0.4,253,249,0.9841897233201581,484,484,1.0,737
down,60,0.3,0.45,253,250,0.9881422924901185,484,484,1.0,737
down,60,0.3,0.5,253,251,0.9920948616600791,484,484,1.0,737
down,60,0.3,0.55,253,252,0.9960474308300395,484,484,1.0,737
down,60,0.3,0.6,253,252,0.9960474308300395,484,484,1.0,737
down,60,0.3,0.65,253,252,0.9960474308300395,484,484,1.0,737
down,60,0.3,0.7,253,252,0.9960474308300395,484,484,1.0,737
down,60,0.3,0.75,253,252,0.9960474308300395,484,484,1.0,737
down,60,0.3,0.8,253,252,0.9960474308300395,484,484,1.0,737
down,60,0.3,0.85,253,252,0.9960474308300395,484,484,1.0,737
down,60,0.3,0.9,253,252,0.9960474308300395,484,484,1.0,737
down,60,0.3,0.95,253,252,0.9960474308300395,484,484,1.0,737
down,60,0.35,0.05,250,26,0.104,367,341,0.9291553133514986,617
down,60,0.35,0.1,250,45,0.18,367,354,0.9645776566757494,617
down,60,0.35,0.15,250,69,0.276,367,360,0.9809264305177112,617
down,60,0.35,0.2,250,92,0.368,367,363,0.989100817438692,617
down,60,0.35,0.25,250,116,0.464,367,364,0.9918256130790191,617
down,60,0.35,0.3,250,154,0.616,367,365,0.9945504087193461,617
down,60,0.35,0.35,250,196,0.784,367,367,1.0,617
down,60,0.35,0.4,250,229,0.916,367,367,1.0,617
down,60,0.35,0.45,250,244,0.976,367,367,1.0,617
down,60,0.35,0.5,250,247,0.988,367,367,1.0,617
down,60,0.35,0.55,250,249,0.996,367,367,1.0,617
down,60,0.35,0.6,250,250,1.0,367,367,1.0,617
down,60,0.35,0.65,250,250,1.0,367,367,1.0,617
down,60,0.35,0.7,250,250,1.0,367,367,1.0,617
down,60,0.35,0.75,250,250,1.0,367,367,1.0,617
down,60,0.35,0.8,250,250,1.0,367,367,1.0,617
down,60,0.35,0.85,250,250,1.0,367,367,1.0,617
down,60,0.35,0.9,250,250,1.0,367,367,1.0,617
down,60,0.35,0.95,250,250,1.0,367,367,1.0,617
down,60,0.4,0.05,359,32,0.08913649025069638,451,417,0.9246119733924612,810
down,60,0.4,0.1,359,65,0.181058495821727,451,433,0.9600886917960089,810
down,60,0.4,0.15,359,97,0.27019498607242337,451,440,0.975609756097561,810
down,60,0.4,0.2,359,130,0.362116991643454,451,445,0.9866962305986696,810
down,60,0.4,0.25,359,164,0.4568245125348189,451,447,0.991130820399113,810
down,60,0.4,0.3,359,203,0.5654596100278552,451,450,0.9977827050997783,810
down,60,0.4,0.35,359,237,0.6601671309192201,451,451,1.0,810
down,60,0.4,0.4,359,281,0.7827298050139275,451,451,1.0,810
down,60,0.4,0.45,359,327,0.9108635097493036,451,451,1.0,810
down,60,0.4,0.5,359,344,0.958217270194986,451,451,1.0,810
down,60,0.4,0.55,359,354,0.9860724233983287,451,451,1.0,810
down,60,0.4,0.6,359,359,1.0,451,451,1.0,810
down,60,0.4,0.65,359,359,1.0,451,451,1.0,810
down,60,0.4,0.7,359,359,1.0,451,451,1.0,810
down,60,0.4,0.75,359,359,1.0,451,451,1.0,810
down,60,0.4,0.8,359,359,1.0,451,451,1.0,810
down,60,0.4,0.85,359,359,1.0,451,451,1.0,810
down,60,0.4,0.9,359,359,1.0,451,451,1.0,810
down,60,0.4,0.95,359,359,1.0,451,451,1.0,810
down,60,0.45,0.05,468,32,0.06837606837606838,468,443,0.9465811965811965,936
down,60,0.45,0.1,468,68,0.1452991452991453,468,452,0.9658119658119658,936
down,60,0.45,0.15,468,104,0.2222222222222222,468,456,0.9743589743589743,936
down,60,0.45,0.2,468,132,0.28205128205128205,468,460,0.9829059829059829,936
down,60,0.45,0.25,468,166,0.3547008547008547,468,461,0.9850427350427351,936
down,60,0.45,0.3,468,210,0.44871794871794873,468,463,0.9893162393162394,936
down,60,0.45,0.35,468,252,0.5384615384615384,468,464,0.9914529914529915,936
down,60,0.45,0.4,468,291,0.6217948717948718,468,466,0.9957264957264957,936
down,60,0.45,0.45,468,361,0.7713675213675214,468,467,0.9978632478632479,936
down,60,0.45,0.5,468,426,0.9102564102564102,468,467,0.9978632478632479,936
down,60,0.45,0.55,468,451,0.9636752136752137,468,467,0.9978632478632479,936
down,60,0.45,0.6,468,461,0.9850427350427351,468,467,0.9978632478632479,936
down,60,0.45,0.65,468,465,0.9935897435897436,468,467,0.9978632478632479,936
down,60,0.45,0.7,468,467,0.9978632478632479,468,467,0.9978632478632479,936
down,60,0.45,0.75,468,468,1.0,468,467,0.9978632478632479,936
down,60,0.45,0.8,468,468,1.0,468,467,0.9978632478632479,936
down,60,0.45,0.85,468,468,1.0,468,467,0.9978632478632479,936
down,60,0.45,0.9,468,468,1.0,468,467,0.9978632478632479,936
down,60,0.45,0.95,468,468,1.0,468,467,0.9978632478632479,936
down,60,0.5,0.05,504,28,0.05555555555555555,485,429,0.8845360824742268,989
down,60,0.5,0.1,504,65,0.12896825396825398,485,451,0.9298969072164949,989
down,60,0.5,0.15,504,91,0.18055555555555555,485,467,0.9628865979381444,989
down,60,0.5,0.2,504,122,0.24206349206349206,485,470,0.9690721649484536,989
down,60,0.5,0.25,504,142,0.28174603174603174,485,473,0.9752577319587629,989
down,60,0.5,0.3,504,187,0.37103174603174605,485,476,0.9814432989690721,989
down,60,0.5,0.35,504,230,0.45634920634920634,485,479,0.9876288659793815,989
down,60,0.5,0.4,504,282,0.5595238095238095,485,480,0.9896907216494846,989
down,60,0.5,0.45,504,324,0.6428571428571429,485,482,0.9938144329896907,989
down,60,0.5,0.5,504,392,0.7777777777777778,485,483,0.9958762886597938,989
down,60,0.5,0.55,504,465,0.9226190476190477,485,483,0.9958762886597938,989
down,60,0.5,0.6,504,486,0.9642857142857143,485,483,0.9958762886597938,989
down,60,0.5,0.65,504,497,0.9861111111111112,485,483,0.9958762886597938,989
down,60,0.5,0.7,504,499,0.9900793650793651,485,483,0.9958762886597938,989
down,60,0.5,0.75,504,502,0.996031746031746,485,483,0.9958762886597938,989
down,60,0.5,0.8,504,502,0.996031746031746,485,483,0.9958762886597938,989
down,60,0.5,0.85,504,502,0.996031746031746,485,483,0.9958762886597938,989
down,60,0.5,0.9,504,502,0.996031746031746,485,483,0.9958762886597938,989
down,60,0.5,0.95,504,502,0.996031746031746,485,483,0.9958762886597938,989
down,60,0.55,0.05,536,19,0.03544776119402985,396,363,0.9166666666666666,932
down,60,0.55,0.1,536,32,0.05970149253731343,396,380,0.9595959595959596,932
down,60,0.55,0.15,536,60,0.11194029850746269,396,391,0.9873737373737373,932
down,60,0.55,0.2,536,91,0.16977611940298507,396,394,0.9949494949494949,932
down,60,0.55,0.25,536,113,0.21082089552238806,396,395,0.9974747474747475,932
down,60,0.55,0.3,536,155,0.2891791044776119,396,395,0.9974747474747475,932
down,60,0.55,0.35,536,193,0.36007462686567165,396,395,0.9974747474747475,932
down,60,0.55,0.4,536,237,0.44216417910447764,396,396,1.0,932
down,60,0.55,0.45,536,288,0.5373134328358209,396,396,1.0,932
down,60,0.55,0.5,536,337,0.628731343283582,396,396,1.0,932
down,60,0.55,0.55,536,411,0.7667910447761194,396,396,1.0,932
down,60,0.55,0.6,536,500,0.9328358208955224,396,396,1.0,932
down,60,0.55,0.65,536,519,0.9682835820895522,396,396,1.0,932
down,60,0.55,0.7,536,532,0.9925373134328358,396,396,1.0,932
down,60,0.55,0.75,536,536,1.0,396,396,1.0,932
down,60,0.55,0.8,536,536,1.0,396,396,1.0,932
down,60,0.55,0.85,536,536,1.0,396,396,1.0,932
down,60,0.55,0.9,536,536,1.0,396,396,1.0,932
down,60,0.55,0.95,536,536,1.0,396,396,1.0,932
down,60,0.6,0.05,328,16,0.04878048780487805,215,187,0.8697674418604651,543
down,60,0.6,0.1,328,26,0.07926829268292683,215,200,0.9302325581395349,543
down,60,0.6,0.15,328,32,0.0975609756097561,215,205,0.9534883720930233,543
down,60,0.6,0.2,328,42,0.12804878048780488,215,207,0.9627906976744186,543
down,60,0.6,0.25,328,57,0.17378048780487804,215,210,0.9767441860465116,543
down,60,0.6,0.3,328,70,0.21341463414634146,215,213,0.9906976744186047,543
down,60,0.6,0.35,328,86,0.2621951219512195,215,213,0.9906976744186047,543
down,60,0.6,0.4,328,104,0.3170731707317073,215,213,0.9906976744186047,543
down,60,0.6,0.45,328,132,0.4024390243902439,215,213,0.9906976744186047,543
down,60,0.6,0.5,328,168,0.5121951219512195,215,214,0.9953488372093023,543
down,60,0.6,0.55,328,194,0.5914634146341463,215,215,1.0,543
down,60,0.6,0.6,328,242,0.7378048780487805,215,215,1.0,543
down,60,0.6,0.65,328,308,0.9390243902439024,215,215,1.0,543
down,60,0.6,0.7,328,321,0.9786585365853658,215,215,1.0,543
down,60,0.6,0.75,328,326,0.9939024390243902,215,215,1.0,543
down,60,0.6,0.8,328,327,0.9969512195121951,215,215,1.0,543
down,60,0.6,0.85,328,328,1.0,215,215,1.0,543
down,60,0.6,0.9,328,328,1.0,215,215,1.0,543
down,60,0.6,0.95,328,328,1.0,215,215,1.0,543
down,60,0.65,0.05,515,15,0.02912621359223301,211,192,0.909952606635071,726
down,60,0.65,0.1,515,27,0.05242718446601942,211,203,0.9620853080568721,726
down,60,0.65,0.15,515,42,0.08155339805825243,211,206,0.976303317535545,726
down,60,0.65,0.2,515,62,0.1203883495145631,211,207,0.981042654028436,726
down,60,0.65,0.25,515,85,0.1650485436893204,211,210,0.995260663507109,726
down,60,0.65,0.3,515,111,0.21553398058252426,211,210,0.995260663507109,726
down,60,0.65,0.35,515,128,0.24854368932038834,211,210,0.995260663507109,726
down,60,0.65,0.4,515,150,0.2912621359223301,211,210,0.995260663507109,726
down,60,0.65,0.45,515,177,0.34368932038834954,211,210,0.995260663507109,726
down,60,0.65,0.5,515,214,0.4155339805825243,211,211,1.0,726
down,60,0.65,0.55,515,266,0.516504854368932,211,211,1.0,726
down,60,0.65,0.6,515,318,0.6174757281553398,211,211,1.0,726
down,60,0.65,0.65,515,408,0.7922330097087379,211,211,1.0,726
down,60,0.65,0.7,515,475,0.9223300970873787,211,211,1.0,726
down,60,0.65,0.75,515,506,0.9825242718446602,211,211,1.0,726
down,60,0.65,0.8,515,514,0.9980582524271845,211,211,1.0,726
down,60,0.65,0.85,515,515,1.0,211,211,1.0,726
down,60,0.65,0.9,515,515,1.0,211,211,1.0,726
down,60,0.65,0.95,515,515,1.0,211,211,1.0,726
down,60,0.7,0.05,294,12,0.04081632653061224,92,81,0.8804347826086957,386
down,60,0.7,0.1,294,25,0.08503401360544217,92,83,0.9021739130434783,386
down,60,0.7,0.15,294,31,0.1054421768707483,92,86,0.9347826086956522,386
down,60,0.7,0.2,294,34,0.11564625850340136,92,88,0.9565217391304348,386
down,60,0.7,0.25,294,42,0.14285714285714285,92,89,0.967391304347826,386
down,60,0.7,0.3,294,57,0.19387755102040816,92,89,0.967391304347826,386
down,60,0.7,0.35,294,64,0.21768707482993196,92,89,0.967391304347826,386
down,60,0.7,0.4,294,76,0.2585034013605442,92,91,0.9891304347826086,386
down,60,0.7,0.45,294,91,0.30952380952380953,92,91,0.9891304347826086,386
down,60,0.7,0.5,294,109,0.3707482993197279,92,91,0.9891304347826086,386
down,60,0.7,0.55,294,134,0.4557823129251701,92,92,1.0,386
down,60,0.7,0.6,294,159,0.5408163265306123,92,92,1.0,386
down,60,0.7,0.65,294,179,0.608843537414966,92,92,1.0,386
down,60,0.7,0.7,294,218,0.7414965986394558,92,92,1.0,386
down,60,0.7,0.75,294,279,0.9489795918367347,92,92,1.0,386
down,60,0.7,0.8,294,292,0.9931972789115646,92,92,1.0,386
down,60,0.7,0.85,294,294,1.0,92,92,1.0,386
down,60,0.7,0.9,294,294,1.0,92,92,1.0,386
down,60,0.7,0.95,294,294,1.0,92,92,1.0,386
down,60,0.75,0.05,274,8,0.029197080291970802,72,68,0.9444444444444444,346
down,60,0.75,0.1,274,11,0.040145985401459854,72,71,0.9861111111111112,346
down,60,0.75,0.15,274,14,0.051094890510948905,72,72,1.0,346
down,60,0.75,0.2,274,19,0.06934306569343066,72,72,1.0,346
down,60,0.75,0.25,274,26,0.0948905109489051,72,72,1.0,346
down,60,0.75,0.3,274,30,0.10948905109489052,72,72,1.0,346
down,60,0.75,0.35,274,36,0.13138686131386862,72,72,1.0,346
down,60,0.75,0.4,274,46,0.1678832116788321,72,72,1.0,346
down,60,0.75,0.45,274,60,0.21897810218978103,72,72,1.0,346
down,60,0.75,0.5,274,74,0.27007299270072993,72,72,1.0,346
down,60,0.75,0.55,274,85,0.3102189781021898,72,72,1.0,346
down,60,0.75,0.6,274,106,0.38686131386861317,72,72,1.0,346
down,60,0.75,0.65,274,132,0.48175182481751827,72,72,1.0,346
down,60,0.75,0.7,274,172,0.6277372262773723,72,72,1.0,346
down,60,0.75,0.75,274,221,0.8065693430656934,72,72,1.0,346
down,60,0.75,0.8,274,262,0.9562043795620438,72,72,1.0,346
down,60,0.75,0.85,274,272,0.9927007299270073,72,72,1.0,346
down,60,0.75,0.9,274,274,1.0,72,72,1.0,346
down,60,0.75,0.95,274,274,1.0,72,72,1.0,346
down,60,0.8,0.05,137,3,0.021897810218978103,31,29,0.9354838709677419,168
down,60,0.8,0.1,137,6,0.043795620437956206,31,31,1.0,168
down,60,0.8,0.15,137,7,0.051094890510948905,31,31,1.0,168
down,60,0.8,0.2,137,7,0.051094890510948905,31,31,1.0,168
down,60,0.8,0.25,137,7,0.051094890510948905,31,31,1.0,168
down,60,0.8,0.3,137,10,0.072992700729927,31,31,1.0,168
down,60,0.8,0.35,137,11,0.08029197080291971,31,31,1.0,168
down,60,0.8,0.4,137,13,0.0948905109489051,31,31,1.0,168
down,60,0.8,0.45,137,19,0.1386861313868613,31,31,1.0,168
down,60,0.8,0.5,137,27,0.19708029197080293,31,31,1.0,168
down,60,0.8,0.55,137,32,0.23357664233576642,31,31,1.0,168
down,60,0.8,0.6,137,38,0.2773722627737226,31,31,1.0,168
down,60,0.8,0.65,137,48,0.35036496350364965,31,31,1.0,168
down,60,0.8,0.7,137,61,0.44525547445255476,31,31,1.0,168
down,60,0.8,0.75,137,74,0.5401459854014599,31,31,1.0,168
down,60,0.8,0.8,137,100,0.7299270072992701,31,31,1.0,168
down,60,0.8,0.85,137,133,0.9708029197080292,31,31,1.0,168
down,60,0.8,0.9,137,137,1.0,31,31,1.0,168
down,60,0.8,0.95,137,137,1.0,31,31,1.0,168
down,60,0.85,0.05,79,3,0.0379746835443038,9,8,0.8888888888888888,88
down,60,0.85,0.1,79,4,0.05063291139240506,9,8,0.8888888888888888,88
down,60,0.85,0.15,79,5,0.06329113924050633,9,9,1.0,88
down,60,0.85,0.2,79,5,0.06329113924050633,9,9,1.0,88
down,60,0.85,0.25,79,7,0.08860759493670886,9,9,1.0,88
down,60,0.85,0.3,79,7,0.08860759493670886,9,9,1.0,88
down,60,0.85,0.35,79,7,0.08860759493670886,9,9,1.0,88
down,60,0.85,0.4,79,7,0.08860759493670886,9,9,1.0,88
down,60,0.85,0.45,79,8,0.10126582278481013,9,9,1.0,88
down,60,0.85,0.5,79,9,0.11392405063291139,9,9,1.0,88
down,60,0.85,0.55,79,11,0.13924050632911392,9,9,1.0,88
down,60,0.85,0.6,79,13,0.16455696202531644,9,9,1.0,88
down,60,0.85,0.65,79,17,0.21518987341772153,9,9,1.0,88
down,60,0.85,0.7,79,21,0.26582278481012656,9,9,1.0,88
down,60,0.85,0.75,79,27,0.34177215189873417,9,9,1.0,88
down,60,0.85,0.8,79,34,0.43037974683544306,9,9,1.0,88
down,60,0.85,0.85,79,54,0.6835443037974683,9,9,1.0,88
down,60,0.85,0.9,79,77,0.9746835443037974,9,9,1.0,88
down,60,0.85,0.95,79,79,1.0,9,9,1.0,88
down,60,0.9,0.05,24,0,0.0,2,0,0.0,26
down,60,0.9,0.1,24,1,0.041666666666666664,2,0,0.0,26
down,60,0.9,0.15,24,1,0.041666666666666664,2,1,0.5,26
down,60,0.9,0.2,24,1,0.041666666666666664,2,1,0.5,26
down,60,0.9,0.25,24,1,0.041666666666666664,2,1,0.5,26
down,60,0.9,0.3,24,1,0.041666666666666664,2,2,1.0,26
down,60,0.9,0.35,24,1,0.041666666666666664,2,2,1.0,26
down,60,0.9,0.4,24,1,0.041666666666666664,2,2,1.0,26
down,60,0.9,0.45,24,1,0.041666666666666664,2,2,1.0,26
down,60,0.9,0.5,24,2,0.08333333333333333,2,2,1.0,26
down,60,0.9,0.55,24,5,0.20833333333333334,2,2,1.0,26
down,60,0.9,0.6,24,5,0.20833333333333334,2,2,1.0,26
down,60,0.9,0.65,24,6,0.25,2,2,1.0,26
down,60,0.9,0.7,24,8,0.3333333333333333,2,2,1.0,26
down,60,0.9,0.75,24,8,0.3333333333333333,2,2,1.0,26
down,60,0.9,0.8,24,9,0.375,2,2,1.0,26
down,60,0.9,0.85,24,12,0.5,2,2,1.0,26
down,60,0.9,0.9,24,17,0.7083333333333334,2,2,1.0,26
down,60,0.9,0.95,24,24,1.0,2,2,1.0,26
down,60,0.95,0.05,6,0,0.0,0,0,0.0,6
down,60,0.95,0.1,6,0,0.0,0,0,0.0,6
down,60,0.95,0.15,6,0,0.0,0,0,0.0,6
down,60,0.95,0.2,6,0,0.0,0,0,0.0,6
down,60,0.95,0.25,6,0,0.0,0,0,0.0,6
down,60,0.95,0.3,6,0,0.0,0,0,0.0,6
down,60,0.95,0.35,6,0,0.0,0,0,0.0,6
down,60,0.95,0.4,6,0,0.0,0,0,0.0,6
down,60,0.95,0.45,6,0,0.0,0,0,0.0,6
down,60,0.95,0.5,6,0,0.0,0,0,0.0,6
down,60,0.95,0.55,6,0,0.0,0,0,0.0,6
down,60,0.95,0.6,6,0,0.0,0,0,0.0,6
down,60,0.95,0.65,6,0,0.0,0,0,0.0,6
down,60,0.95,0.7,6,0,0.0,0,0,0.0,6
down,60,0.95,0.75,6,0,0.0,0,0,0.0,6
down,60,0.95,0.8,6,1,0.16666666666666666,0,0,0.0,6
down,60,0.95,0.85,6,1,0.16666666666666666,0,0,0.0,6
down,60,0.95,0.9,6,2,0.3333333333333333,0,0,0.0,6
down,60,0.95,0.95,6,5,0.8333333333333334,0,0,0.0,6
down,90,0.0,0.05,1,0,0.0,39,39,1.0,40
down,90,0.0,0.1,1,1,1.0,39,39,1.0,40
down,90,0.0,0.15,1,1,1.0,39,39,1.0,40
down,90,0.0,0.2,1,1,1.0,39,39,1.0,40
down,90,0.0,0.25,1,1,1.0,39,39,1.0,40
down,90,0.0,0.3,1,1,1.0,39,39,1.0,40
down,90,0.0,0.35,1,1,1.0,39,39,1.0,40
down,90,0.0,0.4,1,1,1.0,39,39,1.0,40
down,90,0.0,0.45,1,1,1.0,39,39,1.0,40
down,90,0.0,0.5,1,1,1.0,39,39,1.0,40
down,90,0.0,0.55,1,1,1.0,39,39,1.0,40
down,90,0.0,0.6,1,1,1.0,39,39,1.0,40
down,90,0.0,0.65,1,1,1.0,39,39,1.0,40
down,90,0.0,0.7,1,1,1.0,39,39,1.0,40
down,90,0.0,0.75,1,1,1.0,39,39,1.0,40
down,90,0.0,0.8,1,1,1.0,39,39,1.0,40
down,90,0.0,0.85,1,1,1.0,39,39,1.0,40
down,90,0.0,0.9,1,1,1.0,39,39,1.0,40
down,90,0.0,0.95,1,1,1.0,39,39,1.0,40
down,90,0.05,0.05,7,5,0.7142857142857143,134,134,1.0,141
down,90,0.05,0.1,7,7,1.0,134,134,1.0,141
down,90,0.05,0.15,7,7,1.0,134,134,1.0,141
down,90,0.05,0.2,7,7,1.0,134,134,1.0,141
down,90,0.05,0.25,7,7,1.0,134,134,1.0,141
down,90,0.05,0.3,7,7,1.0,134,134,1.0,141
down,90,0.05,0.35,7,7,1.0,134,134,1.0,141
down,90,0.05,0.4,7,7,1.0,134,134,1.0,141
down,90,0.05,0.45,7,7,1.0,134,134,1.0,141
down,90,0.05,0.5,7,7,1.0,134,134,1.0,141
down,90,0.05,0.55,7,7,1.0,134,134,1.0,141
down,90,0.05,0.6,7,7,1.0,134,134,1.0,141
down,90,0.05,0.65,7,7,1.0,134,134,1.0,141
down,90,0.05,0.7,7,7,1.0,134,134,1.0,141
down,90,0.05,0.75,7,7,1.0,134,134,1.0,141
down,90,0.05,0.8,7,7,1.0,134,134,1.0,141
down,90,0.05,0.85,7,7,1.0,134,134,1.0,141
down,90,0.05,0.9,7,7,1.0,134,134,1.0,141
down,90,0.05,0.95,7,7,1.0,134,134,1.0,141
down,90,0.1,0.05,37,11,0.2972972972972973,295,287,0.9728813559322034,332
down,90,0.1,0.1,37,23,0.6216216216216216,295,293,0.9932203389830508,332
down,90,0.1,0.15,37,34,0.918918918918919,295,295,1.0,332
down,90,0.1,0.2,37,36,0.972972972972973,295,295,1.0,332
down,90,0.1,0.25,37,37,1.0,295,295,1.0,332
down,90,0.1,0.3,37,37,1.0,295,295,1.0,332
down,90,0.1,0.35,37,37,1.0,295,295,1.0,332
down,90,0.1,0.4,37,37,1.0,295,295,1.0,332
down,90,0.1,0.45,37,37,1.0,295,295,1.0,332
down,90,0.1,0.5,37,37,1.0,295,295,1.0,332
down,90,0.1,0.55,37,37,1.0,295,295,1.0,332
down,90,0.1,0.6,37,37,1.0,295,295,1.0,332
down,90,0.1,0.65,37,37,1.0,295,295,1.0,332
down,90,0.1,0.7,37,37,1.0,295,295,1.0,332
down,90,0.1,0.75,37,37,1.0,295,295,1.0,332
down,90,0.1,0.8,37,37,1.0,295,295,1.0,332
down,90,0.1,0.85,37,37,1.0,295,295,1.0,332
down,90,0.1,0.9,37,37,1.0,295,295,1.0,332
down,90,0.1,0.95,37,37,1.0,295,295,1.0,332
down,90,0.15,0.05,36,11,0.3055555555555556,268,263,0.9813432835820896,304
down,90,0.15,0.1,36,23,0.6388888888888888,268,266,0.9925373134328358,304
down,90,0.15,0.15,36,30,0.8333333333333334,268,268,1.0,304
down,90,0.15,0.2,36,35,0.9722222222222222,268,268,1.0,304
down,90,0.15,0.25,36,35,0.9722222222222222,268,268,1.0,304
down,90,0.15,0.3,36,35,0.9722222222222222,268,268,1.0,304
down,90,0.15,0.35,36,36,1.0,268,268,1.0,304
down,90,0.15,0.4,36,36,1.0,268,268,1.0,304
down,90,0.15,0.45,36,36,1.0,268,268,1.0,304
down,90,0.15,0.5,36,36,1.0,268,268,1.0,304
down,90,0.15,0.55,36,36,1.0,268,268,1.0,304
down,90,0.15,0.6,36,36,1.0,268,268,1.0,304
down,90,0.15,0.65,36,36,1.0,268,268,1.0,304
down,90,0.15,0.7,36,36,1.0,268,268,1.0,304
down,90,0.15,0.75,36,36,1.0,268,268,1.0,304
down,90,0.15,0.8,36,36,1.0,268,268,1.0,304
down,90,0.15,0.85,36,36,1.0,268,268,1.0,304
down,90,0.15,0.9,36,36,1.0,268,268,1.0,304
down,90,0.15,0.95,36,36,1.0,268,268,1.0,304
down,90,0.2,0.05,100,15,0.15,344,332,0.9651162790697675,444
down,90,0.2,0.1,100,28,0.28,344,338,0.9825581395348837,444
down,90,0.2,0.15,100,52,0.52,344,343,0.997093023255814,444
down,90,0.2,0.2,100,81,0.81,344,344,1.0,444
down,90,0.2,0.25,100,95,0.95,344,344,1.0,444
down,90,0.2,0.3,100,98,0.98,344,344,1.0,444
down,90,0.2,0.35,100,99,0.99,344,344,1.0,444
down,90,0.2,0.4,100,100,1.0,344,344,1.0,444
down,90,0.2,0.45,100,100,1.0,344,344,1.0,444
down,90,0.2,0.5,100,100,1.0,344,344,1.0,444
down,90,0.2,0.55,100,100,1.0,344,344,1.0,444
down,90,0.2,0.6,100,100,1.0,344,344,1.0,444
down,90,0.2,0.65,100,100,1.0,344,344,1.0,444
down,90,0.2,0.7,100,100,1.0,344,344,1.0,444
down,90,0.2,0.75,100,100,1.0,344,344,1.0,444
down,90,0.2,0.8,100,100,1.0,344,344,1.0,444
down,90,0.2,0.85,100,100,1.0,344,344,1.0,444
down,90,0.2,0.9,100,100,1.0,344,344,1.0,444
down,90,0.2,0.95,100,100,1.0,344,344,1.0,444
down,90,0.25,0.05,174,23,0.13218390804597702,439,414,0.9430523917995444,613
down,90,0.25,0.1,174,44,0.25287356321839083,439,428,0.9749430523917996,613
down,90,0.25,0.15,174,72,0.41379310344827586,439,434,0.9886104783599089,613
down,90,0.25,0.2,174,111,0.6379310344827587,439,437,0.9954441913439636,613
down,90,0.25,0.25,174,136,0.7816091954022989,439,439,1.0,613
down,90,0.25,0.3,174,164,0.9425287356321839,439,439,1.0,613
down,90,0.25,0.35,174,168,0.9655172413793104,439,439,1.0,613
down,90,0.25,0.4,174,171,0.9827586206896551,439,439,1.0,613
down,90,0.25,0.45,174,172,0.9885057471264368,439,439,1.0,613
down,90,0.25,0.5,174,173,0.9942528735632183,439,439,1.0,613
down,90,0.25,0.55,174,174,1.0,439,439,1.0,613
down,90,0.25,0.6,174,174,1.0,439,439,1.0,613
down,90,0.25,0.65,174,174,1.0,439,439,1.0,613
down,90,0.25,0.7,174,174,1.0,439,439,1.0,613
down,90,0.25,0.75,174,174,1.0,439,439,1.0,613
down,90,0.25,0.8,174,174,1.0,439,439,1.0,613
down,90,0.25,0.85,174,174,1.0,439,439,1.0,613
down,90,0.25,0.9,174,174,1.0,439,439,1.0,613
down,90,0.25,0.95,174,174,1.0,439,439,1.0,613
down,90,0.3,0.05,200,25,0.125,374,355,0.9491978609625669,574
down,90,0.3,0.1,200,41,0.205,374,366,0.9786096256684492,574
down,90,0.3,0.15,200,64,0.32,374,371,0.9919786096256684,574
down,90,0.3,0.2,200,93,0.465,374,372,0.9946524064171123,574
down,90,0.3,0.25,200,114,0.57,374,373,0.9973262032085561,574
down,90,0.3,0.3,200,146,0.73,374,374,1.0,574
down,90,0.3,0.35,200,189,0.945,374,374,1.0,574
down,90,0.3,0.4,200,197,0.985,374,374,1.0,574
down,90,0.3,0.45,200,199,0.995,374,374,1.0,574
down,90,0.3,0.5,200,199,0.995,374,374,1.0,574
down,90,0.3,0.55,200,199,0.995,374,374,1.0,574
down,90,0.3,0.6,200,199,0.995,374,374,1.0,574
down,90,0.3,0.65,200,199,0.995,374,374,1.0,574
down,90,0.3,0.7,200,199,0.995,374,374,1.0,574
down,90,0.3,0.75,200,199,0.995,374,374,1.0,574
down,90,0.3,0.8,200,199,0.995,374,374,1.0,574
down,90,0.3,0.85,200,199,0.995,374,374,1.0,574
down,90,0.3,0.9,200,199,0.995,374,374,1.0,574
down,90,0.3,0.95,200,199,0.995,374,374,1.0,574
down,90,0.35,0.05,185,16,0.08648648648648649,330,308,0.9333333333333333,515
down,90,0.35,0.1,185,34,0.1837837837837838,330,318,0.9636363636363636,515
down,90,0.35,0.15,185,56,0.3027027027027027,330,325,0.9848484848484849,515
down,90,0.35,0.2,185,76,0.41081081081081083,330,327,0.990909090909091,515
down,90,0.35,0.25,185,96,0.518918918918919,330,330,1.0,515
down,90,0.35,0.3,185,120,0.6486486486486487,330,330,1.0,515
down,90,0.35,0.35,185,148,0.8,330,330,1.0,515
down,90,0.35,0.4,185,177,0.9567567567567568,330,330,1.0,515
down,90,0.35,0.45,185,183,0.9891891891891892,330,330,1.0,515
down,90,0.35,0.5,185,185,1.0,330,330,1.0,515
down,90,0.35,0.55,185,185,1.0,330,330,1.0,515
down,90,0.35,0.6,185,185,1.0,330,330,1.0,515
down,90,0.35,0.65,185,185,1.0,330,330,1.0,515
down,90,0.35,0.7,185,185,1.0,330,330,1.0,515
down,90,0.35,0.75,185,185,1.0,330,330,1.0,515
down,90,0.35,0.8,185,185,1.0,330,330,1.0,515
down,90,0.35,0.85,185,185,1.0,330,330,1.0,515
down,90,0.35,0.9,185,185,1.0,330,330,1.0,515
down,90,0.35,0.95,185,185,1.0,330,330,1.0,515
down,90,0.4,0.05,337,25,0.07418397626112759,388,349,0.8994845360824743,725
down,90,0.4,0.1,337,52,0.1543026706231454,388,368,0.9484536082474226,725
down,90,0.4,0.15,337,82,0.2433234421364985,388,374,0.9639175257731959,725
down,90,0.4,0.2,337,103,0.3056379821958457,388,379,0.9768041237113402,725
down,90,0.4,0.25,337,138,0.4094955489614243,388,381,0.9819587628865979,725
down,90,0.4,0.3,337,179,0.5311572700296736,388,384,0.9896907216494846,725
down,90,0.4,0.35,337,228,0.6765578635014837,388,386,0.9948453608247423,725
down,90,0.4,0.4,337,287,0.8516320474777448,388,386,0.9948453608247423,725
down,90,0.4,0.45,337,329,0.9762611275964391,388,387,0.9974226804123711,725
down,90,0.4,0.5,337,333,0.9881305637982196,388,388,1.0,725
down,90,0.4,0.55,337,334,0.9910979228486647,388,388,1.0,725
down,90,0.4,0.6,337,336,0.9970326409495549,388,388,1.0,725
down,90,0.4,0.65,337,336,0.9970326409495549,388,388,1.0,725
down,90,0.4,0.7,337,336,0.9970326409495549,388,388,1.0,725
down,90,0.4,0.75,337,337,1.0,388,388,1.0,725
down,90,0.4,0.8,337,337,1.0,388,388,1.0,725
down,90,0.4,0.85,337,337,1.0,388,388,1.0,725
down,90,0.4,0.9,337,337,1.0,388,388,1.0,725
down,90,0.4,0.95,337,337,1.0,388,388,1.0,725
down,90,0.45,0.05,318,19,0.059748427672955975,353,319,0.9036827195467422,671
down,90,0.45,0.1,318,45,0.14150943396226415,353,329,0.9320113314447592,671
down,90,0.45,0.15,318,65,0.20440251572327045,353,337,0.9546742209631728,671
down,90,0.45,0.2,318,81,0.25471698113207547,353,343,0.9716713881019831,671
down,90,0.45,0.25,318,104,0.3270440251572327,353,346,0.9801699716713881,671
down,90,0.45,0.3,318,137,0.4308176100628931,353,349,0.9886685552407932,671
down,90,0.45,0.35,318,167,0.5251572327044025,353,349,0.9886685552407932,671
down,90,0.45,0.4,318,199,0.6257861635220126,353,352,0.9971671388101983,671
down,90,0.45,0.45,318,244,0.7672955974842768,353,352,0.9971671388101983,671
down,90,0.45,0.5,318,299,0.940251572327044,353,352,0.9971671388101983,671
down,90,0.45,0.55,318,311,0.9779874213836478,353,352,0.9971671388101983,671
down,90,0.45,0.6,318,313,0.9842767295597484,353,352,0.9971671388101983,671
down,90,0.45,0.65,318,316,0.9937106918238994,353,352,0.9971671388101983,671
down,90,0.45,0.7,318,318,1.0,353,352,0.9971671388101983,671
down,90,0.45,0.75,318,318,1.0,353,352,0.9971671388101983,671
down,90,0.45,0.8,318,318,1.0,353,352,0.9971671388101983,671
down,90,0.45,0.85,318,318,1.0,353,352,0.9971671388101983,671
down,90,0.45,0.9,318,318,1.0,353,352,0.9971671388101983,671
down,90,0.45,0.95,318,318,1.0,353,352,0.9971671388101983,671
down,90,0.5,0.05,389,25,0.06426735218508997,371,336,0.9056603773584906,760
down,90,0.5,0.1,389,50,0.12853470437017994,371,349,0.9407008086253369,760
down,90,0.5,0.15,389,71,0.18251928020565553,371,359,0.967654986522911,760
down,90,0.5,0.2,389,98,0.2519280205655527,371,362,0.9757412398921833,760
down,90,0.5,0.25,389,125,0.3213367609254499,371,365,0.9838274932614556,760
down,90,0.5,0.3,389,151,0.38817480719794345,371,366,0.9865229110512129,760
down,90,0.5,0.35,389,173,0.44473007712082263,371,368,0.9919137466307277,760
down,90,0.5,0.4,389,207,0.532133676092545,371,368,0.9919137466307277,760
down,90,0.5,0.45,389,250,0.6426735218508998,371,368,0.9919137466307277,760
down,90,0.5,0.5,389,318,0.8174807197943444,371,369,0.9946091644204852,760
down,90,0.5,0.55,389,367,0.9434447300771208,371,369,0.9946091644204852,760
down,90,0.5,0.6,389,376,0.9665809768637532,371,369,0.9946091644204852,760
down,90,0.5,0.65,389,384,0.987146529562982,371,369,0.9946091644204852,760
down,90,0.5,0.7,389,384,0.987146529562982,371,369,0.9946091644204852,760
down,90,0.5,0.75,389,387,0.9948586118251928,371,369,0.9946091644204852,760
down,90,0.5,0.8,389,387,0.9948586118251928,371,369,0.9946091644204852,760
down,90,0.5,0.85,389,387,0.9948586118251928,371,369,0.9946091644204852,760
down,90,0.5,0.9,389,387,0.9948586118251928,371,369,0.9946091644204852,760
down,90,0.5,0.95,389,387,0.9948586118251928,371,369,0.9946091644204852,760
down,90,0.55,0.05,472,19,0.04025423728813559,307,282,0.9185667752442996,779
down,90,0.55,0.1,472,37,0.07838983050847458,307,297,0.9674267100977199,779
down,90,0.55,0.15,472,58,0.1228813559322034,307,302,0.9837133550488599,779
down,90,0.55,0.2,472,80,0.1694915254237288,307,302,0.9837133550488599,779
down,90,0.55,0.25,472,95,0.20127118644067796,307,303,0.9869706840390879,779
down,90,0.55,0.3,472,132,0.2796610169491525,307,305,0.993485342019544,779
down,90,0.55,0.35,472,168,0.3559322033898305,307,306,0.996742671009772,779
down,90,0.55,0.4,472,199,0.4216101694915254,307,307,1.0,779
down,90,0.55,0.45,472,238,0.5042372881355932,307,307,1.0,779
down,90,0.55,0.5,472,287,0.6080508474576272,307,307,1.0,779
down,90,0.55,0.55,472,353,0.7478813559322034,307,307,1.0,779
down,90,0.55,0.6,472,447,0.9470338983050848,307,307,1.0,779
down,90,0.55,0.65,472,464,0.9830508474576272,307,307,1.0,779
down,90,0.55,0.7,472,471,0.9978813559322034,307,307,1.0,779
down,90,0.55,0.75,472,472,1.0,307,307,1.0,779
down,90,0.55,0.8,472,472,1.0,307,307,1.0,779
down,90,0.55,0.85,472,472,1.0,307,307,1.0,779
down,90,0.55,0.9,472,472,1.0,307,307,1.0,779
down,90,0.55,0.95,472,472,1.0,307,307,1.0,779
down,90,0.6,0.05,330,19,0.05757575757575758,183,159,0.8688524590163934,513
down,90,0.6,0.1,330,28,0.08484848484848485,183,170,0.9289617486338798,513
down,90,0.6,0.15,330,43,0.1303030303030303,183,175,0.9562841530054644,513
down,90,0.6,0.2,330,57,0.17272727272727273,183,179,0.9781420765027322,513
down,90,0.6,0.25,330,67,0.20303030303030303,183,180,0.9836065573770492,513
down,90,0.6,0.3,330,89,0.2696969696969697,183,181,0.9890710382513661,513
down,90,0.6,0.35,330,100,0.30303030303030304,183,182,0.994535519125683,513
down,90,0.6,0.4,330,118,0.3575757575757576,183,182,0.994535519125683,513
down,90,0.6,0.45,330,140,0.42424242424242425,183,182,0.994535519125683,513
down,90,0.6,0.5,330,165,0.5,183,182,0.994535519125683,513
down,90,0.6,0.55,330,198,0.6,183,183,1.0,513
down,90,0.6,0.6,330,245,0.7424242424242424,183,183,1.0,513
down,90,0.6,0.65,330,305,0.9242424242424242,183,183,1.0,513
down,90,0.6,0.7,330,323,0.9787878787878788,183,183,1.0,513
down,90,0.6,0.75,330,328,0.9939393939393939,183,183,1.0,513
down,90,0.6,0.8,330,329,0.996969696969697,183,183,1.0,513
down,90,0.6,0.85,330,330,1.0,183,183,1.0,513
down,90,0.6,0.9,330,330,1.0,183,183,1.0,513
down,90,0.6,0.95,330,330,1.0,183,183,1.0,513
down,90,0.65,0.05,429,14,0.03263403263403263,204,184,0.9019607843137255,633
down,90,0.65,0.1,429,23,0.053613053613053616,204,190,0.9313725490196079,633
down,90,0.65,0.15,429,35,0.08158508158508158,204,195,0.9558823529411765,633
down,90,0.65,0.2,429,52,0.12121212121212122,204,196,0.9607843137254902,633
down,90,0.65,0.25,429,66,0.15384615384615385,204,198,0.9705882352941176,633
down,90,0.65,0.3,429,84,0.1958041958041958,204,199,0.9754901960784313,633
down,90,0.65,0.35,429,101,0.23543123543123542,204,201,0.9852941176470589,633
down,90,0.65,0.4,429,122,0.28438228438228436,204,201,0.9852941176470589,633
down,90,0.65,0.45,429,141,0.32867132867132864,204,202,0.9901960784313726,633
down,90,0.65,0.5,429,184,0.4289044289044289,204,204,1.0,633
down,90,0.65,0.55,429,225,0.5244755244755245,204,204,1.0,633
down,90,0.65,0.6,429,255,0.5944055944055944,204,204,1.0,633
down,90,0.65,0.65,429,320,0.745920745920746,204,204,1.0,633
down,90,0.65,0.7,429,405,0.9440559440559441,204,204,1.0,633
down,90,0.65,0.75,429,424,0.9883449883449883,204,204,1.0,633
down,90,0.65,0.8,429,427,0.9953379953379954,204,204,1.0,633
down,90,0.65,0.85,429,429,1.0,204,204,1.0,633
down,90,0.65,0.9,429,429,1.0,204,204,1.0,633
down,90,0.65,0.95,429,429,1.0,204,204,1.0,633
down,90,0.7,0.05,277,8,0.02888086642599278,104,91,0.875,381
down,90,0.7,0.1,277,18,0.06498194945848375,104,96,0.9230769230769231,381
down,90,0.7,0.15,277,22,0.07942238267148015,104,100,0.9615384615384616,381
down,90,0.7,0.2,277,24,0.08664259927797834,104,101,0.9711538461538461,381
down,90,0.7,0.25,277,31,0.11191335740072202,104,103,0.9903846153846154,381
down,90,0.7,0.3,277,40,0.1444043321299639,104,104,1.0,381
down,90,0.7,0.35,277,43,0.1552346570397112,104,104,1.0,381
down,90,0.7,0.4,277,55,0.19855595667870035,104,104,1.0,381
down,90,0.7,0.45,277,69,0.2490974729241877,104,104,1.0,381
down,90,0.7,0.5,277,84,0.30324909747292417,104,104,1.0,381
down,90,0.7,0.55,277,100,0.36101083032490977,104,104,1.0,381
down,90,0.7,0.6,277,127,0.4584837545126354,104,104,1.0,381
down,90,0.7,0.65,277,167,0.6028880866425993,104,104,1.0,381
down,90,0.7,0.7,277,219,0.7906137184115524,104,104,1.0,381
down,90,0.7,0.75,277,271,0.9783393501805054,104,104,1.0,381
down,90,0.7,0.8,277,276,0.9963898916967509,104,104,1.0,381
down,90,0.7,0.85,277,277,1.0,104,104,1.0,381
down,90,0.7,0.9,277,277,1.0,104,104,1.0,381
down,90,0.7,0.95,277,277,1.0,104,104,1.0,381
down,90,0.75,0.05,368,10,0.02717391304347826,83,71,0.8554216867469879,451
down,90,0.75,0.1,368,19,0.051630434782608696,83,77,0.927710843373494,451
down,90,0.75,0.15,368,24,0.06521739130434782,83,80,0.963855421686747,451
down,90,0.75,0.2,368,29,0.07880434782608696,83,80,0.963855421686747,451
down,90,0.75,0.25,368,37,0.10054347826086957,83,80,0.963855421686747,451
down,90,0.75,0.3,368,44,0.11956521739130435,83,81,0.9759036144578314,451
down,90,0.75,0.35,368,51,0.13858695652173914,83,81,0.9759036144578314,451
down,90,0.75,0.4,368,55,0.14945652173913043,83,83,1.0,451
down,90,0.75,0.45,368,68,0.18478260869565216,83,83,1.0,451
down,90,0.75,0.5,368,88,0.2391304347826087,83,83,1.0,451
down,90,0.75,0.55,368,109,0.296195652173913,83,83,1.0,451
down,90,0.75,0.6,368,141,0.38315217391304346,83,83,1.0,451
down,90,0.75,0.65,368,170,0.46195652173913043,83,83,1.0,451
down,90,0.75,0.7,368,208,0.5652173913043478,83,83,1.0,451
down,90,0.75,0.75,368,284,0.7717391304347826,83,83,1.0,451
down,90,0.75,0.8,368,357,0.970108695652174,83,83,1.0,451
down,90,0.75,0.85,368,367,0.9972826086956522,83,83,1.0,451
down,90,0.75,0.9,368,368,1.0,83,83,1.0,451
down,90,0.75,0.95,368,368,1.0,83,83,1.0,451
down,90,0.8,0.05,260,6,0.023076923076923078,51,49,0.9607843137254902,311
down,90,0.8,0.1,260,9,0.03461538461538462,51,50,0.9803921568627451,311
down,90,0.8,0.15,260,11,0.04230769230769231,51,50,0.9803921568627451,311
down,90,0.8,0.2,260,18,0.06923076923076923,51,51,1.0,311
down,90,0.8,0.25,260,22,0.08461538461538462,51,51,1.0,311
down,90,0.8,0.3,260,29,0.11153846153846154,51,51,1.0,311
down,90,0.8,0.35,260,35,0.1346153846153846,51,51,1.0,311
down,90,0.8,0.4,260,39,0.15,51,51,1.0,311
down,90,0.8,0.45,260,53,0.20384615384615384,51,51,1.0,311
down,90,0.8,0.5,260,60,0.23076923076923078,51,51,1.0,311
down,90,0.8,0.55,260,66,0.25384615384615383,51,51,1.0,311
down,90,0.8,0.6,260,81,0.31153846153846154,51,51,1.0,311
down,90,0.8,0.65,260,107,0.4115384615384615,51,51,1.0,311
down,90,0.8,0.7,260,128,0.49230769230769234,51,51,1.0,311
down,90,0.8,0.75,260,155,0.5961538461538461,51,51,1.0,311
down,90,0.8,0.8,260,201,0.7730769230769231,51,51,1.0,311
down,90,0.8,0.85,260,253,0.9730769230769231,51,51,1.0,311
down,90,0.8,0.9,260,260,1.0,51,51,1.0,311
down,90,0.8,0.95,260,260,1.0,51,51,1.0,311
down,90,0.85,0.05,203,5,0.024630541871921183,29,26,0.896551724137931,232
down,90,0.85,0.1,203,9,0.04433497536945813,29,28,0.9655172413793104,232
down,90,0.85,0.15,203,11,0.054187192118226604,29,28,0.9655172413793104,232
down,90,0.85,0.2,203,11,0.054187192118226604,29,28,0.9655172413793104,232
down,90,0.85,0.25,203,12,0.059113300492610835,29,28,0.9655172413793104,232
down,90,0.85,0.3,203,13,0.06403940886699508,29,28,0.9655172413793104,232
down,90,0.85,0.35,203,15,0.07389162561576355,29,28,0.9655172413793104,232
down,90,0.85,0.4,203,18,0.08866995073891626,29,28,0.9655172413793104,232
down,90,0.85,0.45,203,19,0.09359605911330049,29,28,0.9655172413793104,232
down,90,0.85,0.5,203,26,0.12807881773399016,29,28,0.9655172413793104,232
down,90,0.85,0.55,203,38,0.18719211822660098,29,29,1.0,232
down,90,0.85,0.6,203,45,0.22167487684729065,29,29,1.0,232
down,90,0.85,0.65,203,54,0.2660098522167488,29,29,1.0,232
down,90,0.85,0.7,203,65,0.32019704433497537,29,29,1.0,232
down,90,0.85,0.75,203,77,0.3793103448275862,29,29,1.0,232
down,90,0.85,0.8,203,101,0.4975369458128079,29,29,1.0,232
down,90,0.85,0.85,203,140,0.6896551724137931,29,29,1.0,232
down,90,0.85,0.9,203,198,0.9753694581280788,29,29,1.0,232
down,90,0.85,0.95,203,203,1.0,29,29,1.0,232
down,90,0.9,0.05,150,4,0.02666666666666667,8,7,0.875,158
down,90,0.9,0.1,150,4,0.02666666666666667,8,7,0.875,158
down,90,0.9,0.15,150,4,0.02666666666666667,8,8,1.0,158
down,90,0.9,0.2,150,4,0.02666666666666667,8,8,1.0,158
down,90,0.9,0.25,150,6,0.04,8,8,1.0,158
down,90,0.9,0.3,150,7,0.04666666666666667,8,8,1.0,158
down,90,0.9,0.35,150,7,0.04666666666666667,8,8,1.0,158
down,90,0.9,0.4,150,8,0.05333333333333334,8,8,1.0,158
down,90,0.9,0.45,150,9,0.06,8,8,1.0,158
down,90,0.9,0.5,150,14,0.09333333333333334,8,8,1.0,158
down,90,0.9,0.55,150,16,0.10666666666666667,8,8,1.0,158
down,90,0.9,0.6,150,18,0.12,8,8,1.0,158
down,90,0.9,0.65,150,20,0.13333333333333333,8,8,1.0,158
down,90,0.9,0.7,150,25,0.16666666666666666,8,8,1.0,158
down,90,0.9,0.75,150,26,0.17333333333333334,8,8,1.0,158
down,90,0.9,0.8,150,39,0.26,8,8,1.0,158
down,90,0.9,0.85,150,51,0.34,8,8,1.0,158
down,90,0.9,0.9,150,99,0.66,8,8,1.0,158
down,90,0.9,0.95,150,150,1.0,8,8,1.0,158
down,90,0.95,0.05,21,0,0.0,0,0,0.0,21
down,90,0.95,0.1,21,0,0.0,0,0,0.0,21
down,90,0.95,0.15,21,0,0.0,0,0,0.0,21
down,90,0.95,0.2,21,0,0.0,0,0,0.0,21
down,90,0.95,0.25,21,1,0.047619047619047616,0,0,0.0,21
down,90,0.95,0.3,21,2,0.09523809523809523,0,0,0.0,21
down,90,0.95,0.35,21,2,0.09523809523809523,0,0,0.0,21
down,90,0.95,0.4,21,2,0.09523809523809523,0,0,0.0,21
down,90,0.95,0.45,21,2,0.09523809523809523,0,0,0.0,21
down,90,0.95,0.5,21,2,0.09523809523809523,0,0,0.0,21
down,90,0.95,0.55,21,2,0.09523809523809523,0,0,0.0,21
down,90,0.95,0.6,21,3,0.14285714285714285,0,0,0.0,21
down,90,0.95,0.65,21,3,0.14285714285714285,0,0,0.0,21
down,90,0.95,0.7,21,3,0.14285714285714285,0,0,0.0,21
down,90,0.95,0.75,21,3,0.14285714285714285,0,0,0.0,21
down,90,0.95,0.8,21,4,0.19047619047619047,0,0,0.0,21
down,90,0.95,0.85,21,5,0.23809523809523808,0,0,0.0,21
down,90,0.95,0.9,21,7,0.3333333333333333,0,0,0.0,21
down,90,0.95,0.95,21,13,0.6190476190476191,0,0,0.0,21
down,120,0.0,0.05,3,3,1.0,100,98,0.98,103
down,120,0.0,0.1,3,3,1.0,100,98,0.98,103
down,120,0.0,0.15,3,3,1.0,100,98,0.98,103
down,120,0.0,0.2,3,3,1.0,100,98,0.98,103
down,120,0.0,0.25,3,3,1.0,100,98,0.98,103
down,120,0.0,0.3,3,3,1.0,100,98,0.98,103
down,120,0.0,0.35,3,3,1.0,100,98,0.98,103
down,120,0.0,0.4,3,3,1.0,100,98,0.98,103
down,120,0.0,0.45,3,3,1.0,100,98,0.98,103
down,120,0.0,0.5,3,3,1.0,100,98,0.98,103
down,120,0.0,0.55,3,3,1.0,100,98,0.98,103
down,120,0.0,0.6,3,3,1.0,100,98,0.98,103
down,120,0.0,0.65,3,3,1.0,100,98,0.98,103
down,120,0.0,0.7,3,3,1.0,100,98,0.98,103
down,120,0.0,0.75,3,3,1.0,100,98,0.98,103
down,120,0.0,0.8,3,3,1.0,100,98,0.98,103
down,120,0.0,0.85,3,3,1.0,100,98,0.98,103
down,120,0.0,0.9,3,3,1.0,100,98,0.98,103
down,120,0.0,0.95,3,3,1.0,100,98,0.98,103
down,120,0.05,0.05,11,7,0.6363636363636364,289,288,0.9965397923875432,300
down,120,0.05,0.1,11,11,1.0,289,289,1.0,300
down,120,0.05,0.15,11,11,1.0,289,289,1.0,300
down,120,0.05,0.2,11,11,1.0,289,289,1.0,300
down,120,0.05,0.25,11,11,1.0,289,289,1.0,300
down,120,0.05,0.3,11,11,1.0,289,289,1.0,300
down,120,0.05,0.35,11,11,1.0,289,289,1.0,300
down,120,0.05,0.4,11,11,1.0,289,289,1.0,300
down,120,0.05,0.45,11,11,1.0,289,289,1.0,300
down,120,0.05,0.5,11,11,1.0,289,289,1.0,300
down,120,0.05,0.55,11,11,1.0,289,289,1.0,300
down,120,0.05,0.6,11,11,1.0,289,289,1.0,300
down,120,0.05,0.65,11,11,1.0,289,289,1.0,300
down,120,0.05,0.7,11,11,1.0,289,289,1.0,300
down,120,0.05,0.75,11,11,1.0,289,289,1.0,300
down,120,0.05,0.8,11,11,1.0,289,289,1.0,300
down,120,0.05,0.85,11,11,1.0,289,289,1.0,300
down,120,0.05,0.9,11,11,1.0,289,289,1.0,300
down,120,0.05,0.95,11,11,1.0,289,289,1.0,300
down,120,0.1,0.05,44,12,0.2727272727272727,396,385,0.9722222222222222,440
down,120,0.1,0.1,44,29,0.6590909090909091,396,394,0.9949494949494949,440
down,120,0.1,0.15,44,41,0.9318181818181818,396,396,1.0,440
down,120,0.1,0.2,44,43,0.9772727272727273,396,396,1.0,440
down,120,0.1,0.25,44,43,0.9772727272727273,396,396,1.0,440
down,120,0.1,0.3,44,43,0.9772727272727273,396,396,1.0,440
down,120,0.1,0.35,44,43,0.9772727272727273,396,396,1.0,440
down,120,0.1,0.4,44,44,1.0,396,396,1.0,440
down,120,0.1,0.45,44,44,1.0,396,396,1.0,440
down,120,0.1,0.5,44,44,1.0,396,396,1.0,440
down,120,0.1,0.55,44,44,1.0,396,396,1.0,440
down,120,0.1,0.6,44,44,1.0,396,396,1.0,440
down,120,0.1,0.65,44,44,1.0,396,396,1.0,440
down,120,0.1,0.7,44,44,1.0,396,396,1.0,440
down,120,0.1,0.75,44,44,1.0,396,396,1.0,440
down,120,0.1,0.8,44,44,1.0,396,396,1.0,440
down,120,0.1,0.85,44,44,1.0,396,396,1.0,440
down,120,0.1,0.9,44,44,1.0,396,396,1.0,440
down,120,0.1,0.95,44,44,1.0,396,396,1.0,440
down,120,0.15,0.05,74,15,0.20270270270270271,283,272,0.9611307420494699,357
down,120,0.15,0.1,74,37,0.5,283,278,0.9823321554770318,357
down,120,0.15,0.15,74,57,0.7702702702702703,283,282,0.9964664310954063,357
down,120,0.15,0.2,74,69,0.9324324324324325,283,283,1.0,357
down,120,0.15,0.25,74,72,0.972972972972973,283,283,1.0,357
down,120,0.15,0.3,74,74,1.0,283,283,1.0,357
down,120,0.15,0.35,74,74,1.0,283,283,1.0,357
down,120,0.15,0.4,74,74,1.0,283,283,1.0,357
down,120,0.15,0.45,74,74,1.0,283,283,1.0,357
down,120,0.15,0.5,74,74,1.0,283,283,1.0,357
down,120,0.15,0.55,74,74,1.0,283,283,1.0,357
down,120,0.15,0.6,74,74,1.0,283,283,1.0,357
down,120,0.15,0.65,74,74,1.0,283,283,1.0,357
down,120,0.15,0.7,74,74,1.0,283,283,1.0,357
down,120,0.15,0.75,74,74,1.0,283,283,1.0,357
down,120,0.15,0.8,74,74,1.0,283,283,1.0,357
down,120,0.15,0.85,74,74,1.0,283,283,1.0,357
down,120,0.15,0.9,74,74,1.0,283,283,1.0,357
down,120,0.15,0.95,74,74,1.0,283,283,1.0,357
down,120,0.2,0.05,95,12,0.12631578947368421,365,351,0.9616438356164384,460
down,120,0.2,0.1,95,27,0.28421052631578947,365,362,0.9917808219178083,460
down,120,0.2,0.15,95,47,0.49473684210526314,365,365,1.0,460
down,120,0.2,0.2,95,76,0.8,365,365,1.0,460
down,120,0.2,0.25,95,90,0.9473684210526315,365,365,1.0,460
down,120,0.2,0.3,95,93,0.9789473684210527,365,365,1.0,460
down,120,0.2,0.35,95,93,0.9789473684210527,365,365,1.0,460
down,120,0.2,0.4,95,95,1.0,365,365,1.0,460
down,120,0.2,0.45,95,95,1.0,365,365,1.0,460
down,120,0.2,0.5,95,95,1.0,365,365,1.0,460
down,120,0.2,0.55,95,95,1.0,365,365,1.0,460
down,120,0.2,0.6,95,95,1.0,365,365,1.0,460
down,120,0.2,0.65,95,95,1.0,365,365,1.0,460
down,120,0.2,0.7,95,95,1.0,365,365,1.0,460
down,120,0.2,0.75,95,95,1.0,365,365,1.0,460
down,120,0.2,0.8,95,95,1.0,365,365,1.0,460
down,120,0.2,0.85,95,95,1.0,365,365,1.0,460
down,120,0.2,0.9,95,95,1.0,365,365,1.0,460
down,120,0.2,0.95,95,95,1.0,365,365,1.0,460
down,120,0.25,0.05,180,22,0.12222222222222222,451,429,0.9512195121951219,631
down,120,0.25,0.1,180,43,0.2388888888888889,451,441,0.9778270509977827,631
down,120,0.25,0.15,180,78,0.43333333333333335,451,446,0.9889135254988913,631
down,120,0.25,0.2,180,104,0.5777777777777777,451,447,0.991130820399113,631
down,120,0.25,0.25,180,136,0.7555555555555555,451,448,0.9933481152993349,631
down,120,0.25,0.3,180,168,0.9333333333333333,451,450,0.9977827050997783,631
down,120,0.25,0.35,180,174,0.9666666666666667,451,451,1.0,631
down,120,0.25,0.4,180,178,0.9888888888888889,451,451,1.0,631
down,120,0.25,0.45,180,178,0.9888888888888889,451,451,1.0,631
down,120,0.25,0.5,180,179,0.9944444444444445,451,451,1.0,631
down,120,0.25,0.55,180,180,1.0,451,451,1.0,631
down,120,0.25,0.6,180,180,1.0,451,451,1.0,631
down,120,0.25,0.65,180,180,1.0,451,451,1.0,631
down,120,0.25,0.7,180,180,1.0,451,451,1.0,631
down,120,0.25,0.75,180,180,1.0,451,451,1.0,631
down,120,0.25,0.8,180,180,1.0,451,451,1.0,631
down,120,0.25,0.85,180,180,1.0,451,451,1.0,631
down,120,0.25,0.9,180,180,1.0,451,451,1.0,631
down,120,0.25,0.95,180,180,1.0,451,451,1.0,631
down,120,0.3,0.05,183,28,0.15300546448087432,362,346,0.9558011049723757,545
down,120,0.3,0.1,183,40,0.2185792349726776,362,354,0.9779005524861878,545
down,120,0.3,0.15,183,60,0.32786885245901637,362,357,0.9861878453038674,545
down,120,0.3,0.2,183,82,0.44808743169398907,362,358,0.988950276243094,545
down,120,0.3,0.25,183,102,0.5573770491803278,362,360,0.994475138121547,545
down,120,0.3,0.3,183,130,0.7103825136612022,362,361,0.9972375690607734,545
down,120,0.3,0.35,183,164,0.8961748633879781,362,362,1.0,545
down,120,0.3,0.4,183,176,0.9617486338797814,362,362,1.0,545
down,120,0.3,0.45,183,182,0.994535519125683,362,362,1.0,545
down,120,0.3,0.5,183,182,0.994535519125683,362,362,1.0,545
down,120,0.3,0.55,183,182,0.994535519125683,362,362,1.0,545
down,120,0.3,0.6,183,182,0.994535519125683,362,362,1.0,545
down,120,0.3,0.65,183,182,0.994535519125683,362,362,1.0,545
down,120,0.3,0.7,183,182,0.994535519125683,362,362,1.0,545
down,120,0.3,0.75,183,182,0.994535519125683,362,362,1.0,545
down,120,0.3,0.8,183,182,0.994535519125683,362,362,1.0,545
down,120,0.3,0.85,183,182,0.994535519125683,362,362,1.0,545
down,120,0.3,0.9,183,182,0.994535519125683,362,362,1.0,545
down,120,0.3,0.95,183,182,0.994535519125683,362,362,1.0,545
down,120,0.35,0.05,158,13,0.08227848101265822,277,258,0.9314079422382672,435
down,120,0.35,0.1,158,27,0.17088607594936708,277,266,0.9602888086642599,435
down,120,0.35,0.15,158,41,0.25949367088607594,277,271,0.9783393501805054,435
down,120,0.35,0.2,158,61,0.3860759493670886,277,274,0.9891696750902527,435
down,120,0.35,0.25,158,73,0.4620253164556962,277,276,0.9963898916967509,435
down,120,0.35,0.3,158,93,0.5886075949367089,277,277,1.0,435
down,120,0.35,0.35,158,118,0.7468354430379747,277,277,1.0,435
down,120,0.35,0.4,158,150,0.9493670886075949,277,277,1.0,435
down,120,0.35,0.45,158,154,0.9746835443037974,277,277,1.0,435
down,120,0.35,0.5,158,156,0.9873417721518988,277,277,1.0,435
down,120,0.35,0.55,158,158,1.0,277,277,1.0,435
down,120,0.35,0.6,158,158,1.0,277,277,1.0,435
down,120,0.35,0.65,158,158,1.0,277,277,1.0,435
down,120,0.35,0.7,158,158,1.0,277,277,1.0,435
down,120,0.35,0.75,158,158,1.0,277,277,1.0,435
down,120,0.35,0.8,158,158,1.0,277,277,1.0,435
down,120,0.35,0.85,158,158,1.0,277,277,1.0,435
down,120,0.35,0.9,158,158,1.0,277,277,1.0,435
down,120,0.35,0.95,158,158,1.0,277,277,1.0,435
down,120,0.4,0.05,239,23,0.09623430962343096,334,299,0.8952095808383234,573
down,120,0.4,0.1,239,37,0.15481171548117154,334,316,0.9461077844311377,573
down,120,0.4,0.15,239,49,0.20502092050209206,334,322,0.9640718562874252,573
down,120,0.4,0.2,239,75,0.3138075313807531,334,326,0.9760479041916168,573
down,120,0.4,0.25,239,97,0.40585774058577406,334,330,0.9880239520958084,573
down,120,0.4,0.3,239,125,0.5230125523012552,334,332,0.9940119760479041,573
down,120,0.4,0.35,239,151,0.6317991631799164,334,332,0.9940119760479041,573
down,120,0.4,0.4,239,193,0.8075313807531381,334,333,0.9970059880239521,573
down,120,0.4,0.45,239,233,0.9748953974895398,334,333,0.9970059880239521,573
down,120,0.4,0.5,239,235,0.9832635983263598,334,334,1.0,573
down,120,0.4,0.55,239,237,0.9916317991631799,334,334,1.0,573
down,120,0.4,0.6,239,238,0.99581589958159,334,334,1.0,573
down,120,0.4,0.65,239,239,1.0,334,334,1.0,573
down,120,0.4,0.7,239,239,1.0,334,334,1.0,573
down,120,0.4,0.75,239,239,1.0,334,334,1.0,573
down,120,0.4,0.8,239,239,1.0,334,334,1.0,573
down,120,0.4,0.85,239,239,1.0,334,334,1.0,573
down,120,0.4,0.9,239,239,1.0,334,334,1.0,573
down,120,0.4,0.95,239,239,1.0,334,334,1.0,573
down,120,0.45,0.05,275,20,0.07272727272727272,259,227,0.8764478764478765,534
down,120,0.45,0.1,275,40,0.14545454545454545,259,236,0.9111969111969112,534
down,120,0.45,0.15,275,62,0.22545454545454546,259,246,0.9498069498069498,534
down,120,0.45,0.2,275,78,0.28363636363636363,259,249,0.9613899613899614,534
down,120,0.45,0.25,275,97,0.3527272727272727,259,252,0.972972972972973,534
down,120,0.45,0.3,275,130,0.4727272727272727,259,255,0.9845559845559846,534
down,120,0.45,0.35,275,154,0.56,259,257,0.9922779922779923,534
down,120,0.45,0.4,275,181,0.6581818181818182,259,257,0.9922779922779923,534
down,120,0.45,0.45,275,211,0.7672727272727272,259,258,0.9961389961389961,534
down,120,0.45,0.5,275,257,0.9345454545454546,259,258,0.9961389961389961,534
down,120,0.45,0.55,275,269,0.9781818181818182,259,258,0.9961389961389961,534
down,120,0.45,0.6,275,274,0.9963636363636363,259,258,0.9961389961389961,534
down,120,0.45,0.65,275,275,1.0,259,258,0.9961389961389961,534
down,120,0.45,0.7,275,275,1.0,259,258,0.9961389961389961,534
down,120,0.45,0.75,275,275,1.0,259,258,0.9961389961389961,534
down,120,0.45,0.8,275,275,1.0,259,258,0.9961389961389961,534
down,120,0.45,0.85,275,275,1.0,259,258,0.9961389961389961,534
down,120,0.45,0.9,275,275,1.0,259,258,0.9961389961389961,534
down,120,0.45,0.95,275,275,1.0,259,258,0.9961389961389961,534
down,120,0.5,0.05,342,21,0.06140350877192982,265,228,0.8603773584905661,607
down,120,0.5,0.1,342,43,0.12573099415204678,265,237,0.8943396226415095,607
down,120,0.5,0.15,342,64,0.1871345029239766,265,248,0.9358490566037736,607
down,120,0.5,0.2,342,86,0.25146198830409355,265,252,0.9509433962264151,607
down,120,0.5,0.25,342,105,0.30701754385964913,265,257,0.969811320754717,607
down,120,0.5,0.3,342,135,0.39473684210526316,265,259,0.9773584905660377,607
down,120,0.5,0.35,342,156,0.45614035087719296,265,261,0.9849056603773585,607
down,120,0.5,0.4,342,180,0.5263157894736842,265,263,0.9924528301886792,607
down,120,0.5,0.45,342,219,0.6403508771929824,265,263,0.9924528301886792,607
down,120,0.5,0.5,342,263,0.7690058479532164,265,263,0.9924528301886792,607
down,120,0.5,0.55,342,314,0.9181286549707602,265,263,0.9924528301886792,607
down,120,0.5,0.6,342,322,0.9415204678362573,265,263,0.9924528301886792,607
down,120,0.5,0.65,342,331,0.9678362573099415,265,263,0.9924528301886792,607
down,120,0.5,0.7,342,337,0.9853801169590644,265,263,0.9924528301886792,607
down,120,0.5,0.75,342,340,0.9941520467836257,265,263,0.9924528301886792,607
down,120,0.5,0.8,342,340,0.9941520467836257,265,263,0.9924528301886792,607
down,120,0.5,0.85,342,340,0.9941520467836257,265,263,0.9924528301886792,607
down,120,0.5,0.9,342,340,0.9941520467836257,265,263,0.9924528301886792,607
down,120,0.5,0.95,342,340,0.9941520467836257,265,263,0.9924528301886792,607
down,120,0.55,0.05,379,17,0.044854881266490766,292,260,0.8904109589041096,671
down,120,0.55,0.1,379,37,0.09762532981530343,292,276,0.9452054794520548,671
down,120,0.55,0.15,379,45,0.11873350923482849,292,283,0.9691780821917808,671
down,120,0.55,0.2,379,58,0.15303430079155672,292,287,0.9828767123287672,671
down,120,0.55,0.25,379,74,0.19525065963060687,292,288,0.9863013698630136,671
down,120,0.55,0.3,379,103,0.2717678100263852,292,290,0.9931506849315068,671
down,120,0.55,0.35,379,122,0.32189973614775724,292,291,0.9965753424657534,671
down,120,0.55,0.4,379,151,0.39841688654353563,292,291,0.9965753424657534,671
down,120,0.55,0.45,379,179,0.47229551451187335,292,291,0.9965753424657534,671
down,120,0.55,0.5,379,223,0.5883905013192612,292,292,1.0,671
down,120,0.55,0.55,379,287,0.7572559366754618,292,292,1.0,671
down,120,0.55,0.6,379,348,0.9182058047493403,292,292,1.0,671
down,120,0.55,0.65,379,366,0.9656992084432717,292,292,1.0,671
down,120,0.55,0.7,379,376,0.9920844327176781,292,292,1.0,671
down,120,0.55,0.75,379,378,0.9973614775725593,292,292,1.0,671
down,120,0.55,0.8,379,379,1.0,292,292,1.0,671
down,120,0.55,0.85,379,379,1.0,292,292,1.0,671
down,120,0.55,0.9,379,379,1.0,292,292,1.0,671
down,120,0.55,0.95,379,379,1.0,292,292,1.0,671
down,120,0.6,0.05,265,7,0.026415094339622643,146,131,0.8972602739726028,411
down,120,0.6,0.1,265,16,0.06037735849056604,146,140,0.958904109589041,411
down,120,0.6,0.15,265,28,0.10566037735849057,146,143,0.9794520547945206,411
down,120,0.6,0.2,265,38,0.14339622641509434,146,145,0.9931506849315068,411
down,120,0.6,0.25,265,47,0.17735849056603772,146,145,0.9931506849315068,411
down,120,0.6,0.3,265,56,0.21132075471698114,146,145,0.9931506849315068,411
down,120,0.6,0.35,265,65,0.24528301886792453,146,145,0.9931506849315068,411
down,120,0.6,0.4,265,89,0.33584905660377357,146,146,1.0,411
down,120,0.6,0.45,265,106,0.4,146,146,1.0,411
down,120,0.6,0.5,265,133,0.5018867924528302,146,146,1.0,411
down,120,0.6,0.55,265,154,0.5811320754716981,146,146,1.0,411
down,120,0.6,0.6,265,185,0.6981132075471698,146,146,1.0,411
down,120,0.6,0.65,265,246,0.9283018867924528,146,146,1.0,411
down,120,0.6,0.7,265,258,0.9735849056603774,146,146,1.0,411
down,120,0.6,0.75,265,262,0.9886792452830189,146,146,1.0,411
down,120,0.6,0.8,265,263,0.9924528301886792,146,146,1.0,411
down,120,0.6,0.85,265,264,0.9962264150943396,146,146,1.0,411
down,120,0.6,0.9,265,264,0.9962264150943396,146,146,1.0,411
down,120,0.6,0.95,265,264,0.9962264150943396,146,146,1.0,411
down,120,0.65,0.05,386,11,0.02849740932642487,171,151,0.8830409356725146,557
down,120,0.65,0.1,386,17,0.04404145077720207,171,156,0.9122807017543859,557
down,120,0.65,0.15,386,31,0.08031088082901554,171,165,0.9649122807017544,557
down,120,0.65,0.2,386,41,0.10621761658031088,171,168,0.9824561403508771,557
down,120,0.65,0.25,386,49,0.12694300518134716,171,168,0.9824561403508771,557
down,120,0.65,0.3,386,75,0.19430051813471502,171,169,0.9883040935672515,557
down,120,0.65,0.35,386,92,0.23834196891191708,171,170,0.9941520467836257,557
down,120,0.65,0.4,386,113,0.2927461139896373,171,170,0.9941520467836257,557
down,120,0.65,0.45,386,131,0.3393782383419689,171,170,0.9941520467836257,557
down,120,0.65,0.5,386,159,0.4119170984455959,171,171,1.0,557
down,120,0.65,0.55,386,202,0.5233160621761658,171,171,1.0,557
down,120,0.65,0.6,386,230,0.5958549222797928,171,171,1.0,557
down,120,0.65,0.65,386,296,0.7668393782383419,171,171,1.0,557
down,120,0.65,0.7,386,363,0.9404145077720207,171,171,1.0,557
down,120,0.65,0.75,386,378,0.9792746113989638,171,171,1.0,557
down,120,0.65,0.8,386,384,0.9948186528497409,171,171,1.0,557
down,120,0.65,0.85,386,386,1.0,171,171,1.0,557
down,120,0.65,0.9,386,386,1.0,171,171,1.0,557
down,120,0.65,0.95,386,386,1.0,171,171,1.0,557
down,120,0.7,0.05,306,9,0.029411764705882353,100,89,0.89,406
down,120,0.7,0.1,306,18,0.058823529411764705,100,94,0.94,406
down,120,0.7,0.15,306,23,0.07516339869281045,100,94,0.94,406
down,120,0.7,0.2,306,31,0.10130718954248366,100,94,0.94,406
down,120,0.7,0.25,306,41,0.13398692810457516,100,95,0.95,406
down,120,0.7,0.3,306,47,0.15359477124183007,100,96,0.96,406
down,120,0.7,0.35,306,57,0.18627450980392157,100,97,0.97,406
down,120,0.7,0.4,306,64,0.20915032679738563,100,97,0.97,406
down,120,0.7,0.45,306,88,0.2875816993464052,100,98,0.98,406
down,120,0.7,0.5,306,106,0.3464052287581699,100,98,0.98,406
down,120,0.7,0.55,306,122,0.39869281045751637,100,100,1.0,406
down,120,0.7,0.6,306,151,0.4934640522875817,100,100,1.0,406
down,120,0.7,0.65,306,175,0.5718954248366013,100,100,1.0,406
down,120,0.7,0.7,306,211,0.6895424836601307,100,100,1.0,406
down,120,0.7,0.75,306,284,0.9281045751633987,100,100,1.0,406
down,120,0.7,0.8,306,301,0.9836601307189542,100,100,1.0,406
down,120,0.7,0.85,306,304,0.9934640522875817,100,100,1.0,406
down,120,0.7,0.9,306,305,0.9967320261437909,100,100,1.0,406
down,120,0.7,0.95,306,306,1.0,100,100,1.0,406
down,120,0.75,0.05,331,14,0.04229607250755287,94,82,0.8723404255319149,425
down,120,0.75,0.1,331,20,0.06042296072507553,94,88,0.9361702127659575,425
down,120,0.75,0.15,331,27,0.08157099697885196,94,91,0.9680851063829787,425
down,120,0.75,0.2,331,34,0.1027190332326284,94,91,0.9680851063829787,425
down,120,0.75,0.25,331,39,0.11782477341389729,94,91,0.9680851063829787,425
down,120,0.75,0.3,331,47,0.1419939577039275,94,91,0.9680851063829787,425
down,120,0.75,0.35,331,53,0.16012084592145015,94,91,0.9680851063829787,425
down,120,0.75,0.4,331,59,0.1782477341389728,94,93,0.9893617021276596,425
down,120,0.75,0.45,331,67,0.20241691842900303,94,93,0.9893617021276596,425
down,120,0.75,0.5,331,86,0.2598187311178248,94,94,1.0,425
down,120,0.75,0.55,331,101,0.30513595166163143,94,94,1.0,425
down,120,0.75,0.6,331,121,0.36555891238670696,94,94,1.0,425
down,120,0.75,0.65,331,145,0.4380664652567976,94,94,1.0,425
down,120,0.75,0.7,331,185,0.5589123867069486,94,94,1.0,425
down,120,0.75,0.75,331,252,0.7613293051359517,94,94,1.0,425
down,120,0.75,0.8,331,313,0.945619335347432,94,94,1.0,425
down,120,0.75,0.85,331,329,0.9939577039274925,94,94,1.0,425
down,120,0.75,0.9,331,331,1.0,94,94,1.0,425
down,120,0.75,0.95,331,331,1.0,94,94,1.0,425
down,120,0.8,0.05,355,11,0.030985915492957747,54,49,0.9074074074074074,409
down,120,0.8,0.1,355,18,0.05070422535211268,54,52,0.9629629629629629,409
down,120,0.8,0.15,355,24,0.0676056338028169,54,53,0.9814814814814815,409
down,120,0.8,0.2,355,28,0.07887323943661972,54,54,1.0,409
down,120,0.8,0.25,355,34,0.09577464788732394,54,54,1.0,409
down,120,0.8,0.3,355,41,0.11549295774647887,54,54,1.0,409
down,120,0.8,0.35,355,46,0.1295774647887324,54,54,1.0,409
down,120,0.8,0.4,355,53,0.14929577464788732,54,54,1.0,409
down,120,0.8,0.45,355,63,0.17746478873239438,54,54,1.0,409
down,120,0.8,0.5,355,75,0.2112676056338028,54,54,1.0,409
down,120,0.8,0.55,355,90,0.2535211267605634,54,54,1.0,409
down,120,0.8,0.6,355,113,0.3183098591549296,54,54,1.0,409
down,120,0.8,0.65,355,142,0.4,54,54,1.0,409
down,120,0.8,0.7,355,176,0.49577464788732395,54,54,1.0,409
down,120,0.8,0.75,355,217,0.6112676056338028,54,54,1.0,409
down,120,0.8,0.8,355,270,0.7605633802816901,54,54,1.0,409
down,120,0.8,0.85,355,351,0.9887323943661972,54,54,1.0,409
down,120,0.8,0.9,355,355,1.0,54,54,1.0,409
down,120,0.8,0.95,355,355,1.0,54,54,1.0,409
down,120,0.85,0.05,320,9,0.028125,45,42,0.9333333333333333,365
down,120,0.85,0.1,320,14,0.04375,45,44,0.9777777777777777,365
down,120,0.85,0.15,320,18,0.05625,45,44,0.9777777777777777,365
down,120,0.85,0.2,320,21,0.065625,45,44,0.9777777777777777,365
down,120,0.85,0.25,320,22,0.06875,45,45,1.0,365
down,120,0.85,0.3,320,27,0.084375,45,45,1.0,365
down,120,0.85,0.35,320,27,0.084375,45,45,1.0,365
down,120,0.85,0.4,320,29,0.090625,45,45,1.0,365
down,120,0.85,0.45,320,35,0.109375,45,45,1.0,365
down,120,0.85,0.5,320,45,0.140625,45,45,1.0,365
down,120,0.85,0.55,320,55,0.171875,45,45,1.0,365
down,120,0.85,0.6,320,66,0.20625,45,45,1.0,365
down,120,0.85,0.65,320,76,0.2375,45,45,1.0,365
down,120,0.85,0.7,320,99,0.309375,45,45,1.0,365
down,120,0.85,0.75,320,125,0.390625,45,45,1.0,365
down,120,0.85,0.8,320,164,0.5125,45,45,1.0,365
down,120,0.85,0.85,320,229,0.715625,45,45,1.0,365
down,120,0.85,0.9,320,311,0.971875,45,45,1.0,365
down,120,0.85,0.95,320,319,0.996875,45,45,1.0,365
down,120,0.9,0.05,281,4,0.014234875444839857,18,15,0.8333333333333334,299
down,120,0.9,0.1,281,4,0.014234875444839857,18,17,0.9444444444444444,299
down,120,0.9,0.15,281,5,0.017793594306049824,18,18,1.0,299
down,120,0.9,0.2,281,6,0.021352313167259787,18,18,1.0,299
down,120,0.9,0.25,281,9,0.03202846975088968,18,18,1.0,299
down,120,0.9,0.3,281,11,0.03914590747330961,18,18,1.0,299
down,120,0.9,0.35,281,12,0.042704626334519574,18,18,1.0,299
down,120,0.9,0.4,281,14,0.0498220640569395,18,18,1.0,299
down,120,0.9,0.45,281,16,0.05693950177935943,18,18,1.0,299
down,120,0.9,0.5,281,20,0.0711743772241993,18,18,1.0,299
down,120,0.9,0.55,281,28,0.099644128113879,18,18,1.0,299
down,120,0.9,0.6,281,34,0.12099644128113879,18,18,1.0,299
down,120,0.9,0.65,281,39,0.1387900355871886,18,18,1.0,299
down,120,0.9,0.7,281,44,0.15658362989323843,18,18,1.0,299
down,120,0.9,0.75,281,54,0.19217081850533807,18,18,1.0,299
down,120,0.9,0.8,281,70,0.2491103202846975,18,18,1.0,299
down,120,0.9,0.85,281,97,0.34519572953736655,18,18,1.0,299
down,120,0.9,0.9,281,166,0.5907473309608541,18,18,1.0,299
down,120,0.9,0.95,281,279,0.9928825622775801,18,18,1.0,299
down,120,0.95,0.05,67,1,0.014925373134328358,3,3,1.0,70
down,120,0.95,0.1,67,2,0.029850746268656716,3,3,1.0,70
down,120,0.95,0.15,67,2,0.029850746268656716,3,3,1.0,70
down,120,0.95,0.2,67,2,0.029850746268656716,3,3,1.0,70
down,120,0.95,0.25,67,2,0.029850746268656716,3,3,1.0,70
down,120,0.95,0.3,67,3,0.04477611940298507,3,3,1.0,70
down,120,0.95,0.35,67,4,0.05970149253731343,3,3,1.0,70
down,120,0.95,0.4,67,4,0.05970149253731343,3,3,1.0,70
down,120,0.95,0.45,67,4,0.05970149253731343,3,3,1.0,70
down,120,0.95,0.5,67,4,0.05970149253731343,3,3,1.0,70
down,120,0.95,0.55,67,5,0.07462686567164178,3,3,1.0,70
down,120,0.95,0.6,67,5,0.07462686567164178,3,3,1.0,70
down,120,0.95,0.65,67,5,0.07462686567164178,3,3,1.0,70
down,120,0.95,0.7,67,6,0.08955223880597014,3,3,1.0,70
down,120,0.95,0.75,67,6,0.08955223880597014,3,3,1.0,70
down,120,0.95,0.8,67,6,0.08955223880597014,3,3,1.0,70
down,120,0.95,0.85,67,6,0.08955223880597014,3,3,1.0,70
down,120,0.95,0.9,67,16,0.23880597014925373,3,3,1.0,70
down,120,0.95,0.95,67,38,0.5671641791044776,3,3,1.0,70
down,150,0.0,0.05,5,4,0.8,261,248,0.9501915708812261,266
down,150,0.0,0.1,5,5,1.0,261,248,0.9501915708812261,266
down,150,0.0,0.15,5,5,1.0,261,248,0.9501915708812261,266
down,150,0.0,0.2,5,5,1.0,261,248,0.9501915708812261,266
down,150,0.0,0.25,5,5,1.0,261,248,0.9501915708812261,266
down,150,0.0,0.3,5,5,1.0,261,248,0.9501915708812261,266
down,150,0.0,0.35,5,5,1.0,261,248,0.9501915708812261,266
down,150,0.0,0.4,5,5,1.0,261,248,0.9501915708812261,266
down,150,0.0,0.45,5,5,1.0,261,248,0.9501915708812261,266
down,150,0.0,0.5,5,5,1.0,261,248,0.9501915708812261,266
down,150,0.0,0.55,5,5,1.0,261,248,0.9501915708812261,266
down,150,0.0,0.6,5,5,1.0,261,248,0.9501915708812261,266
down,150,0.0,0.65,5,5,1.0,261,248,0.9501915708812261,266
down,150,0.0,0.7,5,5,1.0,261,248,0.9501915708812261,266
down,150,0.0,0.75,5,5,1.0,261,249,0.9540229885057471,266
down,150,0.0,0.8,5,5,1.0,261,249,0.9540229885057471,266
down,150,0.0,0.85,5,5,1.0,261,249,0.9540229885057471,266
down,150,0.0,0.9,5,5,1.0,261,249,0.9540229885057471,266
down,150,0.0,0.95,5,5,1.0,261,249,0.9540229885057471,266
down,150,0.05,0.05,31,15,0.4838709677419355,429,424,0.9883449883449883,460
down,150,0.05,0.1,31,30,0.967741935483871,429,429,1.0,460
down,150,0.05,0.15,31,31,1.0,429,429,1.0,460
down,150,0.05,0.2,31,31,1.0,429,429,1.0,460
down,150,0.05,0.25,31,31,1.0,429,429,1.0,460
down,150,0.05,0.3,31,31,1.0,429,429,1.0,460
down,150,0.05,0.35,31,31,1.0,429,429,1.0,460
down,150,0.05,0.4,31,31,1.0,429,429,1.0,460
down,150,0.05,0.45,31,31,1.0,429,429,1.0,460
down,150,0.05,0.5,31,31,1.0,429,429,1.0,460
down,150,0.05,0.55,31,31,1.0,429,429,1.0,460
down,150,0.05,0.6,31,31,1.0,429,429,1.0,460
down,150,0.05,0.65,31,31,1.0,429,429,1.0,460
down,150,0.05,0.7,31,31,1.0,429,429,1.0,460
down,150,0.05,0.75,31,31,1.0,429,429,1.0,460
down,150,0.05,0.8,31,31,1.0,429,429,1.0,460
down,150,0.05,0.85,31,31,1.0,429,429,1.0,460
down,150,0.05,0.9,31,31,1.0,429,429,1.0,460
down,150,0.05,0.95,31,31,1.0,429,429,1.0,460
down,150,0.1,0.05,62,18,0.2903225806451613,474,467,0.9852320675105485,536
down,150,0.1,0.1,62,43,0.6935483870967742,474,473,0.9978902953586498,536
down,150,0.1,0.15,62,56,0.9032258064516129,474,474,1.0,536
down,150,0.1,0.2,62,61,0.9838709677419355,474,474,1.0,536
down,150,0.1,0.25,62,62,1.0,474,474,1.0,536
down,150,0.1,0.3,62,62,1.0,474,474,1.0,536
down,150,0.1,0.35,62,62,1.0,474,474,1.0,536
down,150,0.1,0.4,62,62,1.0,474,474,1.0,536
down,150,0.1,0.45,62,62,1.0,474,474,1.0,536
down,150,0.1,0.5,62,62,1.0,474,474,1.0,536
down,150,0.1,0.55,62,62,1.0,474,474,1.0,536
down,150,0.1,0.6,62,62,1.0,474,474,1.0,536
down,150,0.1,0.65,62,62,1.0,474,474,1.0,536
down,150,0.1,0.7,62,62,1.0,474,474,1.0,536
down,150,0.1,0.75,62,62,1.0,474,474,1.0,536
down,150,0.1,0.8,62,62,1.0,474,474,1.0,536
down,150,0.1,0.85,62,62,1.0,474,474,1.0,536
down,150,0.1,0.9,62,62,1.0,474,474,1.0,536
down,150,0.1,0.95,62,62,1.0,474,474,1.0,536
down,150,0.15,0.05,68,14,0.20588235294117646,269,260,0.966542750929368,337
down,150,0.15,0.1,68,31,0.45588235294117646,269,263,0.9776951672862454,337
down,150,0.15,0.15,68,43,0.6323529411764706,269,266,0.9888475836431226,337
down,150,0.15,0.2,68,63,0.9264705882352942,269,269,1.0,337
down,150,0.15,0.25,68,66,0.9705882352941176,269,269,1.0,337
down,150,0.15,0.3,68,68,1.0,269,269,1.0,337
down,150,0.15,0.35,68,68,1.0,269,269,1.0,337
down,150,0.15,0.4,68,68,1.0,269,269,1.0,337
down,150,0.15,0.45,68,68,1.0,269,269,1.0,337
down,150,0.15,0.5,68,68,1.0,269,269,1.0,337
down,150,0.15,0.55,68,68,1.0,269,269,1.0,337
down,150,0.15,0.6,68,68,1.0,269,269,1.0,337
down,150,0.15,0.65,68,68,1.0,269,269,1.0,337
down,150,0.15,0.7,68,68,1.0,269,269,1.0,337
down,150,0.15,0.75,68,68,1.0,269,269,1.0,337
down,150,0.15,0.8,68,68,1.0,269,269,1.0,337
down,150,0.15,0.85,68,68,1.0,269,269,1.0,337
down,150,0.15,0.9,68,68,1.0,269,269,1.0,337
down,150,0.15,0.95,68,68,1.0,269,269,1.0,337
down,150,0.2,0.05,110,19,0.17272727272727273,344,327,0.9505813953488372,454
down,150,0.2,0.1,110,32,0.2909090909090909,344,336,0.9767441860465116,454
down,150,0.2,0.15,110,58,0.5272727272727272,344,342,0.9941860465116279,454
down,150,0.2,0.2,110,86,0.7818181818181819,344,342,0.9941860465116279,454
down,150,0.2,0.25,110,101,0.9181818181818182,344,344,1.0,454
down,150,0.2,0.3,110,109,0.990909090909091,344,344,1.0,454
down,150,0.2,0.35,110,110,1.0,344,344,1.0,454
down,150,0.2,0.4,110,110,1.0,344,344,1.0,454
down,150,0.2,0.45,110,110,1.0,344,344,1.0,454
down,150,0.2,0.5,110,110,1.0,344,344,1.0,454
down,150,0.2,0.55,110,110,1.0,344,344,1.0,454
down,150,0.2,0.6,110,110,1.0,344,344,1.0,454
down,150,0.2,0.65,110,110,1.0,344,344,1.0,454
down,150,0.2,0.7,110,110,1.0,344,344,1.0,454
down,150,0.2,0.75,110,110,1.0,344,344,1.0,454
down,150,0.2,0.8,110,110,1.0,344,344,1.0,454
down,150,0.2,0.85,110,110,1.0,344,344,1.0,454
down,150,0.2,0.9,110,110,1.0,344,344,1.0,454
down,150,0.2,0.95,110,110,1.0,344,344,1.0,454
down,150,0.25,0.05,166,19,0.1144578313253012,428,405,0.9462616822429907,594
down,150,0.25,0.1,166,43,0.25903614457831325,428,420,0.9813084112149533,594
down,150,0.25,0.15,166,69,0.41566265060240964,428,423,0.9883177570093458,594
down,150,0.25,0.2,166,99,0.5963855421686747,428,428,1.0,594
down,150,0.25,0.25,166,125,0.7530120481927711,428,428,1.0,594
down,150,0.25,0.3,166,154,0.927710843373494,428,428,1.0,594
down,150,0.25,0.35,166,161,0.9698795180722891,428,428,1.0,594
down,150,0.25,0.4,166,162,0.9759036144578314,428,428,1.0,594
down,150,0.25,0.45,166,163,0.9819277108433735,428,428,1.0,594
down,150,0.25,0.5,166,164,0.9879518072289156,428,428,1.0,594
down,150,0.25,0.55,166,165,0.9939759036144579,428,428,1.0,594
down,150,0.25,0.6,166,166,1.0,428,428,1.0,594
down,150,0.25,0.65,166,166,1.0,428,428,1.0,594
down,150,0.25,0.7,166,166,1.0,428,428,1.0,594
down,150,0.25,0.75,166,166,1.0,428,428,1.0,594
down,150,0.25,0.8,166,166,1.0,428,428,1.0,594
down,150,0.25,0.85,166,166,1.0,428,428,1.0,594
down,150,0.25,0.9,166,166,1.0,428,428,1.0,594
down,150,0.25,0.95,166,166,1.0,428,428,1.0,594
down,150,0.3,0.05,158,17,0.10759493670886076,301,280,0.9302325581395349,459
down,150,0.3,0.1,158,31,0.1962025316455696,301,290,0.9634551495016611,459
down,150,0.3,0.15,158,46,0.2911392405063291,301,295,0.9800664451827242,459
down,150,0.3,0.2,158,69,0.43670886075949367,301,295,0.9800664451827242,459
down,150,0.3,0.25,158,85,0.5379746835443038,301,298,0.9900332225913622,459
down,150,0.3,0.3,158,108,0.6835443037974683,301,301,1.0,459
down,150,0.3,0.35,158,145,0.9177215189873418,301,301,1.0,459
down,150,0.3,0.4,158,153,0.9683544303797469,301,301,1.0,459
down,150,0.3,0.45,158,154,0.9746835443037974,301,301,1.0,459
down,150,0.3,0.5,158,155,0.9810126582278481,301,301,1.0,459
down,150,0.3,0.55,158,156,0.9873417721518988,301,301,1.0,459
down,150,0.3,0.6,158,156,0.9873417721518988,301,301,1.0,459
down,150,0.3,0.65,158,157,0.9936708860759493,301,301,1.0,459
down,150,0.3,0.7,158,157,0.9936708860759493,301,301,1.0,459
down,150,0.3,0.75,158,157,0.9936708860759493,301,301,1.0,459
down,150,0.3,0.8,158,157,0.9936708860759493,301,301,1.0,459
down,150,0.3,0.85,158,157,0.9936708860759493,301,301,1.0,459
down,150,0.3,0.9,158,157,0.9936708860759493,301,301,1.0,459
down,150,0.3,0.95,158,157,0.9936708860759493,301,301,1.0,459
down,150,0.35,0.05,145,16,0.1103448275862069,228,210,0.9210526315789473,373
down,150,0.35,0.1,145,25,0.1724137931034483,228,216,0.9473684210526315,373
down,150,0.35,0.15,145,35,0.2413793103448276,228,222,0.9736842105263158,373
down,150,0.35,0.2,145,45,0.3103448275862069,228,224,0.9824561403508771,373
down,150,0.35,0.25,145,62,0.42758620689655175,228,225,0.9868421052631579,373
down,150,0.35,0.3,145,85,0.5862068965517241,228,226,0.9912280701754386,373
down,150,0.35,0.35,145,113,0.7793103448275862,228,228,1.0,373
down,150,0.35,0.4,145,137,0.9448275862068966,228,228,1.0,373
down,150,0.35,0.45,145,140,0.9655172413793104,228,228,1.0,373
down,150,0.35,0.5,145,143,0.9862068965517241,228,228,1.0,373
down,150,0.35,0.55,145,145,1.0,228,228,1.0,373
down,150,0.35,0.6,145,145,1.0,228,228,1.0,373
down,150,0.35,0.65,145,145,1.0,228,228,1.0,373
down,150,0.35,0.7,145,145,1.0,228,228,1.0,373
down,150,0.35,0.75,145,145,1.0,228,228,1.0,373
down,150,0.35,0.8,145,145,1.0,228,228,1.0,373
down,150,0.35,0.85,145,145,1.0,228,228,1.0,373
down,150,0.35,0.9,145,145,1.0,228,228,1.0,373
down,150,0.35,0.95,145,145,1.0,228,228,1.0,373
down,150,0.4,0.05,169,14,0.08284023668639054,274,245,0.8941605839416058,443
down,150,0.4,0.1,169,25,0.14792899408284024,274,260,0.948905109489051,443
down,150,0.4,0.15,169,38,0.22485207100591717,274,268,0.9781021897810219,443
down,150,0.4,0.2,169,47,0.2781065088757396,274,272,0.9927007299270073,443
down,150,0.4,0.25,169,60,0.35502958579881655,274,272,0.9927007299270073,443
down,150,0.4,0.3,169,89,0.5266272189349113,274,272,0.9927007299270073,443
down,150,0.4,0.35,169,104,0.6153846153846154,274,273,0.9963503649635036,443
down,150,0.4,0.4,169,137,0.8106508875739645,274,273,0.9963503649635036,443
down,150,0.4,0.45,169,159,0.9408284023668639,274,274,1.0,443
down,150,0.4,0.5,169,165,0.9763313609467456,274,274,1.0,443
down,150,0.4,0.55,169,167,0.9881656804733728,274,274,1.0,443
down,150,0.4,0.6,169,168,0.9940828402366864,274,274,1.0,443
down,150,0.4,0.65,169,168,0.9940828402366864,274,274,1.0,443
down,150,0.4,0.7,169,168,0.9940828402366864,274,274,1.0,443
down,150,0.4,0.75,169,168,0.9940828402366864,274,274,1.0,443
down,150,0.4,0.8,169,168,0.9940828402366864,274,274,1.0,443
down,150,0.4,0.85,169,168,0.9940828402366864,274,274,1.0,443
down,150,0.4,0.9,169,168,0.9940828402366864,274,274,1.0,443
down,150,0.4,0.95,169,169,1.0,274,274,1.0,443
down,150,0.45,0.05,230,13,0.05652173913043478,255,225,0.8823529411764706,485
down,150,0.45,0.1,230,31,0.13478260869565217,255,236,0.9254901960784314,485
down,150,0.45,0.15,230,46,0.2,255,243,0.9529411764705882,485
down,150,0.45,0.2,230,61,0.26521739130434785,255,244,0.9568627450980393,485
down,150,0.45,0.25,230,76,0.33043478260869563,255,247,0.9686274509803922,485
down,150,0.45,0.3,230,102,0.4434782608695652,255,252,0.9882352941176471,485
down,150,0.45,0.35,230,121,0.5260869565217391,255,252,0.9882352941176471,485
down,150,0.45,0.4,230,150,0.6521739130434783,255,253,0.9921568627450981,485
down,150,0.45,0.45,230,186,0.808695652173913,255,253,0.9921568627450981,485
down,150,0.45,0.5,230,222,0.9652173913043478,255,253,0.9921568627450981,485
down,150,0.45,0.55,230,229,0.9956521739130435,255,253,0.9921568627450981,485
down,150,0.45,0.6,230,230,1.0,255,253,0.9921568627450981,485
down,150,0.45,0.65,230,230,1.0,255,253,0.9921568627450981,485
down,150,0.45,0.7,230,230,1.0,255,253,0.9921568627450981,485
down,150,0.45,0.75,230,230,1.0,255,253,0.9921568627450981,485
down,150,0.45,0.8,230,230,1.0,255,253,0.9921568627450981,485
down,150,0.45,0.85,230,230,1.0,255,253,0.9921568627450981,485
down,150,0.45,0.9,230,230,1.0,255,253,0.9921568627450981,485
down,150,0.45,0.95,230,230,1.0,255,253,0.9921568627450981,485
down,150,0.5,0.05,253,16,0.06324110671936758,213,179,0.8403755868544601,466
down,150,0.5,0.1,253,31,0.1225296442687747,213,191,0.8967136150234741,466
down,150,0.5,0.15,253,45,0.17786561264822134,213,197,0.9248826291079812,466
down,150,0.5,0.2,253,61,0.24110671936758893,213,201,0.9436619718309859,466
down,150,0.5,0.25,253,73,0.2885375494071146,213,203,0.9530516431924883,466
down,150,0.5,0.3,253,91,0.35968379446640314,213,205,0.9624413145539906,466
down,150,0.5,0.35,253,107,0.42292490118577075,213,207,0.971830985915493,466
down,150,0.5,0.4,253,129,0.5098814229249012,213,208,0.9765258215962441,466
down,150,0.5,0.45,253,158,0.6245059288537549,213,209,0.9812206572769953,466
down,150,0.5,0.5,253,197,0.7786561264822134,213,211,0.9906103286384976,466
down,150,0.5,0.55,253,236,0.932806324110672,213,211,0.9906103286384976,466
down,150,0.5,0.6,253,243,0.9604743083003953,213,211,0.9906103286384976,466
down,150,0.5,0.65,253,246,0.9723320158102767,213,211,0.9906103286384976,466
down,150,0.5,0.7,253,249,0.9841897233201581,213,211,0.9906103286384976,466
down,150,0.5,0.75,253,251,0.9920948616600791,213,211,0.9906103286384976,466
down,150,0.5,0.8,253,251,0.9920948616600791,213,211,0.9906103286384976,466
down,150,0.5,0.85,253,251,0.9920948616600791,213,211,0.9906103286384976,466
down,150,0.5,0.9,253,251,0.9920948616600791,213,211,0.9906103286384976,466
down,150,0.5,0.95,253,251,0.9920948616600791,213,211,0.9906103286384976,466
down,150,0.55,0.05,327,16,0.04892966360856269,217,187,0.8617511520737328,544
down,150,0.55,0.1,327,29,0.08868501529051988,217,202,0.9308755760368663,544
down,150,0.55,0.15,327,43,0.13149847094801223,217,205,0.9447004608294931,544
down,150,0.55,0.2,327,53,0.1620795107033639,217,208,0.9585253456221198,544
down,150,0.55,0.25,327,66,0.2018348623853211,217,213,0.9815668202764977,544
down,150,0.55,0.3,327,85,0.2599388379204893,217,215,0.9907834101382489,544
down,150,0.55,0.35,327,94,0.2874617737003058,217,217,1.0,544
down,150,0.55,0.4,327,123,0.3761467889908257,217,217,1.0,544
down,150,0.55,0.45,327,153,0.46788990825688076,217,217,1.0,544
down,150,0.55,0.5,327,198,0.6055045871559633,217,217,1.0,544
down,150,0.55,0.55,327,237,0.7247706422018348,217,217,1.0,544
down,150,0.55,0.6,327,308,0.9418960244648318,217,217,1.0,544
down,150,0.55,0.65,327,319,0.9755351681957186,217,217,1.0,544
down,150,0.55,0.7,327,325,0.9938837920489296,217,217,1.0,544
down,150,0.55,0.75,327,326,0.9969418960244648,217,217,1.0,544
down,150,0.55,0.8,327,326,0.9969418960244648,217,217,1.0,544
down,150,0.55,0.85,327,327,1.0,217,217,1.0,544
down,150,0.55,0.9,327,327,1.0,217,217,1.0,544
down,150,0.55,0.95,327,327,1.0,217,217,1.0,544
down,150,0.6,0.05,231,8,0.03463203463203463,139,122,0.8776978417266187,370
down,150,0.6,0.1,231,15,0.06493506493506493,139,129,0.9280575539568345,370
down,150,0.6,0.15,231,18,0.07792207792207792,139,134,0.9640287769784173,370
down,150,0.6,0.2,231,33,0.14285714285714285,139,135,0.9712230215827338,370
down,150,0.6,0.25,231,36,0.15584415584415584,139,137,0.9856115107913669,370
down,150,0.6,0.3,231,49,0.21212121212121213,139,137,0.9856115107913669,370
down,150,0.6,0.35,231,55,0.23809523809523808,139,137,0.9856115107913669,370
down,150,0.6,0.4,231,72,0.3116883116883117,139,138,0.9928057553956835,370
down,150,0.6,0.45,231,91,0.3939393939393939,139,138,0.9928057553956835,370
down,150,0.6,0.5,231,113,0.48917748917748916,139,138,0.9928057553956835,370
down,150,0.6,0.55,231,137,0.5930735930735931,139,138,0.9928057553956835,370
down,150,0.6,0.6,231,167,0.7229437229437229,139,138,0.9928057553956835,370
down,150,0.6,0.65,231,211,0.9134199134199135,139,139,1.0,370
down,150,0.6,0.7,231,221,0.9567099567099567,139,139,1.0,370
down,150,0.6,0.75,231,226,0.9783549783549783,139,139,1.0,370
down,150,0.6,0.8,231,228,0.987012987012987,139,139,1.0,370
down,150,0.6,0.85,231,230,0.9956709956709957,139,139,1.0,370
down,150,0.6,0.9,231,230,0.9956709956709957,139,139,1.0,370
down,150,0.6,0.95,231,230,0.9956709956709957,139,139,1.0,370
down,150,0.65,0.05,339,16,0.0471976401179941,154,135,0.8766233766233766,493
down,150,0.65,0.1,339,25,0.07374631268436578,154,143,0.9285714285714286,493
down,150,0.65,0.15,339,41,0.12094395280235988,154,147,0.9545454545454546,493
down,150,0.65,0.2,339,49,0.14454277286135694,154,150,0.974025974025974,493
down,150,0.65,0.25,339,59,0.17404129793510326,154,151,0.9805194805194806,493
down,150,0.65,0.3,339,74,0.2182890855457227,154,152,0.987012987012987,493
down,150,0.65,0.35,339,88,0.25958702064896755,154,153,0.9935064935064936,493
down,150,0.65,0.4,339,99,0.2920353982300885,154,154,1.0,493
down,150,0.65,0.45,339,120,0.35398230088495575,154,154,1.0,493
down,150,0.65,0.5,339,146,0.4306784660766962,154,154,1.0,493
down,150,0.65,0.55,339,173,0.5103244837758112,154,154,1.0,493
down,150,0.65,0.6,339,199,0.5870206489675516,154,154,1.0,493
down,150,0.65,0.65,339,246,0.7256637168141593,154,154,1.0,493
down,150,0.65,0.7,339,312,0.9203539823008849,154,154,1.0,493
down,150,0.65,0.75,339,328,0.967551622418879,154,154,1.0,493
down,150,0.65,0.8,339,338,0.9970501474926253,154,154,1.0,493
down,150,0.65,0.85,339,339,1.0,154,154,1.0,493
down,150,0.65,0.9,339,339,1.0,154,154,1.0,493
down,150,0.65,0.95,339,339,1.0,154,154,1.0,493
down,150,0.7,0.05,299,10,0.033444816053511704,78,67,0.8589743589743589,377
down,150,0.7,0.1,299,15,0.05016722408026756,78,71,0.9102564102564102,377
down,150,0.7,0.15,299,21,0.07023411371237458,78,74,0.9487179487179487,377
down,150,0.7,0.2,299,24,0.0802675585284281,78,75,0.9615384615384616,377
down,150,0.7,0.25,299,29,0.09698996655518395,78,76,0.9743589743589743,377
down,150,0.7,0.3,299,37,0.12374581939799331,78,76,0.9743589743589743,377
down,150,0.7,0.35,299,48,0.1605351170568562,78,77,0.9871794871794872,377
down,150,0.7,0.4,299,57,0.19063545150501673,78,78,1.0,377
down,150,0.7,0.45,299,70,0.23411371237458195,78,78,1.0,377
down,150,0.7,0.5,299,83,0.27759197324414714,78,78,1.0,377
down,150,0.7,0.55,299,101,0.3377926421404682,78,78,1.0,377
down,150,0.7,0.6,299,126,0.4214046822742475,78,78,1.0,377
down,150,0.7,0.65,299,156,0.5217391304347826,78,78,1.0,377
down,150,0.7,0.7,299,195,0.6521739130434783,78,78,1.0,377
down,150,0.7,0.75,299,276,0.9230769230769231,78,78,1.0,377
down,150,0.7,0.8,299,291,0.9732441471571907,78,78,1.0,377
down,150,0.7,0.85,299,297,0.9933110367892977,78,78,1.0,377
down,150,0.7,0.9,299,299,1.0,78,78,1.0,377
down,150,0.7,0.95,299,299,1.0,78,78,1.0,377
down,150,0.75,0.05,318,5,0.015723270440251572,88,77,0.875,406
down,150,0.75,0.1,318,6,0.018867924528301886,88,79,0.8977272727272727,406
down,150,0.75,0.15,318,14,0.0440251572327044,88,83,0.9431818181818182,406
down,150,0.75,0.2,318,20,0.06289308176100629,88,85,0.9659090909090909,406
down,150,0.75,0.25,318,27,0.08490566037735849,88,85,0.9659090909090909,406
down,150,0.75,0.3,318,35,0.11006289308176101,88,85,0.9659090909090909,406
down,150,0.75,0.35,318,40,0.12578616352201258,88,85,0.9659090909090909,406
down,150,0.75,0.4,318,47,0.14779874213836477,88,85,0.9659090909090909,406
down,150,0.75,0.45,318,53,0.16666666666666666,88,85,0.9659090909090909,406
down,150,0.75,0.5,318,64,0.20125786163522014,88,86,0.9772727272727273,406
down,150,0.75,0.55,318,78,0.24528301886792453,88,88,1.0,406
down,150,0.75,0.6,318,99,0.3113207547169811,88,88,1.0,406
down,150,0.75,0.65,318,126,0.39622641509433965,88,88,1.0,406
down,150,0.75,0.7,318,158,0.4968553459119497,88,88,1.0,406
down,150,0.75,0.75,318,215,0.6761006289308176,88,88,1.0,406
down,150,0.75,0.8,318,300,0.9433962264150944,88,88,1.0,406
down,150,0.75,0.85,318,314,0.9874213836477987,88,88,1.0,406
down,150,0.75,0.9,318,318,1.0,88,88,1.0,406
down,150,0.75,0.95,318,318,1.0,88,88,1.0,406
down,150,0.8,0.05,350,10,0.02857142857142857,68,64,0.9411764705882353,418
down,150,0.8,0.1,350,15,0.04285714285714286,68,65,0.9558823529411765,418
down,150,0.8,0.15,350,17,0.04857142857142857,68,67,0.9852941176470589,418
down,150,0.8,0.2,350,21,0.06,68,67,0.9852941176470589,418
down,150,0.8,0.25,350,24,0.06857142857142857,68,67,0.9852941176470589,418
down,150,0.8,0.3,350,34,0.09714285714285714,68,67,0.9852941176470589,418
down,150,0.8,0.35,350,41,0.11714285714285715,68,67,0.9852941176470589,418
down,150,0.8,0.4,350,47,0.13428571428571429,68,68,1.0,418
down,150,0.8,0.45,350,56,0.16,68,68,1.0,418
down,150,0.8,0.5,350,75,0.21428571428571427,68,68,1.0,418
down,150,0.8,0.55,350,88,0.25142857142857145,68,68,1.0,418
down,150,0.8,0.6,350,105,0.3,68,68,1.0,418
down,150,0.8,0.65,350,122,0.3485714285714286,68,68,1.0,418
down,150,0.8,0.7,350,141,0.40285714285714286,68,68,1.0,418
down,150,0.8,0.75,350,183,0.5228571428571429,68,68,1.0,418
down,150,0.8,0.8,350,254,0.7257142857142858,68,68,1.0,418
down,150,0.8,0.85,350,330,0.9428571428571428,68,68,1.0,418
down,150,0.8,0.9,350,348,0.9942857142857143,68,68,1.0,418
down,150,0.8,0.95,350,350,1.0,68,68,1.0,418
down,150,0.85,0.05,365,9,0.024657534246575342,48,40,0.8333333333333334,413
down,150,0.85,0.1,365,16,0.043835616438356165,48,44,0.9166666666666666,413
down,150,0.85,0.15,365,19,0.052054794520547946,48,46,0.9583333333333334,413
down,150,0.85,0.2,365,24,0.06575342465753424,48,47,0.9791666666666666,413
down,150,0.85,0.25,365,27,0.07397260273972603,48,48,1.0,413
down,150,0.85,0.3,365,33,0.09041095890410959,48,48,1.0,413
down,150,0.85,0.35,365,35,0.0958904109589041,48,48,1.0,413
down,150,0.85,0.4,365,37,0.10136986301369863,48,48,1.0,413
down,150,0.85,0.45,365,43,0.1178082191780822,48,48,1.0,413
down,150,0.85,0.5,365,54,0.14794520547945206,48,48,1.0,413
down,150,0.85,0.55,365,66,0.18082191780821918,48,48,1.0,413
down,150,0.85,0.6,365,83,0.2273972602739726,48,48,1.0,413
down,150,0.85,0.65,365,92,0.25205479452054796,48,48,1.0,413
down,150,0.85,0.7,365,117,0.32054794520547947,48,48,1.0,413
down,150,0.85,0.75,365,145,0.3972602739726027,48,48,1.0,413
down,150,0.85,0.8,365,182,0.4986301369863014,48,48,1.0,413
down,150,0.85,0.85,365,254,0.6958904109589041,48,48,1.0,413
down,150,0.85,0.9,365,354,0.9698630136986301,48,48,1.0,413
down,150,0.85,0.95,365,363,0.9945205479452055,48,48,1.0,413
down,150,0.9,0.05,482,9,0.01867219917012448,33,28,0.8484848484848485,515
down,150,0.9,0.1,482,11,0.022821576763485476,33,30,0.9090909090909091,515
down,150,0.9,0.15,482,12,0.024896265560165973,33,32,0.9696969696969697,515
down,150,0.9,0.2,482,14,0.029045643153526972,33,33,1.0,515
down,150,0.9,0.25,482,17,0.035269709543568464,33,33,1.0,515
down,150,0.9,0.3,482,22,0.04564315352697095,33,33,1.0,515
down,150,0.9,0.35,482,25,0.05186721991701245,33,33,1.0,515
down,150,0.9,0.4,482,27,0.056016597510373446,33,33,1.0,515
down,150,0.9,0.45,482,34,0.07053941908713693,33,33,1.0,515
down,150,0.9,0.5,482,41,0.08506224066390042,33,33,1.0,515
down,150,0.9,0.55,482,56,0.11618257261410789,33,33,1.0,515
down,150,0.9,0.6,482,63,0.13070539419087138,33,33,1.0,515
down,150,0.9,0.65,482,76,0.15767634854771784,33,33,1.0,515
down,150,0.9,0.7,482,88,0.1825726141078838,33,33,1.0,515
down,150,0.9,0.75,482,105,0.21784232365145229,33,33,1.0,515
down,150,0.9,0.8,482,125,0.25933609958506226,33,33,1.0,515
down,150,0.9,0.85,482,177,0.36721991701244816,33,33,1.0,515
down,150,0.9,0.9,482,295,0.6120331950207469,33,33,1.0,515
down,150,0.9,0.95,482,471,0.9771784232365145,33,33,1.0,515
down,150,0.95,0.05,186,3,0.016129032258064516,3,2,0.6666666666666666,189
down,150,0.95,0.1,186,5,0.026881720430107527,3,3,1.0,189
down,150,0.95,0.15,186,5,0.026881720430107527,3,3,1.0,189
down,150,0.95,0.2,186,5,0.026881720430107527,3,3,1.0,189
down,150,0.95,0.25,186,6,0.03225806451612903,3,3,1.0,189
down,150,0.95,0.3,186,9,0.04838709677419355,3,3,1.0,189
down,150,0.95,0.35,186,10,0.053763440860215055,3,3,1.0,189
down,150,0.95,0.4,186,11,0.05913978494623656,3,3,1.0,189
down,150,0.95,0.45,186,11,0.05913978494623656,3,3,1.0,189
down,150,0.95,0.5,186,11,0.05913978494623656,3,3,1.0,189
down,150,0.95,0.55,186,11,0.05913978494623656,3,3,1.0,189
down,150,0.95,0.6,186,11,0.05913978494623656,3,3,1.0,189
down,150,0.95,0.65,186,12,0.06451612903225806,3,3,1.0,189
down,150,0.95,0.7,186,12,0.06451612903225806,3,3,1.0,189
down,150,0.95,0.75,186,15,0.08064516129032258,3,3,1.0,189
down,150,0.95,0.8,186,18,0.0967741935483871,3,3,1.0,189
down,150,0.95,0.85,186,22,0.11827956989247312,3,3,1.0,189
down,150,0.95,0.9,186,41,0.22043010752688172,3,3,1.0,189
down,150,0.95,0.95,186,87,0.46774193548387094,3,3,1.0,189
down,180,0.0,0.05,12,11,0.9166666666666666,509,466,0.9155206286836935,521
down,180,0.0,0.1,12,12,1.0,509,467,0.9174852652259332,521
down,180,0.0,0.15,12,12,1.0,509,467,0.9174852652259332,521
down,180,0.0,0.2,12,12,1.0,509,467,0.9174852652259332,521
down,180,0.0,0.25,12,12,1.0,509,467,0.9174852652259332,521
down,180,0.0,0.3,12,12,1.0,509,468,0.9194499017681729,521
down,180,0.0,0.35,12,12,1.0,509,468,0.9194499017681729,521
down,180,0.0,0.4,12,12,1.0,509,468,0.9194499017681729,521
down,180,0.0,0.45,12,12,1.0,509,468,0.9194499017681729,521
down,180,0.0,0.5,12,12,1.0,509,468,0.9194499017681729,521
down,180,0.0,0.55,12,12,1.0,509,468,0.9194499017681729,521
down,180,0.0,0.6,12,12,1.0,509,468,0.9194499017681729,521
down,180,0.0,0.65,12,12,1.0,509,468,0.9194499017681729,521
down,180,0.0,0.7,12,12,1.0,509,468,0.9194499017681729,521
down,180,0.0,0.75,12,12,1.0,509,469,0.9214145383104125,521
down,180,0.0,0.8,12,12,1.0,509,469,0.9214145383104125,521
down,180,0.0,0.85,12,12,1.0,509,469,0.9214145383104125,521
down,180,0.0,0.9,12,12,1.0,509,469,0.9214145383104125,521
down,180,0.0,0.95,12,12,1.0,509,469,0.9214145383104125,521
down,180,0.05,0.05,39,23,0.5897435897435898,523,520,0.994263862332696,562
down,180,0.05,0.1,39,37,0.9487179487179487,523,523,1.0,562
down,180,0.05,0.15,39,39,1.0,523,523,1.0,562
down,180,0.05,0.2,39,39,1.0,523,523,1.0,562
down,180,0.05,0.25,39,39,1.0,523,523,1.0,562
down,180,0.05,0.3,39,39,1.0,523,523,1.0,562
down,180,0.05,0.35,39,39,1.0,523,523,1.0,562
down,180,0.05,0.4,39,39,1.0,523,523,1.0,562
down,180,0.05,0.45,39,39,1.0,523,523,1.0,562
down,180,0.05,0.5,39,39,1.0,523,523,1.0,562
down,180,0.05,0.55,39,39,1.0,523,523,1.0,562
down,180,0.05,0.6,39,39,1.0,523,523,1.0,562
down,180,0.05,0.65,39,39,1.0,523,523,1.0,562
down,180,0.05,0.7,39,39,1.0,523,523,1.0,562
down,180,0.05,0.75,39,39,1.0,523,523,1.0,562
down,180,0.05,0.8,39,39,1.0,523,523,1.0,562
down,180,0.05,0.85,39,39,1.0,523,523,1.0,562
down,180,0.05,0.9,39,39,1.0,523,523,1.0,562
down,180,0.05,0.95,39,39,1.0,523,523,1.0,562
down,180,0.1,0.05,62,15,0.24193548387096775,509,506,0.9941060903732809,571
down,180,0.1,0.1,62,39,0.6290322580645161,509,509,1.0,571
down,180,0.1,0.15,62,61,0.9838709677419355,509,509,1.0,571
down,180,0.1,0.2,62,62,1.0,509,509,1.0,571
down,180,0.1,0.25,62,62,1.0,509,509,1.0,571
down,180,0.1,0.3,62,62,1.0,509,509,1.0,571
down,180,0.1,0.35,62,62,1.0,509,509,1.0,571
down,180,0.1,0.4,62,62,1.0,509,509,1.0,571
down,180,0.1,0.45,62,62,1.0,509,509,1.0,571
down,180,0.1,0.5,62,62,1.0,509,509,1.0,571
down,180,0.1,0.55,62,62,1.0,509,509,1.0,571
down,180,0.1,0.6,62,62,1.0,509,509,1.0,571
down,180,0.1,0.65,62,62,1.0,509,509,1.0,571
down,180,0.1,0.7,62,62,1.0,509,509,1.0,571
down,180,0.1,0.75,62,62,1.0,509,509,1.0,571
down,180,0.1,0.8,62,62,1.0,509,509,1.0,571
down,180,0.1,0.85,62,62,1.0,509,509,1.0,571
down,180,0.1,0.9,62,62,1.0,509,509,1.0,571
down,180,0.1,0.95,62,62,1.0,509,509,1.0,571
down,180,0.15,0.05,58,10,0.1724137931034483,251,240,0.9561752988047809,309
down,180,0.15,0.1,58,20,0.3448275862068966,251,247,0.9840637450199203,309
down,180,0.15,0.15,58,32,0.5517241379310345,251,249,0.9920318725099602,309
down,180,0.15,0.2,58,55,0.9482758620689655,251,251,1.0,309
down,180,0.15,0.25,58,58,1.0,251,251,1.0,309
down,180,0.15,0.3,58,58,1.0,251,251,1.0,309
down,180,0.15,0.35,58,58,1.0,251,251,1.0,309
down,180,0.15,0.4,58,58,1.0,251,251,1.0,309
down,180,0.15,0.45,58,58,1.0,251,251,1.0,309
down,180,0.15,0.5,58,58,1.0,251,251,1.0,309
down,180,0.15,0.55,58,58,1.0,251,251,1.0,309
down,180,0.15,0.6,58,58,1.0,251,251,1.0,309
down,180,0.15,0.65,58,58,1.0,251,251,1.0,309
down,180,0.15,0.7,58,58,1.0,251,251,1.0,309
down,180,0.15,0.75,58,58,1.0,251,251,1.0,309
down,180,0.15,0.8,58,58,1.0,251,251,1.0,309
down,180,0.15,0.85,58,58,1.0,251,251,1.0,309
down,180,0.15,0.9,58,58,1.0,251,251,1.0,309
down,180,0.15,0.95,58,58,1.0,251,251,1.0,309
down,180,0.2,0.05,82,16,0.1951219512195122,307,284,0.9250814332247557,389
down,180,0.2,0.1,82,30,0.36585365853658536,307,298,0.9706840390879479,389
down,180,0.2,0.15,82,48,0.5853658536585366,307,301,0.9804560260586319,389
down,180,0.2,0.2,82,66,0.8048780487804879,307,306,0.996742671009772,389
down,180,0.2,0.25,82,78,0.9512195121951219,307,306,0.996742671009772,389
down,180,0.2,0.3,82,80,0.975609756097561,307,307,1.0,389
down,180,0.2,0.35,82,82,1.0,307,307,1.0,389
down,180,0.2,0.4,82,82,1.0,307,307,1.0,389
down,180,0.2,0.45,82,82,1.0,307,307,1.0,389
down,180,0.2,0.5,82,82,1.0,307,307,1.0,389
down,180,0.2,0.55,82,82,1.0,307,307,1.0,389
down,180,0.2,0.6,82,82,1.0,307,307,1.0,389
down,180,0.2,0.65,82,82,1.0,307,307,1.0,389
down,180,0.2,0.7,82,82,1.0,307,307,1.0,389
down,180,0.2,0.75,82,82,1.0,307,307,1.0,389
down,180,0.2,0.8,82,82,1.0,307,307,1.0,389
down,180,0.2,0.85,82,82,1.0,307,307,1.0,389
down,180,0.2,0.9,82,82,1.0,307,307,1.0,389
down,180,0.2,0.95,82,82,1.0,307,307,1.0,389
down,180,0.25,0.05,137,22,0.16058394160583941,366,345,0.9426229508196722,503
down,180,0.25,0.1,137,36,0.26277372262773724,366,357,0.9754098360655737,503
down,180,0.25,0.15,137,59,0.4306569343065693,366,359,0.9808743169398907,503
down,180,0.25,0.2,137,83,0.6058394160583942,366,360,0.9836065573770492,503
down,180,0.25,0.25,137,107,0.781021897810219,366,365,0.9972677595628415,503
down,180,0.25,0.3,137,128,0.9343065693430657,366,366,1.0,503
down,180,0.25,0.35,137,132,0.9635036496350365,366,366,1.0,503
down,180,0.25,0.4,137,134,0.9781021897810219,366,366,1.0,503
down,180,0.25,0.45,137,135,0.9854014598540146,366,366,1.0,503
down,180,0.25,0.5,137,135,0.9854014598540146,366,366,1.0,503
down,180,0.25,0.55,137,137,1.0,366,366,1.0,503
down,180,0.25,0.6,137,137,1.0,366,366,1.0,503
down,180,0.25,0.65,137,137,1.0,366,366,1.0,503
down,180,0.25,0.7,137,137,1.0,366,366,1.0,503
down,180,0.25,0.75,137,137,1.0,366,366,1.0,503
down,180,0.25,0.8,137,137,1.0,366,366,1.0,503
down,180,0.25,0.85,137,137,1.0,366,366,1.0,503
down,180,0.25,0.9,137,137,1.0,366,366,1.0,503
down,180,0.25,0.95,137,137,1.0,366,366,1.0,503
down,180,0.3,0.05,123,16,0.13008130081300814,248,229,0.9233870967741935,371
down,180,0.3,0.1,123,31,0.25203252032520324,248,239,0.9637096774193549,371
down,180,0.3,0.15,123,41,0.3333333333333333,248,244,0.9838709677419355,371
down,180,0.3,0.2,123,53,0.43089430894308944,248,245,0.9879032258064516,371
down,180,0.3,0.25,123,72,0.5853658536585366,248,248,1.0,371
down,180,0.3,0.3,123,90,0.7317073170731707,248,248,1.0,371
down,180,0.3,0.35,123,112,0.9105691056910569,248,248,1.0,371
down,180,0.3,0.4,123,120,0.975609756097561,248,248,1.0,371
down,180,0.3,0.45,123,121,0.983739837398374,248,248,1.0,371
down,180,0.3,0.5,123,122,0.991869918699187,248,248,1.0,371
down,180,0.3,0.55,123,122,0.991869918699187,248,248,1.0,371
down,180,0.3,0.6,123,122,0.991869918699187,248,248,1.0,371
down,180,0.3,0.65,123,122,0.991869918699187,248,248,1.0,371
down,180,0.3,0.7,123,122,0.991869918699187,248,248,1.0,371
down,180,0.3,0.75,123,122,0.991869918699187,248,248,1.0,371
down,180,0.3,0.8,123,122,0.991869918699187,248,248,1.0,371
down,180,0.3,0.85,123,122,0.991869918699187,248,248,1.0,371
down,180,0.3,0.9,123,122,0.991869918699187,248,248,1.0,371
down,180,0.3,0.95,123,122,0.991869918699187,248,248,1.0,371
down,180,0.35,0.05,127,11,0.08661417322834646,208,185,0.8894230769230769,335
down,180,0.35,0.1,127,18,0.14173228346456693,208,193,0.9278846153846154,335
down,180,0.35,0.15,127,27,0.2125984251968504,208,196,0.9423076923076923,335
down,180,0.35,0.2,127,36,0.28346456692913385,208,202,0.9711538461538461,335
down,180,0.35,0.25,127,45,0.3543307086614173,208,202,0.9711538461538461,335
down,180,0.35,0.3,127,65,0.5118110236220472,208,205,0.9855769230769231,335
down,180,0.35,0.35,127,90,0.7086614173228346,208,208,1.0,335
down,180,0.35,0.4,127,119,0.937007874015748,208,208,1.0,335
down,180,0.35,0.45,127,124,0.9763779527559056,208,208,1.0,335
down,180,0.35,0.5,127,126,0.9921259842519685,208,208,1.0,335
down,180,0.35,0.55,127,126,0.9921259842519685,208,208,1.0,335
down,180,0.35,0.6,127,126,0.9921259842519685,208,208,1.0,335
down,180,0.35,0.65,127,127,1.0,208,208,1.0,335
down,180,0.35,0.7,127,127,1.0,208,208,1.0,335
down,180,0.35,0.75,127,127,1.0,208,208,1.0,335
down,180,0.35,0.8,127,127,1.0,208,208,1.0,335
down,180,0.35,0.85,127,127,1.0,208,208,1.0,335
down,180,0.35,0.9,127,127,1.0,208,208,1.0,335
down,180,0.35,0.95,127,127,1.0,208,208,1.0,335
down,180,0.4,0.05,166,7,0.04216867469879518,226,191,0.8451327433628318,392
down,180,0.4,0.1,166,20,0.12048192771084337,226,207,0.915929203539823,392
down,180,0.4,0.15,166,31,0.18674698795180722,226,219,0.9690265486725663,392
down,180,0.4,0.2,166,50,0.30120481927710846,226,221,0.9778761061946902,392
down,180,0.4,0.25,166,62,0.37349397590361444,226,221,0.9778761061946902,392
down,180,0.4,0.3,166,82,0.4939759036144578,226,224,0.9911504424778761,392
down,180,0.4,0.35,166,97,0.5843373493975904,226,225,0.995575221238938,392
down,180,0.4,0.4,166,129,0.7771084337349398,226,225,0.995575221238938,392
down,180,0.4,0.45,166,160,0.963855421686747,226,226,1.0,392
down,180,0.4,0.5,166,165,0.9939759036144579,226,226,1.0,392
down,180,0.4,0.55,166,165,0.9939759036144579,226,226,1.0,392
down,180,0.4,0.6,166,165,0.9939759036144579,226,226,1.0,392
down,180,0.4,0.65,166,166,1.0,226,226,1.0,392
down,180,0.4,0.7,166,166,1.0,226,226,1.0,392
down,180,0.4,0.75,166,166,1.0,226,226,1.0,392
down,180,0.4,0.8,166,166,1.0,226,226,1.0,392
down,180,0.4,0.85,166,166,1.0,226,226,1.0,392
down,180,0.4,0.9,166,166,1.0,226,226,1.0,392
down,180,0.4,0.95,166,166,1.0,226,226,1.0,392
down,180,0.45,0.05,192,11,0.057291666666666664,203,177,0.8719211822660099,395
down,180,0.45,0.1,192,23,0.11979166666666667,203,186,0.916256157635468,395
down,180,0.45,0.15,192,29,0.15104166666666666,203,193,0.9507389162561576,395
down,180,0.45,0.2,192,43,0.22395833333333334,203,196,0.9655172413793104,395
down,180,0.45,0.25,192,55,0.2864583333333333,203,197,0.9704433497536946,395
down,180,0.45,0.3,192,79,0.4114583333333333,203,200,0.9852216748768473,395
down,180,0.45,0.35,192,94,0.4895833333333333,203,201,0.9901477832512315,395
down,180,0.45,0.4,192,114,0.59375,203,201,0.9901477832512315,395
down,180,0.45,0.45,192,147,0.765625,203,201,0.9901477832512315,395
down,180,0.45,0.5,192,180,0.9375,203,201,0.9901477832512315,395
down,180,0.45,0.55,192,186,0.96875,203,201,0.9901477832512315,395
down,180,0.45,0.6,192,190,0.9895833333333334,203,201,0.9901477832512315,395
down,180,0.45,0.65,192,191,0.9947916666666666,203,201,0.9901477832512315,395
down,180,0.45,0.7,192,192,1.0,203,201,0.9901477832512315,395
down,180,0.45,0.75,192,192,1.0,203,201,0.9901477832512315,395
down,180,0.45,0.8,192,192,1.0,203,201,0.9901477832512315,395
down,180,0.45,0.85,192,192,1.0,203,201,0.9901477832512315,395
down,180,0.45,0.9,192,192,1.0,203,201,0.9901477832512315,395
down,180,0.45,0.95,192,192,1.0,203,201,0.9901477832512315,395
down,180,0.5,0.05,216,13,0.06018518518518518,189,161,0.8518518518518519,405
down,180,0.5,0.1,216,27,0.125,189,172,0.91005291005291,405
down,180,0.5,0.15,216,38,0.17592592592592593,189,176,0.9312169312169312,405
down,180,0.5,0.2,216,50,0.23148148148148148,189,179,0.9470899470899471,405
down,180,0.5,0.25,216,63,0.2916666666666667,189,181,0.9576719576719577,405
down,180,0.5,0.3,216,80,0.37037037037037035,189,181,0.9576719576719577,405
down,180,0.5,0.35,216,96,0.4444444444444444,189,182,0.9629629629629629,405
down,180,0.5,0.4,216,115,0.5324074074074074,189,184,0.9735449735449735,405
down,180,0.5,0.45,216,131,0.6064814814814815,189,185,0.9788359788359788,405
down,180,0.5,0.5,216,162,0.75,189,186,0.9841269841269841,405
down,180,0.5,0.55,216,202,0.9351851851851852,189,187,0.9894179894179894,405
down,180,0.5,0.6,216,210,0.9722222222222222,189,187,0.9894179894179894,405
down,180,0.5,0.65,216,212,0.9814814814814815,189,187,0.9894179894179894,405
down,180,0.5,0.7,216,212,0.9814814814814815,189,187,0.9894179894179894,405
down,180,0.5,0.75,216,214,0.9907407407407407,189,187,0.9894179894179894,405
down,180,0.5,0.8,216,214,0.9907407407407407,189,187,0.9894179894179894,405
down,180,0.5,0.85,216,214,0.9907407407407407,189,187,0.9894179894179894,405
down,180,0.5,0.9,216,214,0.9907407407407407,189,187,0.9894179894179894,405
down,180,0.5,0.95,216,214,0.9907407407407407,189,187,0.9894179894179894,405
down,180,0.55,0.05,290,10,0.034482758620689655,223,194,0.8699551569506726,513
down,180,0.55,0.1,290,23,0.07931034482758621,223,203,0.9103139013452914,513
down,180,0.55,0.15,290,38,0.1310344827586207,223,212,0.9506726457399103,513
down,180,0.55,0.2,290,48,0.16551724137931034,223,215,0.9641255605381166,513
down,180,0.55,0.25,290,64,0.2206896551724138,223,218,0.9775784753363229,513
down,180,0.55,0.3,290,86,0.296551724137931,223,220,0.9865470852017937,513
down,180,0.55,0.35,290,100,0.3448275862068966,223,222,0.9955156950672646,513
down,180,0.55,0.4,290,121,0.41724137931034483,223,222,0.9955156950672646,513
down,180,0.55,0.45,290,150,0.5172413793103449,223,222,0.9955156950672646,513
down,180,0.55,0.5,290,181,0.6241379310344828,223,223,1.0,513
down,180,0.55,0.55,290,213,0.7344827586206897,223,223,1.0,513
down,180,0.55,0.6,290,262,0.903448275862069,223,223,1.0,513
down,180,0.55,0.65,290,276,0.9517241379310345,223,223,1.0,513
down,180,0.55,0.7,290,281,0.9689655172413794,223,223,1.0,513
down,180,0.55,0.75,290,286,0.9862068965517241,223,223,1.0,513
down,180,0.55,0.8,290,289,0.996551724137931,223,223,1.0,513
down,180,0.55,0.85,290,289,0.996551724137931,223,223,1.0,513
down,180,0.55,0.9,290,289,0.996551724137931,223,223,1.0,513
down,180,0.55,0.95,290,290,1.0,223,223,1.0,513
down,180,0.6,0.05,193,4,0.02072538860103627,119,98,0.8235294117647058,312
down,180,0.6,0.1,193,10,0.05181347150259067,119,108,0.907563025210084,312
down,180,0.6,0.15,193,16,0.08290155440414508,119,111,0.9327731092436975,312
down,180,0.6,0.2,193,22,0.11398963730569948,119,114,0.957983193277311,312
down,180,0.6,0.25,193,29,0.15025906735751296,119,115,0.9663865546218487,312
down,180,0.6,0.3,193,40,0.20725388601036268,119,118,0.9915966386554622,312
down,180,0.6,0.35,193,48,0.24870466321243523,119,118,0.9915966386554622,312
down,180,0.6,0.4,193,60,0.31088082901554404,119,119,1.0,312
down,180,0.6,0.45,193,77,0.39896373056994816,119,119,1.0,312
down,180,0.6,0.5,193,90,0.46632124352331605,119,119,1.0,312
down,180,0.6,0.55,193,106,0.5492227979274611,119,119,1.0,312
down,180,0.6,0.6,193,132,0.6839378238341969,119,119,1.0,312
down,180,0.6,0.65,193,176,0.9119170984455959,119,119,1.0,312
down,180,0.6,0.7,193,185,0.9585492227979274,119,119,1.0,312
down,180,0.6,0.75,193,192,0.9948186528497409,119,119,1.0,312
down,180,0.6,0.8,193,192,0.9948186528497409,119,119,1.0,312
down,180,0.6,0.85,193,192,0.9948186528497409,119,119,1.0,312
down,180,0.6,0.9,193,192,0.9948186528497409,119,119,1.0,312
down,180,0.6,0.95,193,192,0.9948186528497409,119,119,1.0,312
down,180,0.65,0.05,297,10,0.03367003367003367,124,105,0.8467741935483871,421
down,180,0.65,0.1,297,14,0.04713804713804714,124,114,0.9193548387096774,421
down,180,0.65,0.15,297,29,0.09764309764309764,124,118,0.9516129032258065,421
down,180,0.65,0.2,297,38,0.12794612794612795,124,119,0.9596774193548387,421
down,180,0.65,0.25,297,43,0.1447811447811448,124,121,0.9758064516129032,421
down,180,0.65,0.3,297,54,0.18181818181818182,124,122,0.9838709677419355,421
down,180,0.65,0.35,297,65,0.21885521885521886,124,122,0.9838709677419355,421
down,180,0.65,0.4,297,79,0.265993265993266,124,123,0.9919354838709677,421
down,180,0.65,0.45,297,86,0.2895622895622896,124,123,0.9919354838709677,421
down,180,0.65,0.5,297,103,0.3468013468013468,124,123,0.9919354838709677,421
down,180,0.65,0.55,297,126,0.42424242424242425,124,124,1.0,421
down,180,0.65,0.6,297,152,0.5117845117845118,124,124,1.0,421
down,180,0.65,0.65,297,192,0.6464646464646465,124,124,1.0,421
down,180,0.65,0.7,297,277,0.9326599326599326,124,124,1.0,421
down,180,0.65,0.75,297,292,0.9831649831649831,124,124,1.0,421
down,180,0.65,0.8,297,292,0.9831649831649831,124,124,1.0,421
down,180,0.65,0.85,297,296,0.9966329966329966,124,124,1.0,421
down,180,0.65,0.9,297,297,1.0,124,124,1.0,421
down,180,0.65,0.95,297,297,1.0,124,124,1.0,421
down,180,0.7,0.05,226,11,0.048672566371681415,76,68,0.8947368421052632,302
down,180,0.7,0.1,226,18,0.07964601769911504,76,69,0.9078947368421053,302
down,180,0.7,0.15,226,21,0.09292035398230089,76,71,0.9342105263157895,302
down,180,0.7,0.2,226,26,0.11504424778761062,76,71,0.9342105263157895,302
down,180,0.7,0.25,226,32,0.1415929203539823,76,72,0.9473684210526315,302
down,180,0.7,0.3,226,40,0.17699115044247787,76,72,0.9473684210526315,302
down,180,0.7,0.35,226,44,0.19469026548672566,76,72,0.9473684210526315,302
down,180,0.7,0.4,226,50,0.22123893805309736,76,74,0.9736842105263158,302
down,180,0.7,0.45,226,58,0.25663716814159293,76,74,0.9736842105263158,302
down,180,0.7,0.5,226,75,0.33185840707964603,76,74,0.9736842105263158,302
down,180,0.7,0.55,226,89,0.3938053097345133,76,75,0.9868421052631579,302
down,180,0.7,0.6,226,101,0.4469026548672566,76,75,0.9868421052631579,302
down,180,0.7,0.65,226,119,0.5265486725663717,76,75,0.9868421052631579,302
down,180,0.7,0.7,226,144,0.6371681415929203,76,76,1.0,302
down,180,0.7,0.75,226,207,0.915929203539823,76,76,1.0,302
down,180,0.7,0.8,226,218,0.9646017699115044,76,76,1.0,302
down,180,0.7,0.85,226,225,0.995575221238938,76,76,1.0,302
down,180,0.7,0.9,226,226,1.0,76,76,1.0,302
down,180,0.7,0.95,226,226,1.0,76,76,1.0,302
down,180,0.75,0.05,302,12,0.039735099337748346,77,65,0.8441558441558441,379
down,180,0.75,0.1,302,15,0.04966887417218543,77,69,0.8961038961038961,379
down,180,0.75,0.15,302,22,0.0728476821192053,77,73,0.948051948051948,379
down,180,0.75,0.2,302,26,0.08609271523178808,77,74,0.961038961038961,379
down,180,0.75,0.25,302,32,0.10596026490066225,77,75,0.974025974025974,379
down,180,0.75,0.3,302,38,0.12582781456953643,77,75,0.974025974025974,379
down,180,0.75,0.35,302,42,0.1390728476821192,77,76,0.987012987012987,379
down,180,0.75,0.4,302,48,0.15894039735099338,77,76,0.987012987012987,379
down,180,0.75,0.45,302,55,0.18211920529801323,77,76,0.987012987012987,379
down,180,0.75,0.5,302,66,0.2185430463576159,77,77,1.0,379
down,180,0.75,0.55,302,79,0.26158940397350994,77,77,1.0,379
down,180,0.75,0.6,302,102,0.33774834437086093,77,77,1.0,379
down,180,0.75,0.65,302,123,0.40728476821192056,77,77,1.0,379
down,180,0.75,0.7,302,149,0.49337748344370863,77,77,1.0,379
down,180,0.75,0.75,302,213,0.7052980132450332,77,77,1.0,379
down,180,0.75,0.8,302,286,0.9470198675496688,77,77,1.0,379
down,180,0.75,0.85,302,298,0.9867549668874173,77,77,1.0,379
down,180,0.75,0.9,302,301,0.9966887417218543,77,77,1.0,379
down,180,0.75,0.95,302,302,1.0,77,77,1.0,379
down,180,0.8,0.05,351,15,0.042735042735042736,62,52,0.8387096774193549,413
down,180,0.8,0.1,351,18,0.05128205128205128,62,54,0.8709677419354839,413
down,180,0.8,0.15,351,21,0.05982905982905983,62,57,0.9193548387096774,413
down,180,0.8,0.2,351,25,0.07122507122507123,62,60,0.967741935483871,413
down,180,0.8,0.25,351,28,0.07977207977207977,62,61,0.9838709677419355,413
down,180,0.8,0.3,351,33,0.09401709401709402,62,61,0.9838709677419355,413
down,180,0.8,0.35,351,37,0.10541310541310542,62,61,0.9838709677419355,413
down,180,0.8,0.4,351,46,0.13105413105413105,62,62,1.0,413
down,180,0.8,0.45,351,57,0.1623931623931624,62,62,1.0,413
down,180,0.8,0.5,351,71,0.2022792022792023,62,62,1.0,413
down,180,0.8,0.55,351,86,0.245014245014245,62,62,1.0,413
down,180,0.8,0.6,351,105,0.29914529914529914,62,62,1.0,413
down,180,0.8,0.65,351,115,0.32763532763532766,62,62,1.0,413
down,180,0.8,0.7,351,134,0.3817663817663818,62,62,1.0,413
down,180,0.8,0.75,351,172,0.49002849002849,62,62,1.0,413
down,180,0.8,0.8,351,240,0.6837606837606838,62,62,1.0,413
down,180,0.8,0.85,351,335,0.9544159544159544,62,62,1.0,413
down,180,0.8,0.9,351,350,0.9971509971509972,62,62,1.0,413
down,180,0.8,0.95,351,351,1.0,62,62,1.0,413
down,180,0.85,0.05,394,11,0.027918781725888325,37,34,0.918918918918919,431
down,180,0.85,0.1,394,19,0.048223350253807105,37,36,0.972972972972973,431
down,180,0.85,0.15,394,22,0.05583756345177665,37,36,0.972972972972973,431
down,180,0.85,0.2,394,26,0.06598984771573604,37,36,0.972972972972973,431
down,180,0.85,0.25,394,29,0.07360406091370558,37,37,1.0,431
down,180,0.85,0.3,394,36,0.09137055837563451,37,37,1.0,431
down,180,0.85,0.35,394,39,0.09898477157360407,37,37,1.0,431
down,180,0.85,0.4,394,44,0.1116751269035533,37,37,1.0,431
down,180,0.85,0.45,394,52,0.1319796954314721,37,37,1.0,431
down,180,0.85,0.5,394,66,0.16751269035532995,37,37,1.0,431
down,180,0.85,0.55,394,77,0.19543147208121828,37,37,1.0,431
down,180,0.85,0.6,394,89,0.22588832487309646,37,37,1.0,431
down,180,0.85,0.65,394,101,0.2563451776649746,37,37,1.0,431
down,180,0.85,0.7,394,126,0.3197969543147208,37,37,1.0,431
down,180,0.85,0.75,394,165,0.41878172588832485,37,37,1.0,431
down,180,0.85,0.8,394,197,0.5,37,37,1.0,431
down,180,0.85,0.85,394,267,0.6776649746192893,37,37,1.0,431
down,180,0.85,0.9,394,380,0.9644670050761421,37,37,1.0,431
down,180,0.85,0.95,394,392,0.9949238578680203,37,37,1.0,431
down,180,0.9,0.05,648,9,0.013888888888888888,39,34,0.8717948717948718,687
down,180,0.9,0.1,648,15,0.023148148148148147,39,38,0.9743589743589743,687
down,180,0.9,0.15,648,18,0.027777777777777776,39,39,1.0,687
down,180,0.9,0.2,648,24,0.037037037037037035,39,39,1.0,687
down,180,0.9,0.25,648,25,0.038580246913580245,39,39,1.0,687
down,180,0.9,0.3,648,34,0.05246913580246913,39,39,1.0,687
down,180,0.9,0.35,648,38,0.05864197530864197,39,39,1.0,687
down,180,0.9,0.4,648,40,0.06172839506172839,39,39,1.0,687
down,180,0.9,0.45,648,46,0.07098765432098765,39,39,1.0,687
down,180,0.9,0.5,648,62,0.09567901234567901,39,39,1.0,687
down,180,0.9,0.55,648,71,0.1095679012345679,39,39,1.0,687
down,180,0.9,0.6,648,83,0.12808641975308643,39,39,1.0,687
down,180,0.9,0.65,648,99,0.1527777777777778,39,39,1.0,687
down,180,0.9,0.7,648,111,0.1712962962962963,39,39,1.0,687
down,180,0.9,0.75,648,132,0.2037037037037037,39,39,1.0,687
down,180,0.9,0.8,648,165,0.25462962962962965,39,39,1.0,687
down,180,0.9,0.85,648,226,0.3487654320987654,39,39,1.0,687
down,180,0.9,0.9,648,358,0.5524691358024691,39,39,1.0,687
down,180,0.9,0.95,648,631,0.9737654320987654,39,39,1.0,687
down,180,0.95,0.05,379,6,0.0158311345646438,8,7,0.875,387
down,180,0.95,0.1,379,8,0.021108179419525065,8,8,1.0,387
down,180,0.95,0.15,379,8,0.021108179419525065,8,8,1.0,387
down,180,0.95,0.2,379,9,0.023746701846965697,8,8,1.0,387
down,180,0.95,0.25,379,10,0.026385224274406333,8,8,1.0,387
down,180,0.95,0.3,379,16,0.04221635883905013,8,8,1.0,387
down,180,0.95,0.35,379,19,0.05013192612137203,8,8,1.0,387
down,180,0.95,0.4,379,20,0.052770448548812667,8,8,1.0,387
down,180,0.95,0.45,379,21,0.055408970976253295,8,8,1.0,387
down,180,0.95,0.5,379,24,0.0633245382585752,8,8,1.0,387
down,180,0.95,0.55,379,24,0.0633245382585752,8,8,1.0,387
down,180,0.95,0.6,379,25,0.06596306068601583,8,8,1.0,387
down,180,0.95,0.65,379,26,0.06860158311345646,8,8,1.0,387
down,180,0.95,0.7,379,29,0.07651715039577836,8,8,1.0,387
down,180,0.95,0.75,379,33,0.0870712401055409,8,8,1.0,387
down,180,0.95,0.8,379,36,0.09498680738786279,8,8,1.0,387
down,180,0.95,0.85,379,43,0.11345646437994723,8,8,1.0,387
down,180,0.95,0.9,379,73,0.19261213720316622,8,8,1.0,387
down,180,0.95,0.95,379,152,0.40105540897097625,8,8,1.0,387
down,210,0.0,0.05,8,8,1.0,929,797,0.8579117330462863,937
down,210,0.0,0.1,8,8,1.0,929,797,0.8579117330462863,937
down,210,0.0,0.15,8,8,1.0,929,798,0.8589881593110872,937
down,210,0.0,0.2,8,8,1.0,929,798,0.8589881593110872,937
down,210,0.0,0.25,8,8,1.0,929,798,0.8589881593110872,937
down,210,0.0,0.3,8,8,1.0,929,799,0.860064585575888,937
down,210,0.0,0.35,8,8,1.0,929,800,0.8611410118406889,937
down,210,0.0,0.4,8,8,1.0,929,800,0.8611410118406889,937
down,210,0.0,0.45,8,8,1.0,929,800,0.8611410118406889,937
down,210,0.0,0.5,8,8,1.0,929,800,0.8611410118406889,937
down,210,0.0,0.55,8,8,1.0,929,800,0.8611410118406889,937
down,210,0.0,0.6,8,8,1.0,929,800,0.8611410118406889,937
down,210,0.0,0.65,8,8,1.0,929,800,0.8611410118406889,937
down,210,0.0,0.7,8,8,1.0,929,800,0.8611410118406889,937
down,210,0.0,0.75,8,8,1.0,929,801,0.8622174381054898,937
down,210,0.0,0.8,8,8,1.0,929,801,0.8622174381054898,937
down,210,0.0,0.85,8,8,1.0,929,801,0.8622174381054898,937
down,210,0.0,0.9,8,8,1.0,929,801,0.8622174381054898,937
down,210,0.0,0.95,8,8,1.0,929,801,0.8622174381054898,937
down,210,0.05,0.05,45,32,0.7111111111111111,606,601,0.9917491749174917,651
down,210,0.05,0.1,45,43,0.9555555555555556,606,605,0.9983498349834984,651
down,210,0.05,0.15,45,43,0.9555555555555556,606,605,0.9983498349834984,651
down,210,0.05,0.2,45,44,0.9777777777777777,606,605,0.9983498349834984,651
down,210,0.05,0.25,45,44,0.9777777777777777,606,605,0.9983498349834984,651
down,210,0.05,0.3,45,44,0.9777777777777777,606,605,0.9983498349834984,651
down,210,0.05,0.35,45,44,0.9777777777777777,606,605,0.9983498349834984,651
down,210,0.05,0.4,45,44,0.9777777777777777,606,605,0.9983498349834984,651
down,210,0.05,0.45,45,44,0.9777777777777777,606,605,0.9983498349834984,651
down,210,0.05,0.5,45,44,0.9777777777777777,606,605,0.9983498349834984,651
down,210,0.05,0.55,45,44,0.9777777777777777,606,605,0.9983498349834984,651
down,210,0.05,0.6,45,44,0.9777777777777777,606,605,0.9983498349834984,651
down,210,0.05,0.65,45,44,0.9777777777777777,606,605,0.9983498349834984,651
down,210,0.05,0.7,45,44,0.9777777777777777,606,605,0.9983498349834984,651
down,210,0.05,0.75,45,44,0.9777777777777777,606,605,0.9983498349834984,651
down,210,0.05,0.8,45,44,0.9777777777777777,606,605,0.9983498349834984,651
down,210,0.05,0.85,45,44,0.9777777777777777,606,605,0.9983498349834984,651
down,210,0.05,0.9,45,44,0.9777777777777777,606,605,0.9983498349834984,651
down,210,0.05,0.95,45,44,0.9777777777777777,606,605,0.9983498349834984,651
down,210,0.1,0.05,62,23,0.3709677419354839,449,436,0.9710467706013363,511
down,210,0.1,0.1,62,47,0.7580645161290323,449,445,0.9910913140311804,511
down,210,0.1,0.15,62,59,0.9516129032258065,449,449,1.0,511
down,210,0.1,0.2,62,61,0.9838709677419355,449,449,1.0,511
down,210,0.1,0.25,62,61,0.9838709677419355,449,449,1.0,511
down,210,0.1,0.3,62,61,0.9838709677419355,449,449,1.0,511
down,210,0.1,0.35,62,61,0.9838709677419355,449,449,1.0,511
down,210,0.1,0.4,62,62,1.0,449,449,1.0,511
down,210,0.1,0.45,62,62,1.0,449,449,1.0,511
down,210,0.1,0.5,62,62,1.0,449,449,1.0,511
down,210,0.1,0.55,62,62,1.0,449,449,1.0,511
down,210,0.1,0.6,62,62,1.0,449,449,1.0,511
down,210,0.1,0.65,62,62,1.0,449,449,1.0,511
down,210,0.1,0.7,62,62,1.0,449,449,1.0,511
down,210,0.1,0.75,62,62,1.0,449,449,1.0,511
down,210,0.1,0.8,62,62,1.0,449,449,1.0,511
down,210,0.1,0.85,62,62,1.0,449,449,1.0,511
down,210,0.1,0.9,62,62,1.0,449,449,1.0,511
down,210,0.1,0.95,62,62,1.0,449,449,1.0,511
down,210,0.15,0.05,52,10,0.19230769230769232,229,223,0.9737991266375546,281
down,210,0.15,0.1,52,23,0.4423076923076923,229,227,0.9912663755458515,281
down,210,0.15,0.15,52,41,0.7884615384615384,229,229,1.0,281
down,210,0.15,0.2,52,51,0.9807692307692307,229,229,1.0,281
down,210,0.15,0.25,52,52,1.0,229,229,1.0,281
down,210,0.15,0.3,52,52,1.0,229,229,1.0,281
down,210,0.15,0.35,52,52,1.0,229,229,1.0,281
down,210,0.15,0.4,52,52,1.0,229,229,1.0,281
down,210,0.15,0.45,52,52,1.0,229,229,1.0,281
down,210,0.15,0.5,52,52,1.0,229,229,1.0,281
down,210,0.15,0.55,52,52,1.0,229,229,1.0,281
down,210,0.15,0.6,52,52,1.0,229,229,1.0,281
down,210,0.15,0.65,52,52,1.0,229,229,1.0,281
down,210,0.15,0.7,52,52,1.0,229,229,1.0,281
down,210,0.15,0.75,52,52,1.0,229,229,1.0,281
down,210,0.15,0.8,52,52,1.0,229,229,1.0,281
down,210,0.15,0.85,52,52,1.0,229,229,1.0,281
down,210,0.15,0.9,52,52,1.0,229,229,1.0,281
down,210,0.15,0.95,52,52,1.0,229,229,1.0,281
down,210,0.2,0.05,93,10,0.10752688172043011,259,244,0.9420849420849421,352
down,210,0.2,0.1,93,27,0.2903225806451613,259,253,0.9768339768339769,352
down,210,0.2,0.15,93,48,0.5161290322580645,259,255,0.9845559845559846,352
down,210,0.2,0.2,93,78,0.8387096774193549,259,257,0.9922779922779923,352
down,210,0.2,0.25,93,91,0.978494623655914,259,259,1.0,352
down,210,0.2,0.3,93,91,0.978494623655914,259,259,1.0,352
down,210,0.2,0.35,93,92,0.989247311827957,259,259,1.0,352
down,210,0.2,0.4,93,92,0.989247311827957,259,259,1.0,352
down,210,0.2,0.45,93,92,0.989247311827957,259,259,1.0,352
down,210,0.2,0.5,93,92,0.989247311827957,259,259,1.0,352
down,210,0.2,0.55,93,93,1.0,259,259,1.0,352
down,210,0.2,0.6,93,93,1.0,259,259,1.0,352
down,210,0.2,0.65,93,93,1.0,259,259,1.0,352
down,210,0.2,0.7,93,93,1.0,259,259,1.0,352
down,210,0.2,0.75,93,93,1.0,259,259,1.0,352
down,210,0.2,0.8,93,93,1.0,259,259,1.0,352
down,210,0.2,0.85,93,93,1.0,259,259,1.0,352
down,210,0.2,0.9,93,93,1.0,259,259,1.0,352
down,210,0.2,0.95,93,93,1.0,259,259,1.0,352
down,210,0.25,0.05,109,18,0.1651376146788991,281,245,0.8718861209964412,390
down,210,0.25,0.1,109,25,0.22935779816513763,281,260,0.9252669039145908,390
down,210,0.25,0.15,109,41,0.3761467889908257,281,269,0.9572953736654805,390
down,210,0.25,0.2,109,57,0.5229357798165137,281,275,0.9786476868327402,390
down,210,0.25,0.25,109,72,0.6605504587155964,281,279,0.9928825622775801,390
down,210,0.25,0.3,109,101,0.926605504587156,281,280,0.99644128113879,390
down,210,0.25,0.35,109,104,0.9541284403669725,281,281,1.0,390
down,210,0.25,0.4,109,108,0.9908256880733946,281,281,1.0,390
down,210,0.25,0.45,109,108,0.9908256880733946,281,281,1.0,390
down,210,0.25,0.5,109,108,0.9908256880733946,281,281,1.0,390
down,210,0.25,0.55,109,109,1.0,281,281,1.0,390
down,210,0.25,0.6,109,109,1.0,281,281,1.0,390
down,210,0.25,0.65,109,109,1.0,281,281,1.0,390
down,210,0.25,0.7,109,109,1.0,281,281,1.0,390
down,210,0.25,0.75,109,109,1.0,281,281,1.0,390
down,210,0.25,0.8,109,109,1.0,281,281,1.0,390
down,210,0.25,0.85,109,109,1.0,281,281,1.0,390
down,210,0.25,0.9,109,109,1.0,281,281,1.0,390
down,210,0.25,0.95,109,109,1.0,281,281,1.0,390
down,210,0.3,0.05,111,11,0.0990990990990991,240,216,0.9,351
down,210,0.3,0.1,111,23,0.2072072072072072,240,229,0.9541666666666667,351
down,210,0.3,0.15,111,35,0.3153153153153153,240,233,0.9708333333333333,351
down,210,0.3,0.2,111,50,0.45045045045045046,240,238,0.9916666666666667,351
down,210,0.3,0.25,111,57,0.5135135135135135,240,238,0.9916666666666667,351
down,210,0.3,0.3,111,72,0.6486486486486487,240,239,0.9958333333333333,351
down,210,0.3,0.35,111,100,0.9009009009009009,240,240,1.0,351
down,210,0.3,0.4,111,105,0.9459459459459459,240,240,1.0,351
down,210,0.3,0.45,111,108,0.972972972972973,240,240,1.0,351
down,210,0.3,0.5,111,109,0.9819819819819819,240,240,1.0,351
down,210,0.3,0.55,111,110,0.990990990990991,240,240,1.0,351
down,210,0.3,0.6,111,110,0.990990990990991,240,240,1.0,351
down,210,0.3,0.65,111,110,0.990990990990991,240,240,1.0,351
down,210,0.3,0.7,111,110,0.990990990990991,240,240,1.0,351
down,210,0.3,0.75,111,110,0.990990990990991,240,240,1.0,351
down,210,0.3,0.8,111,110,0.990990990990991,240,240,1.0,351
down,210,0.3,0.85,111,110,0.990990990990991,240,240,1.0,351
down,210,0.3,0.9,111,110,0.990990990990991,240,240,1.0,351
down,210,0.3,0.95,111,110,0.990990990990991,240,240,1.0,351
down,210,0.35,0.05,91,5,0.054945054945054944,168,152,0.9047619047619048,259
down,210,0.35,0.1,91,12,0.13186813186813187,168,160,0.9523809523809523,259
down,210,0.35,0.15,91,14,0.15384615384615385,168,163,0.9702380952380952,259
down,210,0.35,0.2,91,23,0.25274725274725274,168,165,0.9821428571428571,259
down,210,0.35,0.25,91,35,0.38461538461538464,168,165,0.9821428571428571,259
down,210,0.35,0.3,91,44,0.4835164835164835,168,165,0.9821428571428571,259
down,210,0.35,0.35,91,57,0.6263736263736264,168,167,0.9940476190476191,259
down,210,0.35,0.4,91,83,0.9120879120879121,168,167,0.9940476190476191,259
down,210,0.35,0.45,91,87,0.9560439560439561,168,167,0.9940476190476191,259
down,210,0.35,0.5,91,91,1.0,168,167,0.9940476190476191,259
down,210,0.35,0.55,91,91,1.0,168,167,0.9940476190476191,259
down,210,0.35,0.6,91,91,1.0,168,167,0.9940476190476191,259
down,210,0.35,0.65,91,91,1.0,168,167,0.9940476190476191,259
down,210,0.35,0.7,91,91,1.0,168,167,0.9940476190476191,259
down,210,0.35,0.75,91,91,1.0,168,167,0.9940476190476191,259
down,210,0.35,0.8,91,91,1.0,168,167,0.9940476190476191,259
down,210,0.35,0.85,91,91,1.0,168,167,0.9940476190476191,259
down,210,0.35,0.9,91,91,1.0,168,167,0.9940476190476191,259
down,210,0.35,0.95,91,91,1.0,168,167,0.9940476190476191,259
down,210,0.4,0.05,130,9,0.06923076923076923,187,156,0.8342245989304813,317
down,210,0.4,0.1,130,14,0.1076923076923077,187,169,0.9037433155080213,317
down,210,0.4,0.15,130,20,0.15384615384615385,187,174,0.93048128342246,317
down,210,0.4,0.2,130,32,0.24615384615384617,187,177,0.946524064171123,317
down,210,0.4,0.25,130,53,0.4076923076923077,187,179,0.9572192513368984,317
down,210,0.4,0.3,130,68,0.5230769230769231,187,184,0.983957219251337,317
down,210,0.4,0.35,130,78,0.6,187,187,1.0,317
down,210,0.4,0.4,130,103,0.7923076923076923,187,187,1.0,317
down,210,0.4,0.45,130,119,0.9153846153846154,187,187,1.0,317
down,210,0.4,0.5,130,123,0.9461538461538461,187,187,1.0,317
down,210,0.4,0.55,130,127,0.9769230769230769,187,187,1.0,317
down,210,0.4,0.6,130,128,0.9846153846153847,187,187,1.0,317
down,210,0.4,0.65,130,130,1.0,187,187,1.0,317
down,210,0.4,0.7,130,130,1.0,187,187,1.0,317
down,210,0.4,0.75,130,130,1.0,187,187,1.0,317
down,210,0.4,0.8,130,130,1.0,187,187,1.0,317
down,210,0.4,0.85,130,130,1.0,187,187,1.0,317
down,210,0.4,0.9,130,130,1.0,187,187,1.0,317
down,210,0.4,0.95,130,130,1.0,187,187,1.0,317
down,210,0.45,0.05,167,7,0.041916167664670656,165,139,0.8424242424242424,332
down,210,0.45,0.1,167,17,0.10179640718562874,165,146,0.8848484848484849,332
down,210,0.45,0.15,167,29,0.17365269461077845,165,155,0.9393939393939394,332
down,210,0.45,0.2,167,41,0.24550898203592814,165,158,0.9575757575757575,332
down,210,0.45,0.25,167,46,0.2754491017964072,165,160,0.9696969696969697,332
down,210,0.45,0.3,167,67,0.40119760479041916,165,161,0.9757575757575757,332
down,210,0.45,0.35,167,85,0.5089820359281437,165,162,0.9818181818181818,332
down,210,0.45,0.4,167,108,0.6467065868263473,165,162,0.9818181818181818,332
down,210,0.45,0.45,167,126,0.7544910179640718,165,162,0.9818181818181818,332
down,210,0.45,0.5,167,162,0.9700598802395209,165,162,0.9818181818181818,332
down,210,0.45,0.55,167,164,0.9820359281437125,165,162,0.9818181818181818,332
down,210,0.45,0.6,167,165,0.9880239520958084,165,162,0.9818181818181818,332
down,210,0.45,0.65,167,167,1.0,165,162,0.9818181818181818,332
down,210,0.45,0.7,167,167,1.0,165,162,0.9818181818181818,332
down,210,0.45,0.75,167,167,1.0,165,162,0.9818181818181818,332
down,210,0.45,0.8,167,167,1.0,165,162,0.9818181818181818,332
down,210,0.45,0.85,167,167,1.0,165,162,0.9818181818181818,332
down,210,0.45,0.9,167,167,1.0,165,162,0.9818181818181818,332
down,210,0.45,0.95,167,167,1.0,165,162,0.9818181818181818,332
down,210,0.5,0.05,168,8,0.047619047619047616,137,115,0.8394160583941606,305
down,210,0.5,0.1,168,19,0.1130952380952381,137,123,0.8978102189781022,305
down,210,0.5,0.15,168,30,0.17857142857142858,137,126,0.9197080291970803,305
down,210,0.5,0.2,168,36,0.21428571428571427,137,127,0.927007299270073,305
down,210,0.5,0.25,168,47,0.27976190476190477,137,128,0.9343065693430657,305
down,210,0.5,0.3,168,59,0.35119047619047616,137,131,0.9562043795620438,305
down,210,0.5,0.35,168,66,0.39285714285714285,137,132,0.9635036496350365,305
down,210,0.5,0.4,168,80,0.47619047619047616,137,133,0.9708029197080292,305
down,210,0.5,0.45,168,96,0.5714285714285714,137,134,0.9781021897810219,305
down,210,0.5,0.5,168,122,0.7261904761904762,137,135,0.9854014598540146,305
down,210,0.5,0.55,168,150,0.8928571428571429,137,135,0.9854014598540146,305
down,210,0.5,0.6,168,158,0.9404761904761905,137,135,0.9854014598540146,305
down,210,0.5,0.65,168,162,0.9642857142857143,137,135,0.9854014598540146,305
down,210,0.5,0.7,168,165,0.9821428571428571,137,135,0.9854014598540146,305
down,210,0.5,0.75,168,166,0.9880952380952381,137,135,0.9854014598540146,305
down,210,0.5,0.8,168,166,0.9880952380952381,137,135,0.9854014598540146,305
down,210,0.5,0.85,168,166,0.9880952380952381,137,135,0.9854014598540146,305
down,210,0.5,0.9,168,166,0.9880952380952381,137,135,0.9854014598540146,305
down,210,0.5,0.95,168,166,0.9880952380952381,137,135,0.9854014598540146,305
down,210,0.55,0.05,215,9,0.04186046511627907,154,132,0.8571428571428571,369
down,210,0.55,0.1,215,19,0.08837209302325581,154,138,0.8961038961038961,369
down,210,0.55,0.15,215,22,0.10232558139534884,154,143,0.9285714285714286,369
down,210,0.55,0.2,215,26,0.12093023255813953,154,146,0.948051948051948,369
down,210,0.55,0.25,215,37,0.17209302325581396,154,148,0.961038961038961,369
down,210,0.55,0.3,215,54,0.25116279069767444,154,150,0.974025974025974,369
down,210,0.55,0.35,215,62,0.28837209302325584,154,152,0.987012987012987,369
down,210,0.55,0.4,215,71,0.3302325581395349,154,152,0.987012987012987,369
down,210,0.55,0.45,215,86,0.4,154,152,0.987012987012987,369
down,210,0.55,0.5,215,110,0.5116279069767442,154,152,0.987012987012987,369
down,210,0.55,0.55,215,142,0.6604651162790698,154,154,1.0,369
down,210,0.55,0.6,215,194,0.9023255813953488,154,154,1.0,369
down,210,0.55,0.65,215,207,0.9627906976744186,154,154,1.0,369
down,210,0.55,0.7,215,209,0.9720930232558139,154,154,1.0,369
down,210,0.55,0.75,215,213,0.9906976744186047,154,154,1.0,369
down,210,0.55,0.8,215,214,0.9953488372093023,154,154,1.0,369
down,210,0.55,0.85,215,214,0.9953488372093023,154,154,1.0,369
down,210,0.55,0.9,215,214,0.9953488372093023,154,154,1.0,369
down,210,0.55,0.95,215,215,1.0,154,154,1.0,369
down,210,0.6,0.05,168,6,0.03571428571428571,99,77,0.7777777777777778,267
down,210,0.6,0.1,168,16,0.09523809523809523,99,86,0.8686868686868687,267
down,210,0.6,0.15,168,25,0.1488095238095238,99,91,0.9191919191919192,267
down,210,0.6,0.2,168,29,0.17261904761904762,99,93,0.9393939393939394,267
down,210,0.6,0.25,168,32,0.19047619047619047,99,96,0.9696969696969697,267
down,210,0.6,0.3,168,45,0.26785714285714285,99,99,1.0,267
down,210,0.6,0.35,168,50,0.2976190476190476,99,99,1.0,267
down,210,0.6,0.4,168,57,0.3392857142857143,99,99,1.0,267
down,210,0.6,0.45,168,71,0.4226190476190476,99,99,1.0,267
down,210,0.6,0.5,168,87,0.5178571428571429,99,99,1.0,267
down,210,0.6,0.55,168,98,0.5833333333333334,99,99,1.0,267
down,210,0.6,0.6,168,114,0.6785714285714286,99,99,1.0,267
down,210,0.6,0.65,168,157,0.9345238095238095,99,99,1.0,267
down,210,0.6,0.7,168,162,0.9642857142857143,99,99,1.0,267
down,210,0.6,0.75,168,166,0.9880952380952381,99,99,1.0,267
down,210,0.6,0.8,168,167,0.9940476190476191,99,99,1.0,267
down,210,0.6,0.85,168,167,0.9940476190476191,99,99,1.0,267
down,210,0.6,0.9,168,167,0.9940476190476191,99,99,1.0,267
down,210,0.6,0.95,168,167,0.9940476190476191,99,99,1.0,267
down,210,0.65,0.05,230,10,0.043478260869565216,117,93,0.7948717948717948,347
down,210,0.65,0.1,230,15,0.06521739130434782,117,103,0.8803418803418803,347
down,210,0.65,0.15,230,20,0.08695652173913043,117,111,0.9487179487179487,347
down,210,0.65,0.2,230,28,0.12173913043478261,117,112,0.9572649572649573,347
down,210,0.65,0.25,230,36,0.1565217391304348,117,113,0.9658119658119658,347
down,210,0.65,0.3,230,46,0.2,117,114,0.9743589743589743,347
down,210,0.65,0.35,230,54,0.23478260869565218,117,114,0.9743589743589743,347
down,210,0.65,0.4,230,65,0.2826086956521739,117,115,0.9829059829059829,347
down,210,0.65,0.45,230,74,0.3217391304347826,117,115,0.9829059829059829,347
down,210,0.65,0.5,230,85,0.3695652173913043,117,116,0.9914529914529915,347
down,210,0.65,0.55,230,101,0.4391304347826087,117,117,1.0,347
down,210,0.65,0.6,230,119,0.5173913043478261,117,117,1.0,347
down,210,0.65,0.65,230,156,0.6782608695652174,117,117,1.0,347
down,210,0.65,0.7,230,215,0.9347826086956522,117,117,1.0,347
down,210,0.65,0.75,230,223,0.9695652173913043,117,117,1.0,347
down,210,0.65,0.8,230,225,0.9782608695652174,117,117,1.0,347
down,210,0.65,0.85,230,229,0.9956521739130435,117,117,1.0,347
down,210,0.65,0.9,230,230,1.0,117,117,1.0,347
down,210,0.65,0.95,230,230,1.0,117,117,1.0,347
down,210,0.7,0.05,203,6,0.029556650246305417,61,54,0.8852459016393442,264
down,210,0.7,0.1,203,11,0.054187192118226604,61,56,0.9180327868852459,264
down,210,0.7,0.15,203,17,0.08374384236453201,61,59,0.9672131147540983,264
down,210,0.7,0.2,203,20,0.09852216748768473,61,59,0.9672131147540983,264
down,210,0.7,0.25,203,23,0.11330049261083744,61,59,0.9672131147540983,264
down,210,0.7,0.3,203,36,0.17733990147783252,61,59,0.9672131147540983,264
down,210,0.7,0.35,203,40,0.19704433497536947,61,60,0.9836065573770492,264
down,210,0.7,0.4,203,50,0.24630541871921183,61,61,1.0,264
down,210,0.7,0.45,203,54,0.2660098522167488,61,61,1.0,264
down,210,0.7,0.5,203,67,0.33004926108374383,61,61,1.0,264
down,210,0.7,0.55,203,81,0.39901477832512317,61,61,1.0,264
down,210,0.7,0.6,203,92,0.45320197044334976,61,61,1.0,264
down,210,0.7,0.65,203,106,0.5221674876847291,61,61,1.0,264
down,210,0.7,0.7,203,135,0.6650246305418719,61,61,1.0,264
down,210,0.7,0.75,203,188,0.9261083743842364,61,61,1.0,264
down,210,0.7,0.8,203,199,0.9802955665024631,61,61,1.0,264
down,210,0.7,0.85,203,201,0.9901477832512315,61,61,1.0,264
down,210,0.7,0.9,203,202,0.9950738916256158,61,61,1.0,264
down,210,0.7,0.95,203,203,1.0,61,61,1.0,264
down,210,0.75,0.05,279,13,0.04659498207885305,69,55,0.7971014492753623,348
down,210,0.75,0.1,279,19,0.06810035842293907,69,60,0.8695652173913043,348
down,210,0.75,0.15,279,25,0.08960573476702509,69,61,0.8840579710144928,348
down,210,0.75,0.2,279,28,0.1003584229390681,69,64,0.927536231884058,348
down,210,0.75,0.25,279,31,0.1111111111111111,69,66,0.9565217391304348,348
down,210,0.75,0.3,279,34,0.12186379928315412,69,66,0.9565217391304348,348
down,210,0.75,0.35,279,37,0.13261648745519714,69,66,0.9565217391304348,348
down,210,0.75,0.4,279,43,0.15412186379928317,69,67,0.9710144927536232,348
down,210,0.75,0.45,279,54,0.1935483870967742,69,67,0.9710144927536232,348
down,210,0.75,0.5,279,65,0.23297491039426524,69,68,0.9855072463768116,348
down,210,0.75,0.55,279,80,0.2867383512544803,69,68,0.9855072463768116,348
down,210,0.75,0.6,279,93,0.3333333333333333,69,68,0.9855072463768116,348
down,210,0.75,0.65,279,110,0.3942652329749104,69,68,0.9855072463768116,348
down,210,0.75,0.7,279,135,0.4838709677419355,69,69,1.0,348
down,210,0.75,0.75,279,180,0.6451612903225806,69,69,1.0,348
down,210,0.75,0.8,279,252,0.9032258064516129,69,69,1.0,348
down,210,0.75,0.85,279,272,0.974910394265233,69,69,1.0,348
down,210,0.75,0.9,279,279,1.0,69,69,1.0,348
down,210,0.75,0.95,279,279,1.0,69,69,1.0,348
down,210,0.8,0.05,314,12,0.03821656050955414,58,47,0.8103448275862069,372
down,210,0.8,0.1,314,18,0.05732484076433121,58,51,0.8793103448275862,372
down,210,0.8,0.15,314,20,0.06369426751592357,58,53,0.9137931034482759,372
down,210,0.8,0.2,314,23,0.0732484076433121,58,54,0.9310344827586207,372
down,210,0.8,0.25,314,26,0.08280254777070063,58,56,0.9655172413793104,372
down,210,0.8,0.3,314,29,0.09235668789808917,58,58,1.0,372
down,210,0.8,0.35,314,35,0.11146496815286625,58,58,1.0,372
down,210,0.8,0.4,314,40,0.12738853503184713,58,58,1.0,372
down,210,0.8,0.45,314,49,0.15605095541401273,58,58,1.0,372
down,210,0.8,0.5,314,63,0.20063694267515925,58,58,1.0,372
down,210,0.8,0.55,314,79,0.2515923566878981,58,58,1.0,372
down,210,0.8,0.6,314,97,0.3089171974522293,58,58,1.0,372
down,210,0.8,0.65,314,110,0.3503184713375796,58,58,1.0,372
down,210,0.8,0.7,314,128,0.40764331210191085,58,58,1.0,372
down,210,0.8,0.75,314,159,0.5063694267515924,58,58,1.0,372
down,210,0.8,0.8,314,216,0.6878980891719745,58,58,1.0,372
down,210,0.8,0.85,314,293,0.9331210191082803,58,58,1.0,372
down,210,0.8,0.9,314,310,0.9872611464968153,58,58,1.0,372
down,210,0.8,0.95,314,314,1.0,58,58,1.0,372
down,210,0.85,0.05,393,5,0.01272264631043257,60,53,0.8833333333333333,453
down,210,0.85,0.1,393,7,0.017811704834605598,60,56,0.9333333333333333,453
down,210,0.85,0.15,393,9,0.022900763358778626,60,58,0.9666666666666667,453
down,210,0.85,0.2,393,11,0.027989821882951654,60,58,0.9666666666666667,453
down,210,0.85,0.25,393,16,0.04071246819338423,60,58,0.9666666666666667,453
down,210,0.85,0.3,393,22,0.05597964376590331,60,58,0.9666666666666667,453
down,210,0.85,0.35,393,25,0.06361323155216285,60,58,0.9666666666666667,453
down,210,0.85,0.4,393,27,0.06870229007633588,60,59,0.9833333333333333,453
down,210,0.85,0.45,393,38,0.09669211195928754,60,59,0.9833333333333333,453
down,210,0.85,0.5,393,53,0.13486005089058525,60,59,0.9833333333333333,453
down,210,0.85,0.55,393,62,0.15776081424936386,60,60,1.0,453
down,210,0.85,0.6,393,74,0.18829516539440203,60,60,1.0,453
down,210,0.85,0.65,393,89,0.22646310432569974,60,60,1.0,453
down,210,0.85,0.7,393,109,0.27735368956743,60,60,1.0,453
down,210,0.85,0.75,393,133,0.3384223918575064,60,60,1.0,453
down,210,0.85,0.8,393,182,0.4631043256997455,60,60,1.0,453
down,210,0.85,0.85,393,263,0.6692111959287532,60,60,1.0,453
down,210,0.85,0.9,393,376,0.9567430025445293,60,60,1.0,453
down,210,0.85,0.95,393,390,0.9923664122137404,60,60,1.0,453
down,210,0.9,0.05,714,20,0.028011204481792718,26,23,0.8846153846153846,740
down,210,0.9,0.1,714,28,0.0392156862745098,26,25,0.9615384615384616,740
down,210,0.9,0.15,714,34,0.047619047619047616,26,26,1.0,740
down,210,0.9,0.2,714,39,0.0546218487394958,26,26,1.0,740
down,210,0.9,0.25,714,44,0.06162464985994398,26,26,1.0,740
down,210,0.9,0.3,714,57,0.07983193277310924,26,26,1.0,740
down,210,0.9,0.35,714,62,0.08683473389355742,26,26,1.0,740
down,210,0.9,0.4,714,64,0.0896358543417367,26,26,1.0,740
down,210,0.9,0.45,714,71,0.09943977591036414,26,26,1.0,740
down,210,0.9,0.5,714,87,0.12184873949579832,26,26,1.0,740
down,210,0.9,0.55,714,94,0.13165266106442577,26,26,1.0,740
down,210,0.9,0.6,714,106,0.1484593837535014,26,26,1.0,740
down,210,0.9,0.65,714,114,0.15966386554621848,26,26,1.0,740
down,210,0.9,0.7,714,135,0.18907563025210083,26,26,1.0,740
down,210,0.9,0.75,714,168,0.23529411764705882,26,26,1.0,740
down,210,0.9,0.8,714,197,0.2759103641456583,26,26,1.0,740
down,210,0.9,0.85,714,253,0.3543417366946779,26,26,1.0,740
down,210,0.9,0.9,714,384,0.5378151260504201,26,26,1.0,740
down,210,0.9,0.95,714,688,0.9635854341736695,26,26,1.0,740
down,210,0.95,0.05,742,7,0.009433962264150943,10,8,0.8,752
down,210,0.95,0.1,742,9,0.012129380053908356,10,10,1.0,752
down,210,0.95,0.15,742,11,0.014824797843665768,10,10,1.0,752
down,210,0.95,0.2,742,15,0.02021563342318059,10,10,1.0,752
down,210,0.95,0.25,742,17,0.022911051212938006,10,10,1.0,752
down,210,0.95,0.3,742,25,0.03369272237196765,10,10,1.0,752
down,210,0.95,0.35,742,30,0.04043126684636118,10,10,1.0,752
down,210,0.95,0.4,742,31,0.04177897574123989,10,10,1.0,752
down,210,0.95,0.45,742,32,0.0431266846361186,10,10,1.0,752
down,210,0.95,0.5,742,38,0.05121293800539083,10,10,1.0,752
down,210,0.95,0.55,742,40,0.05390835579514825,10,10,1.0,752
down,210,0.95,0.6,742,43,0.057951482479784364,10,10,1.0,752
down,210,0.95,0.65,742,48,0.0646900269541779,10,10,1.0,752
down,210,0.95,0.7,742,56,0.07547169811320754,10,10,1.0,752
down,210,0.95,0.75,742,67,0.09029649595687332,10,10,1.0,752
down,210,0.95,0.8,742,72,0.09703504043126684,10,10,1.0,752
down,210,0.95,0.85,742,87,0.11725067385444744,10,10,1.0,752
down,210,0.95,0.9,742,126,0.16981132075471697,10,10,1.0,752
down,210,0.95,0.95,742,244,0.3288409703504043,10,10,1.0,752
down,240,0.0,0.05,15,14,0.9333333333333333,1413,1031,0.72965322009908,1428
down,240,0.0,0.1,15,14,0.9333333333333333,1413,1040,0.7360226468506723,1428
down,240,0.0,0.15,15,15,1.0,1413,1041,0.7367303609341825,1428
down,240,0.0,0.2,15,15,1.0,1413,1042,0.7374380750176929,1428
down,240,0.0,0.25,15,15,1.0,1413,1042,0.7374380750176929,1428
down,240,0.0,0.3,15,15,1.0,1413,1044,0.7388535031847133,1428
down,240,0.0,0.35,15,15,1.0,1413,1046,0.7402689313517339,1428
down,240,0.0,0.4,15,15,1.0,1413,1046,0.7402689313517339,1428
down,240,0.0,0.45,15,15,1.0,1413,1046,0.7402689313517339,1428
down,240,0.0,0.5,15,15,1.0,1413,1047,0.7409766454352441,1428
down,240,0.0,0.55,15,15,1.0,1413,1048,0.7416843595187544,1428
down,240,0.0,0.6,15,15,1.0,1413,1048,0.7416843595187544,1428
down,240,0.0,0.65,15,15,1.0,1413,1048,0.7416843595187544,1428
down,240,0.0,0.7,15,15,1.0,1413,1048,0.7416843595187544,1428
down,240,0.0,0.75,15,15,1.0,1413,1049,0.7423920736022647,1428
down,240,0.0,0.8,15,15,1.0,1413,1049,0.7423920736022647,1428
down,240,0.0,0.85,15,15,1.0,1413,1049,0.7423920736022647,1428
down,240,0.0,0.9,15,15,1.0,1413,1049,0.7423920736022647,1428
down,240,0.0,0.95,15,15,1.0,1413,1049,0.7423920736022647,1428
down,240,0.05,0.05,46,27,0.5869565217391305,555,549,0.9891891891891892,601
down,240,0.05,0.1,46,44,0.9565217391304348,555,553,0.9963963963963964,601
down,240,0.05,0.15,46,45,0.9782608695652174,555,553,0.9963963963963964,601
down,240,0.05,0.2,46,45,0.9782608695652174,555,553,0.9963963963963964,601
down,240,0.05,0.25,46,45,0.9782608695652174,555,553,0.9963963963963964,601
down,240,0.05,0.3,46,45,0.9782608695652174,555,553,0.9963963963963964,601
down,240,0.05,0.35,46,45,0.9782608695652174,555,553,0.9963963963963964,601
down,240,0.05,0.4,46,45,0.9782608695652174,555,553,0.9963963963963964,601
down,240,0.05,0.45,46,45,0.9782608695652174,555,553,0.9963963963963964,601
down,240,0.05,0.5,46,45,0.9782608695652174,555,553,0.9963963963963964,601
down,240,0.05,0.55,46,45,0.9782608695652174,555,553,0.9963963963963964,601
down,240,0.05,0.6,46,45,0.9782608695652174,555,553,0.9963963963963964,601
down,240,0.05,0.65,46,45,0.9782608695652174,555,553,0.9963963963963964,601
down,240,0.05,0.7,46,45,0.9782608695652174,555,553,0.9963963963963964,601
down,240,0.05,0.75,46,45,0.9782608695652174,555,553,0.9963963963963964,601
down,240,0.05,0.8,46,45,0.9782608695652174,555,553,0.9963963963963964,601
down,240,0.05,0.85,46,45,0.9782608695652174,555,553,0.9963963963963964,601
down,240,0.05,0.9,46,45,0.9782608695652174,555,553,0.9963963963963964,601
down,240,0.05,0.95,46,45,0.9782608695652174,555,553,0.9963963963963964,601
down,240,0.1,0.05,56,12,0.21428571428571427,400,384,0.96,456
down,240,0.1,0.1,56,30,0.5357142857142857,400,397,0.9925,456
down,240,0.1,0.15,56,51,0.9107142857142857,400,400,1.0,456
down,240,0.1,0.2,56,51,0.9107142857142857,400,400,1.0,456
down,240,0.1,0.25,56,53,0.9464285714285714,400,400,1.0,456
down,240,0.1,0.3,56,53,0.9464285714285714,400,400,1.0,456
down,240,0.1,0.35,56,53,0.9464285714285714,400,400,1.0,456
down,240,0.1,0.4,56,53,0.9464285714285714,400,400,1.0,456
down,240,0.1,0.45,56,53,0.9464285714285714,400,400,1.0,456
down,240,0.1,0.5,56,54,0.9642857142857143,400,400,1.0,456
down,240,0.1,0.55,56,54,0.9642857142857143,400,400,1.0,456
down,240,0.1,0.6,56,55,0.9821428571428571,400,400,1.0,456
down,240,0.1,0.65,56,55,0.9821428571428571,400,400,1.0,456
down,240,0.1,0.7,56,55,0.9821428571428571,400,400,1.0,456
down,240,0.1,0.75,56,55,0.9821428571428571,400,400,1.0,456
down,240,0.1,0.8,56,55,0.9821428571428571,400,400,1.0,456
down,240,0.1,0.85,56,55,0.9821428571428571,400,400,1.0,456
down,240,0.1,0.9,56,55,0.9821428571428571,400,400,1.0,456
down,240,0.1,0.95,56,55,0.9821428571428571,400,400,1.0,456
down,240,0.15,0.05,48,10,0.20833333333333334,208,198,0.9519230769230769,256
down,240,0.15,0.1,48,18,0.375,208,204,0.9807692307692307,256
down,240,0.15,0.15,48,29,0.6041666666666666,208,207,0.9951923076923077,256
down,240,0.15,0.2,48,45,0.9375,208,208,1.0,256
down,240,0.15,0.25,48,48,1.0,208,208,1.0,256
down,240,0.15,0.3,48,48,1.0,208,208,1.0,256
down,240,0.15,0.35,48,48,1.0,208,208,1.0,256
down,240,0.15,0.4,48,48,1.0,208,208,1.0,256
down,240,0.15,0.45,48,48,1.0,208,208,1.0,256
down,240,0.15,0.5,48,48,1.0,208,208,1.0,256
down,240,0.15,0.55,48,48,1.0,208,208,1.0,256
down,240,0.15,0.6,48,48,1.0,208,208,1.0,256
down,240,0.15,0.65,48,48,1.0,208,208,1.0,256
down,240,0.15,0.7,48,48,1.0,208,208,1.0,256
down,240,0.15,0.75,48,48,1.0,208,208,1.0,256
down,240,0.15,0.8,48,48,1.0,208,208,1.0,256
down,240,0.15,0.85,48,48,1.0,208,208,1.0,256
down,240,0.15,0.9,48,48,1.0,208,208,1.0,256
down,240,0.15,0.95,48,48,1.0,208,208,1.0,256
down,240,0.2,0.05,62,13,0.20967741935483872,244,214,0.8770491803278688,306
down,240,0.2,0.1,62,20,0.3225806451612903,244,226,0.9262295081967213,306
down,240,0.2,0.15,62,32,0.5161290322580645,244,231,0.9467213114754098,306
down,240,0.2,0.2,62,47,0.7580645161290323,244,240,0.9836065573770492,306
down,240,0.2,0.25,62,59,0.9516129032258065,244,243,0.9959016393442623,306
down,240,0.2,0.3,62,62,1.0,244,243,0.9959016393442623,306
down,240,0.2,0.35,62,62,1.0,244,243,0.9959016393442623,306
down,240,0.2,0.4,62,62,1.0,244,243,0.9959016393442623,306
down,240,0.2,0.45,62,62,1.0,244,243,0.9959016393442623,306
down,240,0.2,0.5,62,62,1.0,244,243,0.9959016393442623,306
down,240,0.2,0.55,62,62,1.0,244,243,0.9959016393442623,306
down,240,0.2,0.6,62,62,1.0,244,243,0.9959016393442623,306
down,240,0.2,0.65,62,62,1.0,244,243,0.9959016393442623,306
down,240,0.2,0.7,62,62,1.0,244,243,0.9959016393442623,306
down,240,0.2,0.75,62,62,1.0,244,243,0.9959016393442623,306
down,240,0.2,0.8,62,62,1.0,244,243,0.9959016393442623,306
down,240,0.2,0.85,62,62,1.0,244,243,0.9959016393442623,306
down,240,0.2,0.9,62,62,1.0,244,243,0.9959016393442623,306
down,240,0.2,0.95,62,62,1.0,244,243,0.9959016393442623,306
down,240,0.25,0.05,87,11,0.12643678160919541,217,192,0.8847926267281107,304
down,240,0.25,0.1,87,17,0.19540229885057472,217,204,0.9400921658986175,304
down,240,0.25,0.15,87,28,0.3218390804597701,217,209,0.9631336405529954,304
down,240,0.25,0.2,87,43,0.4942528735632184,217,212,0.9769585253456221,304
down,240,0.25,0.25,87,62,0.7126436781609196,217,215,0.9907834101382489,304
down,240,0.25,0.3,87,82,0.9425287356321839,217,216,0.9953917050691244,304
down,240,0.25,0.35,87,84,0.9655172413793104,217,217,1.0,304
down,240,0.25,0.4,87,85,0.9770114942528736,217,217,1.0,304
down,240,0.25,0.45,87,86,0.9885057471264368,217,217,1.0,304
down,240,0.25,0.5,87,86,0.9885057471264368,217,217,1.0,304
down,240,0.25,0.55,87,87,1.0,217,217,1.0,304
down,240,0.25,0.6,87,87,1.0,217,217,1.0,304
down,240,0.25,0.65,87,87,1.0,217,217,1.0,304
down,240,0.25,0.7,87,87,1.0,217,217,1.0,304
down,240,0.25,0.75,87,87,1.0,217,217,1.0,304
down,240,0.25,0.8,87,87,1.0,217,217,1.0,304
down,240,0.25,0.85,87,87,1.0,217,217,1.0,304
down,240,0.25,0.9,87,87,1.0,217,217,1.0,304
down,240,0.25,0.95,87,87,1.0,217,217,1.0,304
down,240,0.3,0.05,80,9,0.1125,172,154,0.8953488372093024,252
down,240,0.3,0.1,80,19,0.2375,172,165,0.9593023255813954,252
down,240,0.3,0.15,80,32,0.4,172,168,0.9767441860465116,252
down,240,0.3,0.2,80,36,0.45,172,171,0.9941860465116279,252
down,240,0.3,0.25,80,45,0.5625,172,171,0.9941860465116279,252
down,240,0.3,0.3,80,56,0.7,172,171,0.9941860465116279,252
down,240,0.3,0.35,80,75,0.9375,172,172,1.0,252
down,240,0.3,0.4,80,76,0.95,172,172,1.0,252
down,240,0.3,0.45,80,78,0.975,172,172,1.0,252
down,240,0.3,0.5,80,79,0.9875,172,172,1.0,252
down,240,0.3,0.55,80,79,0.9875,172,172,1.0,252
down,240,0.3,0.6,80,79,0.9875,172,172,1.0,252
down,240,0.3,0.65,80,79,0.9875,172,172,1.0,252
down,240,0.3,0.7,80,79,0.9875,172,172,1.0,252
down,240,0.3,0.75,80,79,0.9875,172,172,1.0,252
down,240,0.3,0.8,80,79,0.9875,172,172,1.0,252
down,240,0.3,0.85,80,79,0.9875,172,172,1.0,252
down,240,0.3,0.9,80,79,0.9875,172,172,1.0,252
down,240,0.3,0.95,80,79,0.9875,172,172,1.0,252
down,240,0.35,0.05,77,5,0.06493506493506493,144,121,0.8402777777777778,221
down,240,0.35,0.1,77,10,0.12987012987012986,144,128,0.8888888888888888,221
down,240,0.35,0.15,77,17,0.22077922077922077,144,135,0.9375,221
down,240,0.35,0.2,77,25,0.3246753246753247,144,138,0.9583333333333334,221
down,240,0.35,0.25,77,33,0.42857142857142855,144,140,0.9722222222222222,221
down,240,0.35,0.3,77,43,0.5584415584415584,144,140,0.9722222222222222,221
down,240,0.35,0.35,77,57,0.7402597402597403,144,141,0.9791666666666666,221
down,240,0.35,0.4,77,75,0.974025974025974,144,143,0.9930555555555556,221
down,240,0.35,0.45,77,76,0.987012987012987,144,143,0.9930555555555556,221
down,240,0.35,0.5,77,77,1.0,144,143,0.9930555555555556,221
down,240,0.35,0.55,77,77,1.0,144,143,0.9930555555555556,221
down,240,0.35,0.6,77,77,1.0,144,143,0.9930555555555556,221
down,240,0.35,0.65,77,77,1.0,144,143,0.9930555555555556,221
down,240,0.35,0.7,77,77,1.0,144,143,0.9930555555555556,221
down,240,0.35,0.75,77,77,1.0,144,143,0.9930555555555556,221
down,240,0.35,0.8,77,77,1.0,144,143,0.9930555555555556,221
down,240,0.35,0.85,77,77,1.0,144,143,0.9930555555555556,221
down,240,0.35,0.9,77,77,1.0,144,143,0.9930555555555556,221
down,240,0.35,0.95,77,77,1.0,144,143,0.9930555555555556,221
down,240,0.4,0.05,106,11,0.10377358490566038,156,134,0.8589743589743589,262
down,240,0.4,0.1,106,17,0.16037735849056603,156,143,0.9166666666666666,262
down,240,0.4,0.15,106,22,0.20754716981132076,156,151,0.967948717948718,262
down,240,0.4,0.2,106,32,0.3018867924528302,156,153,0.9807692307692307,262
down,240,0.4,0.25,106,41,0.3867924528301887,156,154,0.9871794871794872,262
down,240,0.4,0.3,106,54,0.5094339622641509,156,156,1.0,262
down,240,0.4,0.35,106,65,0.6132075471698113,156,156,1.0,262
down,240,0.4,0.4,106,80,0.7547169811320755,156,156,1.0,262
down,240,0.4,0.45,106,104,0.9811320754716981,156,156,1.0,262
down,240,0.4,0.5,106,105,0.9905660377358491,156,156,1.0,262
down,240,0.4,0.55,106,106,1.0,156,156,1.0,262
down,240,0.4,0.6,106,106,1.0,156,156,1.0,262
down,240,0.4,0.65,106,106,1.0,156,156,1.0,262
down,240,0.4,0.7,106,106,1.0,156,156,1.0,262
down,240,0.4,0.75,106,106,1.0,156,156,1.0,262
down,240,0.4,0.8,106,106,1.0,156,156,1.0,262
down,240,0.4,0.85,106,106,1.0,156,156,1.0,262
down,240,0.4,0.9,106,106,1.0,156,156,1.0,262
down,240,0.4,0.95,106,106,1.0,156,156,1.0,262
down,240,0.45,0.05,118,10,0.0847457627118644,119,101,0.8487394957983193,237
down,240,0.45,0.1,118,22,0.1864406779661017,119,105,0.8823529411764706,237
down,240,0.45,0.15,118,24,0.2033898305084746,119,109,0.9159663865546218,237
down,240,0.45,0.2,118,31,0.2627118644067797,119,110,0.9243697478991597,237
down,240,0.45,0.25,118,40,0.3389830508474576,119,111,0.9327731092436975,237
down,240,0.45,0.3,118,58,0.4915254237288136,119,115,0.9663865546218487,237
down,240,0.45,0.35,118,66,0.559322033898305,119,116,0.9747899159663865,237
down,240,0.45,0.4,118,79,0.6694915254237288,119,116,0.9747899159663865,237
down,240,0.45,0.45,118,96,0.8135593220338984,119,116,0.9747899159663865,237
down,240,0.45,0.5,118,115,0.9745762711864406,119,116,0.9747899159663865,237
down,240,0.45,0.55,118,117,0.9915254237288136,119,116,0.9747899159663865,237
down,240,0.45,0.6,118,117,0.9915254237288136,119,116,0.9747899159663865,237
down,240,0.45,0.65,118,118,1.0,119,116,0.9747899159663865,237
down,240,0.45,0.7,118,118,1.0,119,116,0.9747899159663865,237
down,240,0.45,0.75,118,118,1.0,119,116,0.9747899159663865,237
down,240,0.45,0.8,118,118,1.0,119,116,0.9747899159663865,237
down,240,0.45,0.85,118,118,1.0,119,116,0.9747899159663865,237
down,240,0.45,0.9,118,118,1.0,119,116,0.9747899159663865,237
down,240,0.45,0.95,118,118,1.0,119,116,0.9747899159663865,237
down,240,0.5,0.05,134,6,0.04477611940298507,126,89,0.7063492063492064,260
down,240,0.5,0.1,134,12,0.08955223880597014,126,103,0.8174603174603174,260
down,240,0.5,0.15,134,20,0.14925373134328357,126,113,0.8968253968253969,260
down,240,0.5,0.2,134,27,0.20149253731343283,126,116,0.9206349206349206,260
down,240,0.5,0.25,134,36,0.26865671641791045,126,116,0.9206349206349206,260
down,240,0.5,0.3,134,45,0.3358208955223881,126,119,0.9444444444444444,260
down,240,0.5,0.35,134,49,0.3656716417910448,126,120,0.9523809523809523,260
down,240,0.5,0.4,134,61,0.4552238805970149,126,120,0.9523809523809523,260
down,240,0.5,0.45,134,69,0.5149253731343284,126,121,0.9603174603174603,260
down,240,0.5,0.5,134,89,0.664179104477612,126,124,0.9841269841269841,260
down,240,0.5,0.55,134,120,0.8955223880597015,126,124,0.9841269841269841,260
down,240,0.5,0.6,134,128,0.9552238805970149,126,124,0.9841269841269841,260
down,240,0.5,0.65,134,129,0.9626865671641791,126,124,0.9841269841269841,260
down,240,0.5,0.7,134,130,0.9701492537313433,126,124,0.9841269841269841,260
down,240,0.5,0.75,134,132,0.9850746268656716,126,124,0.9841269841269841,260
down,240,0.5,0.8,134,132,0.9850746268656716,126,124,0.9841269841269841,260
down,240,0.5,0.85,134,132,0.9850746268656716,126,124,0.9841269841269841,260
down,240,0.5,0.9,134,132,0.9850746268656716,126,124,0.9841269841269841,260
down,240,0.5,0.95,134,132,0.9850746268656716,126,124,0.9841269841269841,260
down,240,0.55,0.05,194,4,0.020618556701030927,133,106,0.7969924812030075,327
down,240,0.55,0.1,194,15,0.07731958762886598,133,115,0.8646616541353384,327
down,240,0.55,0.15,194,26,0.13402061855670103,133,124,0.9323308270676691,327
down,240,0.55,0.2,194,31,0.15979381443298968,133,125,0.9398496240601504,327
down,240,0.55,0.25,194,35,0.18041237113402062,133,127,0.9548872180451128,327
down,240,0.55,0.3,194,51,0.26288659793814434,133,129,0.9699248120300752,327
down,240,0.55,0.35,194,60,0.30927835051546393,133,131,0.9849624060150376,327
down,240,0.55,0.4,194,71,0.36597938144329895,133,131,0.9849624060150376,327
down,240,0.55,0.45,194,79,0.4072164948453608,133,131,0.9849624060150376,327
down,240,0.55,0.5,194,95,0.4896907216494845,133,131,0.9849624060150376,327
down,240,0.55,0.55,194,123,0.634020618556701,133,133,1.0,327
down,240,0.55,0.6,194,173,0.8917525773195877,133,133,1.0,327
down,240,0.55,0.65,194,183,0.9432989690721649,133,133,1.0,327
down,240,0.55,0.7,194,190,0.979381443298969,133,133,1.0,327
down,240,0.55,0.75,194,192,0.9896907216494846,133,133,1.0,327
down,240,0.55,0.8,194,193,0.9948453608247423,133,133,1.0,327
down,240,0.55,0.85,194,193,0.9948453608247423,133,133,1.0,327
down,240,0.55,0.9,194,193,0.9948453608247423,133,133,1.0,327
down,240,0.55,0.95,194,194,1.0,133,133,1.0,327
down,240,0.6,0.05,118,0,0.0,72,56,0.7777777777777778,190
down,240,0.6,0.1,118,5,0.0423728813559322,72,58,0.8055555555555556,190
down,240,0.6,0.15,118,8,0.06779661016949153,72,63,0.875,190
down,240,0.6,0.2,118,10,0.0847457627118644,72,65,0.9027777777777778,190
down,240,0.6,0.25,118,12,0.1016949152542373,72,67,0.9305555555555556,190
down,240,0.6,0.3,118,16,0.13559322033898305,72,68,0.9444444444444444,190
down,240,0.6,0.35,118,19,0.16101694915254236,72,71,0.9861111111111112,190
down,240,0.6,0.4,118,29,0.2457627118644068,72,72,1.0,190
down,240,0.6,0.45,118,34,0.288135593220339,72,72,1.0,190
down,240,0.6,0.5,118,44,0.3728813559322034,72,72,1.0,190
down,240,0.6,0.55,118,54,0.4576271186440678,72,72,1.0,190
down,240,0.6,0.6,118,69,0.5847457627118644,72,72,1.0,190
down,240,0.6,0.65,118,107,0.9067796610169492,72,72,1.0,190
down,240,0.6,0.7,118,111,0.940677966101695,72,72,1.0,190
down,240,0.6,0.75,118,116,0.9830508474576272,72,72,1.0,190
down,240,0.6,0.8,118,116,0.9830508474576272,72,72,1.0,190
down,240,0.6,0.85,118,117,0.9915254237288136,72,72,1.0,190
down,240,0.6,0.9,118,117,0.9915254237288136,72,72,1.0,190
down,240,0.6,0.95,118,117,0.9915254237288136,72,72,1.0,190
down,240,0.65,0.05,200,8,0.04,84,61,0.7261904761904762,284
down,240,0.65,0.1,200,12,0.06,84,70,0.8333333333333334,284
down,240,0.65,0.15,200,16,0.08,84,72,0.8571428571428571,284
down,240,0.65,0.2,200,19,0.095,84,73,0.8690476190476191,284
down,240,0.65,0.25,200,26,0.13,84,74,0.8809523809523809,284
down,240,0.65,0.3,200,39,0.195,84,76,0.9047619047619048,284
down,240,0.65,0.35,200,44,0.22,84,78,0.9285714285714286,284
down,240,0.65,0.4,200,50,0.25,84,80,0.9523809523809523,284
down,240,0.65,0.45,200,59,0.295,84,81,0.9642857142857143,284
down,240,0.65,0.5,200,72,0.36,84,83,0.9880952380952381,284
down,240,0.65,0.55,200,84,0.42,84,83,0.9880952380952381,284
down,240,0.65,0.6,200,99,0.495,84,83,0.9880952380952381,284
down,240,0.65,0.65,200,129,0.645,84,83,0.9880952380952381,284
down,240,0.65,0.7,200,180,0.9,84,84,1.0,284
down,240,0.65,0.75,200,192,0.96,84,84,1.0,284
down,240,0.65,0.8,200,197,0.985,84,84,1.0,284
down,240,0.65,0.85,200,199,0.995,84,84,1.0,284
down,240,0.65,0.9,200,200,1.0,84,84,1.0,284
down,240,0.65,0.95,200,200,1.0,84,84,1.0,284
down,240,0.7,0.05,163,3,0.018404907975460124,53,42,0.7924528301886793,216
down,240,0.7,0.1,163,7,0.04294478527607362,53,47,0.8867924528301887,216
down,240,0.7,0.15,163,13,0.07975460122699386,53,49,0.9245283018867925,216
down,240,0.7,0.2,163,16,0.09815950920245399,53,49,0.9245283018867925,216
down,240,0.7,0.25,163,18,0.11042944785276074,53,51,0.9622641509433962,216
down,240,0.7,0.3,163,21,0.12883435582822086,53,51,0.9622641509433962,216
down,240,0.7,0.35,163,26,0.15950920245398773,53,52,0.9811320754716981,216
down,240,0.7,0.4,163,32,0.19631901840490798,53,52,0.9811320754716981,216
down,240,0.7,0.45,163,37,0.22699386503067484,53,52,0.9811320754716981,216
down,240,0.7,0.5,163,49,0.3006134969325153,53,52,0.9811320754716981,216
down,240,0.7,0.55,163,60,0.36809815950920244,53,53,1.0,216
down,240,0.7,0.6,163,72,0.44171779141104295,53,53,1.0,216
down,240,0.7,0.65,163,88,0.5398773006134969,53,53,1.0,216
down,240,0.7,0.7,163,107,0.656441717791411,53,53,1.0,216
down,240,0.7,0.75,163,152,0.9325153374233128,53,53,1.0,216
down,240,0.7,0.8,163,160,0.9815950920245399,53,53,1.0,216
down,240,0.7,0.85,163,162,0.9938650306748467,53,53,1.0,216
down,240,0.7,0.9,163,163,1.0,53,53,1.0,216
down,240,0.7,0.95,163,163,1.0,53,53,1.0,216
down,240,0.75,0.05,232,8,0.034482758620689655,65,55,0.8461538461538461,297
down,240,0.75,0.1,232,13,0.05603448275862069,65,59,0.9076923076923077,297
down,240,0.75,0.15,232,16,0.06896551724137931,65,61,0.9384615384615385,297
down,240,0.75,0.2,232,19,0.08189655172413793,65,62,0.9538461538461539,297
down,240,0.75,0.25,232,23,0.09913793103448276,65,63,0.9692307692307692,297
down,240,0.75,0.3,232,30,0.12931034482758622,65,64,0.9846153846153847,297
down,240,0.75,0.35,232,33,0.14224137931034483,65,64,0.9846153846153847,297
down,240,0.75,0.4,232,37,0.15948275862068967,65,65,1.0,297
down,240,0.75,0.45,232,50,0.21551724137931033,65,65,1.0,297
down,240,0.75,0.5,232,62,0.2672413793103448,65,65,1.0,297
down,240,0.75,0.55,232,75,0.3232758620689655,65,65,1.0,297
down,240,0.75,0.6,232,87,0.375,65,65,1.0,297
down,240,0.75,0.65,232,100,0.43103448275862066,65,65,1.0,297
down,240,0.75,0.7,232,122,0.5258620689655172,65,65,1.0,297
down,240,0.75,0.75,232,162,0.6982758620689655,65,65,1.0,297
down,240,0.75,0.8,232,217,0.9353448275862069,65,65,1.0,297
down,240,0.75,0.85,232,226,0.9741379310344828,65,65,1.0,297
down,240,0.75,0.9,232,230,0.9913793103448276,65,65,1.0,297
down,240,0.75,0.95,232,232,1.0,65,65,1.0,297
down,240,0.8,0.05,275,9,0.03272727272727273,42,37,0.8809523809523809,317
down,240,0.8,0.1,275,14,0.05090909090909091,42,38,0.9047619047619048,317
down,240,0.8,0.15,275,22,0.08,42,39,0.9285714285714286,317
down,240,0.8,0.2,275,24,0.08727272727272728,42,40,0.9523809523809523,317
down,240,0.8,0.25,275,26,0.09454545454545454,42,41,0.9761904761904762,317
down,240,0.8,0.3,275,31,0.11272727272727273,42,42,1.0,317
down,240,0.8,0.35,275,34,0.12363636363636364,42,42,1.0,317
down,240,0.8,0.4,275,39,0.14181818181818182,42,42,1.0,317
down,240,0.8,0.45,275,48,0.17454545454545456,42,42,1.0,317
down,240,0.8,0.5,275,59,0.21454545454545454,42,42,1.0,317
down,240,0.8,0.55,275,62,0.22545454545454546,42,42,1.0,317
down,240,0.8,0.6,275,72,0.26181818181818184,42,42,1.0,317
down,240,0.8,0.65,275,84,0.3054545454545455,42,42,1.0,317
down,240,0.8,0.7,275,98,0.3563636363636364,42,42,1.0,317
down,240,0.8,0.75,275,121,0.44,42,42,1.0,317
down,240,0.8,0.8,275,173,0.6290909090909091,42,42,1.0,317
down,240,0.8,0.85,275,251,0.9127272727272727,42,42,1.0,317
down,240,0.8,0.9,275,266,0.9672727272727273,42,42,1.0,317
down,240,0.8,0.95,275,275,1.0,42,42,1.0,317
down,240,0.85,0.05,339,6,0.017699115044247787,40,34,0.85,379
down,240,0.85,0.1,339,9,0.02654867256637168,40,35,0.875,379
down,240,0.85,0.15,339,9,0.02654867256637168,40,35,0.875,379
down,240,0.85,0.2,339,11,0.032448377581120944,40,36,0.9,379
down,240,0.85,0.25,339,16,0.0471976401179941,40,39,0.975,379
down,240,0.85,0.3,339,21,0.061946902654867256,40,39,0.975,379
down,240,0.85,0.35,339,26,0.07669616519174041,40,40,1.0,379
down,240,0.85,0.4,339,32,0.0943952802359882,40,40,1.0,379
down,240,0.85,0.45,339,43,0.12684365781710916,40,40,1.0,379
down,240,0.85,0.5,339,54,0.1592920353982301,40,40,1.0,379
down,240,0.85,0.55,339,65,0.19174041297935104,40,40,1.0,379
down,240,0.85,0.6,339,75,0.22123893805309736,40,40,1.0,379
down,240,0.85,0.65,339,86,0.2536873156342183,40,40,1.0,379
down,240,0.85,0.7,339,98,0.2890855457227139,40,40,1.0,379
down,240,0.85,0.75,339,118,0.3480825958702065,40,40,1.0,379
down,240,0.85,0.8,339,150,0.4424778761061947,40,40,1.0,379
down,240,0.85,0.85,339,211,0.6224188790560472,40,40,1.0,379
down,240,0.85,0.9,339,322,0.9498525073746312,40,40,1.0,379
down,240,0.85,0.95,339,335,0.9882005899705014,40,40,1.0,379
down,240,0.9,0.05,730,22,0.030136986301369864,45,37,0.8222222222222222,775
down,240,0.9,0.1,730,29,0.03972602739726028,45,40,0.8888888888888888,775
down,240,0.9,0.15,730,31,0.04246575342465753,45,42,0.9333333333333333,775
down,240,0.9,0.2,730,36,0.049315068493150684,45,43,0.9555555555555556,775
down,240,0.9,0.25,730,40,0.0547945205479452,45,43,0.9555555555555556,775
down,240,0.9,0.3,730,54,0.07397260273972603,45,43,0.9555555555555556,775
down,240,0.9,0.35,730,62,0.08493150684931507,45,43,0.9555555555555556,775
down,240,0.9,0.4,730,64,0.08767123287671233,45,44,0.9777777777777777,775
down,240,0.9,0.45,730,71,0.09726027397260274,45,44,0.9777777777777777,775
down,240,0.9,0.5,730,82,0.11232876712328767,45,44,0.9777777777777777,775
down,240,0.9,0.55,730,90,0.1232876712328767,45,45,1.0,775
down,240,0.9,0.6,730,100,0.136986301369863,45,45,1.0,775
down,240,0.9,0.65,730,111,0.15205479452054796,45,45,1.0,775
down,240,0.9,0.7,730,133,0.1821917808219178,45,45,1.0,775
down,240,0.9,0.75,730,158,0.21643835616438356,45,45,1.0,775
down,240,0.9,0.8,730,204,0.27945205479452057,45,45,1.0,775
down,240,0.9,0.85,730,263,0.36027397260273974,45,45,1.0,775
down,240,0.9,0.9,730,384,0.5260273972602739,45,45,1.0,775
down,240,0.9,0.95,730,700,0.958904109589041,45,45,1.0,775
down,240,0.95,0.05,1214,18,0.014827018121911038,16,13,0.8125,1230
down,240,0.95,0.1,1214,28,0.023064250411861616,16,14,0.875,1230
down,240,0.95,0.15,1214,31,0.025535420098846788,16,16,1.0,1230
down,240,0.95,0.2,1214,38,0.03130148270181219,16,16,1.0,1230
down,240,0.95,0.25,1214,42,0.03459637561779242,16,16,1.0,1230
down,240,0.95,0.3,1214,51,0.042009884678747944,16,16,1.0,1230
down,240,0.95,0.35,1214,56,0.04612850082372323,16,16,1.0,1230
down,240,0.95,0.4,1214,58,0.047775947281713346,16,16,1.0,1230
down,240,0.95,0.45,1214,60,0.04942339373970346,16,16,1.0,1230
down,240,0.95,0.5,1214,71,0.05848434925864909,16,16,1.0,1230
down,240,0.95,0.55,1214,78,0.0642504118616145,16,16,1.0,1230
down,240,0.95,0.6,1214,80,0.06589785831960461,16,16,1.0,1230
down,240,0.95,0.65,1214,87,0.07166392092257001,16,16,1.0,1230
down,240,0.95,0.7,1214,98,0.08072487644151564,16,16,1.0,1230
down,240,0.95,0.75,1214,108,0.08896210873146623,16,16,1.0,1230
down,240,0.95,0.8,1214,115,0.09472817133443164,16,16,1.0,1230
down,240,0.95,0.85,1214,135,0.11120263591433278,16,16,1.0,1230
down,240,0.95,0.9,1214,181,0.14909390444810544,16,16,1.0,1230
down,240,0.95,0.95,1214,328,0.2701812191103789,16,16,1.0,1230
down,270,0.0,0.05,27,24,0.8888888888888888,2137,1106,0.5175479644361254,2164
down,270,0.0,0.1,27,26,0.9629629629629629,2137,1118,0.5231633130556855,2164
down,270,0.0,0.15,27,26,0.9629629629629629,2137,1122,0.5250350959288722,2164
down,270,0.0,0.2,27,26,0.9629629629629629,2137,1125,0.5264389330837623,2164
down,270,0.0,0.25,27,26,0.9629629629629629,2137,1125,0.5264389330837623,2164
down,270,0.0,0.3,27,26,0.9629629629629629,2137,1131,0.5292466073935423,2164
down,270,0.0,0.35,27,26,0.9629629629629629,2137,1133,0.5301824988301357,2164
down,270,0.0,0.4,27,26,0.9629629629629629,2137,1134,0.5306504445484324,2164
down,270,0.0,0.45,27,27,1.0,2137,1134,0.5306504445484324,2164
down,270,0.0,0.5,27,27,1.0,2137,1135,0.531118390266729,2164
down,270,0.0,0.55,27,27,1.0,2137,1137,0.5320542817033224,2164
down,270,0.0,0.6,27,27,1.0,2137,1138,0.5325222274216191,2164
down,270,0.0,0.65,27,27,1.0,2137,1138,0.5325222274216191,2164
down,270,0.0,0.7,27,27,1.0,2137,1140,0.5334581188582125,2164
down,270,0.0,0.75,27,27,1.0,2137,1144,0.5353299017313992,2164
down,270,0.0,0.8,27,27,1.0,2137,1145,0.5357978474496958,2164
down,270,0.0,0.85,27,27,1.0,2137,1145,0.5357978474496958,2164
down,270,0.0,0.9,27,27,1.0,2137,1145,0.5357978474496958,2164
down,270,0.0,0.95,27,27,1.0,2137,1145,0.5357978474496958,2164
down,270,0.05,0.05,32,21,0.65625,459,446,0.971677559912854,491
down,270,0.05,0.1,32,28,0.875,459,453,0.9869281045751634,491
down,270,0.05,0.15,32,29,0.90625,459,454,0.9891067538126361,491
down,270,0.05,0.2,32,30,0.9375,459,454,0.9891067538126361,491
down,270,0.05,0.25,32,30,0.9375,459,454,0.9891067538126361,491
down,270,0.05,0.3,32,31,0.96875,459,454,0.9891067538126361,491
down,270,0.05,0.35,32,31,0.96875,459,454,0.9891067538126361,491
down,270,0.05,0.4,32,31,0.96875,459,454,0.9891067538126361,491
down,270,0.05,0.45,32,31,0.96875,459,454,0.9891067538126361,491
down,270,0.05,0.5,32,31,0.96875,459,454,0.9891067538126361,491
down,270,0.05,0.55,32,31,0.96875,459,454,0.9891067538126361,491
down,270,0.05,0.6,32,31,0.96875,459,454,0.9891067538126361,491
down,270,0.05,0.65,32,31,0.96875,459,454,0.9891067538126361,491
down,270,0.05,0.7,32,31,0.96875,459,454,0.9891067538126361,491
down,270,0.05,0.75,32,31,0.96875,459,454,0.9891067538126361,491
down,270,0.05,0.8,32,31,0.96875,459,454,0.9891067538126361,491
down,270,0.05,0.85,32,31,0.96875,459,454,0.9891067538126361,491
down,270,0.05,0.9,32,31,0.96875,459,454,0.9891067538126361,491
down,270,0.05,0.95,32,31,0.96875,459,454,0.9891067538126361,491
down,270,0.1,0.05,40,4,0.1,325,302,0.9292307692307692,365
down,270,0.1,0.1,40,20,0.5,325,319,0.9815384615384616,365
down,270,0.1,0.15,40,35,0.875,325,325,1.0,365
down,270,0.1,0.2,40,38,0.95,325,325,1.0,365
down,270,0.1,0.25,40,39,0.975,325,325,1.0,365
down,270,0.1,0.3,40,39,0.975,325,325,1.0,365
down,270,0.1,0.35,40,39,0.975,325,325,1.0,365
down,270,0.1,0.4,40,39,0.975,325,325,1.0,365
down,270,0.1,0.45,40,39,0.975,325,325,1.0,365
down,270,0.1,0.5,40,39,0.975,325,325,1.0,365
down,270,0.1,0.55,40,39,0.975,325,325,1.0,365
down,270,0.1,0.6,40,39,0.975,325,325,1.0,365
down,270,0.1,0.65,40,39,0.975,325,325,1.0,365
down,270,0.1,0.7,40,39,0.975,325,325,1.0,365
down,270,0.1,0.75,40,39,0.975,325,325,1.0,365
down,270,0.1,0.8,40,39,0.975,325,325,1.0,365
down,270,0.1,0.85,40,39,0.975,325,325,1.0,365
down,270,0.1,0.9,40,39,0.975,325,325,1.0,365
down,270,0.1,0.95,40,39,0.975,325,325,1.0,365
down,270,0.15,0.05,32,6,0.1875,177,158,0.8926553672316384,209
down,270,0.15,0.1,32,11,0.34375,177,170,0.96045197740113,209
down,270,0.15,0.15,32,22,0.6875,177,173,0.9774011299435028,209
down,270,0.15,0.2,32,30,0.9375,177,177,1.0,209
down,270,0.15,0.25,32,31,0.96875,177,177,1.0,209
down,270,0.15,0.3,32,31,0.96875,177,177,1.0,209
down,270,0.15,0.35,32,31,0.96875,177,177,1.0,209
down,270,0.15,0.4,32,31,0.96875,177,177,1.0,209
down,270,0.15,0.45,32,31,0.96875,177,177,1.0,209
down,270,0.15,0.5,32,32,1.0,177,177,1.0,209
down,270,0.15,0.55,32,32,1.0,177,177,1.0,209
down,270,0.15,0.6,32,32,1.0,177,177,1.0,209
down,270,0.15,0.65,32,32,1.0,177,177,1.0,209
down,270,0.15,0.7,32,32,1.0,177,177,1.0,209
down,270,0.15,0.75,32,32,1.0,177,177,1.0,209
down,270,0.15,0.8,32,32,1.0,177,177,1.0,209
down,270,0.15,0.85,32,32,1.0,177,177,1.0,209
down,270,0.15,0.9,32,32,1.0,177,177,1.0,209
down,270,0.15,0.95,32,32,1.0,177,177,1.0,209
down,270,0.2,0.05,46,3,0.06521739130434782,157,136,0.8662420382165605,203
down,270,0.2,0.1,46,9,0.1956521739130435,157,146,0.9299363057324841,203
down,270,0.2,0.15,46,17,0.3695652173913043,157,152,0.9681528662420382,203
down,270,0.2,0.2,46,28,0.6086956521739131,157,156,0.9936305732484076,203
down,270,0.2,0.25,46,42,0.9130434782608695,157,156,0.9936305732484076,203
down,270,0.2,0.3,46,45,0.9782608695652174,157,156,0.9936305732484076,203
down,270,0.2,0.35,46,46,1.0,157,156,0.9936305732484076,203
down,270,0.2,0.4,46,46,1.0,157,156,0.9936305732484076,203
down,270,0.2,0.45,46,46,1.0,157,156,0.9936305732484076,203
down,270,0.2,0.5,46,46,1.0,157,156,0.9936305732484076,203
down,270,0.2,0.55,46,46,1.0,157,156,0.9936305732484076,203
down,270,0.2,0.6,46,46,1.0,157,156,0.9936305732484076,203
down,270,0.2,0.65,46,46,1.0,157,156,0.9936305732484076,203
down,270,0.2,0.7,46,46,1.0,157,156,0.9936305732484076,203
down,270,0.2,0.75,46,46,1.0,157,156,0.9936305732484076,203
down,270,0.2,0.8,46,46,1.0,157,156,0.9936305732484076,203
down,270,0.2,0.85,46,46,1.0,157,156,0.9936305732484076,203
down,270,0.2,0.9,46,46,1.0,157,156,0.9936305732484076,203
down,270,0.2,0.95,46,46,1.0,157,156,0.9936305732484076,203
down,270,0.25,0.05,49,11,0.22448979591836735,160,134,0.8375,209
down,270,0.25,0.1,49,13,0.2653061224489796,160,145,0.90625,209
down,270,0.25,0.15,49,17,0.3469387755102041,160,151,0.94375,209
down,270,0.25,0.2,49,24,0.4897959183673469,160,155,0.96875,209
down,270,0.25,0.25,49,32,0.6530612244897959,160,158,0.9875,209
down,270,0.25,0.3,49,48,0.9795918367346939,160,159,0.99375,209
down,270,0.25,0.35,49,49,1.0,160,159,0.99375,209
down,270,0.25,0.4,49,49,1.0,160,160,1.0,209
down,270,0.25,0.45,49,49,1.0,160,160,1.0,209
down,270,0.25,0.5,49,49,1.0,160,160,1.0,209
down,270,0.25,0.55,49,49,1.0,160,160,1.0,209
down,270,0.25,0.6,49,49,1.0,160,160,1.0,209
down,270,0.25,0.65,49,49,1.0,160,160,1.0,209
down,270,0.25,0.7,49,49,1.0,160,160,1.0,209
down,270,0.25,0.75,49,49,1.0,160,160,1.0,209
down,270,0.25,0.8,49,49,1.0,160,160,1.0,209
down,270,0.25,0.85,49,49,1.0,160,160,1.0,209
down,270,0.25,0.9,49,49,1.0,160,160,1.0,209
down,270,0.25,0.95,49,49,1.0,160,160,1.0,209
down,270,0.3,0.05,51,4,0.0784313725490196,131,107,0.816793893129771,182
down,270,0.3,0.1,51,8,0.1568627450980392,131,116,0.8854961832061069,182
down,270,0.3,0.15,51,13,0.2549019607843137,131,121,0.9236641221374046,182
down,270,0.3,0.2,51,20,0.39215686274509803,131,124,0.9465648854961832,182
down,270,0.3,0.25,51,26,0.5098039215686274,131,129,0.9847328244274809,182
down,270,0.3,0.3,51,36,0.7058823529411765,131,130,0.9923664122137404,182
down,270,0.3,0.35,51,48,0.9411764705882353,131,130,0.9923664122137404,182
down,270,0.3,0.4,51,49,0.9607843137254902,131,131,1.0,182
down,270,0.3,0.45,51,49,0.9607843137254902,131,131,1.0,182
down,270,0.3,0.5,51,49,0.9607843137254902,131,131,1.0,182
down,270,0.3,0.55,51,49,0.9607843137254902,131,131,1.0,182
down,270,0.3,0.6,51,49,0.9607843137254902,131,131,1.0,182
down,270,0.3,0.65,51,49,0.9607843137254902,131,131,1.0,182
down,270,0.3,0.7,51,50,0.9803921568627451,131,131,1.0,182
down,270,0.3,0.75,51,50,0.9803921568627451,131,131,1.0,182
down,270,0.3,0.8,51,50,0.9803921568627451,131,131,1.0,182
down,270,0.3,0.85,51,50,0.9803921568627451,131,131,1.0,182
down,270,0.3,0.9,51,50,0.9803921568627451,131,131,1.0,182
down,270,0.3,0.95,51,50,0.9803921568627451,131,131,1.0,182
down,270,0.35,0.05,58,5,0.08620689655172414,95,67,0.7052631578947368,153
down,270,0.35,0.1,58,12,0.20689655172413793,95,77,0.8105263157894737,153
down,270,0.35,0.15,58,14,0.2413793103448276,95,81,0.8526315789473684,153
down,270,0.35,0.2,58,18,0.3103448275862069,95,85,0.8947368421052632,153
down,270,0.35,0.25,58,21,0.3620689655172414,95,88,0.9263157894736842,153
down,270,0.35,0.3,58,29,0.5,95,92,0.968421052631579,153
down,270,0.35,0.35,58,42,0.7241379310344828,95,92,0.968421052631579,153
down,270,0.35,0.4,58,56,0.9655172413793104,95,94,0.9894736842105263,153
down,270,0.35,0.45,58,57,0.9827586206896551,95,94,0.9894736842105263,153
down,270,0.35,0.5,58,57,0.9827586206896551,95,94,0.9894736842105263,153
down,270,0.35,0.55,58,57,0.9827586206896551,95,94,0.9894736842105263,153
down,270,0.35,0.6,58,58,1.0,95,94,0.9894736842105263,153
down,270,0.35,0.65,58,58,1.0,95,94,0.9894736842105263,153
down,270,0.35,0.7,58,58,1.0,95,94,0.9894736842105263,153
down,270,0.35,0.75,58,58,1.0,95,94,0.9894736842105263,153
down,270,0.35,0.8,58,58,1.0,95,94,0.9894736842105263,153
down,270,0.35,0.85,58,58,1.0,95,94,0.9894736842105263,153
down,270,0.35,0.9,58,58,1.0,95,94,0.9894736842105263,153
down,270,0.35,0.95,58,58,1.0,95,94,0.9894736842105263,153
down,270,0.4,0.05,74,4,0.05405405405405406,108,79,0.7314814814814815,182
down,270,0.4,0.1,74,6,0.08108108108108109,108,92,0.8518518518518519,182
down,270,0.4,0.15,74,13,0.17567567567567569,108,96,0.8888888888888888,182
down,270,0.4,0.2,74,17,0.22972972972972974,108,100,0.9259259259259259,182
down,270,0.4,0.25,74,20,0.2702702702702703,108,104,0.9629629629629629,182
down,270,0.4,0.3,74,28,0.3783783783783784,108,107,0.9907407407407407,182
down,270,0.4,0.35,74,36,0.4864864864864865,108,107,0.9907407407407407,182
down,270,0.4,0.4,74,49,0.6621621621621622,108,108,1.0,182
down,270,0.4,0.45,74,71,0.9594594594594594,108,108,1.0,182
down,270,0.4,0.5,74,72,0.972972972972973,108,108,1.0,182
down,270,0.4,0.55,74,73,0.9864864864864865,108,108,1.0,182
down,270,0.4,0.6,74,73,0.9864864864864865,108,108,1.0,182
down,270,0.4,0.65,74,74,1.0,108,108,1.0,182
down,270,0.4,0.7,74,74,1.0,108,108,1.0,182
down,270,0.4,0.75,74,74,1.0,108,108,1.0,182
down,270,0.4,0.8,74,74,1.0,108,108,1.0,182
down,270,0.4,0.85,74,74,1.0,108,108,1.0,182
down,270,0.4,0.9,74,74,1.0,108,108,1.0,182
down,270,0.4,0.95,74,74,1.0,108,108,1.0,182
down,270,0.45,0.05,78,2,0.02564102564102564,78,51,0.6538461538461539,156
down,270,0.45,0.1,78,7,0.08974358974358974,78,58,0.7435897435897436,156
down,270,0.45,0.15,78,9,0.11538461538461539,78,63,0.8076923076923077,156
down,270,0.45,0.2,78,14,0.1794871794871795,78,67,0.8589743589743589,156
down,270,0.45,0.25,78,18,0.23076923076923078,78,71,0.9102564102564102,156
down,270,0.45,0.3,78,26,0.3333333333333333,78,73,0.9358974358974359,156
down,270,0.45,0.35,78,33,0.4230769230769231,78,75,0.9615384615384616,156
down,270,0.45,0.4,78,45,0.5769230769230769,78,75,0.9615384615384616,156
down,270,0.45,0.45,78,60,0.7692307692307693,78,75,0.9615384615384616,156
down,270,0.45,0.5,78,72,0.9230769230769231,78,75,0.9615384615384616,156
down,270,0.45,0.55,78,75,0.9615384615384616,78,75,0.9615384615384616,156
down,270,0.45,0.6,78,75,0.9615384615384616,78,75,0.9615384615384616,156
down,270,0.45,0.65,78,76,0.9743589743589743,78,75,0.9615384615384616,156
down,270,0.45,0.7,78,76,0.9743589743589743,78,75,0.9615384615384616,156
down,270,0.45,0.75,78,76,0.9743589743589743,78,75,0.9615384615384616,156
down,270,0.45,0.8,78,78,1.0,78,75,0.9615384615384616,156
down,270,0.45,0.85,78,78,1.0,78,75,0.9615384615384616,156
down,270,0.45,0.9,78,78,1.0,78,75,0.9615384615384616,156
down,270,0.45,0.95,78,78,1.0,78,75,0.9615384615384616,156
down,270,0.5,0.05,83,5,0.060240963855421686,74,47,0.6351351351351351,157
down,270,0.5,0.1,83,9,0.10843373493975904,74,54,0.7297297297297297,157
down,270,0.5,0.15,83,10,0.12048192771084337,74,57,0.7702702702702703,157
down,270,0.5,0.2,83,13,0.1566265060240964,74,61,0.8243243243243243,157
down,270,0.5,0.25,83,16,0.1927710843373494,74,63,0.8513513513513513,157
down,270,0.5,0.3,83,23,0.27710843373493976,74,67,0.9054054054054054,157
down,270,0.5,0.35,83,33,0.39759036144578314,74,68,0.918918918918919,157
down,270,0.5,0.4,83,39,0.46987951807228917,74,69,0.9324324324324325,157
down,270,0.5,0.45,83,45,0.5421686746987951,74,69,0.9324324324324325,157
down,270,0.5,0.5,83,55,0.6626506024096386,74,71,0.9594594594594594,157
down,270,0.5,0.55,83,74,0.891566265060241,74,72,0.972972972972973,157
down,270,0.5,0.6,83,76,0.9156626506024096,74,72,0.972972972972973,157
down,270,0.5,0.65,83,78,0.9397590361445783,74,72,0.972972972972973,157
down,270,0.5,0.7,83,79,0.9518072289156626,74,72,0.972972972972973,157
down,270,0.5,0.75,83,81,0.9759036144578314,74,72,0.972972972972973,157
down,270,0.5,0.8,83,81,0.9759036144578314,74,72,0.972972972972973,157
down,270,0.5,0.85,83,81,0.9759036144578314,74,72,0.972972972972973,157
down,270,0.5,0.9,83,81,0.9759036144578314,74,72,0.972972972972973,157
down,270,0.5,0.95,83,81,0.9759036144578314,74,72,0.972972972972973,157
down,270,0.55,0.05,118,5,0.0423728813559322,77,57,0.7402597402597403,195
down,270,0.55,0.1,118,10,0.0847457627118644,77,64,0.8311688311688312,195
down,270,0.55,0.15,118,13,0.11016949152542373,77,72,0.935064935064935,195
down,270,0.55,0.2,118,18,0.15254237288135594,77,73,0.948051948051948,195
down,270,0.55,0.25,118,24,0.2033898305084746,77,74,0.961038961038961,195
down,270,0.55,0.3,118,31,0.2627118644067797,77,75,0.974025974025974,195
down,270,0.55,0.35,118,33,0.2796610169491525,77,75,0.974025974025974,195
down,270,0.55,0.4,118,39,0.3305084745762712,77,75,0.974025974025974,195
down,270,0.55,0.45,118,49,0.4152542372881356,77,77,1.0,195
down,270,0.55,0.5,118,56,0.4745762711864407,77,77,1.0,195
down,270,0.55,0.55,118,80,0.6779661016949152,77,77,1.0,195
down,270,0.55,0.6,118,105,0.8898305084745762,77,77,1.0,195
down,270,0.55,0.65,118,113,0.9576271186440678,77,77,1.0,195
down,270,0.55,0.7,118,116,0.9830508474576272,77,77,1.0,195
down,270,0.55,0.75,118,116,0.9830508474576272,77,77,1.0,195
down,270,0.55,0.8,118,116,0.9830508474576272,77,77,1.0,195
down,270,0.55,0.85,118,116,0.9830508474576272,77,77,1.0,195
down,270,0.55,0.9,118,117,0.9915254237288136,77,77,1.0,195
down,270,0.55,0.95,118,118,1.0,77,77,1.0,195
down,270,0.6,0.05,92,6,0.06521739130434782,49,37,0.7551020408163265,141
down,270,0.6,0.1,92,11,0.11956521739130435,49,43,0.8775510204081632,141
down,270,0.6,0.15,92,12,0.13043478260869565,49,47,0.9591836734693877,141
down,270,0.6,0.2,92,12,0.13043478260869565,49,47,0.9591836734693877,141
down,270,0.6,0.25,92,16,0.17391304347826086,49,47,0.9591836734693877,141
down,270,0.6,0.3,92,23,0.25,49,48,0.9795918367346939,141
down,270,0.6,0.35,92,25,0.2717391304347826,49,48,0.9795918367346939,141
down,270,0.6,0.4,92,35,0.3804347826086957,49,48,0.9795918367346939,141
down,270,0.6,0.45,92,39,0.42391304347826086,49,48,0.9795918367346939,141
down,270,0.6,0.5,92,45,0.4891304347826087,49,48,0.9795918367346939,141
down,270,0.6,0.55,92,56,0.6086956521739131,49,48,0.9795918367346939,141
down,270,0.6,0.6,92,62,0.6739130434782609,49,48,0.9795918367346939,141
down,270,0.6,0.65,92,88,0.9565217391304348,49,49,1.0,141
down,270,0.6,0.7,92,89,0.967391304347826,49,49,1.0,141
down,270,0.6,0.75,92,90,0.9782608695652174,49,49,1.0,141
down,270,0.6,0.8,92,91,0.9891304347826086,49,49,1.0,141
down,270,0.6,0.85,92,91,0.9891304347826086,49,49,1.0,141
down,270,0.6,0.9,92,91,0.9891304347826086,49,49,1.0,141
down,270,0.6,0.95,92,91,0.9891304347826086,49,49,1.0,141
down,270,0.65,0.05,167,7,0.041916167664670656,60,43,0.7166666666666667,227
down,270,0.65,0.1,167,14,0.08383233532934131,60,47,0.7833333333333333,227
down,270,0.65,0.15,167,19,0.11377245508982035,60,50,0.8333333333333334,227
down,270,0.65,0.2,167,21,0.12574850299401197,60,50,0.8333333333333334,227
down,270,0.65,0.25,167,24,0.1437125748502994,60,51,0.85,227
down,270,0.65,0.3,167,34,0.20359281437125748,60,53,0.8833333333333333,227
down,270,0.65,0.35,167,39,0.23353293413173654,60,55,0.9166666666666666,227
down,270,0.65,0.4,167,50,0.2994011976047904,60,56,0.9333333333333333,227
down,270,0.65,0.45,167,60,0.3592814371257485,60,56,0.9333333333333333,227
down,270,0.65,0.5,167,70,0.41916167664670656,60,56,0.9333333333333333,227
down,270,0.65,0.55,167,82,0.49101796407185627,60,59,0.9833333333333333,227
down,270,0.65,0.6,167,97,0.5808383233532934,60,59,0.9833333333333333,227
down,270,0.65,0.65,167,123,0.7365269461077845,60,59,0.9833333333333333,227
down,270,0.65,0.7,167,152,0.9101796407185628,60,59,0.9833333333333333,227
down,270,0.65,0.75,167,159,0.9520958083832335,60,59,0.9833333333333333,227
down,270,0.65,0.8,167,165,0.9880239520958084,60,59,0.9833333333333333,227
down,270,0.65,0.85,167,166,0.9940119760479041,60,59,0.9833333333333333,227
down,270,0.65,0.9,167,166,0.9940119760479041,60,60,1.0,227
down,270,0.65,0.95,167,167,1.0,60,60,1.0,227
down,270,0.7,0.05,122,6,0.04918032786885246,47,38,0.8085106382978723,169
down,270,0.7,0.1,122,11,0.09016393442622951,47,40,0.851063829787234,169
down,270,0.7,0.15,122,16,0.13114754098360656,47,44,0.9361702127659575,169
down,270,0.7,0.2,122,17,0.13934426229508196,47,44,0.9361702127659575,169
down,270,0.7,0.25,122,21,0.1721311475409836,47,44,0.9361702127659575,169
down,270,0.7,0.3,122,23,0.1885245901639344,47,44,0.9361702127659575,169
down,270,0.7,0.35,122,25,0.20491803278688525,47,44,0.9361702127659575,169
down,270,0.7,0.4,122,27,0.22131147540983606,47,44,0.9361702127659575,169
down,270,0.7,0.45,122,29,0.23770491803278687,47,45,0.9574468085106383,169
down,270,0.7,0.5,122,38,0.3114754098360656,47,45,0.9574468085106383,169
down,270,0.7,0.55,122,44,0.36065573770491804,47,47,1.0,169
down,270,0.7,0.6,122,51,0.4180327868852459,47,47,1.0,169
down,270,0.7,0.65,122,67,0.5491803278688525,47,47,1.0,169
down,270,0.7,0.7,122,85,0.6967213114754098,47,47,1.0,169
down,270,0.7,0.75,122,116,0.9508196721311475,47,47,1.0,169
down,270,0.7,0.8,122,119,0.9754098360655737,47,47,1.0,169
down,270,0.7,0.85,122,119,0.9754098360655737,47,47,1.0,169
down,270,0.7,0.9,122,121,0.9918032786885246,47,47,1.0,169
down,270,0.7,0.95,122,122,1.0,47,47,1.0,169
down,270,0.75,0.05,177,9,0.05084745762711865,36,28,0.7777777777777778,213
down,270,0.75,0.1,177,13,0.07344632768361582,36,30,0.8333333333333334,213
down,270,0.75,0.15,177,18,0.1016949152542373,36,31,0.8611111111111112,213
down,270,0.75,0.2,177,19,0.10734463276836158,36,31,0.8611111111111112,213
down,270,0.75,0.25,177,25,0.14124293785310735,36,32,0.8888888888888888,213
down,270,0.75,0.3,177,28,0.15819209039548024,36,32,0.8888888888888888,213
down,270,0.75,0.35,177,30,0.1694915254237288,36,35,0.9722222222222222,213
down,270,0.75,0.4,177,31,0.1751412429378531,36,35,0.9722222222222222,213
down,270,0.75,0.45,177,35,0.1977401129943503,36,35,0.9722222222222222,213
down,270,0.75,0.5,177,39,0.22033898305084745,36,35,0.9722222222222222,213
down,270,0.75,0.55,177,48,0.2711864406779661,36,35,0.9722222222222222,213
down,270,0.75,0.6,177,58,0.327683615819209,36,35,0.9722222222222222,213
down,270,0.75,0.65,177,69,0.3898305084745763,36,35,0.9722222222222222,213
down,270,0.75,0.7,177,89,0.5028248587570622,36,36,1.0,213
down,270,0.75,0.75,177,123,0.6949152542372882,36,36,1.0,213
down,270,0.75,0.8,177,161,0.9096045197740112,36,36,1.0,213
down,270,0.75,0.85,177,170,0.96045197740113,36,36,1.0,213
down,270,0.75,0.9,177,176,0.9943502824858758,36,36,1.0,213
down,270,0.75,0.95,177,177,1.0,36,36,1.0,213
down,270,0.8,0.05,222,5,0.02252252252252252,39,29,0.7435897435897436,261
down,270,0.8,0.1,222,8,0.036036036036036036,39,30,0.7692307692307693,261
down,270,0.8,0.15,222,11,0.04954954954954955,39,33,0.8461538461538461,261
down,270,0.8,0.2,222,14,0.06306306306306306,39,34,0.8717948717948718,261
down,270,0.8,0.25,222,16,0.07207207207207207,39,36,0.9230769230769231,261
down,270,0.8,0.3,222,22,0.0990990990990991,39,36,0.9230769230769231,261
down,270,0.8,0.35,222,29,0.13063063063063063,39,37,0.9487179487179487,261
down,270,0.8,0.4,222,31,0.13963963963963963,39,37,0.9487179487179487,261
down,270,0.8,0.45,222,40,0.18018018018018017,39,38,0.9743589743589743,261
down,270,0.8,0.5,222,48,0.21621621621621623,39,39,1.0,261
down,270,0.8,0.55,222,55,0.24774774774774774,39,39,1.0,261
down,270,0.8,0.6,222,63,0.28378378378378377,39,39,1.0,261
down,270,0.8,0.65,222,72,0.32432432432432434,39,39,1.0,261
down,270,0.8,0.7,222,88,0.3963963963963964,39,39,1.0,261
down,270,0.8,0.75,222,102,0.4594594594594595,39,39,1.0,261
down,270,0.8,0.8,222,144,0.6486486486486487,39,39,1.0,261
down,270,0.8,0.85,222,208,0.9369369369369369,39,39,1.0,261
down,270,0.8,0.9,222,217,0.9774774774774775,39,39,1.0,261
down,270,0.8,0.95,222,222,1.0,39,39,1.0,261
down,270,0.85,0.05,253,6,0.023715415019762844,41,33,0.8048780487804879,294
down,270,0.85,0.1,253,9,0.03557312252964427,41,34,0.8292682926829268,294
down,270,0.85,0.15,253,12,0.04743083003952569,41,36,0.8780487804878049,294
down,270,0.85,0.2,253,16,0.06324110671936758,41,36,0.8780487804878049,294
down,270,0.85,0.25,253,19,0.07509881422924901,41,37,0.9024390243902439,294
down,270,0.85,0.3,253,23,0.09090909090909091,41,38,0.926829268292683,294
down,270,0.85,0.35,253,26,0.10276679841897234,41,38,0.926829268292683,294
down,270,0.85,0.4,253,27,0.1067193675889328,41,38,0.926829268292683,294
down,270,0.85,0.45,253,29,0.11462450592885376,41,39,0.9512195121951219,294
down,270,0.85,0.5,253,38,0.15019762845849802,41,40,0.975609756097561,294
down,270,0.85,0.55,253,45,0.17786561264822134,41,40,0.975609756097561,294
down,270,0.85,0.6,253,47,0.1857707509881423,41,40,0.975609756097561,294
down,270,0.85,0.65,253,56,0.22134387351778656,41,40,0.975609756097561,294
down,270,0.85,0.7,253,68,0.26877470355731226,41,40,0.975609756097561,294
down,270,0.85,0.75,253,81,0.3201581027667984,41,41,1.0,294
down,270,0.85,0.8,253,112,0.4426877470355731,41,41,1.0,294
down,270,0.85,0.85,253,154,0.6086956521739131,41,41,1.0,294
down,270,0.85,0.9,253,229,0.9051383399209486,41,41,1.0,294
down,270,0.85,0.95,253,247,0.9762845849802372,41,41,1.0,294
down,270,0.9,0.05,573,11,0.019197207678883072,30,21,0.7,603
down,270,0.9,0.1,573,16,0.027923211169284468,30,26,0.8666666666666667,603
down,270,0.9,0.15,573,19,0.03315881326352531,30,28,0.9333333333333333,603
down,270,0.9,0.2,573,22,0.038394415357766144,30,28,0.9333333333333333,603
down,270,0.9,0.25,573,30,0.05235602094240838,30,28,0.9333333333333333,603
down,270,0.9,0.3,573,37,0.06457242582897033,30,28,0.9333333333333333,603
down,270,0.9,0.35,573,43,0.07504363001745201,30,28,0.9333333333333333,603
down,270,0.9,0.4,573,45,0.07853403141361257,30,30,1.0,603
down,270,0.9,0.45,573,48,0.08376963350785341,30,30,1.0,603
down,270,0.9,0.5,573,56,0.09773123909249563,30,30,1.0,603
down,270,0.9,0.55,573,60,0.10471204188481675,30,30,1.0,603
down,270,0.9,0.6,573,68,0.11867364746945899,30,30,1.0,603
down,270,0.9,0.65,573,81,0.14136125654450263,30,30,1.0,603
down,270,0.9,0.7,573,91,0.15881326352530542,30,30,1.0,603
down,270,0.9,0.75,573,105,0.18324607329842932,30,30,1.0,603
down,270,0.9,0.8,573,133,0.23211169284467714,30,30,1.0,603
down,270,0.9,0.85,573,165,0.2879581151832461,30,30,1.0,603
down,270,0.9,0.9,573,265,0.462478184991274,30,30,1.0,603
down,270,0.9,0.95,573,533,0.9301919720767888,30,30,1.0,603
down,270,0.95,0.05,2000,35,0.0175,24,19,0.7916666666666666,2024
down,270,0.95,0.1,2000,51,0.0255,24,20,0.8333333333333334,2024
down,270,0.95,0.15,2000,56,0.028,24,22,0.9166666666666666,2024
down,270,0.95,0.2,2000,66,0.033,24,23,0.9583333333333334,2024
down,270,0.95,0.25,2000,70,0.035,24,24,1.0,2024
down,270,0.95,0.3,2000,90,0.045,24,24,1.0,2024
down,270,0.95,0.35,2000,96,0.048,24,24,1.0,2024
down,270,0.95,0.4,2000,100,0.05,24,24,1.0,2024
down,270,0.95,0.45,2000,103,0.0515,24,24,1.0,2024
down,270,0.95,0.5,2000,123,0.0615,24,24,1.0,2024
down,270,0.95,0.55,2000,129,0.0645,24,24,1.0,2024
down,270,0.95,0.6,2000,133,0.0665,24,24,1.0,2024
down,270,0.95,0.65,2000,138,0.069,24,24,1.0,2024
down,270,0.95,0.7,2000,155,0.0775,24,24,1.0,2024
down,270,0.95,0.75,2000,173,0.0865,24,24,1.0,2024
down,270,0.95,0.8,2000,191,0.0955,24,24,1.0,2024
down,270,0.95,0.85,2000,216,0.108,24,24,1.0,2024
down,270,0.95,0.9,2000,268,0.134,24,24,1.0,2024
down,270,0.95,0.95,2000,412,0.206,24,24,1.0,2024
