condition_id,market_start_ts,final_outcome,label,p_up,prediction
0xb40d8c1afc81b8abd7f94a1699e0feae2e281d0a370f0e21b4b11b8ddb6b9f72,1776182400.0,up,1,0.7366645821646337,1
0x985a8344c02c928d3e19dddd1ab32f6596cc54876ef9f127c46f6caac8f30ca8,1776182700.0,up,1,0.5894476236288301,-1
0x1b62e558eec4b10d8d4c8df0aaea757438cd4938b39b2feb61bd838fc53d2ba8,1776183000.0,down,0,0.2598225681103972,0
0x305fcb00293524477cf18778f5f450e9736760aaec947fba10ab4adadab2e28d,1776183300.0,down,0,0.22540686255488443,0
0xc0359fd638265d6dfe0e45be77b34f2c377b3b001f70ddab1a1a24188b442dc7,1776183600.0,down,0,0.09943636732711653,0
0xb6c675279afd7f493a04dbcb7d03a40350964bac593d76d496963018f2d36bd8,1776183900.0,up,1,0.9598857776496773,1
0xdfdae103da8e12a319093f07a0eded337bbe36db20ed20488967da6facf6e5cd,1776184200.0,down,0,0.37769917983879864,-1
0xe7758e1d9200c69668d4888b1f3723773cf9d84979ba74248e6e74ca404eaab1,1776184500.0,up,1,0.4205206952050197,-1
0x13630b308257209a9bc768136b812f66fa9202e1a75fc35855f9ff95b1eaca83,1776184800.0,down,0,0.31861560684288387,0
0x5a7caa82373bfec89bc7347a308cb9c335a6df8960a09bfc8bd5f65b8eb6df40,1776185100.0,down,0,0.25064008401971355,0
0x2df78c6e860b7e8d6455aaa7f316eadeb8337000c4a61e99beb725636252ea45,1776185400.0,down,0,0.09863592097279232,0
0x38ce51a1473eb2f6052694a5e55526d53bb7a9da1bce8cd0c02b6366073ab8ff,1776185700.0,down,0,0.6073003196309774,-1
0x6fd1c201dad89ed7dd9f8ef75b58009fbffdfbe4e2596afb8b36604756ff53e2,1776186000.0,up,1,0.6706465634048883,1
0xc0a1f87afdbbf2945622c0a043ba26903d64d0d4965e1c35f296d686330441c6,1776186300.0,up,1,0.8365222271304066,1
0x56a31346f08a86a28e22d55bdcba45409166b7aa418fcb1c6e20e2ee63529069,1776186600.0,up,1,0.7114650297289844,1
0x2297470204462d8c948c3f2e1560cba33c4009068f98bbd576d52316439df641,1776186900.0,up,1,0.7624094620084059,1
0x3957359e7c0ba54ebaf4ebf32ff8ea9395b4e38215335646032e97107dac7a71,1776187200.0,down,0,0.6921236664137886,1
0x158006f3b33a3b608aefe7737e923592239efcea1d9992d3616ec5cf776a7b0f,1776187500.0,down,0,0.1965670756851457,0
0x1b6d9d5e41ddda9140c4e3c0db1c4b10941f02656849a9cd8cdd6bd9ccffe36e,1776187800.0,down,0,0.7059325450222097,1
0x63ffcbca8ca004943d28610564fd64e28158421f4d6e69fb35279db959b1bf28,1776188100.0,up,1,0.3588115533271835,-1
0x973b1755af687f400ed20be250572a674aa18ed47c975e1dbbf316b14e0e9384,1776188400.0,up,1,0.9518165639334488,1
0x1a772fd9da664a0e77af2c665391540be64c212669f335d6f51956e5204c1172,1776188700.0,up,1,0.5655450817257258,-1
0x021803c506b3a98ffdc8ae32dd8e8d7cb257c37cebadf638e14fe7644b26609a,1776189000.0,up,1,0.38975744717748256,-1
0xd0b1c22185e16ee918c95a42d30216b8ce64a2707c4fd228eca698c4364496a4,1776189300.0,up,1,0.8551163402149087,1
0x0ecee03dff7bc6f9ce1f147c3ae28edfda2bf862364ed1394397f8c90f5c3fc0,1776189600.0,up,1,0.7345262408032078,1
0x6a6728104cff2153735235e7286ed9fbabda784bd5e1a84321016ba1a9971bb0,1776189900.0,up,1,0.39887079191315716,-1
0x5b3c0dace4e16406d89229a4be7252e5406a4e09c9ac6158a1850cd8a009b445,1776190200.0,down,0,0.350641797034596,-1
0x478217cdfa60c12e5fec551828df016e1dafd649239a7329b2f2b77f9c577c6a,1776190500.0,up,1,0.4407113820683918,-1
0x0118ecb542c5f7ac2b06fac06b93576df315a65a3618b0d993b6ab0d3eed577e,1776190800.0,down,0,0.0814427826855674,0
0x6cf7f054a8c9a204ca211128caa4b3ed58fc6525af927f440312204547c71654,1776191100.0,up,1,0.9004556104683021,1
0x04d700ebd644125a412b1b3dffcbc8e0ddf97a051fd84ff7a891443d6502243c,1776191400.0,down,0,0.4217202071508042,-1
0x88e89b197824c2e855ae69576b3adda9774d96a1a82c365db42d34430036e550,1776191700.0,down,0,0.09844460235058018,0
0x5ddd608a5b0ac43e7ddd503d772edfc1aabd7b1758aab6238582ca817b65de00,1776192000.0,up,1,0.9446512448943163,1
0xdcc4ddb5eff122ff7906d59b673342ecddde1f46cf58158ac80780d4184f40b4,1776192300.0,down,0,0.06156526950773168,0
0x892b66be3fb89c80d8457139c0a2044ea31f9fef750d36c8237a1fba44970e7c,1776192600.0,up,1,0.927355605141435,1
0x9998cd2f7ce23fd1a823a176a18582ef57a94f209a2776db552a1e577a0ab3e4,1776192900.0,up,1,0.3371601167778149,0
0x620a33834d174aa6739702cccbdd08b3c0980d34305647b4e707435a74c0cb2f,1776193200.0,up,1,0.8257639475459212,1
0xc067651cf81c40e8eb0869d8718575e54b4110f39e9cdd74a5eef86de2e16c3e,1776193500.0,up,1,0.9236509959649629,1
0x30eaa16ea93ab69c1b7c24141012d1b9fadcb25a4c19e9bac61c5b55f993fb09,1776193800.0,down,0,0.6221628364673439,-1
0x0dddc0b7916c6c45dab613521624321daf180677d596bb2f006aa44ac5404fae,1776194100.0,up,1,0.6531437638526917,1
0x36419c8945424ddc75e10b5000a3b371c68918214d9ec9413c15481d5124983d,1776194400.0,down,0,0.4282444244820818,-1
0x7a175472f99d6b2e5ceca62e5801e39455022ce534af5e0773f0c663c5b35e91,1776194700.0,up,1,0.2387878275766549,0
0xb678c2fa5636e498b6b40109c1969ae534e853de64bff83ec25fd4b310cddd64,1776195000.0,down,0,0.8599644812383643,1
0xc33ffebe3e525504e5eafec02c095f00ec5d46898b0f7c91ead9576feee9fded,1776195300.0,up,1,0.56079237435828,-1
0xce361a6da2f1ca534931bbff059426c1c9f8cdc2fecbb28809cd6fffeac2cd32,1776195600.0,down,0,0.8526087100731475,1
0x0d0be8de02160b28ee4c081ed63657dc10140d62ddd4abfdfe0b624120c29bcf,1776195900.0,up,1,0.7283970626719595,1
0x4753a483a1411c56169d444bf95d7a413d5967a84d3ee3719d2360c78adbe7d3,1776196200.0,up,1,0.45431095918338826,-1
0x133a10934d95e234476de3ce37caebacf1bc8ff544efd40ffd01bafeed57ddb0,1776196500.0,down,0,0.5126788512857321,-1
0xd6f54b45fbeadd9233d69097c5167f2f4dd767372c9520bc8e6263c01c2b8e9e,1776196800.0,up,1,0.808600993092927,1
0x70b8eba2b0ed308488df5da1d3eaacd1a60bc321b74350700df32aac2e1929d3,1776197100.0,up,1,0.28783335165906754,0
0xe2dcdca5b58af76af8bff99ee8d3174a2f7b865cd8431a639ff1afcc814a117c,1776197400.0,up,1,0.4687793830063946,-1
0x26a53f05636d82204d8fcb9f66a9b4a67ac819317e9c778c873a24d8df2143b4,1776197700.0,down,0,0.25429236782264497,0
0xda79e3384ebcacfad5fe3cc65585591ca507b17db1307d8a0501dc3932922e16,1776198000.0,down,0,0.21217501441080924,0
0x95ce4dce90f1795cc173634d7b57db304dab3b97908b19a0ce04f75dfd9f51e5,1776198300.0,down,0,0.3010514702810096,0
0x99f337278c1b6716753b5135be1a939659b18399ba1a114c871f9c10b0b20e73,1776198600.0,up,1,0.9287636129247305,1
0x3569d87aed40effa20ace18d5377f960f83cfcbb985417e1c638d302e476e0d4,1776198900.0,down,0,0.08302451748343533,0
0x8ebe3d27e3839531114bbe10d80754e39201f2d6c1f683fa218301ffc41df92c,1776199200.0,up,1,0.4710959264162981,-1
0x904dcfb59d5267552d34dd27e5d3ccdc3ab050d3f7e668c772d3b7185b8a014a,1776199500.0,down,0,0.8112730639311101,1
0x1dcec3fd81b498c7f9168830314f8ac782836772b8a787b7a7542854be921f6d,1776199800.0,down,0,0.5094570730128318,-1
0xb9074269c014cbab7d2c0e6faacbb7409e5c826ee7391126b782dff2fc9701cf,1776200100.0,down,0,0.3336992675853406,0
0xc975851574aa1bbae6cbc29ca412683d7ed31c1643e5bda35e12e8c2dca81571,1776200400.0,up,1,0.7595279657580446,1
0xe0d335c93906215ff41bcbe0f8ca2088ff65c5b1f43ddd1cdc245d004ece0821,1776200700.0,down,0,0.11103351398124202,0
0xc6488c6881b87399ccc136ade240b6f6e21afe131fca0a4953fe1f2384c4ddf5,1776201000.0,down,0,0.40988254240627653,-1
0x9f1356ee16dc23dbb6a1df0b41a8b7e877b8607e28d8280126b78f642d534c26,1776201300.0,down,0,0.15431647559803902,0
0x02026f30d77b43ad30541b466f458ced5a9da4a263883d46857c538b6995f9f5,1776201600.0,down,0,0.11344099581103548,0
0xc6326fd20c5f289a8b84566327c47c7243703e2ff8065b031106e8b7c44aa23c,1776201900.0,up,1,0.771357064404256,1
0xb662b38bc6019cb6d7a7ffcb3259548a4c66b28c3b73e223903fe789ea3aee5b,1776202200.0,down,0,0.1694056128753305,0
0x250c4e3c7fcee2f0066970c4c7c2865ca586c912afc8fdce899e058d308969fa,1776202500.0,down,0,0.24261578793150734,0
0x6652080832730c96b45c19458ae6f4eb135c3d8cbc8f9744279cd7a91ae6e691,1776202800.0,down,0,0.22071351956265692,0
0xfdaaf370b936a8484ab52782225c91405423ab524c902085225b8cb9f5ce0747,1776203100.0,down,0,0.621894095252471,-1
0x95cfb90597c3a0275f9c94ee521466cc7df7f7225deb0e14504c15a95c37273d,1776203400.0,up,1,0.8016438623692131,1
0x923832adc3843126ebec0a154c658365b12e7c724f100b13bf22e687afabfa8f,1776203700.0,up,1,0.7817930693833105,1
0x725edc0b4b619d72ce9fff8c7cbae8815d4d5948f71bd34f5a606f8f7ed83f71,1776204000.0,down,0,0.1990475082024456,0
0x1d3709aa5afb0a349a87cabb5471d37af0c0a643d200ed6d63d0bb2d979735b5,1776204300.0,up,1,0.8872326384204455,1
0x9c064acd31e355fc9d04621f15206cfee1244e64e25de6b991ea5a4a3aaf2229,1776204600.0,down,0,0.5396472435620782,-1
0xec4d06efa6cfbf4af5f6289c5b763c4631a4c933a8484a80e04ad666fada1e91,1776204900.0,down,0,0.1565044023037565,0
0x27aee1a922ecfa03b55ce1133244c546346acab9a99d865a9d921ad182f70800,1776205200.0,down,0,0.13595254320123829,0
0x2f17c687798f56b7c0d63d52c19994767410e2eee1db91d35109f0e257291236,1776205500.0,down,0,0.31560102295701326,0
0xe21a22ded5cd71978d7f3d093eaf78db010edffc79ebf932dcb31d575d6a19dc,1776205800.0,up,1,0.8576571827205262,1
0xdc4ea52acffe3849d9ec4e092b0a5813e098ba6da55ff079626f53e77f4aa039,1776206100.0,down,0,0.5175858693290837,-1
0x0df2c3583182b14baf852ee1683b66872203a2bd03f383c2b9b9978d4b94bc70,1776206400.0,down,0,0.7945337697689363,1
0x594ee8f0ba03eb2ae23932df59243d52c2923fadc4636035113118c27512400e,1776206700.0,up,1,0.8289344956499538,1
0x0d5487628328a5dca288f3b2fc57fa658840b2e91bdf653772b3c174b7791325,1776207000.0,up,1,0.8050287360106049,1
0x67d5079175961259e72c40d8425963b9c88a2b99f2feac7c9340f8021f5cf743,1776207300.0,down,0,0.5104074176356019,-1
0xb8d9156aa00184db8eb6d7f5b981cdb04a3b1b358e974adffe661ada25d62512,1776207600.0,up,1,0.6220142163777004,-1
0x1ceffeff2e3dc3e59f7728a71b6973977e759a70c253209838a5a4716ce2421f,1776207900.0,down,0,0.4273667405973669,-1
0x7bab07eb1df73f6192076d8cb03125095570602c9470a95d688182e4e0ab22e7,1776208200.0,up,1,0.6632802376853656,1
0x357543e806dca5faecb235f8f2a31d41f7fca17cd554041c1613fca553d8ba24,1776208500.0,up,1,0.6897522723535011,1
0xf4be7f6b2f0e8a7ad44a0e8860173f4f4dbf2ff1a24da085017048cdba9bec1b,1776208800.0,down,0,0.48585885397091055,-1
0x933102d22521819c82dca15c0f6cf1f2b2fbd006066c8944527ded9cbcd1715d,1776209100.0,down,0,0.14042729536501383,0
0xda02914cab5605e28b620e283e00925e272e9ed93df8925dd23346a263f08a10,1776209400.0,up,1,0.9009366204265867,1
0xaaf9b2faa5c8c9faabc4a4ea1cc757eb86aa3f8c915e49011559e9158ff89d68,1776209700.0,down,0,0.235288644208811,0
0x5663d32f7c6da64b8c3a4526c9b60dceba75bfecb185436ae5df258a30458529,1776210000.0,down,0,0.46803570322910965,-1
0xd6fee73a9c7b37b48f264a1518951173fa8036374bfda0d46202727d3d58adb1,1776210300.0,up,1,0.8700654621639494,1
0x86590975726556fbfd0989e95740c779441ba1b7c5c58acbbeecf84695478df9,1776210600.0,down,0,0.2154121621433612,0
0xf8e3146b37ec084f02a2660d823249bb8543d10a363fb8c9762084ff1cd37a66,1776210900.0,up,1,0.8694676586445961,1
0xac97805a2e6edd41092c18274d152ca2c1f8fa79f75aafd9857a7c459a0a3190,1776211200.0,up,1,0.9498273754980734,1
0x7f0bedf445c35594ea07dcf4206f3d5e49d77130b2bc2fa6b679b33620572470,1776211500.0,up,1,0.7813619687958733,1
0xd96021c707b94366761e052243e7c3c174e6374eb03dbc01bcd9ffece5447eb8,1776211800.0,down,0,0.3079843574329882,0
0xe45d35fed5e1d4c616dbbd83b490a7fde78810f78d6bc0f617eb513e0b040feb,1776212100.0,down,0,0.1668152013943419,0
0x62684d3f1c14f9968b564ed790d4117e22e92d1e2c5d76e496197fc4918e27f4,1776212400.0,up,1,0.9072045079691282,1
0xc9704dc3f67f87da5f0002f449d9275b5b74fa86ea0a3c383f379c8b3e22855e,1776212700.0,up,1,0.5447786994910023,-1
0xfc1258696897be04e868a3b5627c3cbb0bb46712d432a37c896f62eab425afd3,1776213000.0,down,0,0.1351540408821344,0
0xa5df17c376a514457b17d2b840bb4cc1cfd203b2e6f711e4ae65cd4e7241921b,1776213300.0,up,1,0.4533961416843755,-1
0x515fa2840fab35463fa95337e111ae9f2f53509eba41b2d50abe9aad4b3026fd,1776213600.0,up,1,0.6169689753936879,-1
0xd912db05cfcb426dbe05aa4c605110fbf99a3554152987d9eae36f16569fcbc9,1776213900.0,down,0,0.25786294850901703,0
0xe00f3ce03b09e59ff1e202242e5096de43ec89e020d0192cb6cd1b2739793734,1776214200.0,down,0,0.808073844622542,1
0xd7e06930cf793f8128b38ed454bf0d61d7a2802efdc4f1880705828619e01d53,1776214500.0,up,1,0.8622226805434787,1
0xa58fbafe76f599dd93c8d13f02533ea21584da39da1aef75e1d34edd2c808452,1776214800.0,up,1,0.516132926175364,-1
0xe932e3e1c6c0519cdddeae87879278456963b7e2ed93fd5bcfc50633db0a5e00,1776215100.0,up,1,0.7429280086022253,1
0xc3870952cad5ffa8a537a0b7fcf161ce593c61d0ae6024899e1cd12440b620ca,1776215400.0,up,1,0.31744035994804687,0
0x9658a47584d205a84a6d516e7cd6de8a5eeb1414d16dbbc1d023c9c363b87ec0,1776215700.0,down,0,0.4612015723495428,-1
0x469c081bdbdc836cf993a7915428b3fbcb50d0ce39523040c40437903b37704d,1776216000.0,down,0,0.1357000320198979,0
0xc024c16166c2dbb77faad437a658dfa5d41e201659f3782dff7627ca35e59595,1776216300.0,up,1,0.784288646622031,1
0xd80e59ef8f19a9295922acab47efcf4858342e6e0c677cc3e39dcc02280aafb6,1776216600.0,down,0,0.5091145963627093,-1
0x9e38ca645b3d3fe6b9f3addc63a2c6347c563a10bc8be53302474f65462dbb6e,1776216900.0,down,0,0.08663996349144959,0
0xf8fb1b4a09671d706ff11b56a6f945fa5816bf8a4f57bf815bf49b7782b582b6,1776217200.0,up,1,0.7057125343714941,1
0xd4776bf7fded7e8fd4d252d9a853d6923e9166fb29e0ef07d1e831d9bca1a396,1776217500.0,up,1,0.1834572288089329,0
0xaca70f80a804d64cb39fc7ca476c857359822e63dccb4ff8d06bad72b587c033,1776217800.0,down,0,0.8850816263256505,1
0x8b77b77ace73289f31a836397010af94223ecfb435cc9cdb52430b9ecf827be9,1776218100.0,down,0,0.4000502483796335,-1
0x9c4ad42aed6ddbc323471e4f8dd3e1b9f03637a4d56bef02214bd30a3989692c,1776218400.0,up,1,0.5910755980984427,-1
0x829f6200fe4ffb3ea07d025743dad3710ba206daa4146f78cdb8af0a7d0cdf54,1776218700.0,down,0,0.2328453740514024,0
0xbfc40c9c53c8498fabc43361ccb8b935cede792af15900898ef28cd38b3a986c,1776219000.0,down,0,0.5050292052270098,-1
0xc885924739f5b30482909a8e106be63a8ab66dd8a0db2ce8be14909dc6a813b1,1776219300.0,down,0,0.4291209422922396,-1
0xded8804f579733a12e7d709e3f70406837ece502b866146e67354f8289ee0600,1776219600.0,down,0,0.16892958016392617,0
0x5aac70824d260f25b9c3581f046be015a3c37a23d26cb684f70b6f8ee57f9316,1776219900.0,down,0,0.12439318304749251,0
0xe7fa7c87033d968dff4e85e6e3f0f8f888ad42b153da402453318a28f0e08723,1776220200.0,down,0,0.12049087888477639,0
0x0901570b01ddffc76a445cd61d86ada52070006f4f0df712f2bdeb0a701ef6d6,1776220500.0,down,0,0.5995359538530857,-1
0x8e010456661d92f6482f72e1360890af3a84a78219808d448b19ad6bcf8f5b28,1776220800.0,up,1,0.8129850457143992,1
0xb363f6878c73c5d0deed2c90a1a14d03d35805c9e3de67e02a4bd25a957c5ff7,1776221100.0,down,0,0.46196402097208333,-1
0x5204735639cf07abc7fe03c027109c9550e2724fffa417bf607b69f5da789da8,1776221400.0,up,1,0.711551505914749,1
0xde8fd3bfd66ae64629e68fe2e48d66e0d9caa0948778b6dc99062026cac2622a,1776221700.0,up,1,0.8295277658849715,1
0xe17442b30e23458b90dc10f65645ef876cf1096ee57fb9886fb33a24e70efd4f,1776222000.0,down,0,0.17463690227377365,0
0x5b316bf480961d92f0050fd256aaa9516259dfea66d10975186c723afef919dd,1776222300.0,down,0,0.6127015194325994,-1
0x40b0c07a949da64e8347bab8f4e7a50d338d18a8a3640390c5513ec4087a0a59,1776222600.0,down,0,0.35338470190114174,-1
0x3703451d328f9c056835157176f65e70edf99a41f10b86cf09c4d23d397f7dbb,1776222900.0,down,0,0.39147753315186834,-1
0xc4072009030b868d2c217c2cbda5ab13e9781cf88dd6d5690a0f90166b9f1d20,1776223200.0,up,1,0.41747418098727457,-1
0x158d0571ba763d5f78373f9ef47326464ffd0672e4554dcf08a85d7d0ad936cb,1776223500.0,down,0,0.7923981938441587,1
0xea8db10ea443a8d437fe586cf919b5ae7c43d62b7eab474441676a822fcaa0dc,1776223800.0,up,1,0.29951091537741564,0
0x4c49cfc1e30f61804ecab71299719cce58e7920cc594754d7475e0f3eaf070f3,1776224100.0,down,0,0.14108822242726085,0
0x9cb638663a9d9df8ae3e981ccc15098f035b00dd5aadf00855810ed8c6ece04f,1776224400.0,down,0,0.5705172244297243,-1
0x7c6c3635b2ff4ea48ad7b53e7bca0fbd8b7c6c3cbfe7fd29abba6abe16a0791c,1776224700.0,up,1,0.667951030070124,1
0x7bb14f74089f79c554c4058e76cfaca40027191f04c5aee1a97868aeac54d05e,1776225000.0,up,1,0.7305472472556197,1
0xf0f09b2240284578b27d649d0465e478be763ca1b45e02dae4948e424fd68c18,1776225300.0,up,1,0.9106131009240139,1
0x83d815f5d74e7c70945dfe16a764aa8258a1b1339f8d5868c4a6cbb240ee863c,1776225600.0,up,1,0.8654314298007594,1
0x0bb37b564ab52dd97d6f3f7730c3712ed2fecbdbefc17400920ae4bccc991d55,1776225900.0,down,0,0.12665227667059634,0
0xa6fd6261bc7e3731b7602928907c95f1a0cf0fd44dfb9ddb998c951b5154a8ac,1776226200.0,down,0,0.3090188944184645,0
0x27bd098c212f20cebdff33d0ea07c9349a8c9ac84792dd8ea34ddb106618ad88,1776226500.0,down,0,0.6935600943857687,1
0xe8e2f62d60a46d84822b05a46f7d11e47da7cfadb9c3fd9552c11d667e92d8e6,1776226800.0,down,0,0.33639203396012946,0
0x0b90fd295d6356eb9f027e0e4c6d1feffe4451f423e53905fe2a86f83216cc25,1776227100.0,down,0,0.4491122019654986,-1
0x0938d99d11520ee251246235b3e93311fb6dad7fee6893c9ed35b0fff35773f0,1776227400.0,down,0,0.45252513609556827,-1
0x966676aaf8f377b950a99be786606761fa1a7742633edeeb7f737f303c7c8fc3,1776227700.0,up,1,0.6983141258833714,1
0x3df4a73e7271ba5ebb80b0d4cb38e8997ab7a6b930d88c2e6884f32660f91b52,1776228000.0,up,1,0.7201255783140794,1
0x2cdd26116c66ffcbd5aecede7da4e3c11955d6181b5b21b5da8c221973df5a6d,1776228300.0,up,1,0.5048577699781072,-1
0x6869b77c65d100a466ebb05375496ebf9601c2aa5c4e19b1298c5c7817f72886,1776228600.0,up,1,0.3303085328216454,0
0xb0087a920c97674a6f21a47d1dc377c76d891edb0edb5df6f4fdd0ca30a7686e,1776228900.0,down,0,0.1486910695212906,0
0xfc6d893edac72011db992a48507b2825be553aec30a9c583fc5f4253b3b1a96d,1776229200.0,up,1,0.8355465027591831,1
0xc008b9219593dfaab9095b3ff5ee791c9a859c93fdc49ac7c015cb94f08ec6ef,1776229500.0,down,0,0.08591142314155804,0
0xaefca1b28388e93cd2cfde5d2cafe1a1fd84103240692b5f3d5290e1dec36aea,1776229800.0,down,0,0.5997665220690844,-1
0xe77362d1ab304c781019f097006055f0784e12f4570445dc6618bd4cb145aa75,1776230100.0,up,1,0.7736899690601442,1
0xe76feb82ed551db073d059b9d599d1571ee7a031c0ee20dd498c6919e2171ed8,1776230400.0,down,0,0.09042626949320638,0
0x46aabd6318bccb9bc94f4bf114132c095738d9fe81c614af5f0f0f8c924fcb90,1776230700.0,down,0,0.31038860027954024,0
0x1fd1c1dbb97cf1f3c48487ed1dd7dfe76d463c0279c3bc26572e50453ff41415,1776231000.0,up,1,0.7496507546753959,1
0x2c75f21df249a251d64692fc0e92418134894a284d13e21203bc4f4e925fbef7,1776231300.0,down,0,0.515228766602413,-1
0xe1e66ecbaf865648ccf6198c2c0d8954864a12277d91ac298f2ee82b170a94dc,1776231600.0,up,1,0.8094633635373731,1
0xa8bbdef9f905bcbb562f4156a74e6f18211fe22e30e9cfc77eb9d16302584d53,1776231900.0,down,0,0.4611988909888666,-1
0x816cbc893823d218b5dc3b51102f89aeae815912e81d8e3a5dedfb215f46d8e6,1776232200.0,up,1,0.822289661973869,1
0x31cdd99292f763d54cbb1edad4482bc8b4074dd13410e2a326c80b19cc1bb3c4,1776232500.0,up,1,0.5560850230560552,-1
0xcfec2fa1c11ba5583d722bdffb288062be9228e90841d7f2ea5c7b45de206f15,1776232800.0,down,0,0.47446570045614983,-1
0x6796532a4b5f7bfbf2359c9f8dbc081a2b98354b962513b15e4619626027f14a,1776233100.0,up,1,0.48934482316474076,-1
0x7208fe8949d771f03a32f6d64b52a193504fb1dce20e13af72ebdf19d08b6bef,1776233400.0,down,0,0.6807634890062597,1
0x2412e0c5c5919ee371c7a9e37309ccd07ccaeee4d3df183a5c089ccb04e0cf41,1776233700.0,up,1,0.6302818464885659,-1
0xc55b96b16b89fc5076d93b90870276dbba145659d14ec55aee8f6081229959b0,1776234000.0,down,0,0.178298623986998,0
0x1944ee3b8605cf4bf35a576911ca0feabd1ed306e5f61c68e8b9101306506b8d,1776234300.0,down,0,0.12293111952341072,0
0x503148a4c9389ea48e3a841c9233d73de5b38560832396ca60216ec1c5d1a51f,1776234600.0,down,0,0.5450361604609442,-1
0x1d14c3a16122183c60ba5de9eed04b97ede5d004d20dbfaed48f09055ea75bb0,1776234900.0,up,1,0.3677072326665301,-1
0xeb42adbeb0afddfee863d99e6f2ce5cc6a5fc7ffe74e4a71927d195bbf90ab1b,1776235200.0,up,1,0.5013780039744964,-1
0x2f7dcebbd51ae96fc59e584bbf2abfab3bb51b8048805f5988b8cb8666323c81,1776235500.0,down,0,0.3417848361207099,0
0x0ef5cb53872cef74b4af93f72b2c8775de53ea48a5d6f2dd56425a358605a2ea,1776235800.0,down,0,0.1130890041890873,0
0xd39c8d6258a7b16ad3cb27afbb143b58a2975071c8a0a641014b06279725fbc4,1776236100.0,down,0,0.21708243059959578,0
0x19a6e7bf377b78353cd7240734b2c5fbb9a753cdf47e0f518ba33d3eccd5bf72,1776236400.0,up,1,0.2977044278342061,0
0x755ef3e76f80828b110e68599718131088d16ac9d80811b5cc862a2a90c47151,1776236700.0,down,0,0.23621092388508969,0
0xe3129847bb62182a19e6d7674a0229d6450ada9b9ca14840e67b53f454ad4230,1776237000.0,up,1,0.954119882546049,1
0xdcf2dde8e8752d3fc8cdce673807df6415ebbef0fc718caf03cd08d0686f2676,1776237300.0,down,0,0.12190376389933984,0
0x6484b76faf16d5073978d5a37beca91797b3840ceb3c9f5888e25e2e8e8381be,1776237600.0,up,1,0.8521933601153585,1
0x8d5b314cb797facd513f64f7396d82a0097ab78f54edf807af7bae9c77f54776,1776237900.0,up,1,0.7981051379698265,1
0xebcd6a547ad83480ae060f7d6540999d5831d4f061a9d3daff2acc40d1ff366a,1776238200.0,down,0,0.36783538472646743,-1
0x70c83302ee1a644818d3bb6047062f0ba6d436d6c4b7922da846df1756a34ae4,1776238500.0,up,1,0.46473031034220824,-1
0x538c0608d0ed83a903fa56bc78dc09dad3da4bced826e3afa5615966b484dc05,1776238800.0,down,0,0.2555576126847113,0
0x0d4f5bae1ae9451953995ad800e659e45042b1342c552b82763d2beb37d1388a,1776239100.0,up,1,0.7057802205061704,1
0x292b9455dbe554ea157900d974b4db061c8374ccce9a5e604de9c4a3e5e5c29f,1776239400.0,up,1,0.8989026405270996,1
0xb52cd9045a4a19654b283507a5ed3e94b7882ebdd062afcf67b0228b5b91fb94,1776239700.0,down,0,0.5294671040321801,-1
0x05606cb15b475ef61ddba6881978c65efa8584ab02994a5f4e1e7093db4d28d6,1776240000.0,up,1,0.2842954799936596,0
0x4f1dc76044149ff7bfa32f6d574ef822fa16f917bce72660c48a37ec15a4196f,1776240300.0,down,0,0.8446099704052837,1
0xeb2fe4b6b82a052dd437eb2313130c861cfb38f06803eab9fbbb83d6813e5ee1,1776240600.0,up,1,0.7227273522723173,1
0x018c54fd596a37966eecab7b799661fe9223e565b8889eaae481c5a7cb22fbec,1776240900.0,up,1,0.7272418926494221,1
0xdb7c1282bcbd492d19ebff04d480952cf513be77b9f20ae56d7884ed68c8cd4b,1776241200.0,up,1,0.8592148461159289,1
0xfde7ac35554be2b33c5eeb89b44b1e850f3b644f5c8d186f5c34b8a94195336b,1776241500.0,up,1,0.67668532490692,1
0x62a208388097bd9e05811b64e4fad57f8269924c960ac7586fc335d7c75836b5,1776241800.0,up,1,0.27063406576035964,0
0x5d5abfb19b432c0759d0443ab0baef5ce20807f66dd0442b7730987d2d51747c,1776242100.0,down,0,0.30698431978367574,0
0x69f64e9491241b56323bafaf38d03440272a226b8ce6fe852c482d73cdd86939,1776242400.0,down,0,0.6473343787972604,1
0x0f2866485dee43a366f134db65a39fbec2f02229cfb50037f56e010024a60987,1776242700.0,down,0,0.12972223355968182,0
0x728c144b60a0d0ede9219651c5ef91bce2c451dfa2ed75de14ee0ed49e94bc30,1776243000.0,up,1,0.2721960161095747,0
0x2457410133ad258f6514b5c18e5fac680b6dac7256da03c4376c815be47c701c,1776243300.0,down,0,0.3520816951569506,-1
0x9dbbe617d6c3d82c149d5c37e6296d622dc167146ae1c58da79aa18a0e30a4c4,1776243600.0,down,0,0.9043010880763604,1
0xb658e7227830f66745510a697e44b4bc81f856e43fe8eafd874d6fe91df0ce0b,1776243900.0,down,0,0.6708905668393783,1
0xed6546b13d06bed7ec294800f3466a5213a9389eab338c12f423f88f84812910,1776244200.0,up,1,0.1318045736119116,0
0xdb906b23207a81525258c362ef7e882a28bff7a67619850112bfd8485dfcf8ca,1776244500.0,up,1,0.7823651409225476,1
0x0ac60aa22924f19b0b4b3d5f4cdf67eddb268af2a5768826f8491f2b1cf95a4b,1776244800.0,down,0,0.5784698567058185,-1
0x9e548f4a7478bb5b36082065d3089c1bd73d5c1621fb2de87a6b427d22ae00d1,1776245100.0,down,0,0.12049956703498793,0
0x3c0efa30281e4ba93fa7332ae8700c1055624c10c8b6a045b57fe9a296af6fa4,1776245400.0,down,0,0.6124599613266738,-1
0xfb78a19b04ae72ab288c0c55902be10cc7826ffc9849a99d0cac356466feb772,1776245700.0,down,0,0.695856113749667,1
0x9bba0e2262bd5c933264575f1a2052ace8dad6082ffb7271a7ff72b28ec6991c,1776246000.0,up,1,0.7737176806692065,1
0x7a7485e08c59fa1244f71161afc68a4671959d569e5d040bdd4c16b6ce12d21c,1776246300.0,down,0,0.3821492888066323,-1
0x6c76bb9af94df744d7c7d76ba58893a8a092f8aacda6a37e362cf0bba85c28bf,1776246600.0,up,1,0.7864544219686991,1
0xe9a636977f574dec89647bcebb26bd0668339b648412eb51e0cae654cca572e1,1776246900.0,up,1,0.6978760087810626,1
0x0f0e79d24567e2b63f3921de8472015f259bd04a188d49a3783c69e5d2ebdc62,1776247200.0,up,1,0.48644406945724433,-1
0x067f657ec0c721aea163fbdd6e13f572e109e7df40fa77a20eb97f68aea54d74,1776247500.0,up,1,0.876764377796668,1
0x0d15a02c75027278a5bc2a2f22e3b25ae14db29a5837edd0a06305eb54a7901c,1776247800.0,down,0,0.38084597389643465,-1
0x9985a8929a77b8da88c373f0c6ac92903aaed8cb0fde8fb04ef298cad0a9893d,1776248100.0,down,0,0.23086661918406892,0
0xe65ffdece853863951d513c583b7f2b7f95f678035337c51f8889f43b5f61184,1776248400.0,down,0,0.4690931604656349,-1
0x073854590bf3140cec2f179188cda59f89f9e8e11b823fb98e67cbedf477b68c,1776248700.0,down,0,0.22992299834736982,0
0xd2d894ad34c5bd48a0825ca51bfbf63290b126cb0b256f2fbdf6b21fd9e9fff6,1776249000.0,down,0,0.11773218193902381,0
0xb99e67df66df85f82c9873f435ce348fc3104e9379025dd91bbc9dd10f71d42d,1776249300.0,up,1,0.4987312419905888,-1
0xc6c4f4dbd57e52612d67aa9f09221e7fc45b3c313741b6a0c3f8a5919a67b048,1776249600.0,up,1,0.859108491272294,1
0x2cf5d9fe3f6d27b0d1ae4e527bfc2f50345c53e562d3d2e7e64d3b006b226d55,1776249900.0,up,1,0.999607666091703,1
0x83d8ffd980040682f2de331e9457a60c7d8643164839f4c2a31c3da7345edab7,1776250200.0,down,0,0.09232073942565223,0
0xebeade7af095655f37a06c53324edaa5faf6da52b9dc6a1e3393f9efe860455b,1776250500.0,down,0,0.27402245147633375,0
0xb420af913ccbeab40a92871b4c23207f92b6bba7f8354a95197a298ace454a08,1776250800.0,up,1,0.9117123844581302,1
0x2364dbe50692fcc2a22ab875ef948d2286f149598af371e1ea540011cd47850f,1776251100.0,up,1,0.22849684429387065,0
0xcc1c724458da794578326b79ea9ad4769be5c3d8a40262f45675ab6d1445062c,1776251400.0,up,1,0.6506734149782559,1
0x8ea3d1b362939660654fe8870c7abfe34021a6dbb15b7ead74e02c6ce25a4e85,1776251700.0,down,0,0.18519102582211333,0
0xdf89f1d1882274a0afe6e818e42c6798b762457b2d3737f8782a85457a06ddf8,1776252000.0,up,1,0.6833342616105857,1
0x3eaf68e5134cf423e1470ddc55f65c393509e305a7caf6cb62f5f781a24bcbab,1776252300.0,down,0,0.7435813574735888,1
0x078976e9f65825b4ff36081b4b44b5d808522a033fbd7de09819dac3dc1d0c2b,1776252600.0,up,1,0.9152175343378313,1
0xdff3f3f6f47025e5e0b9dea0689f1f777a092edc293fed3ad3831a8cd961eef9,1776252900.0,up,1,0.8855643567119026,1
0x63328161deb715a744855022d838715c8e6d5c2877f6243636a67d1c115d1630,1776253200.0,up,1,0.3729703446009081,-1
0x758ddd49c8d0f1fdf25f93d3534c1a103563c7d5881240ebc0997923d1ab11bd,1776253500.0,up,1,0.942163292468766,1
0xf005a360b5c7b315dec150643387214d579e4097beb9cd9e21beda0416f5519a,1776253800.0,up,1,0.8899582155473791,1
0xd0aaea506600fb3cd6349934a16bc97f6ef8913c5896e87a38bb8d7c2e384640,1776254100.0,down,0,0.23390972652354375,0
0x542bd12aae7df0acffc5da782c188b933d9f9e3ea6380b5796db5cd08612181d,1776254400.0,down,0,0.373264034378174,-1
0x284e22658c10c58c569b8e00a0e2f70395ef699ff4d31a9e34f27a17d6aa457e,1776255300.0,up,1,0.47581509076397926,-1
0x6d466e96481584d56701c3a86695e27b54d7069e91a1af9e8b9ec2ed5f900b14,1776255600.0,up,1,0.7328313686365832,1
0xbd9f4ecd0a4fb798cfe9f05dc2ade3e4190e3d20fc09a2939f9e3c1595ca0eb2,1776255900.0,down,0,0.11854249146041115,0
0x499bab10e7edcd1d112022872da96c60d007ba361ca8736aeaf85f61f755cd43,1776256200.0,up,1,0.5284156679015221,-1
0xf76375859892aaae0a63e57ccbc0119e30e334762752437fcee7085d0f7d39db,1776256500.0,up,1,0.9006410947173907,1
0x9c7add381853c40559b8bdebf476099a21a1d2aff1e542acdd0915dd7a12a659,1776256800.0,down,0,0.038343847942542815,0
0xb99716b1f8e7418c7ff06fcc8e562496ddf8f9eb72bddfb6d3569c254007ad5e,1776257100.0,up,1,0.6503229821428688,1
0xcf30093c782b720f7b2272d758967e4a9cd6168b25b7dce084b0a74281802b8f,1776257400.0,down,0,0.32989971664253803,0
0xee8aa8d97e9f549fc02ead3e332f76cd819f8da1ad6b8f28f2546c84f73c1f8f,1776257700.0,down,0,0.5980201591398127,-1
0x11ff966e5eaf0be00fac3a01698a3f497e564ec5e5522cb2454366f615db0d9b,1776258000.0,down,0,0.14983264615532366,0
0x680a1de0cdd738303de555ba4cd296ed2a6835f9ec16da55da0be8f20ea9a103,1776258300.0,up,1,0.7800824100051353,1
0xfeec7476b0e80d050696b0b3df17d3cd86fd9d300e6b8ac475879e8d9a7a25c2,1776258600.0,down,0,0.20591445616606482,0
0x3dd3664f64e1d26f36e1902f7a5bb4cbba42efc71a683e0224c8aca7c95b01a2,1776258900.0,down,0,0.30000721742093295,0
0xe15ae7436fcc0c030b8f90918bcc70739d7f6dffe6fc1a28f07a7a2de2634dc0,1776259200.0,down,0,0.8350186227700461,1
0x4e671e654acd1e5caeaf0e6e91bdd93ea5f3590f25e33eb32c45b0e17b9a38a1,1776259500.0,up,1,0.9981328096433174,1
0x82a21db6c298b50d9a06a3704e445ec195a717689eb6620c7f276137ba3a2923,1776259800.0,down,0,0.01922882109411506,0
0x1aa6a5e9f44bad69c64fe5b971b1c09fdc21a9489fb186a1bb81ea6ce19a49cf,1776260100.0,down,0,0.47297688819399053,-1
0x69784311fc24ba2c52543c0bcce90063932152a5adfaf79021e94843fbc2bf4a,1776260400.0,down,0,0.14112825540669496,0
0xab9c6aebb0bd506d18e86d5511185ef0003cf283dae5351deade931482fc6d28,1776260700.0,up,1,0.35856490651542827,-1
0x2a7dedb3ac89823310b913cec86fac41b02ab613be202a18d544fb9a5051cf37,1776261000.0,down,0,0.654088118480969,1
0x5b5fd5b46de111c9b334379375ffd0892e4d855eb71593bca78f2ada310f83ab,1776261300.0,up,1,0.7343822293002608,1
0x525513c24b0ea77ccd19473c6a0793eb2f83d527c0ecdcd6ede4ba4336bec0eb,1776261600.0,down,0,0.14938824448852042,0
0x9055648322ee30ed36e59fabd448ba3560c5ac868f9bc3b89950e8b85ed13035,1776261900.0,up,1,0.39675617709452843,-1
0x74ec5b709fa454fcfd16560664becd0700a9c101d9705bd7f92c9223ccc0c091,1776262200.0,up,1,0.8041827464969532,1
0xf977a86f8499f5a9202fd8235a75d96ccc7068a459eb4908f84d8732efac63bd,1776262500.0,up,1,0.9516265559796202,1
0x128972494200419e4c62e5aeb1b618b1f54421612df4530af4a38236d94283b3,1776262800.0,up,1,0.954194158227005,1
0xe96bfc26bbddba528a883619b4049bca2d9715550bdaf09847363881db98ba5d,1776263100.0,up,1,0.7284622472852542,1
0xb81ef52e2520c42d5821cf01d73f997f6c7c2c4f5a20fa099450320912e97f45,1776263400.0,down,0,0.6284791490859158,-1
0x2979b90a5ee4278e7568bd6fe3db00c14fee53920d4724a060c408527501e6bf,1776263700.0,down,0,0.47697190746520685,-1
0x74468e4356a3012c3c537f50df0cd0efee1abba005a55e47d70f38fae8a619f7,1776264000.0,down,0,0.8756307295506686,1
0x8dc7285d0955c267f514269acb7aed81243b85527355bc3633251e3417c02f4d,1776264300.0,up,1,0.6214685018547832,-1
0xab775140fa821b346c1777460f8bd4be59a85cf64625b99ff21f568252429407,1776264600.0,up,1,0.6884273956499479,1
0xe987a5235d48bdf516e17ea3cf3e1cb6bf76a30e51ca6ae31fbe334c6bb443ad,1776264900.0,down,0,0.8883335739248408,1
0xb4c7784f544b22424b200724672ea5b93ea9cde1fa33d86b2d01986e8d4892df,1776265200.0,down,0,0.557990350019702,-1
0xf9f709a78fe71c63a9cc655953a82a2931f82582fa069dc8635d9e3ae3f4036f,1776265500.0,down,0,0.20176745526244383,0
0x6447cdc873c52c421561de340d7cd11f9c9dfedd88b960bf1ac397e16f83d7ee,1776265800.0,up,1,0.5724657254649324,-1
0x4885a22864d35f3551d51de8fe1c5af1d8801a8b0e5eaaabe7778623f0235a7f,1776266100.0,down,0,0.18327773443338313,0
0x118656636b03e20ef86996d4c00c7d033df08ddc627a4dadf5f23b118461172f,1776266400.0,down,0,0.5600757732776555,-1
0x041b920025ed212dd193ebe08c36150857038451f2bfa54ef5b18e1988913b43,1776266700.0,down,0,0.47674863389697464,-1
0x1f90b9fe2718554b0f7c99244254622f010235486c5d54913cf367be4fdcbef9,1776267000.0,down,0,0.04628267964481692,0
0x09e5c0d5a7627e1cba5b5d5e36f696a9cc5b402e9abc2e7ef90fedca08a82647,1776267300.0,up,1,0.7664713422248246,1
0x701f900ce6621538b60a6d6b58f575b778dfc2ceae9123f580457733e760019f,1776267600.0,up,1,0.9344050890932326,1
0x2495bfba154fe2a3f842f24c67976799014ca08f246fe726f7617d99b15c8098,1776267900.0,up,1,0.8853613024973577,1
0xbe6deebed80b09404bf0929e5eeb23f7443237e41ca01758191acce02b2d6f1c,1776268200.0,down,0,0.8178733404697063,1
0x5737ff667eb313c32e1775595d8271cc68990756a53a7cdd7f2db0832cdd1746,1776268500.0,up,1,0.2643925593787406,0
0xd405c34a7a1ad7064e822343205e16d4eef04844711122498ccb65134000e23b,1776268800.0,up,1,0.5841777238077474,-1
0x103672096544e5a3a6d1c0877baf51e19b1fbe2e0623a594d30bdfcaf943a06e,1776269100.0,up,1,0.30865167839714197,0
0x0970c43a17ddf0f4e8acc992aafa79c626d9afb6634a552d78f284c7af7fd986,1776269400.0,up,1,0.3774671206070888,-1
0x8512ba9638327564d3677d0c1e2ccfb6354c551424451b6a2e37f6fc57c29b15,1776269700.0,up,1,0.4082527164982088,-1
0xbf199e49d8fbb50f4596e42eeb5cce9bd1a7cee0c684e288f77dc4736b49bdb1,1776270000.0,up,1,0.786486698330768,1
0xe55b681e8ff734cf49fd8aecf17a52f60df2002de07c796adf6d5bb4ef6b640e,1776270300.0,down,0,0.5925084742108321,-1
0xfbf9a930b681a45e1d546c21c345df7a213fcc7908f0aaeb2b6da018392efd65,1776270600.0,down,0,0.5787953609657698,-1
0x425c141896f202fe9041226238473c8943ad925a5c682ff785c30dbe181a8db5,1776270900.0,down,0,0.6687256779020282,1
0x0bcdd093a634ed2eb692e21ae40f69e898292330eb397dda314e13ebfb6acb5c,1776271200.0,down,0,0.08452981242456982,0
0x269d7bb53e7315588365d5080f10d62cdf174434fed36601c5f616b606f819c6,1776271500.0,up,1,0.7061888928671497,1
0x9d1fa734b458d2eb4d9d1f4148cd6b3f806de58995359727b1eb4d192b020eb8,1776271800.0,down,0,0.1422128911743998,0
0xc2623a594aef63821d558fc9d274b54aead99177b22330ceb383e2d3949136b3,1776272100.0,up,1,0.7099744691776355,1
0x18cb7638b371ef30a9d80f8417404fc1926a9176a023ec7641a6f7d7b98045c1,1776272400.0,up,1,0.8691960478228377,1
0x327e4a0fd72ef26c87c25b41ffd4daa8f66d53e26252e003c77ebfc5c9f573d8,1776272700.0,down,0,0.4795505114706348,-1
0x8ae0371ab2021a553ee3f7a237ee701964bf2e017ae8a6c0d78fb43179db95d5,1776273000.0,down,0,0.4050236780475578,-1
0xbfce6d9d7d56a21735df7f001ed96809cf47c12bdfd86d2fdf043c3dd6fc57e5,1776273300.0,down,0,0.5181267581827819,-1
0x32c5f5ee4865cd1460df23270cbad1a049433970e537defc40173b45e3131261,1776273600.0,down,0,0.4075823451409328,-1
0xd79af55069b2b15d8591d94da3759e0f762fa48b8992bfa7f25724daf49a3f9b,1776273900.0,up,1,0.9332674109213629,1
0x62b58c7b640adb70e6c632137f9f2ee0a5fae333d554442208910156126b3371,1776274200.0,up,1,0.809064514147199,1
0x308df9f858ec2e611c08c47cbd19a348bc04c414f462a474c6914fb726aeefb1,1776274500.0,down,0,0.6727720997717049,1
0xdfe59fd2e34e9a888f2eca04445889c417ec0f8ce3ac37674a2e0e5c8010b5a2,1776274800.0,down,0,0.15037945489952462,0
0xbbdef246bd2e45a0b1e4d2726bc081131ce941a80ad30ccdf150408435324c2e,1776275100.0,up,1,0.6897568980737514,1
0x2bebcbc5bbeae8516265d3591165aea03b65758b56b86b1596cbb7d250989827,1776275400.0,up,1,0.9314066358319951,1
0x41718d20799fcc65c77ae0fe552780d8a67bbc9acf0e8fd5093e83f877df60a9,1776275700.0,up,1,0.7283168160397399,1
0xe916dab24459ad63ba1780c0914e2ac442a94ce1fce30fedaf7ae52cce40865d,1776276000.0,up,1,0.23771460514778237,0
0xb86a61b2385d9921bd4c6c58679aabfa0ed0d4b10a5ad040e85d8f3aea457947,1776276300.0,down,0,0.7241091608075958,1
0xdcf508b57e39a5572bd6ecbf7bb23d56685d518c1d36d9accbaf8e9283ede790,1776276600.0,up,1,0.650022450668936,1
0xc04b3883115d242f2b227edab92c3c251d2381fc73e704fe754a833a97b50c6f,1776276900.0,up,1,0.7043912684389246,1
0x3f01b6b1303ff38b4e537d0b4569c264e5f6fe491747b7bb98b772223c4efdf7,1776277200.0,down,0,0.3163501008299397,0
0x058c227e90e7ce858d027efd69d106ebdcbcb91f9f655b8195056f940ded5e7e,1776277500.0,down,0,0.10218581930269864,0
0xfb263b49a5f2f106dd7adab3e7d396b3ea32db85c63f5594c77ca9865813b61e,1776277800.0,up,1,0.8247518340313292,1
0xc58bb9a0f8442b6cb33ae1de4d205c286cb79949a7f101d5353c82ab0f0e43e8,1776278100.0,down,0,0.476638068123526,-1
0xce0d45dcac26d73082bc8d25424cd43f803f55fef1ec1aa072808bce646a0ad2,1776278400.0,up,1,0.45049297488777457,-1
0xeeefd1a49f25e49aeb124f8cd072e4489a8a29687c30a4dc64a86fd545d26789,1776278700.0,up,1,0.6913537827866034,1
0xca0c8b954f2451ceeee8d7675b7bcb4a40b0d5a76e9f3a1ea8c3ff8074429895,1776279000.0,up,1,0.8060073783609665,1
0xe7ce043bf5a3a16d519e74ef69db929bda6fbeae6c66877cfb547e002698358e,1776279300.0,up,1,0.6007026650659005,-1
0xb30f084b8a8f3bb99c8616f7a1a9ffd0264ba9c0594518211386907ec9da2033,1776279600.0,up,1,0.5363593281641853,-1
0xa1006a78c6c660dbf1edd7eaf1a8c0574dde6b0e2eb64423bdf06410f4e038de,1776279900.0,up,1,0.9308561622882963,1
0x22b148b82351c2a96246ae4e8ff4e18da795668fb2abf960a19a64ec1f063c5e,1776280200.0,down,0,0.33877909014135943,0
0xe6eebca4ae05509a7785ed0e12f01619aa48963c43aeb24c5042e239a0bbda0f,1776280500.0,up,1,0.2843189510017521,0
0x834251006565e31474141047abcc89bfea79510b7fe5fcb0e4e765da684daa19,1776280800.0,down,0,0.1552476308188693,0
0xafaddbfa25119fefb86c2ffe5d78ffb545cbed0a9df049d5127b29899add8695,1776281100.0,up,1,0.5207946029481045,-1
0x0f899d94f411bbc04d725d77489f9faa2d3bdc484f50f4b9b36797108b382c4b,1776281400.0,up,1,0.9485141083255122,1
0x532b6d74ef18fdae3089fcbe0dbf286ca72090febce8b57732a77df9eccf7127,1776281700.0,up,1,0.9999909348073919,1
0xcba3d289fc9c8b503ca67457381989d87fe8aab3612d0bf69ecf514b7cd13e7c,1776282000.0,down,0,0.19750272255632098,0
0x6f2a0177ca0ba7535be2027dd7b7f4de9e8a39da180398295205c85042f0a126,1776282300.0,down,0,0.3253690693461613,0
0xaa22e0780f20b246e556ab42fa4ce536d443ca9582035e6a5d2f2af4ba10c11c,1776282600.0,up,1,0.8366422710584129,1
0xf8b1233894454191336aee920a4ab5b608a7c0d7a8e3a0443258c9d6ffa8193f,1776282900.0,down,0,0.5081532612183522,-1
0xd6b8dccf87aff862eb32895091fc01524656741527790ee88c8a9fb979d3ee68,1776283200.0,down,0,0.09925432884237967,0
0xa7a8e1b6aa85e94a488968ce509da55189d05219f5b79c65c61df26d9bb9d8dc,1776283500.0,down,0,0.5354214703519038,-1
0xc50c1321e7d7f51fa7002a7b2dd35a389fdfc1c0b08cae9c03545acac7ba5e6e,1776283800.0,down,0,0.14043617854021592,0
0x76c7ece411fc1bf7f9f72f26ee5099d153ccaeac51d6d2224337a914877e9a24,1776284100.0,down,0,0.34312690503902055,0
0x39b8fda25f716623919b25751bcd5fb528f496735925d87e78b8ea7c308a9b83,1776284400.0,up,1,0.6391048737205671,-1
0x6b270e106150665e2d153b196103e0e4015c0cc684e54f7c5ea5bb0c0bed1183,1776284700.0,up,1,0.14021501728854843,0
0x7adaff48a697ccbd22137bd4c6313f6d56be5a83997bdf8a8247c8c0f9ec6f73,1776285000.0,up,1,0.9601199666138596,1
0x38f495a23c05b91ccf830d68ed8374e4caa993c2e1236ea103cbdcf3d305a8aa,1776285300.0,down,0,0.6592500572898875,1
0xd9a4cf519373ebde2844920e762015d5b82463075740e1ce2539e1c0f6d34700,1776285600.0,up,1,0.6106257483078793,-1
0xd84a54ee812d125af329caeb172a7944ae800402feec1e49e7efdd847faf58b4,1776285900.0,up,1,0.8252538258837572,1
0x8f694abe42b8e94c864d2109f6b2090d1b949722e8bfe718466e28bff50d9004,1776286200.0,up,1,0.7516615832153467,1
0xdae2fde4d80d87a1d1dab77fdab4b8236703c5609fcd712befb3973fda316230,1776286500.0,down,0,0.2582372035300609,0
0xde62269aac91de6f13e2fa930b93cb782048f39b1dfa9b5cc18bd6b246710f8a,1776286800.0,down,0,0.10262058179167363,0
0x66d08d718af47f8580f39e33f07aabc031dee7339a180e1603f2acbbef265f68,1776287100.0,down,0,0.3066856508341272,0
0xc1b1e8056142edb1da51457bc927eac8027bbb4d078956a43ec4399cfcb95dd8,1776287400.0,down,0,0.5905250724035549,-1
0xc99e4a0168b34e99126a3fc8d8fb7b8fc624b31494378157a44cda290e41ebca,1776287700.0,down,0,0.08094967331952636,0
0x5804f82181b1583e2b89ad0e07339b9c98b05fbf7d4fceb5bba742b460b1f5b3,1776288000.0,up,1,0.46866787513173447,-1
0x4c55d75325d5e8ed6e9a1ce60cc510d5b7833ccf809a0b1e02ba6d4e33d483e8,1776288300.0,down,0,0.18584656910467093,0
0xe55474fa2e999371778fdfe187db43f9963529aa95788feacaff0eb8ac1fecdc,1776288600.0,down,0,0.44361304880003344,-1
0xb6b723d743356e0c4dabe827e3db8c12b695e754324e55302a2e446490b023df,1776288900.0,up,1,0.4095568213436184,-1
0xee89bec70aeacfc6b32963bdf1a2e09c995d0950bda575079c90bd6e5d54de7e,1776289200.0,up,1,0.5825719298046513,-1
0x47ad2fc87ce32d4dac1fbc1f73fd1909966241bb744198745086a3ba0cbdcee7,1776289500.0,down,0,0.41461414351674253,-1
0xaa3741f00657ce1f8c125e924d3e392b2fd3cd1772d6c0d742a0bc63a8c04f38,1776289800.0,up,1,0.9050983664612878,1
0x7338fe51cf5a1dcdba669dd1fffa3365af630faaed0eed3f23e9861efc0004e3,1776290100.0,down,0,0.11256970489652438,0
0xcc5e8f2409b3c879410dd0136fabd74c54f17615dfcdfb5df340d3c25e039725,1776290400.0,up,1,0.8572932173471682,1
0xf5da1020c6d01461aadc3849161e97ad7e8e9c2f85097b7a095ad2e4f185dc49,1776290700.0,up,1,0.14577414042428852,0
0x679951386d44030ad4bddf5d178604b242625596a82b70df63b0603f13aee94e,1776291000.0,down,0,0.18940594398018226,0
0xe977bc04857a1fbbee1e9eafdb620f66eadeeacb9aa9625e30c755676523a411,1776291300.0,down,0,0.42250036830362414,-1
0x8553ab6be3dc4e5a4ca9d6da903b7988bba430967d146eef11ad341063e42a08,1776291600.0,up,1,0.9307921688215409,1
0xe793f3f935d9b77395f6350fad021169fe28e0ab56c881dfce029d1f3ee1e2ef,1776291900.0,down,0,0.13584507209549407,0
0x4c0c258bebe255d373196470fe567441c6e38b9a6d18b63cb75912a23b708e14,1776292200.0,down,0,0.7545356891718196,1
0x93e73b849ac854f347ab5565f96e707d4eb9da1a088153181fb6b95a510b0bcd,1776292500.0,up,1,0.6335493803896992,-1
0x801a389e256eca887a7f6b2be2a431bbc9b8144d371ccae115471fea8339ccb2,1776292800.0,down,0,0.08752601951663,0
0x3c1dc8dba03548bb49c0a0220133335a1421a954ef05f13109822e23079f7152,1776293100.0,up,1,0.3084471998025523,0
0x604f611d38d112852cae0a936982ef5639565bd56baafd06a32401a6f13186d7,1776293400.0,down,0,0.11798855000399606,0
0x42788e39a222681fc779a510913ecfd0166fd96cde36a0d1c41a4c04b2c3a104,1776293700.0,down,0,0.05922698569038138,0
0x82a53d5000c64bfb665b24e178d18dbd0fce6ed6c9acfd1d83e65b198cb3cf03,1776294000.0,down,0,0.0799188339002792,0
0x9ae5aef563d1bc7e6be3a49587a1da8d2abf6b5d9af97729d0100bc8244e5028,1776294300.0,down,0,0.763410926389691,1
0x076d7ad9ca73c3ff05182360bff7bf39723ad96ee37d963767a2cdaeefb59d51,1776294600.0,down,0,0.757077277912252,1
0x80f8620863574ae42acdb105bf6b2aca0a445d3fe1937781c6ffbebeda1ae87e,1776294900.0,down,0,0.35611672802165323,-1
0x1c40f88591846323e2715037457239a62382edb172c872652e090bedce5d0f2f,1776295200.0,down,0,0.6019456809362101,-1
0x6cbafb6e8886e56c35b17f3caef74ba058ec7106a2e797c749c23dcf0e1187bc,1776295500.0,up,1,0.6366696296839106,-1
0x319e6733e48177bfe2aa41aa2de220a252891ae3e66c3c19bfec9694f895aeb4,1776295800.0,down,0,0.5229552247566072,-1
0x8d3b14d9f6e4eccc7df3003b52e278f2efa2aa0fbe9e25f9f8744e91da2b91ed,1776296100.0,down,0,0.1568898702461586,0
0x7b3e328589ae8d9587f8bda063fdece54b2e06522a945888858ef614c07cb598,1776296400.0,up,1,0.2416550347160234,0
0x8def5a1eb18c5078e67b46e862ebba2433d27a4dc637b2c79fb167abfa1d8b95,1776296700.0,up,1,0.9184348797462135,1
0xbe21bac92d407c7abd494e5a87dee439ab92198a22f79b09dbb875894228df7a,1776297000.0,up,1,0.9170878913983718,1
0x6be08c3f261e631d2bf9228a80afed846fcf743ba11eb9b71d6f963fe666a070,1776297300.0,up,1,0.33578363878077094,0
0x44326ff92d7d404206f7f6b5a70d8f69b39f1d6589bf3ddc395fea322bc66f0c,1776297600.0,down,0,0.5920498992505904,-1
0xdc508e8e680a135504147104f2b0500eef79d485ed88141cb78df351ce4315dc,1776297900.0,down,0,0.8375276427654029,1
0x4364b6aadd880131e7fb5b93e73f8630f36c6d382beb066911e2346302ed4c06,1776298200.0,down,0,0.626472384648505,-1
0x526bfe4462dacc69da9a02aeff1cc16e77ecb8f015e1abbb89fb7f5fc2bf1080,1776298500.0,down,0,0.7461962808525721,1
0xac351e90ec22716c5cb7a356a631725dcfd41bcde28fba287a2a685cdfe74d36,1776298800.0,down,0,0.17255955480433793,0
0xca83abcd2ee9119c35c3a864615c475290cd6cf3cdee006ef6a9416f0ebf9ae1,1776299100.0,up,1,0.3746331356101425,-1
0x58e683a213b0786fdd61329361a8b5974f849fc15ed47edc1f7bb31d2aa2777e,1776299400.0,up,1,0.9379823223777652,1
0x4e3514828b59dcf58e5c6ca614d8a9399310425a1b6d53244d27d06f53ff6ba8,1776299700.0,down,0,0.3689923935484094,-1
0xae4c06e1f4348fecabf47aca5f8704b8dc51272c815093f6734b5d983cea1f1d,1776300000.0,down,0,0.8313035894130841,1
0x0e3de4316188b59ffa8cad54c9552733ec567f99329332253096f687bf0b9f8a,1776300300.0,down,0,0.4711798352973277,-1
0x2c7aed71a86aa571a92f9f293f93d056e71dbbfe8806601b1df20b061d11f61d,1776300600.0,up,1,0.9620357599324354,1
0x721788e7fa846aea354c864e40d9d0ac7ff30c5ba835bdf4c4d61167b997abf4,1776300900.0,up,1,0.8012617877062181,1
0x192b0a46e3a4e3cc091840597146877e3b71122a6f9f5cf1a7a89244f3634f1e,1776301200.0,down,0,0.05239639353274904,0
0x5f6d16ea415410c6ef29a00367122b4343fbe641d5fefbeae11ca339358ac16e,1776301500.0,down,0,0.03359405723322164,0
0x365d1986905d17dc1c6d4b20ba77613067fae603f91b84e6440a88a4befdafa0,1776301800.0,down,0,0.3296526707894042,0
0x10e8c7c11ad4fc49c27e957f2500bdf83e26708e09b414186081f99a6c6b693c,1776302100.0,up,1,0.29245369094998264,0
0x6e43d00f54771a82dc86b450c5b9cfef4ec1d6a3a912a7840cd29783049759c9,1776302400.0,down,0,0.7387988215250293,1
0x2fe6e0e09111f2d195e8d1353ec2936dd9572ac13d99af4974de5a6948113794,1776302700.0,up,1,0.43759740643193334,-1
0xa25d1fafba9e4d104f3b0e4ec389fda8689dc1f61b3250834ae9460e6bdf522a,1776303000.0,up,1,0.5131059288541098,-1
0x69d96f430833d5786f3419035e33deb67b557f572b6769253fc3540acb2f7f68,1776303300.0,down,0,0.24090011684981358,0
0x1ea147b343311a2fd9f4a01669f8ed8c29ab1ae874ef81144f034e8b307a5369,1776303600.0,up,1,0.6187823985033699,-1
0x4bf75f981b37d5ebc470343c6abfdecac45109c963f6fc58ec5d2f2bf64e3d14,1776303900.0,up,1,0.3385735801517581,0
0x3682271cac21a653d1a4b5112d011a02699b50b1c87e0341dfba05998664f574,1776304200.0,down,0,0.09820014492021989,0
0x5dc1aad744e13a28ed6c6de5b374c59925f01ef315de981e35c078837ea900e6,1776304500.0,up,1,0.16731705058417604,0
0x9fe2b7d01d5db4a6710c1e9edc5471742064a0afd122ed68ba5d66a57142be1d,1776304800.0,up,1,0.7750731528246467,1
0x631b45cab306124204d952dc5ca08ea97e404b6828dcbe393feb2e25bfbbad1c,1776305100.0,down,0,0.6391420690735711,-1
0xa8a9c53f77ef62395c40bfac840b3e8e750d5c2122e4ebd82beda6d968fb2194,1776305400.0,up,1,0.9691157823553123,1
0x5b6388c2a4a3edcfdf60ccfc8a4ae46d6b9f502381702677d6bd58b29d0f021e,1776305700.0,down,0,0.3533105969731092,-1
0x251d83040c9fa83064144f68c23bbbb8b8a2a06660fc817399f4df1ca1dd9b1d,1776306000.0,up,1,0.9378155732587748,1
0x3b16fe04ffc2817e1e7bd12b1a139b8b8e529924350ac9882d195f059e58e1e3,1776306300.0,up,1,0.9787135564283956,1
0x3c731bf3af06d7460a01f7719d8c085757e54da516b4ef4f21a9fa5633f835c9,1776306600.0,up,1,0.9342329277571928,1
0xbf7abd98c4bfcc006a828643510e1b18ebd2efc0e236deee84ad8360281991b6,1776306900.0,up,1,0.7933936713643885,1
0x38bb641f36442e61d684e799e7e9dc17a5d0b4088d59dd9044e674e57d198639,1776307200.0,up,1,0.7892707140957597,1
0xddca727239f9d9bdcad98dded56f11a2485bc99a97d29fd5027e94cc26cce461,1776307500.0,down,0,0.06532498266402699,0
0x529307b72edf86a79a290961fa7d5ccbe5fc6cfa2b819c21a71f48410378f47f,1776307800.0,down,0,0.320086143174015,0
0x9648dee2d16d1b3afc72d6d6ff5387b7ba779cbb66d23fee30362583bb7420bb,1776308100.0,down,0,0.7626497542851618,1
0x4199e0e621f19cdd6b8c60533be0ead8db7485842cad196a1e73b1e6c178a0c2,1776308400.0,up,1,0.8845389997142987,1
0xce7fa62f5a13bc1d4ef7c9d8d4c278d7c049ae0abe2889bc8070a743c26760c0,1776308700.0,down,0,0.7525366297550307,1
0x5e783956b1ddb33a6a74e9c8f3681e63eb3e0fa0668be77624c6d37cbe8bec59,1776309000.0,up,1,0.6954539224770159,1
0xc22f88254eea7d8838537e214831d94c37351b0c2b0f7be4aaab3193a913da9e,1776309300.0,up,1,0.8925145751220612,1
0x28e4fbc5dc640bd315e9f5ab801597a6dc45544deff16caaa2633c2e4662f53c,1776309600.0,down,0,0.2095016161799867,0
0xa58d8cb1995c585241e13dd9dda9b8e9d60bd84449b1adc8ab58879a1be26f9a,1776309900.0,down,0,0.5153190778956862,-1
0xf215b1a590285a042c72622ac44f8949a1fbd75c55fbb25d5bca8ae35cc88bfa,1776310200.0,down,0,0.3659006853749701,-1
0x8c1882be381faa71d585176aea183e6c9259441492fd33550d8c4b6cc01af028,1776310500.0,up,1,0.4437046776669434,-1
0x9428e9df55f62af1bd94ffa23fafbab0456065a66f7fe9a5a3b32230a0748416,1776310800.0,down,0,0.6946242103264538,1
0xd7c9265216a620bee5059af20acde0669b20dace3e2f8b2e227ddfc32bb91047,1776311100.0,down,0,0.4196958991845608,-1
0x9ad35b63c3a880cf40b1eef1f44461790ee80d289f9468884a245555cedb9596,1776311400.0,up,1,0.2161400479707593,0
0x6b9b4a0357e0c7800f6f6e012d06a566292003f1370ea143326f1e04ab32c081,1776311700.0,down,0,0.2524230562652104,0
0x3d1d8f5d284aa91625e23747b9c60a575b260acf0325b2cf464d2e818d882734,1776312000.0,down,0,0.4423974522190931,-1
0xd1defc9ae2579d9ac3fffd5a09f3af1865f968eb1f54db80111b9b5aa0690795,1776312300.0,up,1,0.8330325344095865,1
0xd03e50c5cec3797014358fc9494f964126a6d07d3f8f1c377a93ecf712b32a43,1776312600.0,up,1,0.9054211554623319,1
0xdf96e67bb63b9ee84f9e310d86f2f953ea944af7b934f99d5acd7527aa848ddd,1776312900.0,up,1,0.42436123882782434,-1
0xd6457cf6ec393f7db40411cf0792c88ed2daf938bc2bf871d7ed4697096570eb,1776313200.0,down,0,0.6312254240671332,-1
0x2516fac4415789fb048bc1d97bc54add1574e6934a033b6b397560bcccc88e9e,1776313500.0,up,1,0.6648898167839242,1
0xda0838d5091f6c9a91f884f0d1a256c648b16c253281d3cd23b272081730f528,1776313800.0,up,1,0.18518524859856234,0
0x5be9cf9373714686660acbbf8636638628edbd99e2c658ccb842f4f6cdfaba00,1776314100.0,up,1,0.6861443589285536,1
0xe7519e208beebbb96a85e7c27e2fcf4221f983e30da082df93c834ade1d45e59,1776314400.0,up,1,0.37047317551853126,-1
0x2b65834ff884e3350c297d862003acb5ed703a9f023bf805bf005af962752a17,1776314700.0,down,0,0.1952786604509585,0
0x8f7046b07f24a56e6e7480be8f01ac244b63a81d1f2904f1764a4cd3a07f528c,1776315000.0,up,1,0.7808658331535125,1
0x828148bcccc13035fda773052017795d94af92c8c2521cb0bb5c3bb82c0e64db,1776315300.0,down,0,0.3079800845312491,0
0x6d698e1e084e9596c71de5defea2712e21e317635055b36d0b7c53bb6238db7b,1776315600.0,up,1,0.7312481520455494,1
0xc2674719c28995cdc9f1428428687886a70c0b16267c9607e28112f6a1925fc8,1776315900.0,down,0,0.2912794549161491,0
0x00897a069211a08e1025eabfde3c87e86285310a429c9b06fb54fccacc4c9feb,1776316200.0,up,1,0.549413043447393,-1
0x9ff8123e59b4877acf3d78585564271bd3eaf0b38bc6e53bec0924429f18d4d0,1776316500.0,up,1,0.7794538661455459,1
0x4d96b8a5cdeae373c8e25dabb67078d423ab57117e8072b407dff40ac3584b1a,1776316800.0,up,1,0.807130839953371,1
0x7a7259ac512bec4b519b86801457bb30b9bd89300b49e953f8f6a1d1eea1513f,1776317100.0,up,1,0.6570978427319335,1
0x3dbccb3b362232f617eb3716a485b3c9bd622b9e518e225e438c332c2c8e1dc9,1776317400.0,up,1,0.5024391211879203,-1
0x4207bc770368b92eee04e5a8103b119a09eb527a2277ee94ec3652311f93d108,1776317700.0,up,1,0.20861502951087327,0
0xfd82fdd8dc18301c001157f512760cacbd7a4449e57a6120e607a127cb215b45,1776318000.0,down,0,0.1529606878625326,0
0xed16d1f41065d87d1053744a1b6b4f4f9a625b9b91a3e9364b801d56a3f2f4cb,1776318300.0,down,0,0.5757813650072046,-1
0x99af83ed026ec1291742a0e1c509110d4995eabc6b71226c0729ee7a5bbf55b9,1776318600.0,up,1,0.7143312017937979,1
0xfb352fbdc85ef826d230da08545be679d70fcff49624aca889abe77b853dea03,1776318900.0,down,0,0.41158783022385226,-1
0xcc47cf803ed97970a1e827ee772d681bd4f525a03f080fcc56901cf4da97d6b1,1776319200.0,down,0,0.8269067765199155,1
0x7c7dd194d00669fd062e46ab748cae587975f7f73dcc4331c84a77494fe9811f,1776319500.0,up,1,0.7531300918643622,1
0xac2cfcce2204e7b5ad03a9fa1c6471eaca351265467ff4ee507575d84fef40e5,1776319800.0,down,0,0.19051521261481405,0
0x2c86ddcf560f883f72ce0e82b0a04c926a8396ee7cd041d1621f6b12a0e7487e,1776320100.0,up,1,0.8191769136642567,1
0x67b8357e17f66b6530f54c3fb341ed665ca58367155a82061c924e8e7c7e8d2d,1776320400.0,down,0,0.17798247073950293,0
0x8a6d8c4c46bc41cf574e58d862fe2670088ebeb974236f09b57dd0148397bea3,1776320700.0,down,0,0.3227696301459572,0
0x04e73802758388ae5cb987f9aa3fa68f205185da53e45332ca1de5a7ab443a8e,1776321000.0,down,0,0.26069218296520924,0
0x83bf64ef547b8db7a229c9750b406ac876fb0f8c2c31887def1088174dbad6df,1776321300.0,up,1,0.6835149970061644,1
0x0c2dc59c2abbab626981b8bb1d4fe03b0d2d37b0ee81b08078496830c0905a53,1776321600.0,down,0,0.04420088619484021,0
0x6e3e94e7b25172a1c20e674dd35bd3cf750d91f996609af505908fe63865eea4,1776321900.0,up,1,0.2617645691490224,0
0x6ea8378736a909442e735502e5c420d12e9f429c1d0d03f80f65a403901eec9e,1776322200.0,down,0,0.46052025414022973,-1
0xcd2cc7decd4507d927ef71506e9a77550c05d1d2aa817bda746e36ab9ac908a5,1776322500.0,up,1,0.30739479933302655,0
0xbfd3b346dff1689fa26c84acde2d3a89a281f21a7a7319d89a897bfe5fa1125b,1776322800.0,up,1,0.21138370825907082,0
0x1a5c161a624e598dbc9df6a35f183cbe88e05ae35d694f2707d2053f1ddbebc5,1776323100.0,down,0,0.05916918903427842,0
0x9bf175d7c7b49a4eb91b2cc6f0e4a53677f13e2efbb7ee079ed5640bd421e25b,1776323400.0,down,0,0.12461575484359877,0
0x93409ce2e4673f772b30e6b578381e5f59b9d78492c116181365968b3fee5b14,1776323700.0,up,1,0.6229541013294291,-1
0x69c03df9ac1ef5805790196126bcac12e7043771a7c5b4ea2d2cf2081aec46c2,1776324000.0,down,0,0.41615679803953554,-1
0xc8f6bbe4a8be45c4a23170cc9c61317516629633170fa06b19e3cf61415cc41d,1776324300.0,down,0,0.303062342452133,0
0xf20d6d046023f870f8b337dd44edd805489642b83f3cf4f12042f7c0f7313f8d,1776324600.0,down,0,0.12825460197526573,0
0xacf5e59c1e5f2da2394a7e9ccd148c9e2efcbce9c96b2d0949de49edb7789476,1776324900.0,down,0,0.3139795552666138,0
0x10771811891c03df24c270779e10c6e80aec7e4bbcc5a18c3e4fe968cf22dc16,1776325200.0,down,0,0.3812265253236024,-1
0xfd4630e33d9314bf3431eceebab2aec50ba8d80defe4cbe2fef895fab74f1727,1776325500.0,down,0,0.055695924991093486,0
0x52c44dd47b81ca128dca1adb39b34c31663488876c2ae887d435780bda7a641f,1776325800.0,down,0,0.29412232545762396,0
0x0cd411fc557f0584ec6c8d76cf9398c9f8474289856883ac22bf4bfba1835fbb,1776326100.0,up,1,0.860822034312682,1
0x5b5d6bd437b36cfc5eb7e513d8561903cb690a3a9ce989cb420e2092fe0d13ce,1776326400.0,down,0,0.7448906763130911,1
0xea208492dc0926914bae3c238eb012d44c14142cc892844eb19c93167126e000,1776326700.0,down,0,0.4170902361550251,-1
0xb81f58bc0fd9ea64445a04f46353fb7abbd97e970d81ca14eec356adc1454337,1776327000.0,down,0,0.45829015427395087,-1
0x3d67785094b5ae15492431d9d43bfaa31f4954c92e6e2a93dec75ff3b0950539,1776327300.0,up,1,0.9729900444318897,1
0x1df7e565e3691343d599cb59ca65eaa1c718e22f712fcfea8482e40d436d5fd9,1776327600.0,up,1,0.9144402389174708,1
0xce7573a14488f5d9b1887696a004d8bf08d6c5942dbb03882ada889a780e83df,1776327900.0,up,1,0.20983123178001906,0
0x79ce9c6f6a962a6b880a8c1ba2cf5a995371784f791d6ce467dfe58bf2ee4956,1776328200.0,up,1,0.6322399159702289,-1
0x5ef14098dce9dea44cf8320536a454bae87606e82c561dd8d6f3836ea32f8b77,1776328500.0,down,0,0.20829479044566016,0
0x007fe52f1c16545c49926f6b7a9406863127f7362db71bfdfd7148a5afd04d31,1776328800.0,up,1,0.17776670706340927,0
0xc6d0759442ed65ee7205a95e1a4a6b68c3c23c58e6330967177bc6df5caa4f94,1776329100.0,up,1,0.7926230085445446,1
0x055e0d7e7409aae20b2ebb67b4775b04850614c922adff441969c0af73db48b9,1776329400.0,down,0,0.15028541259768813,0
0x5433bf0498ed66f8379beeb66837fac83e23d5934c7f1226ad87184710e28f14,1776329700.0,down,0,0.8080936725665194,1
0x958b373082d28664aae4a355905f3e73f7146d694beb7b4e484e5ebfb3af7a55,1776330000.0,up,1,0.24409740145885278,0
0x9b2477e5decc6ebdaaf4b8d119d09a8f408600d0cce0af9039b5ec235f5177e1,1776330300.0,down,0,0.24723516392635392,0
0xd7c42e89332e5369e6dc3f5d32f85c9b70e684f963afa7a3e2a23750882fd135,1776330600.0,up,1,0.5402614784435336,-1
0x427f44181d1e91035d7e27f20b8afb65b71a9eae143512e23daf0bf9f6f3531b,1776330900.0,up,1,0.9106878297445408,1
0x3a29589f3b0a80aef2f73d1464d7e8e99378bf573ed9f5efaa5bbc034466fa9e,1776331200.0,up,1,0.6960086986874667,1
0xfa5f63994d874f4b69facf5600e20cf67a1152daca83d4944689ea0b5ed98c1e,1776331500.0,down,0,0.6478746254758458,1
0x8472283b9c6e12930dd6e2f432f015b40995f627292d2d9688247bb61e06f188,1776331800.0,down,0,0.5105212078107585,-1
0xaf39bea7f64cab390247d4ac5838a17d56a59386c51845a14b49911efd6672b5,1776332100.0,up,1,0.6302320029218113,-1
0x1a1a2533fb97556248ea049cd292fcad87d8742b3dbf1c755fb3c85c33daa372,1776332400.0,down,0,0.15052135131162797,0
0x84beef5018fd995550475744d14d977b3d25af8fe0ad2a7a80325e4a2ff2e583,1776332700.0,down,0,0.8067607553029844,1
0x89fd5d09302b0b097c5b27ccd602db95e308eb17a3323f9487393f6b8149f3c2,1776333000.0,up,1,0.3110394563183303,0
0x94d619a333643cbe5267ed0ca10e78bb030c232f3ae086745e557b7fc636c7d5,1776333300.0,down,0,0.544992556720506,-1
0x2079b3cb5c4d2317169488ef20bfe22990140c629e73b70494b1c8caf3348da6,1776333600.0,down,0,0.8707114677243397,1
0x8ecb63e5bde4781b9f9798aec545cef85766de6298eeb84eb6d9cfe3f0210385,1776333900.0,down,0,0.0783023026722449,0
0x2cd7d510e7eb736fe3c7f0ef6184dc1508fb9f5f253c553242434e03d9b04519,1776334200.0,down,0,0.11397078578163294,0
0xbb31040e3e4eb673c1b567fd99b914de37ab0eb5ed0736143cf1024d1350ee64,1776334500.0,down,0,0.5765306406112777,-1
0x887c4bfd21ee0f436f2cb3e88c1dd030476f9bb50927046ec3f52bf5d9b77cde,1776334800.0,up,1,0.9017088499146168,1
0xb29f82db8cbee0ed08882a98c819395db3faa9e62882821e0e5f7a559742e3f1,1776335100.0,up,1,0.8665406890887196,1
0x6be72baa77320815ba6e796e376978da15fcf68169df9433c9f66328a06ed779,1776335400.0,up,1,0.6868405040946763,1
0x005c2f6680f16f9f47f6d5cad1e565fbf8fa51919ce7371363ea275b7329317d,1776335700.0,down,0,0.20846306578399781,0
0xf069d753980eabc4eea3812f9b2dbf67bdc612bfe1ec55c3f50aa01e1dfc39dd,1776336000.0,down,0,0.23042002800690115,0
0x61f870d991ba5c0fc2bd490200b4f93a5fda4f91002476862c79b439ff4a7bb1,1776336300.0,down,0,0.3264846405740368,0
0x71d2e650e4fe483c82090e81b1a4152474bb6dd520c3464b66720714afad2b34,1776336600.0,up,1,0.8950097707831892,1
0x614773e481f2af1bca92bf6e4346e1ce64df5d193d1189e11d6c7cfb2d98bced,1776336900.0,down,0,0.8366910154705194,1
0xcb9e0cb5ff8a21320e4a3215bd4b544b0299262d24adc0ec5c1f5f1f01d58eb4,1776337200.0,up,1,0.5772521808630754,-1
0x5ccd7d66f0fa3cf0bbd0b18a2fdb8005a4dd545c1785f9e3b4127c67598234c0,1776337500.0,down,0,0.4448511797150076,-1
0x41636187ddcd8d3d87398128cb134022c9d3e7ce0f9818d21b2ea19635688397,1776337800.0,up,1,0.8416351255169948,1
0x9ac88c7a1dd26452526dbaf97d14f7a07cd90d13d6050d0805ea126cdab9fa81,1776338100.0,down,0,0.3545150319712083,-1
0x545c566df16ff5bb9ccd9e14b2e0a579d35ad274c8291aeec1c399e866ec0410,1776338400.0,up,1,0.7482613604824757,1
0x8024b67117dcb366affacd373224df94c7dfd625af5593e2be424560b6bbf870,1776338700.0,up,1,0.7566592083562238,1
0xb9f2192bf9ff6a8c5cd3e304f5d328a1e0499c7704c56e4b7e4f60b1f4b24308,1776339000.0,up,1,0.3808468006861369,-1
0x059ab5c32d2fe75a20be0f8814e2b804c50d7c99e59e383aaca608f4bddce95d,1776339300.0,down,0,0.5041879444477966,-1
0x462de5cfa730778d056d5b2a4f89681912a8fc6a5ad15db1a957502202293e82,1776339600.0,up,1,0.3617383980397878,-1
0x71e16fac557a3f023df31d17848020c68e7bab2a94b14db132f9a48f4045a485,1776339900.0,up,1,0.6101841635725517,-1
0x31b2d69cfffe96ac689e1b607da6064b7ed4db2916725671c25fde0caa61390d,1776340200.0,up,1,0.6709735686860273,1
0x8277243a6a3855621d87182198d643efb1d15a62cb3e4e319c9595272c37d80a,1776340500.0,up,1,0.3865210089706993,-1
0x2c4dfdf0f70e7e96b7f1ca3d0fe102d6c12ab52e10e515225df58ea8d0446d36,1776340800.0,up,1,0.9593741408732124,1
0x473af43a1d13ab951ff934ef4a7193166d6b5394c9a92e765701bfcb00585024,1776341100.0,down,0,0.10556508382866664,0
0x137ad4c0cce7fd9268650e8cab9df2348f95653406005e9cea680428696c8eec,1776341400.0,up,1,0.9974748970288319,1
0x065c29a72c23b4160bfe59d2d9c9d03291cbc97bf6cf5277283cc9d0ebb0f28f,1776341700.0,up,1,0.3215491422343075,0
0x11b592cf558c57467e1fe63b072d9cfcf3339e536963ce0262270e9a11fd18b9,1776342000.0,down,0,0.21380461330734768,0
0x7644c19e9d5bcf241920d886a5ec5efe12a29c42d15c68993c6e3393e92031e9,1776342300.0,up,1,0.7915344539162689,1
0xb3e0ff9a752a4af3ebf3525501aa6c974748335deb23737566cd6e28287d5f06,1776342600.0,up,1,0.3241509824784906,0
0x76a2192ac2dc035799c85183e32dde89057d90a3949ffcf74869b739c0db1980,1776342900.0,down,0,0.24084566323953688,0
0x3b3ba01fc9146e801a7ae8194cd6aab7ffb4ab46e1d1e2a60b0675d26b9f71c9,1776343200.0,up,1,0.1673411225038941,0
0xb22ff1b039ef828f0af1a8adb88f5ba2980775058d1ab072c36ce92dcf8fbe9e,1776343500.0,down,0,0.12092025670425378,0
0xdca22360f2cd2728571455ff8f324d16bd0907ee745876ff4d4c66d3cf2f82f2,1776343800.0,up,1,0.7857799189773557,1
0x119e212d2b2c3934469928eff02d083b1e6896d487ab68d0f1cf83e59d33b76f,1776344100.0,up,1,0.9018152590303476,1
0x51e00874f52580d611446dfa0ad078fb9c6c4e3095d15eca6cd50f86c3f888bf,1776344400.0,up,1,0.8446729768979823,1
0xfc09b4bbb66fc5627d5c4ccac8e96055c04f92c4e5bf713aedb71efdcd35aae7,1776344700.0,up,1,0.8507225611688335,1
0x000f2101423d0d711b4fae6ab5534489cf5b4b2c4407ce660aff6f0a382ba912,1776345000.0,up,1,0.5185990660718651,-1
0x099148ee89918b90ca44103ac4223eedc6dab30fd3685ffa8da2d91d00b46cc8,1776345300.0,up,1,0.5738953156501801,-1
0x05d45bba1e659a372111a01425db85a7326ad2aa7268f3e8077c379497cf1846,1776345600.0,down,0,0.3593406258103122,-1
0x64fed147ba7ad5bd6564014b8f2e08fa1777071e369e88198a63f9adb81705bf,1776345900.0,up,1,0.5406790531717498,-1
0xafc783ca2b8a1788e9b9c9c118b22b650c034c36144d2888f0947283e1235a16,1776346200.0,down,0,0.01580352951505879,0
0x2201f2cdd067b3d4e68bed621ec8aa9b62b2a9345a1d2cfde0bfdc0d5ddc7c4a,1776346500.0,down,0,0.11409840287121233,0
0x4727adc4fd419521dc354f3abcd3f311e22440e9dc320f029a8f4032899f0103,1776346800.0,down,0,0.12593624888374336,0
0x6e17e8768a165ca20475d763f8e44a0cae36ef23d0d5cdc60b8411665ef96b15,1776347100.0,down,0,0.18472236408495243,0
0xd6c2c3010c3bbec5c6e1a2695345758b850cb3c4e8859f5418b522e3b6b01937,1776347400.0,down,0,0.07115065154366806,0
0xc607e7edc070e097f5836d936bf6d37c5014bde78e243f7c1bb2743270e5cbc2,1776347700.0,up,1,0.9787902786844774,1
0x776fe9635fe8f26ea534be9a06a1257eb7d67851cfd30b16eb27ada5441d1b00,1776348000.0,down,0,0.11943792759128585,0
0x6ae192711aee2f32756b13233a823fe0236242c28eb243f0c31fce53768cafb5,1776348300.0,up,1,0.7888678880759603,1
0x76e1a7f039db01c78694f73e0e68b40ab5db9137df5e3f1fe8eb24b2525b9b2e,1776348600.0,down,0,0.23374400733610945,0
0x924d17eb31f6d188690c15708c00956c14c5501574a124dd7c95c330290b56d4,1776348900.0,down,0,0.18855863775179177,0
0xc06078833d60d79713420fffcbd467aac92f2fbdefbc13c8c4835c79cc1aceab,1776349200.0,down,0,0.5720878640550611,-1
0x87285b23df4fb27443b505baf752a707e0db4084386138bbc58794583c211aa8,1776349500.0,up,1,0.442281143961663,-1
0x653d86609b058717a7c3700dcfc8801f68b8cdac98f608c4767b2e482be38391,1776349800.0,up,1,0.6610214382605872,1
0x41e42a15bad3756069451ab8c184c22d2a7910a88f41ca038f0c73a22bc90cba,1776350100.0,down,0,0.45067244547011603,-1
0xc83d50640862671e960e09ab88bb9844cf51c7ca813f3da7e8da447f4e37cf20,1776350400.0,up,1,0.5468646709205645,-1
0x40db7879900f34a76d3c98194849b39894388b109fea71da7a24c6c2ad0bec3b,1776350700.0,up,1,0.7538489429770449,1
0x732a724ae863a932ec03ae3b630b1eac475b93d932796c469dea60b6348079d4,1776351000.0,down,0,0.8675124711427472,1
0x6e08bc86b36dadc973afd335351213ff87dc0ae268af04bc24236121a2d8c96a,1776351300.0,down,0,0.12170181539766707,0
0x92a24d2eaf9425a38f7868a2970ad9041b95740466d2eb8d9c74ceccef80ddce,1776351600.0,up,1,0.43532327629156803,-1
0x575369417bcf5e2d7777f3b89d3e59f2320166b41e4b3966060d0aff12e82bcf,1776351900.0,up,1,0.769230922766535,1
0xb5f80979a9781d4b248541846f4033a63a0532478dcd6aa44a034527d2793c13,1776352200.0,up,1,0.6539112887767371,1
0xb04f29705e0dfc486bc6c07315af61451995ad0bff5e2ca91b858c7883433744,1776352500.0,down,0,0.08920921083326956,0
0x03bbe294a64e597a74ab432e173141806b220208e7b356f292f395028071268f,1776352800.0,up,1,0.8883284825302643,1
0xbdb6cfd1da8a442aa8d952da7313706f0dcd795b9f72cce930644e117f496cd7,1776353100.0,down,0,0.34951386210423213,-1
0x80f868939d393ce4d642f53486a177371eda114a00088b920a3b36daeb76db52,1776353400.0,up,1,0.5229872826466635,-1
0x05419dcd1379a560d4f446c4ce52adfdf6356ea0f3a9b5d3681e31f20b9f8a04,1776353700.0,up,1,0.541846688880457,-1
0x2b91c27e19475fa9c90d6b9b3ed12d457e56838dc695438f3409f67a4776e027,1776354000.0,down,0,0.22000865524482743,0
0x0b5a13c7ebf945469766c5816ffc9a03389dfb6247a27337436e7ff6c979c58f,1776354300.0,down,0,0.4679015752935204,-1
0x8a5f948efef5f0f553e47342846554831769531d16869bb553d89d9c51993e56,1776354600.0,up,1,0.7064184210726897,1
0x94eaea360acd1aefb52b754a46f154b9d78142381a69b8b99f58ac409e046c6d,1776354900.0,up,1,0.7796509408440508,1
0xcfbead6e6156d66ca44cf2cca0783775e76bab39ec18fdbc7f3fe443002d8429,1776355200.0,up,1,0.6960079007829936,1
0x8b98bcd13b61cef502042f6af3f1eff578e890ea541c80988a8cd15f41fbe08d,1776355500.0,down,0,0.39589832844595135,-1
0x913a939bdf731b34787ef7049f45cb7f17bcaad3d179967fbe739843d0477f37,1776355800.0,down,0,0.2635446803544502,0
0x2a610abb9e8f000b89cce856f3021ca8427a2d1c92ab24432f0e63e2bcbc0dd0,1776356100.0,up,1,0.8406316530010485,1
0xd174c00802cc7865c5edcef930da87b72e21966b701b7099ece18d583f27b379,1776356400.0,down,0,0.1448527548087452,0
0x1395611d0c841aa667433d69115c2eec748f28f5e2b2e662ab85f285bc1ec202,1776356700.0,down,0,0.5252201262921423,-1
0xd54cda30ece7b881665f0461e42fdc05155c12289e5bf68111742cce8436993e,1776357000.0,down,0,0.44158819176497627,-1
0x5e2237fb2ae3eac8bfbe3c7c9053db1b156157a19a46fc23239292085b6e1526,1776357300.0,up,1,0.8062299181228556,1
0x1ea109056f2e006f397bb88e23f54a7fca61b5e6855ac9d0592e4101d9ae4eab,1776357600.0,down,0,0.13973683682474825,0
0x3012541bde1da1cd9b91e542feb42c5cc01c995100a1904badf7fd85c6911d46,1776357900.0,down,0,0.6434022018703164,-1
0x89608e5633c65bd163a6273c5000ef8809bd3c48a425402a4f88d3d9b7cb59ba,1776358200.0,down,0,0.7336394256852198,1
0x8ddee3e44c829cc0ac400c89d3d22ab818efe8734f46a42d5cfeadbeaf1a19e1,1776358500.0,up,1,0.7683394865146019,1
0x435094f3c09040be5516cd89807102c891bde46d85a5219d8da02f22c403d516,1776358800.0,down,0,0.26980493747106804,0
0x9084d9b802082d172dc9ac28ec4f35bf477601a5f6bed44ff5c1620333e3758d,1776359100.0,down,0,0.1910739331804844,0
0x239e6ad12c5fedd8c1d84ed7b5ad4ca2665d6236fbacb9d5d0e8672626257f35,1776359400.0,down,0,0.7234828929833297,1
0xf101df5f69bb1ffc502252fb8968a20da5df3ca222976c0f6ccb8f27472b7708,1776359700.0,up,1,0.7454094299761156,1
0x457acba0a06d1b909914e52ede5f41d8f0477c4092a15d1b1faa55146847c7db,1776360000.0,up,1,0.5758714698287564,-1
0x7b535ebe46a23add166b247e6372abde90c1cf8714d03328da4381140d379d06,1776360300.0,down,0,0.41838599281927347,-1
0xc03664f3d2dafe708c006f4ca7eff1ac9b08df4f0dfe0529303e42aab2d169f8,1776360600.0,down,0,0.7336857135665761,1
0xa8bf4a1ef8b1157756ecfc5b36e17922385ec332a0d63bf590ed7121e101f81a,1776360900.0,down,0,0.1483576964036285,0
0x051ffa8a76497dfa7d40cfa53e47ca63cef407f64be9d8a31c0484eec874614a,1776361200.0,up,1,0.8466924925335447,1
0x68eee58e87483efd2d7b7d8d8228ae5117df44dffb7a4b429fed87be3c503f0e,1776361500.0,up,1,0.5913462211697174,-1
0x395cf02864f94ce8ac57034b1ae1f40193943100b7046db4cab8804ccd6b8b13,1776361800.0,down,0,0.08812352897301909,0
0xef314c054d362636f0a623c375fe49fecedd897cbc7fa823adc1e48306bafe0e,1776362100.0,up,1,0.16900460165145353,0
0xb51aa9509a80895411a12ea3c90a17e633b1bde60d50bcab8ce3aec0f4fedb02,1776362400.0,up,1,0.87387253680568,1
0x74a3c142c726e65ed6a7dbfa0044e2a91e5c65bef2f01d7dc3d8814c9f86e326,1776362700.0,down,0,0.7781096050833266,1
0xef1bf52d8fba8db3a2f9baf33fc7c12c8a67209c3b031e581a482e292d4c5c79,1776363000.0,up,1,0.8471234145251633,1
0xab059ed17c519d3704e9ae73b4c10a6c45ea73a6a0f3b12e953b1b381efb657e,1776363300.0,up,1,0.6420834101214496,-1
0xbfdeeb6a1b48b623112377336786bd9f75df6f85a6e8a76c1f3debd7bf2b50a0,1776363600.0,down,0,0.5470761102381736,-1
0x10f854b4cf6cb438425676a7cc012601e54571c821c0763945ff9aa39b5a2a0c,1776363900.0,up,1,0.7566759951688233,1
0xe69c5d75553b36109512f125e4f37845e0db56a0d0b766118b41889e32c40967,1776364200.0,up,1,0.5718763237896474,-1
0x2e20285eeaa9a022e014efea0eac7bbb7dc5918a514522b24b848cb39ffc5f08,1776364500.0,up,1,0.6302050856057823,-1
0xbf730bb5be6a9c2a4e3f17fbbe226a6aca1c0e7c7c7b3cb1cc6f6e66f89082eb,1776364800.0,up,1,0.8342819097101296,1
0xd294addcb5422e96dd954aac7458401c9486130eba3166132d7678377f4d787e,1776365100.0,up,1,0.9540963888170039,1
0x2255fbe0b41cd2422a296967ca5f9a3c87d9d7ebcf1e07919a535e51ac44b938,1776365400.0,up,1,0.8977182623766613,1
0x101cd8b0935b172b9939028270efc8efc3a936d51ad857e880d8cfa8d5b90b12,1776365700.0,up,1,0.7614219884781506,1
0xc04704964f48ddef7fd36107cc3f0c12ab7fbc09cda928d81b93f861bd8de1fb,1776366000.0,down,0,0.20066039366114635,0
0x1fe95eac7334b98bb0eeb253eafe3ff03778da1e3d8882d4f3351ba56628d5f4,1776366300.0,down,0,0.1618603601310397,0
0xcf677ca0cc2c578f2f4806a197b2d620081de800bfa44dad83ffd3ae72e2db22,1776366600.0,down,0,0.21024564312689115,0
0x0c91d78f49870d2f0c7914156892161535cf1d8195454156ecd8365b0466e72b,1776366900.0,up,1,0.353787732237286,-1
0xbf3cd7f7021103e2a6542ec319b98017799911f70de23a06c6f1293c38f5341b,1776367200.0,up,1,0.4763551358359588,-1
0x2ab215dcff603d7da3e6221f7c8eb7685bd5f45f0f900bda0e5f02f1467762d2,1776367500.0,up,1,0.09532204422709938,0
0xa3238193f6b91d282c1993b3e6abca2b7bc5b3a06f625be2730d641efeb17cd5,1776367800.0,down,0,0.6458552642469485,1
0xbf9e0d79f1b5c8a09b19b1b086bb92c97ee05f080ac44a0993a37dc89d62f424,1776368100.0,up,1,0.8921841334282069,1
0xedf7dfdb882cd93769f0e7389429c6604398230c4f3cae7a0cd88160f5176c04,1776368400.0,up,1,0.8451523937618487,1
0x21f3d2e151e67f70589ebc46a330501146b57649a74e5d945b39063d72ee9f3d,1776368700.0,up,1,0.7493076100280951,1
0x724e01ba0fa072aa4290f77f0505026e299d0c15c48de5a36c90318843404a46,1776369000.0,up,1,0.49731381976346467,-1
0xd76500a18f6c774713341d14c171b0da3d9c548d162568b44e6ec0e71b4883f2,1776369300.0,down,0,0.4470349170887433,-1
0xc8cb6159dec413767d53d885d7a917e6a7ac28482a5a9a31f67e3a6f56bb0e94,1776369600.0,down,0,0.6557309304153578,1
0x73d2496762424e21c158aa1274ea87d99b9e4ef557c9750985fe7d61b239fb67,1776369900.0,down,0,0.4167982801372839,-1
0x6d5b9c3a9b9b0dee2c08cdfcccf963ffde11ad55f798b26f02eff209734c47a6,1776370200.0,up,1,0.9190036785323981,1
0x0a98dee886453736d31e4cfa8b2675846784fcaece84cd6d2416240bacbc555a,1776370500.0,down,0,0.13259225108863112,0
0x7e1ee13e5035f06d0979d07d99497c2e4f8cb0a3af7179e88929f7025344bd68,1776370800.0,down,0,0.05183327423011615,0
0xa99dd7c56ca9da9064bdec62f2ce43f4a558988b8a695c8ff2385816dcb9e0d9,1776371100.0,down,0,0.1843938854204871,0
0xa40ac36800fecb6be46520dc3e34c26dba7696bd74f331559f554f761dddea89,1776371400.0,down,0,0.1536727733969548,0
0x8cdd50917ebe1dd078a12c0cfc08d1c912c7e49e4883e33768812b79d59038f3,1776371700.0,down,0,0.43909815812830805,-1
0xe46b1dba1f68da77260955ad4ad5b6c5928684c7c8b196df4a4274f199250c2b,1776372000.0,up,1,0.8373269830509005,1
0x025b2cc582ec28ad34bcdd21125f9400dd731a9d43f225e8b0782c74eda9c417,1776372300.0,up,1,0.6725780270591174,1
0x74b718196040d3cde028882b01dff6b6e75d988e05605c7fdd9d9f92b6f12e69,1776372600.0,up,1,0.7874483752077684,1
0xc80a6a5fac3936ff54dd4c4936310ae827ceb7e79ce4c09137df23d535d53702,1776372900.0,up,1,0.6050946887470287,-1
0x320bcf3ce4cf03ec66b119ba18bac7ae296f445f5faae6794324784ec185439a,1776373200.0,down,0,0.41225588779542327,-1
0x6be297586b60cb68a54425c42e749d386ba58e30df2bd2b0865b5dfb28b11b32,1776373500.0,up,1,0.45007758074389315,-1
0xeee444851617ae1c8bcc290ba55e7a938a1a16b5f4764ee9f974e3a37303b867,1776373800.0,down,0,0.5826737715051634,-1
0x46f5ae1041f225c83c508d58f506f1743cf898fd7091ab570fe1532642ec8855,1776374100.0,down,0,0.17178794363773078,0
0x3702a3be1c93039bfac00b5058c99a9e9579f267f6ea382fe4f75e7368ca8e46,1776374400.0,down,0,0.014272037634106628,0
0x1cae371acfa66d31c613a7034c3ed00a862935c270324465d8e7c500d9609143,1776374700.0,up,1,0.8295780907146971,1
0xbc515c5b686f3cff047b2b91f08d15c16fbaa2df59fff73f0273752967a127de,1776375000.0,up,1,0.3398256075108249,0
0x40492a1ff7f167c8ff659d1cfbf8c61674f2ce1c8c75975ad5936ff56138a226,1776375300.0,down,0,0.2584648970207399,0
0x0a533f7b3e613e817cfbd29f5cb048cf59b3f502c9b164493a8364b6b4deb46d,1776375600.0,down,0,0.6652796217322995,1
0xcc718d2d6b99bbb0d696a7e104f840586b07083e863d820c9672543541128675,1776375900.0,up,1,0.7074540967526787,1
0xdeaf2c65f2787cd7997717d2ad5cf0a5859dad1fe343f71ecc50a73cd7a2963d,1776376200.0,down,0,0.31943026155262344,0
0x9e37cb25b94912cdf26ff9d62f42ba5b8df38f7f9d4e91040fc33415c8088262,1776376500.0,down,0,0.46847583524835956,-1
0x202713143423845fb7274bc8a6b7203b1e3702f7d82198d52a6382b190837c4a,1776376800.0,up,1,0.989162244153001,1
0x4557fba4aed242d51cfdb61eb65361e7058a94614e2f171e844fe85ef111ff55,1776377100.0,down,0,0.8123806752108645,1
0x45e163375576bc7cd766f30c47edb553c970e2e38acb3242cd365461ad08a57e,1776377400.0,down,0,0.7622232873875202,1
0x11e1d53861f1a5da72dcabdea368c22b0f2f8af25dd329e3d58b80c7ceec0d78,1776377700.0,down,0,0.1979596414024175,0
0xd8f5b28a448df365d50201c33fc80e57e119c676b17c3b08423afe4279ae72fd,1776378000.0,down,0,0.46550083497533373,-1
0xc71e3cc8494b91acb7153eb03dc70ef9ee32a6fd0fc55fb0dd44363ade32c75b,1776378300.0,up,1,0.8285809896465705,1
0xc8f84a7b1abe9249a55ce4b54d71453724b3e267850955b259447021b3506722,1776378600.0,up,1,0.698742855999377,1
0xf531c20f6442db37023faee8877753802f28e40cced11fc345a151a325b24c98,1776378900.0,down,0,0.6127264810160082,-1
0x5777b5d72c8b54cceffd7201258ebbae57b5e45ccf64f35c449a43badb672138,1776379200.0,up,1,0.6832295913090431,1
0x2d964908d0fe24cd914f141fbf64dc809643d3c9ef28ffd05b219af592e550c7,1776379500.0,up,1,0.7568778799627317,1
0x93022d454391af5a0f82e87c1afc8be1200292ab756c6f71cc772876b54e0206,1776379800.0,down,0,0.1955392793563997,0
0xdecd32198b1c6252913feba680eae2800097dba3d5466845bcab669a9143e0aa,1776380400.0,up,1,0.7528653289667608,1
0x43ba157f71be2610cccbf54ae27d00be953062b320584d37dc1f0c527c01243a,1776380700.0,up,1,0.6583135340610846,1
0x25c705c0be52d39dde26f501ff5eee86c6a81513ffcf87d75294100988d0e3f1,1776381000.0,down,0,0.7336277533097996,1
0x6f6c6ea715d8456d02061e649f1c025a82df71a278207fc5dc19953967902619,1776381300.0,down,0,0.1085661221221386,0
0x3be9dd10f3b58f28bb6e36c9112b64814c46a66d68964ee4a1af5442978e8767,1776381600.0,up,1,0.8800616238252967,1
0x9df15bc987ab967fb0addf9e937595298eda382cbb1b00fb951025ae166caea8,1776381900.0,down,0,0.2088915217311309,0
0xe9925af34fc142b639569404ca81f376a6e96beb86e01f7d066a5b5ad4d67085,1776382200.0,up,1,0.7410548017432953,1
0x58341d431d9cd41985e2326753d926133acb2a444e3bb0fe4a038573a68e260a,1776382800.0,down,0,0.3594175422252027,-1
0xa20bee0d8a822526f096189d4498dd0be8d8bf4fbe27ff6ed760da6f7256f983,1776383100.0,down,0,0.1911552475109642,0
0x94a956dc9d98f206790ab9ad84b79e9c11595add33a732e0e96b67c8f80e02f9,1776383400.0,down,0,0.5041881754930914,-1
0x781ea7af2a0cf646e8310daaf9f4d8956d44b3422373be04af02b7d388aab19c,1776383700.0,up,1,0.7321607004779658,1
0x221302875e46a75b63fa9c473ba880203dc50a8d2fe62a35e47fb301681fc0da,1776384000.0,down,0,0.11539800985430324,0
0xb9d58c09d761263533f5dc21dedaa8470519b8089abd1592001925a551b6d021,1776384300.0,down,0,0.08015684736178201,0
0x5260f3f00605aeddebbfb26f41c1674666477f1363d92972e2661787f4d62394,1776384600.0,down,0,0.7113074881918336,1
0xa60023d28cf750caae2f4629fe719da48fe21eb747be8d909f89886a1c33a4bd,1776384900.0,up,1,0.5745471605855638,-1
0x74f62fa329447ac968e65f27e47260f08ea72a2df2869b8dc82c9aa1c04cd05d,1776385200.0,down,0,0.4522068884919623,-1
0x341986adde696773217595d8b0c285ef59cf99582fbbcc8f141ee37d8336522b,1776385500.0,up,1,0.8153209815840905,1
0x3a36364fff3a79b999ef3cf9dbcfe60afa97cd88dcff45d1d7aefe421ef021e3,1776385800.0,up,1,0.8852067033730406,1
0x91aa7276bef9ff2cb5518c92991bfa751d5517ae165fc6a67429f15547fba684,1776386100.0,down,0,0.2610835186065633,0
0x378fc16d6fdae2cf0c722d5cffa880a53f0fba01b2f14737808c4a94c09173ec,1776386400.0,down,0,0.5224504469559723,-1
0x25225a58c9e6ce8f6a04878e2d162d1887b68c42fca1b5264288616ada0c15ec,1776386700.0,up,1,0.503907531460648,-1
0xaf6f0b516fb2553be7342c837fc18f09c94b027c4b9427a148e19a0fca1a4678,1776387000.0,down,0,0.17276357278674823,0
0xe3ed9cacd2c9293a92abde294e84f794ac54f3803e2f3d920a511fb25bf36ee6,1776387300.0,down,0,0.48107414081071215,-1
0x9d0f99c731441aa8f82878b8b58eb3572931a6ed748e89ac334a8c574bdaa332,1776387600.0,down,0,0.27760362757005236,0
0xa5aead0ff87a1e5915553b9de5eb4e83ae582c53b4ed8ec21a108cdb608ea8cb,1776387900.0,up,1,0.8180813275905005,1
0x1035e76e016ee886b939ca10082ea8b07d37bf93d0c3d9863496e61ce7d5e2c0,1776388200.0,down,0,0.06482622618329094,0
0x65a7d8559468abaafa7c48ba731f6e556ba8dc478f298e2bfa3ecaac288ad4fd,1776388500.0,up,1,0.5606821180181009,-1
0xe261a47a6d122e53ff6797c826bc5555b3d40ca75bed40e777ec146bd7108875,1776388800.0,down,0,0.06380112779144315,0
0xc6e7d195b2069f1712d2f37ca5531508e5f4e060924f4e0b81dc9cc2cca969ba,1776389100.0,up,1,0.8614545992662928,1
0x57fa403b19f0ad658ea33ea289a169052aced7c73b14677d03b5b5fc05d7badf,1776389400.0,down,0,0.2879075538606897,0
0x3a2b0bacc1d69efb1ab4169ba4c3d72afab184d755d790089b88b723a2e68bb5,1776389700.0,up,1,0.5998600893299147,-1
0x2bbcf0d74fb8fe7bfba3cf6a982f7467941abd9a69749e08fcb67bd157fe17d6,1776390000.0,down,0,0.07334232901735036,0
0xc31a393ba3f2fb5fd61443deb079720a470cef3aeee16e608b2f7ef025fa469a,1776390300.0,down,0,0.46505592958751135,-1
0x565f4240fc67f30fe007bcce0f047a1b4bc5dd469022df1a1d8768e57691f958,1776390600.0,down,0,0.6303984382947618,-1
0xa79326f77f0b24d6cea3d5206cfb82b9cbe7f2a9030683b6c4347312bf82bdd3,1776390900.0,up,1,0.9997230894774329,1
0x52790547e0044828100124da1c9ac11c794d781f2e72bacdbf3ca037df022991,1776391200.0,up,1,0.21702447796226418,0
0xb5bb4c97d8db5c5ee21fbe8d213f0cf887c275bd7e69cf28739eaf5b0710b97e,1776391500.0,down,0,0.27643141049857267,0
0xa4662f7d1d35b2e9927943be0b635ce48186cd13e00a29ece1555726058b97ec,1776391800.0,up,1,0.735603028636517,1
0xb1826d3e3d5cc6428f53e1cb084df870ffd5a2c9844f1b7da96031f3418de6c4,1776392100.0,down,0,0.20092043873981394,0
0xf70e8e905084b4b375ab8bf1f4dc338b4d039de1c7b043723be2cd23b1f35ecc,1776392400.0,up,1,0.4330334981474184,-1
0xa0fe18c7f8a183b3734c5389535ccc59c0272e95d5aa5920b0d6e3405457649d,1776392700.0,down,0,0.6053116229516419,-1
0x40e4e3c747de8b8a57d08ae45590d2563af769f7407e889ba48ac0fc4d969d94,1776393000.0,up,1,0.817860373339395,1
0x0b7cf23c2ef8428da0f29795b2f30586bc715e73badd488741dd5fc031f68b83,1776393300.0,up,1,0.6991084590138419,1
0x6e7e4a0c4958dd74b13ae6312178d35cfa6c0f84a058c8098b631271e7dfbdf8,1776393600.0,down,0,0.5716924436839372,-1
0xb703f30021b042ab90058bd3bc7e81be634c6bab2cb24d770988ea94aaac20b6,1776393900.0,down,0,0.679506066325075,1
0xe7b674974da6fc832d436b6eb052b1988d1b23d43ef6cc7d1e54ab79b6a80ceb,1776394200.0,up,1,0.5698148582900938,-1
0x90a9352fed42af356e6e9d870e29a97f4be7f3f6326f3bc07d23b036cd5abf30,1776394500.0,up,1,0.7771079193922208,1
0xf0dcbb6133b9d4a9252f59224a7c41b576c80ba3b46a739a61759712e1caefd7,1776394800.0,down,0,0.4096367598703778,-1
0x93bfb89bc99e5913e4c62c62c71c91416c4463e89d6cde692b96b52dc974891e,1776395100.0,down,0,0.5441446500120463,-1
0xfa96681ff540b07aa873e4c89f3042cdef7a4f29072414627c7e1bf322cf4524,1776395400.0,up,1,0.7747365726902552,1
0x037ed73ac96f9dea86c257398a539dd4aa0033b11ef5054b9f8ed590b6d2d9bb,1776395700.0,up,1,0.8370629234401984,1
0xd098b1b16f0bf1b8508ef1b90b871b589c97efe423a966596821d9086b0c9449,1776396000.0,up,1,0.3705144118703501,-1
0xfe3a0286defba59de333ffb39d64e9eae0faf10ad5734e4215115cc443f85e34,1776396300.0,up,1,0.8374205391088647,1
0x685a479b23099936820be0327b6c92787fad7d7c3c33fbc1258e1c52d4160fae,1776396600.0,up,1,0.9279720284344959,1
0xcc038e132702db3bd2e2b22d80b25f81d1502d550d58703abb4d249d2dfd59de,1776396900.0,up,1,0.8036135731133894,1
0x451a22902ba2458fb7341dd38e661b23f44ab7ee548465710ac740ab24d55ddc,1776397200.0,down,0,0.028142925469815762,0
0x60390779921e697d263971a2d80ce942570ccc8bdccc4b1e51a80c1d3ff9afff,1776397500.0,down,0,0.7390762319068553,1
0xfe1915c61ec33577f194825caa1264e0ea84b813e563e0a307a06bf33b191047,1776397800.0,down,0,0.48562546472742324,-1
0x10e8ea72f5e4396a385fa8891aa3a5ed43031f98903c1f2d39ec03b6f6faf071,1776398100.0,down,0,0.2718171563029149,0
0x31a08482a87df91d548bb2dc8ae38a20fd815470e4b664259c5b1c8b4bcf4ce4,1776398400.0,up,1,0.5942641868432702,-1
0xf8dea31e616c5b91cea2159fd1eabb60cf22e6ee0d2118c1b4d37291d4786034,1776398700.0,up,1,0.7504171274311942,1
0x227217395e377df082ba4ebf9b0c2b6a6b98a1f6dacdcaadc403075fce0eaabe,1776399000.0,up,1,0.45833232397731233,-1
0xf19b38ea4cab1761917a3ca71172a961920e98d3627913924800cd906105a0a5,1776399300.0,up,1,0.4851450158742706,-1
0x41ce74e975c2d791765a1009f240099ea6d3126b3e00ea4c570e945211037063,1776399600.0,down,0,0.22659690323457782,0
0x128c75f6e3b88e40d3be4bf23bd635f1712223c1acad33b13747ace283cfabc0,1776399900.0,up,1,0.4483022243166989,-1
0x89e2edc5cbc4d066a65c24c318557ea8a08c2a937bbfc687e61279ffa1ff040a,1776400200.0,up,1,0.6865375510024575,1
0x3a20ace774ba8e8dab8021e29e54175fe243a8bea83ee2662c7cee34c9b166df,1776400500.0,down,0,0.38860328322151316,-1
0x6003254904838765cb06087da2851ac9c2b06d9ecd5c4e723b22ab124d058081,1776400800.0,up,1,0.689969191366588,1
0xa170e5e4d1c2ba2e3f939333440c723728214851a37eeb18f8e3b2baf633a4db,1776401100.0,down,0,0.5935866113973179,-1
0xb21fed44499d5bd160c8bb36b2641d67edde5f687c6d5b8b123843067257ceef,1776401400.0,up,1,0.8176901212284086,1
0xa43d7103bc6e0636e1cf102da8edaa17b259e74296f0088ce5cf30ea9a465f09,1776401700.0,up,1,0.550616420025382,-1
0xba7a875e186445c06f4efa55b099646000a003c8521a867f46fd643dc231d9d3,1776402000.0,down,0,0.4830396578517207,-1
0xe17de1727f4e7d588886c5ba7b81c68c2fe21d2a193cd637faed29411ca9b40e,1776402300.0,down,0,0.37275673932594083,-1
0x123376a0ef2932628c40762fbafb627dfc8b41f4e7085aff4765b4046b0502bd,1776402600.0,up,1,0.34151722137260176,0
0x2445fe3edcabdbf892337d46dde2dd5cb0a05533cad37e4d016bd4183d1f6c46,1776402900.0,up,1,0.7117177751612858,1
0x349c36b58e964909ade7d766cede5f3175a846b73870c2445912cb0b38120aa4,1776403200.0,up,1,0.871462201379333,1
0xfaf197d80407902c7b793f28cec643bb846fc38e42709785577f003cb26b8a2d,1776403500.0,down,0,0.15517231473268267,0
0x8ef62d25085524cac2553a9a21937ac942a927a28ddb03e307447f90a4cb4fad,1776403800.0,up,1,0.3517151753744913,-1
0x0999f2d14ab05a1d0204f9f68f8c0fe2dce8220a4d9c92f25a83113de95f0720,1776404100.0,down,0,0.5177093227195299,-1
0x77e37e4aa27726ec5f43698421ec41f72e5bea5aaef3de9ab1760ce50b2dc1bf,1776404400.0,up,1,0.7209968505796305,1
0x92d78b0b085cf752052ca356c77766f8d59dd0bd389a3918f0dde69a63080693,1776404700.0,up,1,0.4154444008221123,-1
0x4dbfdf7931c433a5af6710cce726240639c0429038a6d6e2a26ba0bb58f40d2f,1776405000.0,up,1,0.5657898873331231,-1
0x67af812f588c510e044a412390d7d108973f026369bb02f1206348448a7979ed,1776405300.0,down,0,0.22158236630041675,0
0xd70479ee8c2ba7779d84412c1b3a897a906cf5231bbe05144f8d1e8d2e4ce32f,1776405600.0,up,1,0.5526658494266599,-1
0x08fc683cd37492bbf0e403a8f568e8f7cad74d0aabffec7b18eaa63c933f5abc,1776405900.0,down,0,0.8277569184417884,1
0x3646c14568250dc9a4ae0b526dee63c8470e7ec4b724195b2effe65a3e0fadd4,1776406200.0,up,1,0.9719142465239701,1
0xb68c5eb6bddd9da0ff9ad68001265b21eecad4fa13495fb10283a5c1dcc53417,1776406500.0,down,0,0.8134425123692653,1
0xb3132b880a6d6bc71a92b281533eae59bff2adf3b3414b2ef942f1ffe01ef70f,1776406800.0,up,1,0.8924269332123277,1
0xb53f3b801613ff966de73d5b1f023d2357593cb4ec065ea21bb33fb0b7cc8289,1776407100.0,up,1,0.19527396313011564,0
0xc1420fa251ec3098d06775ce3542cf629656c6b720a6536e168f3ec333cbd360,1776407400.0,up,1,0.35959429225315265,-1
0xcb88dabdcb087575af20026732a1643978c516551821b97e344e0e94a30e193b,1776407700.0,up,1,0.2123368217131488,0
0x0769d8d4742ea3bdedadeb8006970a99eb989ebff5990d8fb62ac1b98b589e41,1776408000.0,up,1,0.3143881248043776,0
0x343fac6c575af4400f9286a041a49cb0d3429cda25b9b6f6922dfa010d833f2c,1776408300.0,up,1,0.37511818158464766,-1
0xbef8edb2dbe71afa5abba7948309f0d01136d71b817567da1932c09d66b9eed3,1776408600.0,up,1,0.8713104671206992,1
0xbd4ea6c5d0267ad4e0a30b36ffd924a364936b77343b7e4350d7ced9253d3d9c,1776408900.0,up,1,0.324207550573289,0
0xc3094d5643f83355352d68ae8e78c69c2ac6687881e383696822319b228bdcea,1776409200.0,up,1,0.8459293294925422,1
0xd78d1f6ed369ed82505260f1a58e402983e2724ac3aad8eadc9f4eb42f22fbbe,1776409500.0,up,1,0.7328671504835308,1
0x1145d4a2032a238ecdee25007635ca627500f0e3561125627417b9768737932e,1776409800.0,down,0,0.2147641554040411,0
0x3b12d8e7d1862052691b954bebcf4f431fff9167d91ce22f12db76530a991f8e,1776410100.0,down,0,0.16895911254752294,0
0x5f43a2f10174c722805179b21e8ee1ee9561f0ab8014a106e3a3fe4843a35241,1776410400.0,down,0,0.12787540832921068,0
0x6ede0d9e08d2ee67d2d853363b889d1456e56fcd1d4558bd98928b807f1aa010,1776410700.0,up,1,0.6514775771251737,1
0xfc7ca10a54b0ae35ba252d0029815ddd32f0a7ca5d064b1d462fd6de2e35b32d,1776411000.0,up,1,0.4773251964263616,-1
0xaec0af579a2b8843e3f6f31d255d833e945126acbb1661b39a724f100c1ed996,1776411300.0,down,0,0.4931269380335728,-1
0x83a710891cb4691acffca184c2f8e9eb0472ee953c929dcde969f5095435a927,1776411600.0,up,1,0.25268375935841764,0
0x5245f7eb8475f14167c265c7215307762a2f9dfed5ebd5db3f675aef7fdd8dbf,1776411900.0,down,0,0.7315027435894588,1
0x92aca25e6877df4ca4a5b8cf6a9a7767de576eb435e2011e729953118f9c69da,1776412200.0,up,1,0.5702890590002988,-1
0xe154021d89a56d7532659623ad0e4c250def8f44032b69fa9b1407a40382023f,1776412500.0,up,1,0.1696955842334093,0
0x9c89d993af389764217a7300cae58914390e4e3bc3d35db605f6c32174e2232e,1776412800.0,up,1,0.27977257779714043,0
0x61366c5fde741a7fa2d1b6511b3d29cd9c346dd1ba74a8d335aa75ddf689a734,1776413100.0,up,1,0.33694316410084757,0
0x27e8bc599c9d873263aa60705a5648c8b6687d28fe2caca20017133f94657d1d,1776413400.0,down,0,0.1874251304847959,0
0xc949807f1b278cfcd5e837e868faa5c39b222c25b8360bdcbb20c206e4167064,1776413700.0,down,0,0.599672106366279,-1
0xfd0804a3b3d051a712de98be2fad4e7de164e56ab6b9d178ddf31e415fd5bb98,1776414000.0,up,1,0.18216765689866998,0
0x47e683c748da49486338ff0f31d4f84aad6798cad018cc5d2c8e3700aa21ed52,1776414300.0,up,1,0.8134540016785902,1
0xee4bd1e9766668b0bc181c801a31582d978a4ea443d7b278a6ff24088c5a9b2f,1776414600.0,up,1,0.9031614501839401,1
0x23aa7ba818ca304fd867aea95f109644332f174525fde0cc2d50ff161fbddf6c,1776414900.0,down,0,0.09141551679804945,0
0xb56bbed2f9f79f81d0511b3570d9d21072465b00c7e9b021ae44bb73cf1c06c9,1776415200.0,up,1,0.8186787290639331,1
0x68ca3af9c15d50d497b51696b3c20437c022ea85f5ec19716024855567a9ac98,1776415500.0,up,1,0.1382224011490338,0
0x47ea1c35794fc60863fca445a2ee01e6cde642fc719d8883892931220df581ff,1776415800.0,up,1,0.17120547959912766,0
0x2dd9ebf8430328eef10a9c7af9879608231bb314ae3a7a55e4d048a0d9e42a06,1776416100.0,up,1,0.5295552705379314,-1
0x58de10a1dc8c0a0106911f5ac0e3523d5e8be84b7110481214496b9d0c8045cb,1776416400.0,down,0,0.23478504185170745,0
0x601355c650276074892464894261825e962238043c6741ec3191b4fdab6be51c,1776416700.0,up,1,0.6036762248486164,-1
0xefeaa25b82ceeb7ce60d8a2e95d036225f36b3818d413018c07eafcc0741d18b,1776417000.0,up,1,0.8262002880338039,1
0x6ba8150ea1e50cbe74be45dad858ca976eef994338338998cdec12dc3b1d51c4,1776417300.0,down,0,0.7197281956909438,1
0xb5e30f0168a8baef57e63196ee9ca55a8a6d76efae24ace1ea64d1f51efa19dd,1776417600.0,up,1,0.7909055288860382,1
0x7f9b1aa170bc8f2ebe14677eff13daf040acd93a99fb612cb501e2eb6c43b666,1776417900.0,up,1,0.7209589727011033,1
0x29b06de3b2c789a977b2f1529654b51b2e01ffeea94892151a458b9aa9c1b06d,1776418200.0,down,0,0.007222078565593081,0
0xb5603cfa7ff1f975bb3585e723fec6faa31d2a04f0e0f24c866dc8303e3e0ad0,1776418500.0,down,0,0.1309252908267693,0
0x7c10420c02bfd12c0b55b1a9c8829db4374c5f9002e25b73557d48f6d750493f,1776418800.0,up,1,0.8913136714831801,1
0x128b6e434e3813ec29a2fd12340dd561d45b5ee4530470ca7d335ff9c08da881,1776419100.0,up,1,0.227563469602841,0
0x3bd75a455887ae039feb85c2ddf8dc566fd80f9ee8ec7efd99d3ecfec30e719f,1776419400.0,up,1,0.7508610249921429,1
0xf7d3c629c74e20c6babd822a201c8e19a77cfc941435f64f9e79a06fbca950a4,1776419700.0,down,0,0.2894490345500897,0
0x5bdeda7fe8a9b209c53d3b9bee36c17dd6c16910ca2fa75282737736b48d3b42,1776420000.0,up,1,0.6245404557300118,-1
0xd3d231db5d4e7b5b88638fd10664e96eb84276db6420dbf86d3389fe0ba66b6b,1776420300.0,down,0,0.7859888896870557,1
0x6f68cf099ec8f238d3144caba056a7d840af3e8a8050e509db522bb13c754e2d,1776420600.0,down,0,0.14210479747008228,0
0xcc5cd299efb5bada57ce7608fc5ab4ea1ab4d6838570f4a00b87bdc5a1bb1845,1776420900.0,up,1,0.6050595423533434,-1
0x0a8623f3ff65a23485cb944af0acd483fabc6daa36bf6c6af76f08cbec29d64f,1776421200.0,up,1,0.7900528312089693,1
0x1401121303d4f2d0227e6ceb65da86b56bbd3ea4032048fe53d088882bdc176b,1776421500.0,down,0,0.09274569438478322,0
0xf89aa1905883c9d8ce06b336f11d6e85fe9c3e9e9d4abe9439d9736d2863447d,1776421800.0,up,1,0.22949817967388864,0
0x27202edba33b24125f47605cc0f4f81bbac768152e2de98c6b4930010dd94d8a,1776422100.0,down,0,0.5470499267383941,-1
0x8356090ff976c3d8babafcda1dcb907acf122aea16f075dbd4a715a9f0f62e34,1776422400.0,down,0,0.8168280437604767,1
0xc1abc4db1902388bf0d5b05a7cb069f16852b411f60951dfc466553d9a1b9dc1,1776422700.0,up,1,0.5875989186275856,-1
0x9e337108d28da7cd1e3653e06f469e73edfb54f9f896123675231e3db124dad5,1776423000.0,up,1,0.6191905011787089,-1
0x4a1a3591ad7c9c2dfdbfe2a30007f1e13644664674cc0f8daa33801f256acfd0,1776423300.0,down,0,0.5411477584187656,-1
0xa7645e538196516739c3263530849035f6fe3712d020efe4448e5275e39235a0,1776423600.0,up,1,0.49949437764505716,-1
0x41849adeca5574be7fef50e6f56c0619a1ab5bc20b901584c6217dd6082f9ff0,1776423900.0,up,1,0.6455796903788177,1
0x42563462a645ee6fe3817845b8e56ea7d1b48eb25cef18376b21015db0c98aa6,1776424200.0,down,0,0.17564961708086826,0
0xc48e43bdb271e6a398000aff8ff271e3ee1cedb115dc680fb12381e9e23f1717,1776424500.0,up,1,0.8162193966712645,1
0x9b2c41e50653882fde011d4bde8b7bea6e3cb9a1ffcd61b4c98f0cbd0f9f06d0,1776424800.0,up,1,0.7796700904709377,1
0x39ac968e7c3f1664e808c29bdb3618bd6c20cb8f468a7d038cb40702f7cb592e,1776425100.0,up,1,0.7726165144273675,1
0x12f901a8f69c5a099192c2f6e6cdb23f4aa21dc201fdd62d719481607ebfa052,1776425400.0,up,1,0.905415728807105,1
0x0d16b7a2e8eac6fa3c06031f764c51e5b70e1fca04a9c6fe24a6eae4b630b040,1776425700.0,down,0,0.3722424979975391,-1
0x2c5eb4515359591e4930f89598ee3830139de79cabb19e9bbf132b877e44a020,1776426000.0,down,0,0.21666991357890253,0
0xc009a249cd8756fd95b216234bb9d01efaa45049f7c1702dbd5ebe8e0cd9db46,1776426300.0,up,1,0.8056882551203486,1
0x7ecc6262e274dde4a27a4d3d3e56a0c153fc6ac2a67d41e4b0aa27994fa72290,1776426600.0,up,1,0.8799185513282052,1
0x291f8d07c3d874ddc1965d49c5e4d1f34a9fd5714d555ccd0a9feeef25713d77,1776426900.0,up,1,0.2979464694983747,0
0x21b03dac6af143aded9e87290ca4992130ab6ee4869da5a5550444ecdad7bc6d,1776427200.0,down,0,0.4653164126466516,-1
0x07843c418524a13e91ed158ecfbc32fe87b6a8a38d6e91598791fb5b40637340,1776427500.0,up,1,0.763722774771633,1
0xac80dc3beaab283bbea526830018a773679bc876761b6ddb431357983ac900e2,1776427800.0,up,1,0.6906914450028072,1
0x945ff468ab8cc0b840625776680ab43003267d49f147e0570ca6fc69456f1d27,1776428100.0,up,1,0.364039326380633,-1
0xa98c127b12367b2281aa99bea3e226fa21d9cd45e85eb9e46387275841cb6a77,1776428400.0,up,1,0.7103775160003251,1
0x5d713fb5495f3fea5f19ebb56221d854650e36e44774cb150c59ed6e12a2c570,1776428700.0,down,0,0.09361663225530803,0
0x0d61554c6e4b95a4123e254e83f65534ec7e2b3b381ce0b5e79e966495ef5e3a,1776429000.0,up,1,0.895378719101923,1
0x135a72f4961f1165fd232a7aceb5b980c6e247e03eb901937509525d8ac617fa,1776429300.0,down,0,0.1195041040570563,0
0x1f89e2470156b842535b64a6dc9d8e6ddddbb0f173fcc64752371c7c94c074a9,1776429600.0,up,1,0.745754454158004,1
0x60d71da81005781d94058dcffbb7f27e9c84e41ccbc795b8a8742185e69463b2,1776429900.0,up,1,0.9155575217641763,1
0x9320e5df0295e7c3475665bf7d1b8aef3f1cc535221a8f5951b4c265e1b74fb5,1776430200.0,up,1,0.49491435078529095,-1
0x8be17f1246028090f59abe2854b539f7afb68a8a16eea7ae84d4d5a32058d15e,1776430500.0,up,1,0.26082428140065483,0
0x0ce4cd4bde52b2ffd4d565ae88bb8ce61d05e0faafe188be2f9d57bbdecc2c66,1776430800.0,down,0,0.576224822151842,-1
0x685be309f46b495d5fcd52f0af33fc545f23398a6e0dfd2af9d0e587bd6814c9,1776431100.0,up,1,0.7388708472077636,1
0x11454ae538e9896c8d24164ad24c358d279f8045a952b426696d7bc498d72447,1776431400.0,up,1,0.4523312733145219,-1
0x9a7b95e28f21e746ac2bdd6405c8ba3351153dd1bacc993e28fa31f468ea50b7,1776431700.0,down,0,0.11631317917052839,0
0x5cd422ffa0819d14c5634054a486a38f7bef2619bdaf3e666a8b5dbaa0218423,1776432000.0,up,1,0.41390475465994864,-1
0xfa552d20bb1ae20f4a40ddfec3094c8408a573b44b8c810b3e03ddc255c1cffe,1776432300.0,down,0,0.16435267455139774,0
0xe76ec07aa4670c03445fb6cb04a2a76175734db4db3442b17d0373597a660880,1776432600.0,down,0,0.06134290518508901,0
0x7dd5c61e7f058faee09ce6504f9d37ccfef9af89ae0ffe537f2478be1d49ae70,1776432900.0,up,1,0.43946231468390057,-1
0xb0fbaca3074a9d5707c7fd375784605dfc55212ca93002a31fd16a9b4d2a6cb4,1776433200.0,up,1,0.7672948252116057,1
0xfa23066b7998b56a5f45403ff13f2147fc542f5dfcfb1b908b3334ec70ed7c14,1776433500.0,up,1,0.558493433560167,-1
0xf8f061d9034ceb2d8d042ed7fab0ce3194b8bfed04fc86b9ca94093bcf8f6da9,1776433800.0,up,1,0.8062631113269845,1
0x843efe5739dc7ffb35a280bd2c0d71d777cf7ff3fefa81b0f39008875346a89b,1776434100.0,up,1,0.3657665095447305,-1
0x7bff8ed1e1f1fe014abe14fb15751591cea18e666d39db8fa9f6fae68c14327b,1776434400.0,down,0,0.4193583866089823,-1
0x5f2941b1685255718fcf17fc18af438a9ef99ea37abb21a4712d5c73f1cf15bd,1776434700.0,down,0,0.33506807993749393,0
0x62263ce79c17240d288988ca7bb9645e56ba0feafebfb7b3389c7709e529ce91,1776435000.0,down,0,0.3270548435969582,0
0x32a33fa645196d627cc988335b89c20b6c5a39ffae7549eaa64d15ba369e91bf,1776435300.0,up,1,0.837596107115475,1
0x2b2128e2f13a534d00348755eaadf13a125fcd4b41fe81fefd362e5204bee4f0,1776435600.0,up,1,0.656541939206365,1
0x581b88954feed89dedd1b5bde88602bdf608075227e14d7c64524395ad930d42,1776435900.0,down,0,0.7686734412304802,1
0x35762165295b39729d212a0d4314bd58262edf1569686d37f13350681862af29,1776436200.0,up,1,0.8714116152816888,1
0x0c23fa4a72710cd598cc854ef08826384433f005423b9cbadf57e0f36a913b7e,1776436500.0,up,1,0.5404981717376098,-1
0xb98fa1cd749a03860796bf55cf8e06416a25f6d8fa273bcfcc7e0828cb9ca0da,1776436800.0,up,1,0.7865383971783562,1
0xf7e4c49796424829eabb48e58330c94583a45a498bf8a572d9a707c43eda5ed6,1776437100.0,down,0,0.11189723717366548,0
0x5f0a5decd240df9fe4051855bc04fed0cf3090194399f91075f1fa24e6c6859f,1776437400.0,down,0,0.5657046672785102,-1
0x5900eac860cc2986088165514906856d7bbda2708086c91e7385a650545e7794,1776437700.0,up,1,0.7021474354404512,1
0x1016506cebaf6bd2f34956637d4a2da57fdf2842e422bc43d9a94bcd3bd042f3,1776438000.0,down,0,0.09217130432937058,0
0xa6bd23cf85be056d558db9bcca47ea1d9762b824dd89da925e949dccdb67ac93,1776438300.0,up,1,0.6386541767499966,-1
0x558fb72de9ba13a7a79c65ed1968a435ce0125e81363955b5a727fa0a9774d0b,1776438600.0,up,1,0.7907595716630555,1
0xea40001e1f7527afc5754ae9031e3981c744fb40493d85c38ffba85a2acca68b,1776438900.0,up,1,0.7840985351208491,1
0x6ad9813ae322f5a750098c430dc6d70f62b39353a8f615ca38c2da4d6d4b69e3,1776439200.0,down,0,0.6021280894215942,-1
0x68f700ea9297eb88a8801a283bec8ff89f7cbe32306737efb0b5ff40833285ac,1776439500.0,down,0,0.09540336578052322,0
0x66f3b61afdd720c9dacf4e25fd0a9de77342a50c0c9a26976ccbc148345562d4,1776439800.0,up,1,0.6116907707468465,-1
0x75bd346e87cd3b6a040f7170121f275033a255dfb3e55976273cc453b3fce8a9,1776440100.0,down,0,0.46627731093280117,-1
0x306c7e203f24f34dd6d1f731611c591d056df01dde7a1830be220a4d862b9f8b,1776440400.0,down,0,0.2892006636058032,0
0xc8c9b3cbca1a82afff8b899d6c80bceb37f838767d665c99d86ca0d69c34145f,1776440700.0,down,0,0.7919021890019126,1
0xb7b1597514928718fc682258c14933411c98795cfcf8bac7eaaec1152c865e6b,1776441000.0,up,1,0.9343412608605038,1
0xa73e88d8270d8da91b815d209ad502493ef8f1da338091d414754059d493e0a5,1776441300.0,down,0,0.5202583895716985,-1
0xbc1669977492c0dcde6b334892e2f9fce1e54ad9127987fbf4d6e7317e37fff8,1776441600.0,up,1,0.614411630384635,-1
0x2b06a3a92cf4cb6dbcd709d93b0a37b48ad8580b440fd5f35e00ed41420d4d70,1776441900.0,down,0,0.7379136388875278,1
0x9ea3571193e7e9ecf01e7172f9fc1d926aae9978b12124a447bed8387af07ce0,1776442200.0,down,0,0.7187127487970064,1
0x89b9b8879c0fbcebe76b4a42667a62ccffff9c800dd5cf01286518ae210f4318,1776442500.0,up,1,0.2670311340290877,0
0x97f9bb941e0a91f5c90b78e0e326061a7c09dc80876fdfea262a3b6219eb0424,1776442800.0,up,1,0.9746355416560941,1
0xf841f7d1186341132b178acc03164271dca58bdcbe5e31f3284517fc86526215,1776443100.0,up,1,0.5636423097094212,-1
0x9dddb95370131fab470d5f9b5b497330175ddfad4de9e8e2d70358360bf86e2f,1776443400.0,down,0,0.8144876851844715,1
0x9115039192575a0f72f9b1ca241571a86be0094273ab60a7b81005d590855cd5,1776443700.0,up,1,0.7044543891355792,1
0x5c5d547126f6f5d13d6fd421130ae6f65c1105c9048f0d69986a2232b289d880,1776444000.0,down,0,0.2694508394605916,0
0x690c1b7003dba039430b116e5119642e8479c16fccf653e1c11a20ea0b43f04b,1776444300.0,down,0,0.3670995802262671,-1
0x9c926d8a74439e11047393f6fb825fb4f40597124936a846c34154c3457c1cbd,1776444600.0,down,0,0.524686587284006,-1
0xa893cd029134ff922d6a6fdb844f42d365832c7e5bfb2938903b35388c7390de,1776444900.0,up,1,0.3574367034884687,-1
0x20bda526b06718a915273875388001c03014861f6c61f6891bf4591574768da7,1776445200.0,up,1,0.3677509380949065,-1
0xfbe2ced47d45fae24fdb9e69222d84ecb147fff3b1c8222119e5122c511d4d37,1776445500.0,down,0,0.13114840280927242,0
0x88fbb55f77e93b53e467a07f56d2092996afcb7a62476acdc0ee675d4385b405,1776445800.0,down,0,0.2485513007493854,0
0x2075d041f47f1289d556c576d8b8ab30955dde3831daf30cc171332d3f4d1eaa,1776446100.0,up,1,0.7152646791035285,1
0x0986a148e2fa6084f0640fa07e3733fd359e0742d535be98576c97814d6cdd1f,1776446400.0,down,0,0.05042047729488844,0
0xccbeed7113e7531119c232e506c40cb0f45c7fca33b43d8a37a0ea52934907ac,1776446700.0,up,1,0.33220812579297976,0
0xc2a0a0617b98f9bbefd8624e1b1d1342c5d4076c034c7ad143496a5d02e6bace,1776447000.0,up,1,0.9069378779091728,1
0x648598841c4bb64a442529771d9bcfa77b26e89e6ef50d7f524d0bd73bb61ee4,1776447300.0,down,0,0.19275510978992252,0
0xcb56e694f5a96ec6b3e7fa4a7788c1d77e39928df9c54237eef96f57324e2bac,1776447600.0,up,1,0.5121287206205006,-1
0x6a52a85dabba731180b37cc8c7071b48482df022fe134b5549c110a2b8f603b7,1776447900.0,up,1,0.9018757177112158,1
0xd6454adf8eae6c6f27af883b854f34a9e26eaeedb390f2ba574c8b0d1e94eac9,1776448200.0,down,0,0.483929430592074,-1
0xaa2cdf7d99b7aeb29631a2ec5f28a304cfbef502966c6f9ade4e86416bbb11fe,1776448500.0,down,0,0.30685743268035603,0
0x62ca71beaeea86a84b8b7d95a1bc7bbbba1574ffb0d2649b714e0eb905f8dcef,1776448800.0,down,0,0.13297093608218394,0
0x4e6f2228675d5554211b19ba5d765b56e48c048f1b21078495411a1b1334094b,1776449100.0,down,0,0.42604015460579037,-1
0x2811e69fdad034bacf91a54c22244256ef3130121d47cd7cb7c26b66fb5a0997,1776449400.0,down,0,0.1784327367475926,0
0x12e302025be2e03c265b9dc85c28d19fee802992098f2f7008787c628ccf2ba5,1776449700.0,up,1,0.8669803243113685,1
0x4a2893e5cc9190dde4604de12093d6d0b62e041570f2961240e2195c32591673,1776450000.0,up,1,0.2541313961360599,0
0x0608e929854ba8f5712daf6bf569f0720369a6fbc6b48fdde9a78b0e2f348cff,1776450300.0,down,0,0.5653386269429596,-1
0x6cf230add0b39465b984043c081ee2f74fd3f6771b5a526fa2e134c54a6cd620,1776450600.0,up,1,0.2845659842417874,0
0xc606bfbfb423a77f353642714618b720a117eaf9f049a57406a1ea98923bef78,1776450900.0,up,1,0.6639131494388064,1
0xe4d385a6f8c158f3170085c37e6285a26617e49211d9ce0ea1722c0b21d968dd,1776451200.0,up,1,0.26455721776285185,0
0xe6b26a8ded967cb43629b7d398fd41528784e19c1a1a9fb5d4a003e080789df2,1776451500.0,down,0,0.1631195804259622,0
0x841abac75f4fb8e18f524573583d57033dcd4d2854dffc4a7f47d30e21c33155,1776451800.0,down,0,0.12304440098797635,0
0xfd89e264463d7c11b4c7550741ed5fc260a56cf18201e8577f11e35362e1b0b4,1776452100.0,down,0,0.33379542522814953,0
0x47eb25051677907200c69f1226c68b2e9b5ff36330d64751d893ddc132ec6a96,1776452400.0,down,0,0.8313858978103855,1
0x5e34f1e919db08972c494cba67c35b1883c53fdef1a52eae97af980bbc49a4df,1776452700.0,up,1,0.47122096173375555,-1
0x712a9e3f230ed14e833798d29c7565b11973e3fca34280429c71082b70385d89,1776453000.0,up,1,0.5479118854824995,-1
0x8ab3f2af24a3b0cb94ef87cbbb45aea60babf450114c1032776230cb27486dfd,1776453300.0,up,1,0.8976093364937988,1
0xb2d05f5af3e16c85036e4ce35016ca774b24dbafb85432fcc509ed2b49b3bf4f,1776453600.0,up,1,0.5999465891895994,-1
0x0b399b5bc60b0f61952d21096f21b1c47c77c69a9454644db3be9e00ae2763e7,1776453900.0,down,0,0.7092234577643702,1
0xa93ca16eae247fcda99c0b1f6497cef749b26278f4899a5e43338c23696928d0,1776454200.0,up,1,0.8993315975270079,1
0x085ace688145bf12df524eeba244a1666b2bb530a7b36c8607d284b66e096c27,1776454500.0,up,1,0.14134673318498628,0
0xd318e54360f1c3cfc9ffaaf80f0bd7e9ed1873dad47694a954e19afcfeb2c333,1776454800.0,up,1,0.6077749889215514,-1
0xd079a1b0775c7589ec8f1db0fc5415f1847e6021a3dbd953f874567de376d221,1776455100.0,up,1,0.16530709114361877,0
0x5b0b59b001fcddf388cd8a0c83f1cd2ad9b4c989a9f7ae1ca8be5c799c7871be,1776455400.0,down,0,0.6091691810390031,-1
0x3fb5d81122ceee181ffc9f769c16ec1e97c747114daf937c8ee518cc7897aed1,1776455700.0,up,1,0.5891255160721812,-1
0xf4253a3f9bb8866b1e77d76edbd3fd5b1ecc13a9d98549fe445f27fcab22344b,1776456000.0,up,1,0.6925213748431938,1
0xb9de87a566471a8a089f7be42c27368df712794eb4a20c650a09e107e9e4ff5a,1776456300.0,up,1,0.48294624732864144,-1
0x1232eff286d00d6c7d9d33917a72e374ee4333f766751e9e10f5432457b18525,1776456600.0,down,0,0.11018643949143629,0
0xb2beef54704841882176164e86dccdbe6c960fb1b85b79fc6bc20e3839331d57,1776456900.0,down,0,0.44495474787343836,-1
0x1b38c59d18ab1bcb968c9ed791926cf9ba686df66119f04f7302aad8b7cad370,1776457200.0,down,0,0.10439959109477182,0
0x50a3330f7cb4be14775e36158eeeda3e899894f528416d9112ca6168f0b6b7b8,1776457500.0,down,0,0.3360652509817224,0
0xd1cae40c1e373ddbb855f8b71d6e53077c7efe56c5fd4b64d5ba68e22632089e,1776457800.0,down,0,0.011104975317480814,0
0xc8eb723b2f276cbd9b10d45f2f27418a8065141c1a0c41d65d13dd4824fd2dcd,1776458100.0,up,1,0.4865696325232945,-1
0x49ca3702e9fcfa65c5c4ef49b86fe484f43069efc6a22ffb0e8cb05320be987b,1776458400.0,up,1,0.7289993999862762,1
0xa6ebe5ce3f565810ec68f32b410e92a34849b765c3bf75ec733e3462548aa77f,1776458700.0,up,1,0.5573486301739919,-1
0x9c0ad5946402775bf3beea94b776a762a7759b4ace26f618e93ce0ac6973fce8,1776459000.0,up,1,0.7216622615513331,1
0x9041fdfbcd25541b92aed55d0a465942fc733ca3122b8c4b4924e71b6375a656,1776459300.0,up,1,0.5086933026438395,-1
0xd06658943c0e810e7654d04a7b8daf0ca8a67a63578e210728db04194349205c,1776459600.0,up,1,0.5470157858032825,-1
0xa85747c87f1f1a1c21eb79ae3b8a8dfc1441f34f4dabe9612069eed221b8144c,1776459900.0,down,0,0.7590489815855528,1
0xe03448fc474b1d9e2a16b580c059907c3ae56d8de48872b183a97020c56aea69,1776460200.0,up,1,0.6251132588144889,-1
0x23289b06a1fa1dea492e21b17d1856bd0a9cb3a32f2600cef9e60559d30bc921,1776460500.0,down,0,0.10447927423618544,0
0xa6755215890947b8098ecfbb7f6bc93b767198148e9a59ad9f8c3c97ba2a6c1b,1776460800.0,up,1,0.8142904985278925,1
0x2b57b224978efe697423054245eeafa88920887568b149e211c9a542ff7fa60a,1776461100.0,up,1,0.2996873318435352,0
0xbf0de3f71794c266e2194e4e80da15558bc26b14adccee1ac9d27e8436262c5f,1776461400.0,down,0,0.22389442176167262,0
0x12248e75fb2a63e01755b5427a3e4557be019804f5bfb02088f830aa458087b4,1776461700.0,down,0,0.46632621490543097,-1
0x6ad39832e66dc323e216f49c793711e5405e43bc12160286d1a7c3b81645790e,1776462000.0,up,1,0.7666831584959558,1
0x1f3b3b8b52cc669d3b2b0091bc6bc9ce65435932f45943499b60d1843ca268cb,1776462300.0,down,0,0.4577581932548538,-1
0x8911e918cab448bd3df0f0548aabd5101f70e12bd822e7120a54c9ffe7c5dcb5,1776462600.0,up,1,0.8012909502304324,1
0x1caaa034ddf1bac0c7129049301b0f535f1435a6ddcd4596ec6aa1bb6a1da246,1776462900.0,down,0,0.30467554850760464,0
0x3c66ed347dd69bb5d78bc5e84636a6d52be06b311fbecc16c5619125af57174e,1776463200.0,up,1,0.4341620443825293,-1
0x7e3e2846e75206c95b07ea96fb548893402278482544ad7e5d341b6b0c10acba,1776463500.0,up,1,0.7345211017866291,1
0x8c84eba883fbf02e94a837ebea4834a1cf8c0e4d6a42997bab5b57c37495a205,1776463800.0,down,0,0.38418327166824456,-1
0x46bd6c9db90f4a489216989876761750c3d64a6e113a5c39abdbc30a82969e85,1776464100.0,down,0,0.2840965173959129,0
0xce53a692d650ac22df2dd2b5fc338cb5613766b7e553625c2e84a1932f594b9d,1776464400.0,up,1,0.6593811921533919,1
0x4c0a495daef155372d57b8be3426d0164bfd6f6eb9c2fe4d95c645608664d3cf,1776464700.0,up,1,0.7990703508601178,1
0x9a5d357cc2daecb87e2b6243e567f916791880b587eb14010aa3cb1a260492b5,1776465000.0,up,1,0.2785818246879136,0
0x47997fef669d83cc16eac4c770bbda6e28c4b7e78627dfc310e93a38b0ecc890,1776465300.0,down,0,0.5475826294458835,-1
0x7873ec1348d3b089f6e1b11288b2888b6e1e123c4050af4a45283f37ee551a7e,1776465600.0,up,1,0.8459865992734078,1
0x3b3e112a19733111508cb2644fdac6728d36d8aa5aed59f18219231dc4926045,1776465900.0,down,0,0.32563387183833364,0
0xdb0cd77eda34a1d63ee1da42758559891e17a480079600660e504cc61993b488,1776466200.0,up,1,0.6890026932128288,1
0x2730b90f522fb7f3cad826e0b3256e4bb8e73779cc3462c2ffe228d5968402d2,1776466500.0,down,0,0.3280791972555674,0
0x68c5ddd450bcd7d407fcc398fa4acd223259f3609bf4a84c51af9a86d67ffdfd,1776466800.0,down,0,0.49246630553075976,-1
0x31c21f7f1791b58675e6a97e2203a965a4be50767bc6d8dd6e6e40607a37a85b,1776467100.0,down,0,0.535617903609459,-1
0x570d8addcd6c687c438fbd004a9ccf31170fb65236eb8d8acf9a4091d7a40e6e,1776467400.0,down,0,0.5495766578414281,-1
0x55c55baa6df9c7dd93509162353623234baa1dda9c9574df64dbc1693d791bf0,1776467700.0,down,0,0.37847213915245287,-1
0xeb575ae5b753f93531b0aed1a05b6cccb9132ecb8d2089ef43244590d24721fb,1776468000.0,up,1,0.8601183408504264,1
0x04df3e2f3186f8b9fc0e700f6f5c542a82a2873a8352ea103ee739ebb498bb3d,1776468300.0,up,1,0.8225416352151618,1
0x98f1133d2e01871e06c06f10412888a2d2736c566933cb2700a84ccd28e75658,1776468600.0,down,0,0.8867794470342601,1
0x0b9cb20f792fd1884e3cc3bc6f294394303ba117e64849bfbb42c4cc4575267f,1776468900.0,down,0,0.6173975002011575,-1
0xb8b5a04fb98e22455ab2ea55b0179ac527cd750432577d68cf9a2fbc79d079b0,1776469200.0,up,1,0.8915406950332107,1
0x4eb8f7b5270d40b6d35532d0bb298f48deb9ae19782e791711cebbf869fd9fb1,1776469500.0,up,1,0.8308920779706142,1
0x98bd966755a6ea59c039f5dfe49d2b9d1dc73183541179abf7fd00eb981fd0ad,1776469800.0,down,0,0.21463471082851657,0
0xd519d711093f4665e63139cb512dd33fce0b7c661ca7ae4ea56338770bcb1991,1776470100.0,down,0,0.6664841883041458,1
0x579fc9f154d40c25562eb63136f2c5d3678960c1db6b2c76345d85c048a9cf2f,1776470400.0,up,1,0.977497633582056,1
0x68dd436cf7c28657f05d1f392449dec59c3e147a9949d987cec1014b1af53b8c,1776470700.0,down,0,0.6758787243074035,1
0x3a2d7708ed1c1363e91f0fb086f9fa04c6e0a70b96e8e3bad77e074f1c53ff68,1776471000.0,up,1,0.8114561183637996,1
0x6fffc7d56b8d1b819dde19fbba71061d42b7b5219eb12042ace71e3591969d13,1776471300.0,up,1,0.8989129121403582,1
0xd6e93d1e0824d101f867675cd48c71db1a2cfa299c4afb7eb288c7b7c3a08ec3,1776471600.0,down,0,0.37763580178952894,-1
0x0e6a9d6185119523b1de73fedff2d1c795c9f4a2b42bd7adc14914776d91b332,1776471900.0,up,1,0.7052775650268998,1
0x1603f5d110a934966be2cef62674d777a7ac0b804064bb2821a2108ef7f81e13,1776472200.0,down,0,0.8256427494612449,1
0x13b7a65a2a8cba03b597b0130e73f51815c7c9e7dca396f75ba370260b4abb4a,1776472500.0,down,0,0.21198950711352438,0
0x79b6ab6737e56dd1001b943df774ada1659076d7d41aa6d55b7ccafe5060dbeb,1776472800.0,down,0,0.7408939981600142,1
0xe902de5b46234e17dc131200c9416c83a0d45ed12f9fd563703b1c1e65ceefb0,1776473100.0,up,1,0.6888026689529126,1
0xb4e2153abb938d1556716591c8f84f0293d58beb2f1b48614b8f4de573fee07f,1776473400.0,up,1,0.32708120384084105,0
0xc6636e3c0540fb2bceac98a9f9c6be7a2117733e0e50f0d83fdaf95edfc8f9b7,1776473700.0,down,0,0.48934859415433735,-1
0x8cb1b9d2fb8b3d6e6890ec603f5999830ec13243fed91c54df2c23640bc18539,1776474000.0,up,1,0.18486177918099764,0
0xb49c7c4959c128371d6a95fada45f780a3512d29e920bda65f4f0752e42051da,1776474300.0,up,1,0.6887180942598671,1
0x86a5c944c6572959f3001b695e052b0c2afa1ed362af70e3c4147278b8d63391,1776474600.0,up,1,0.8797723071143886,1
0x0c4fd2d3ea1173c8ea4d671c2b900ded621484b7d0d83bd8acf254b29de1cfcb,1776474900.0,up,1,0.35536976310601526,-1
0xa3823a4046d9e2a71521f49f3e84c13046fe1792da19943baadd58664d80c477,1776475200.0,down,0,0.30051125377853904,0
0xa1a626adce3877d8d10dec9e4bd7bcf40b7436432ebc9ec0f3436c68dd8236c0,1776475500.0,down,0,0.39169298521936446,-1
0xbf7d09181d63e3d1a226c4eac10a35c19ac2f6ff98b47bda410267e50064abf7,1776475800.0,down,0,0.12314394671994287,0
0x089bd65f16f2009f010cb9e043de656969de3d480a0e9e15055fc5fbe2bcde4f,1776476100.0,down,0,0.5128094427767308,-1
0x6f89384511c3d226106b882570bbbf8cc3ef6e9a8013c78c3bf6b21598ef1b0d,1776476400.0,down,0,0.5792219090234102,-1
0xa56564480ab1c4793fd1bd7e8605a2ddd68445efd8d697450be583c22efc9501,1776476700.0,down,0,0.919195676711585,1
0xd3b360e077066343ddf6afb598c5748d0a9748c17c16393d963d3b7087c0fa70,1776477000.0,up,1,0.8042358296088371,1
0xdc2c3626252bdf0bcc68d42b4f60892be7e04330a37013132b7ccbd3b6bddb7a,1776477300.0,up,1,0.2371426691500529,0
0x0b565c120a52fdefc04e13f30affb704908be21cf40e3e430f30e5d5403e64e2,1776477600.0,down,0,0.08762516159749896,0
0x92746d037e9bcc9a491f839160c16804763019521ef4c38a9ea66c4ef58157f9,1776477900.0,up,1,0.5405998172661821,-1
0x1ef26f1ab5c9632b1731542d8e4f50b4f1b5a198f0d9268dbd7fc75783f3870d,1776478200.0,up,1,0.5718215160132005,-1
0x089b6562229927d4a773861c1495aac6b4da1b92d418b42c455eb5aabd682d19,1776478500.0,up,1,0.8435634818570766,1
0x17b5a01b7c2564f27ea085d562fd3c4358a0267fb7c0e60d59d645174adf2f13,1776478800.0,down,0,0.35336903370740624,-1
0x9a62f152ec0b6b7912c48bb20c9d8f0ba5cc07ac79baeebe8291132ef45cf194,1776479100.0,down,0,0.2925523569241989,0
0x2f265556ba38c3354451d828cbb4bb458fe4725e99e4cce3031c774122c9df04,1776479400.0,down,0,0.16711828082110705,0
0xea90888d8ac08a28eba7dfbeee97a724e08d3cc0bdf22ec2c73781165fb26d2d,1776479700.0,up,1,0.4470155966036137,-1
0xd391c59c586b93755ded9fe5343ba45a20eb072f8d5df0569a0aa2ce221145a6,1776480000.0,down,0,0.6369903464367527,-1
0xfdbd6e9d924b8cc076b188df02f8db4095c0aa6b5a9d9ad3e8e0f164f4bbf9b8,1776480300.0,down,0,0.43143233457467156,-1
0xadbb7fdcdf5d87df367d9449d00b42c9816e083f4be87cb1ded7a072fa056d59,1776480600.0,down,0,0.35095166493999785,-1
0xc78d09b3951623f3cdbae627f2b44bf7344b40ad50580c1fb2c5098d9fa819dd,1776480900.0,up,1,0.6665163569006465,1
0x9b2fb28cd1b32a26fe8a9dff5dbd6786e7fefeb7667dd2a66a04405d4d8b949f,1776481200.0,down,0,0.11593611081933768,0
0x2b90710a4dad7c16e2610cc61472ed6e8051d8646fc32b73e38866b92617db8f,1776481500.0,up,1,0.25495881315065855,0
0xe33894de3192ff65c46e24e2c9df79c1981f6be0cb609721b2f1d82e047800eb,1776481800.0,down,0,0.24220476127322985,0
0x8eccaf1dee621691732da2d05ae6f7c2a20462f4653b4bf57dff9a4df18c85c5,1776482100.0,down,0,0.19479663275904424,0
0x05254cb6a8e4f291c3a59657984ae4302c16fc3d56c609493cc8bbf1ebedfea8,1776482400.0,down,0,0.20689230082223398,0
0x0988a405569529cffb5d6f27fa0199a9cae05943104e137e6759981b33757a52,1776482700.0,down,0,0.3238151134032237,0
0x82dc7b41c40ab79b58faeb3a6b0b232942b531f07a59bfcaa261d596bced3951,1776483000.0,down,0,0.34882102981157154,-1
0xafb75f80ed73e135443fc23d3022752d5fa9909d55e43d139aca8d75e8e9fa52,1776483300.0,down,0,0.5464986640496283,-1
0xf1c7a1d3dbf729717ebdfac7781cacb1e0f330a1b7d5be68945815880432189c,1776483600.0,up,1,0.744899637317245,1
0x9b70ceeb5f5bc80bb489524c0bdd5dbe1b54aaba3bfeda80b9f6a79b7c58f414,1776483900.0,up,1,0.48685487537512667,-1
0x9bd3f05693bfff3bb8bb6c635278f22e4f24b23d0172ede45e0d5e19c5113374,1776484200.0,down,0,0.5390880743951394,-1
0x2726b1d02cdcd72ab15cf3312bb9a2271de0767e5f7e04ba5b1b1d2e9f9a51bc,1776484500.0,down,0,0.6330674007452247,-1
0xafa976943a326fa95778360575178718c48256e86c300cd8a3ca6b64f45a1776,1776484800.0,up,1,0.7694405639772519,1
0xf92874ef6a8d2d70e3665303ffa840eba3c1caa69f5241df80843197755c0aed,1776485100.0,up,1,0.5610060864652235,-1
0x22fdbeeff019b8a7f663ed3baf1514a622105439aee9075d408c946d6be85267,1776485400.0,up,1,0.5486328058473344,-1
0x373ea3009fb8bdf7f6ac5e61e1be0c717e76e877bb956e74a9198c8a71e7c695,1776485700.0,down,0,0.20715158277110413,0
0x898de450d30900507ee8039c54f42806979b2562ef41b30827325a5154535dbe,1776486000.0,down,0,0.22747753575153265,0
0x450e093105f8631b0c02508dfd6a0a252105160681422f84526a99a4d9350142,1776486300.0,down,0,0.48272289910486843,-1
0x4f3e2e7703cb96ceedbd85bf60e3a4ee7564c4283fd5c7dfac5f57601a6db88e,1776486600.0,down,0,0.1715178450155259,0
0xaec9ba17a2d239a77ecff914883a11ef7945f1548e168c19e28ae19ad7bdc3b8,1776486900.0,up,1,0.64076405483916,-1
0xa2f6a97aa31b02e8d513628010ab56d7b7ffb657ec69a899ae609758d6b772d8,1776487200.0,down,0,0.398203405870785,-1
0x9f582bd46dd756128acb153f4ca76626ae05e6dc91896fc38550e2d1c8385fd9,1776487500.0,up,1,0.7271508537850269,1
0xb0c0e13ebe665a92149d4bc874f3ea11e2ce668b139ff22e0eee583d8b5e6c60,1776487800.0,up,1,0.8548894931299919,1
0x358f04fa5528645be10818f0f12271f0200f87f741d2abe6d11bc9798697634f,1776488100.0,up,1,0.6820991295287988,1
0xf62c5c2a99405bf50b0ce30510bdbf7efe0ee115f9ee0288ec70553c2df34407,1776488400.0,up,1,0.9019141347004742,1
0xd0147798781a2f442640d824855c9d5a55faf0463f99ffdeaacd51e35b37ffc1,1776488700.0,up,1,0.4860344273252189,-1
0x73de122c2f1be4ae76e49ed7c2a2fbeb26b4dedcceab764e6d968208985d378d,1776489000.0,down,0,0.4833578273562,-1
0x13fce347cfc73fd993860eeb2ed1836d71809cfab6241483b6f4ba2490a88f22,1776489300.0,down,0,0.5341889069063147,-1
0x71efbbbc4a152f4d996af68478cf8b7e7126c288b45a54a1613fda15e95d2196,1776489600.0,up,1,0.5664572118483493,-1
0xa277f022202a3f6d22563c0931037b29e87edf45fcbf379d436e667511db39d8,1776489900.0,down,0,0.16347924668785413,0
0xf2c129a818e36c2b06ec89801e710e1d52e81a4eced97d90b217a1fe158c8e79,1776490200.0,up,1,0.25842336128314797,0
0x73986e41962ed5685555ab8423a8a5a5124bfc921990627dd40926f7b3790eb7,1776490500.0,up,1,0.4095265508939888,-1
0x89e6e923887c14d3ebb8b66ee95e07c7d9466de95d406b7c04f554bc4f4a669e,1776490800.0,down,0,0.12403869550196456,0
0x7ca0145e1657eac00f6c5d3c39af064e00d102c5c946935ec0678cddea862a16,1776491100.0,down,0,0.15256548508056475,0
0xb5f3da7f6f47fcc24cf0d7dfba74e9c8f872fe1abd218096993d8e13d28400f1,1776491400.0,down,0,0.3359109261225819,0
0xc8db9b4da5eb551d4cfe888314d9aacffa43ee8228e0f5560ac9b37c5e421acf,1776491700.0,up,1,0.6953884460748296,1
0x75a2e61954509edcc7e33cac584d05b129ccb93e65d543a0449c8980834b46a3,1776492000.0,down,0,0.8013676933764674,1
0x437e414e99aa3b343936c85f8a15c31fc66845d9d52739304ccf069fc158cb21,1776492300.0,up,1,0.6854104379165966,1
0xbd51fe03a12e3436ca65bbe9cfc48771eddca3763be5b2e6452d253236e18442,1776492600.0,up,1,0.7785048027824636,1
0x1fbf94a13c787b3d90727d5b473d276f090fc4f1b3884eae5aa84cd5f18150bd,1776492900.0,down,0,0.39537481562426546,-1
0x081018a9db41d3e4f2984826ba74eec776fb610edab8edc7072d3c29f989fd5e,1776493200.0,down,0,0.22365646124803312,0
0x40c034bdcde8444ab86c3750658b5c036779f49e5f5de5c1b00fe96a7a8d8055,1776493500.0,down,0,0.2080512802249649,0
0xd90e9c6f2f943bc977c91ca4a58e23bc67d2ef81500ec318abd486af151a6d10,1776493800.0,up,1,0.5223161506444649,-1
0x76bfea20d11435787847df7faaf53d6f801fe7d795dfb47af3b60869df2f67fe,1776494100.0,down,0,0.7010574781658401,1
0x5377883bc001e0d5085067054a3c3ed03f4e2c40ebe06da55672a7ef393f4316,1776494400.0,up,1,0.6806817024628979,1
0x60c5fe6521e809330191bed0f2c3ad97926a67670bce2ce5f84a77c1ea3ae35e,1776494700.0,down,0,0.7170876075115666,1
0x2580e3a9db27c3ad9d24fb06ad296b152ca67fb3ea1da42d9e84811c80e27823,1776495000.0,up,1,0.38406236781108155,-1
0x0444852c77d2b35b5389389d5571945407c00f9c8a32b982ca7e72f434a8c6a3,1776495300.0,up,1,0.4062532823630265,-1
0x2182ecc50d20659259739074d87c0ce781e2d9ca142d9f5638b74beba2763250,1776495600.0,down,0,0.14110471560336676,0
0xa3023937c0defb6f7816359a34a55dc378d9cdc3dd0766a7ac57b9eeeb8d24d7,1776495900.0,down,0,0.24714433715787096,0
0xa23651e4bb15e14bc4ab2aa3d81b89401e5c7727b023933e233144dc6f8b9bba,1776496200.0,down,0,0.7508856193543467,1
0xe9f0064dac8e82c39ade45d616e6ffcae15c2334e9a3c62daed595ed7e0b5b20,1776496500.0,down,0,0.5128861382803791,-1
0x471bcad4f4ab1c9400d26eb6c61621011fd25e01271fdafdff25c156334a3eeb,1776496800.0,up,1,0.7015241489014817,1
0xf6f2299d13b8965929f21badf300da5b0418a0ffa5ac5ac9f71fb1d63a2276b2,1776497100.0,up,1,0.49799831361764113,-1
0x8fa82ba2f357e3cf5d7a049331f8e1d34935b3aa6c0b5cf8f171b20bbce47e00,1776497400.0,down,0,0.580376026665179,-1
0x3f29f4db46a4f9d939ab139b47ccbf4b43296b699b918a70b9b485b2418b3c72,1776497700.0,down,0,0.4176986087861702,-1
0x08b33d405c7822616fabfcbbdc179fff076b81cff6279735f3222b5b0cae713f,1776498000.0,up,1,0.23004280765605992,0
0x5c71d4adabec6b4d2484ab856ef2b6fffe0947a3e04b1b5207dbf0279142da15,1776498300.0,down,0,0.16855984956844972,0
0x4ccbf5a3bedcc9c1bce3381ed45400134bfcf1670b122d2162b5680b9ead1e4b,1776498600.0,down,0,0.21797012898539203,0
0x7b8d9bd1097183f1307ec4b811177033daeba1ec3e21525946c42a35718d38fb,1776498900.0,up,1,0.39147316526028414,-1
0xac6b4561d5f7b8f9117c4662f0d80ed0b46c0e63846274edfc90aa20521d9805,1776499200.0,up,1,0.7082734157007752,1
0x843c9cdbef5355ad743c9c256a129b715fae57683b983505971fa0eb73d72472,1776499500.0,down,0,0.5612899972437462,-1
0x6203bbf2323ace6caab555506d807ce871d0072c34ec4477ecb1542c4318c943,1776499800.0,down,0,0.35728101577513366,-1
0x371102e6c21183fbda33ce27f1438d7750fe349ac7a07fa09c2f550f0494cc47,1776500100.0,up,1,0.10219722948993827,0
0xed0df74ece1968dae66daf056a36faf2b32b07bb20d8f15e52263fc18c7f7383,1776500400.0,down,0,0.060874690339022534,0
0x17ecb0a1d49cc78728f7882897fdde113d198087592275634fdb2dd9a27d8b9c,1776500700.0,up,1,0.4480751718469823,-1
0x2674e8beb06778d8c595ba20f602f64bd624fe245bc1391211537f543ef48aa6,1776501000.0,down,0,0.8176626378109458,1
0x3d29c80303b13c9b55116b869dcb185ab65a5ccce4878f71ef0a9b0a27dc34c6,1776501300.0,up,1,0.3268988978605944,0
0xc3cbfba4d75b82be5a41836120a12349a5e15b0257a05900efccd8982a2fa3f2,1776501600.0,down,0,0.16688257996398462,0
0x6b57113a4c3a10cae1511936fd73622dc0bc7cf768c077beaf045fd832951dbb,1776501900.0,up,1,0.8399884310383331,1
0x02351a2302b85955597bce8aba1aa97800f5b69c1441d587cd36f1085e5aa222,1776502200.0,up,1,0.7008940531452003,1
0x952378a5cb0d2f6efe19d587623d84d8d46f65f7c72c84c8cc98a878b636e215,1776502500.0,up,1,0.6679217507238039,1
0x3f784d606c05238d60268c83d887d0ea58c88ab7f7ffd6c97103a3ffc664ec8f,1776502800.0,down,0,0.11170620235356303,0
0xeeaeb292d4a7dbc2eed2dbdb0efae1beb3aa072218e8a7b611f82c4766cdf239,1776503100.0,down,0,0.3478169689994188,-1
0x4a05ed3d94d0d6e6e45a801d9afec7e23677e2e613a76bb4ba09164995372609,1776503400.0,up,1,0.8495844857598914,1
0x7ab7415bd2ce244a96d726e67fe68d731c2d6bdf7732f6720ca25b9c6c677dcb,1776503700.0,down,0,0.24012785693538755,0
0x3694714f1d22f72021961d8ecb1bfb81c84be2b89002684d98ee1f7c79dfc534,1776504000.0,up,1,0.5102061675703806,-1
0xb23b0286b0ab0a0bfe70050bd2d4fbc1db85d2d9510223341a36a4f6bffa441d,1776504300.0,up,1,0.9248489228988389,1
0x4524b7ec16b7cff61a70fc9772eea55a6bcc6347ad8edfd886b2436967cf92fe,1776504600.0,up,1,0.7065741834534942,1
0xde8236e370ea7f6cead616976ec32632a4c7ef2d65d8b65d05c9257302fcd15d,1776504900.0,down,0,0.3340218099593119,0
0x5c4b7e05a74ff208c76819086e39ac402f8a78a984fd97459ca1b4f226775453,1776505200.0,up,1,0.7112519978581038,1
0x09c5e53817af45878746f3f40efe832f5167797a4648579f4094d943b6655e7b,1776505500.0,up,1,0.6762641429548457,1
0x4a6412aec59b5e7dee4870312d26150a43958ff5f5b92d3ea3d3ffd49295f0fd,1776505800.0,down,0,0.2060492871435746,0
0x85b5a7eac5446fd998a5a678182fc06a678fd9491ee15a39f8f8c2d278217ed1,1776506100.0,up,1,0.5399788225996158,-1
0x46f46c9948046b6d127122b5f9b9d9a40d5c839608394c742f9ceea4083d1f0a,1776506400.0,down,0,0.11225697243960797,0
0x352f096ed2742e6783262e0fb03a6dbf9b2cdbf34010fc882499cd616e01596f,1776506700.0,down,0,0.6517071017877863,1
0x359918f6b27a27e5ec97839a9beb79d0631897a7f53fb3326b51ff292d3edf54,1776507000.0,up,1,0.6585494584013585,1
0xcec9c22941fd19b03e7d31d334005d336d79e408cac7336fd9484595246ec873,1776507300.0,up,1,0.8228560022652679,1
0x533bb87ff978b90dc1923b26a8f5935ac9c27104ac35bb3461e24d69cd4bbdea,1776507600.0,down,0,0.3325956555171015,0
0xf0b6c886cc0ae92b97fe0574242a0d8f64d656cb3124db8ab09c491027b52b3f,1776507900.0,down,0,0.2408070772066051,0
0xb498d64dd435edf433f27e7d3de93e4f4a432fe7e798eeee573361f50cec321b,1776508200.0,down,0,0.14855827822937367,0
0x83c6afb39cdea42f7d3700bf1203ce796432fbdf62c6f78080582127014a17d3,1776508500.0,up,1,0.5149162178489798,-1
0x5056cff0e18713addc30310bd48fc1450bf56bd2a27a5388bb493e507a3f5c98,1776508800.0,down,0,0.47213820633029474,-1
0x541740b23b6f3c4825d1743240e1c4ab52b5407e19a580128c2824fc7f34d775,1776509100.0,up,1,0.36368798555071724,-1
0xdd595c2513ba7d7439ed1bd6c528d54c4b3552e25c8d2d41bc878123aa0082ac,1776509400.0,down,0,0.1911936580118351,0
0xbc953572b951b8f5993173c0705cdc3fc6f57caa7106e6b910a8dc4018ee15c5,1776509700.0,up,1,0.7719607275825472,1
0x6ba0ead8f6d1eabf1cdb218e964929d66eff1d052aebd4d8ea1a20d1094e7584,1776510000.0,down,0,0.07091364845652656,0
0xe0800bc248fe5b09bffae523b19799190d233e7d8da10ac658f6fd9fb8b38d5b,1776510300.0,down,0,0.1732820196220657,0
0x3a3569768abd0444c8ebd3ed92baa70e5241d688079da0cb9665c040958aee1a,1776510600.0,down,0,0.6789791619502038,1
0x2d9e5658a8bd3522ccfef0ca082144fafe13ec35510e2becf5176b938566521c,1776510900.0,up,1,0.6998620497050442,1
0x1c81d91ddf3a4def1862f2a37b972e02dd354975dd540d53c43436609781afcc,1776511200.0,up,1,0.5398339641023533,-1
0x2807e43c7a267ec673ee30b368cabad5c1479c573ef543d824841bed52ee5ff1,1776511500.0,up,1,0.23635451432927063,0
0x52b396687ac258c7fec28653bb4b83aadcbd829c632f3955da7b98435feb0efc,1776511800.0,up,1,0.8693935346060255,1
0xb076a39fe4226142e4892b068ea55d521aca81209e6741a359f307ecc4c8663f,1776512100.0,down,0,0.0955636193885912,0
0x926f3abb666e279bc7d711923853cd95a468c36ef6506992e34dbe50e4afd660,1776512400.0,up,1,0.5617186420404021,-1
0x7f197868825accdbde5c4876fd41ed448407a3071849018047166a027d8a87df,1776512700.0,up,1,0.6560974339346337,1
0x351f99be99dc9a82e19c585d8bd13deb4a2b4135cc5defc951c53aea6089358d,1776513000.0,up,1,0.9335484635173893,1
0x536ed7b61878802b4e49d40fd99626d57ad6f4c2e62aa6d41b725f718671fff2,1776513300.0,up,1,0.7878950044172391,1
0x42c6b735831dc6f8b664d65cc1c742519bf3ce86daca82236db69d6733d0ee50,1776513600.0,up,1,0.9741976819010411,1
0x5c7aa2cc3fb93a17c4bdcea50de819cd9b48be46d818535384b997a2f056b463,1776513900.0,down,0,0.2586311734964213,0
0x334b97b9641910d6ab7df6a8973b80a64b8b58a4de97d447be6f730ff15564e7,1776514200.0,up,1,0.5329639722935388,-1
0xed5b63af61ab3483d4d57330e6f5904bbee6b24379a23c86902da75d6446aff5,1776514500.0,up,1,0.4048164379318346,-1
0x7a4d64f388f99c936f2123d8bb2740de17226128b6775f1cd8c6492f27ec3b07,1776514800.0,down,0,0.20864457526834904,0
0xd15d204d6b34cd5e6fa73b9644ea194bc0fc75d118fa4f032f0cbf5cf11175ab,1776515100.0,down,0,0.2756123452407997,0
0xd3f4f9514abd84a68ba11ac5a787eeb8686282d6055cb8a9d400dc4b1ba3cac9,1776515400.0,up,1,0.7455680048908946,1
0x5538d33ef9cd9fa07cdf965dcfba4b9e202936416c91a0e0ad6dc9257d3c90dd,1776515700.0,down,0,0.32743481835278326,0
0xaf0f53931d08708b1eb44082c0a5288cb5abe8848b9f3eff7835ed935da8fac6,1776516000.0,up,1,0.8211768940919321,1
0xf93e84b3941a02126aa67d56367739395775e3c4ac0ceb623f0db21ec5f2be48,1776516300.0,up,1,0.6851371115405493,1
0x7d7708d4593d0f8019ed4a2d4133c54e41b94f148240844d46214dfc2aaefe41,1776516600.0,down,0,0.5847780041809422,-1
0x45549ee93d99e36dfe857df75422f85086ef624918c3d424c9a0724c6755370e,1776516900.0,down,0,0.23072459273347362,0
0x302c4be1ccbd6e11136f9ea779e976333eda3d4e2f8f2145266cef92f654dd83,1776517200.0,down,0,0.2313633152223805,0
0x7b064031522641f7fd44e451a123a47223512b70f9b8de465b7b911df0b01bbd,1776517500.0,up,1,0.6828870867205503,1
0xff031fd384a7040ffa4b5d2722ccec74aec73f6e4ce7519305e051c56dee2dda,1776517800.0,down,0,0.3279383555899988,0
0xab5153867ff8efabb33371f4d5d26befbc4ad276e448204837c4cdc47b189306,1776518100.0,down,0,0.12551057527384105,0
0x44bf276f8506f6c379e4b2bd9acde31ec53c1ede44316d8f1edfb88acd0bb53d,1776518400.0,up,1,0.9112974706507658,1
0x59966fa59bbcd697fe2ed8ab82656709d85e9024f9da5385da4fcc3d96ec5225,1776518700.0,down,0,0.5330529691554209,-1
0xfb345e13d8bd8736eb89656da4396a2435ff2bb4cba615048e7d9ea0f26d2cc3,1776519000.0,down,0,0.13968473347585803,0
0x484a215461a451bb1db8bf6c60d2ad7ef7e7f8351fdf46cd89679a6e5d47eb5a,1776519300.0,down,0,0.24664742595914912,0
0xa34850c2e37d597437bfeca5971f6046432131f170471395f682263f09d06225,1776519600.0,up,1,0.5973244100746028,-1
0xe973a3af13f1c6eef2131ec7e2342f68024f8efad755b6b5b5e0f4433ac66fc7,1776519900.0,up,1,0.3057042802663615,0
0xdbe623e9c124bf68316840570686dae7900152c33722988be7dbc7013c32560e,1776520200.0,up,1,0.9217258767176452,1
0xbcd0fa916071bcad7b974b80b038b44c648e92735a787b6e95a27da048fc2e58,1776520500.0,down,0,0.346813165174224,-1
0x2ddec0a223683f7aa3efbfffb2485d84b1488de019d9f1d3dceddd814d91e561,1776520800.0,down,0,0.8550329038694778,1
0x32ee5f84711c9a1656bf4c88adb415fb83b62a341e6237bf5eda295e82292335,1776521100.0,up,1,0.7167073974135064,1
0xf5c13c205506363855d22bdee8de72304e08e518447fb94d8056b678b46942c0,1776521400.0,up,1,0.596873167662377,-1
0xf3cadbd2a27ef6adc66463fda95932962fd619aa125da9eb05a557dd8dcaeae1,1776521700.0,down,0,0.7549622152835629,1
0x48021b9fd8770542b82f6859f223eac27ab66337a4979e4ae874fb9679b5b8c3,1776522000.0,down,0,0.09457284021591689,0
0xcba9371bf032e9d3a85542668b00da812290bff43bdbf3e8320693e1c3855f49,1776522300.0,up,1,0.9774466264273847,1
0x250f0d6d6bb4dc016826920f5eb5ae293fab2ad59ea67b269316ab301f1d7ff1,1776522600.0,up,1,0.73885420992626,1
0x364f47c1ad089eae0d75530c4136f06bd53b389273562cc1bcc2fb6b805617b5,1776522900.0,up,1,0.8356625782022961,1
0x5ca8505e6bdbb3fba64e439b3b828c4fbc685c259d7f3e31a6efa540e906b0cd,1776523200.0,down,0,0.16183326836721573,0
0x5e5310fdcef76cdb1a1d342a0e23bc5074b76d21b0cdefbe34bb8bb988039335,1776523500.0,up,1,0.6535684498850944,1
0x291191b8a7377b6a240399f87376fd153a30b58b7d0661f27fa616e472a61dfa,1776523800.0,up,1,0.7559398989774478,1
0x0385ac1a4e074482f77c966c6a95f1700a2baa7a65096b340ecbd0c62a6f8a66,1776524100.0,up,1,0.47127533823478485,-1
0x8170ca42b8776b268aff6df08c3b361b7df00192c2b13498250809fe2a155490,1776524400.0,up,1,0.8146281124920021,1
0xce012a8f1bb792ad1441b8942f150f69e071f917291cb09f6655244c5e9ebde0,1776524700.0,down,0,0.20232579471850798,0
0x09b2aca131882129139a0a5f569cd737428ac3534ffcbab3430aab5c7f7243fc,1776525000.0,up,1,0.3888296244228135,-1
0x4a6b795eaf001f58e14937a801910c570c108edf9afb4aa6a6d7d10802e0f0ba,1776525300.0,down,0,0.5800794451119803,-1
0x7b7efc83b32e24d19621f07407b526d7f11231198ad05b2ffc8851392fe414dd,1776525600.0,up,1,0.3925346349443142,-1
0xb7370bb4d1260c54392729c3e47c5710128e0fc6558a293d3fb266116e56ff96,1776525900.0,down,0,0.1538546111568555,0
0xd5eb87a0e3321535355d265316db0f3c2b9f6ab78b41a17abea32e83c48a7a55,1776526200.0,up,1,0.44121491531129375,-1
0x07c1fc6aa1231be601a4604121f1439556c060aab58d78e1ff7efed439638a10,1776526500.0,down,0,0.3345153289982527,0
0x211a0d27cf5aff8333706d192cc56a04eff93936aad1e63c29aeb755473b52dc,1776526800.0,down,0,0.19709760817279212,0
0xa1bc915fc985b8d85fdd219d4818d1f7d705e4b8d5925af8ec500c69dcc37283,1776527100.0,down,0,0.6850108574612488,1
0x11fc6668c1d298c4a876bb841e5a2312e8709622b9d828339ecbb8faebea4df1,1776527400.0,down,0,0.18042104790935642,0
0xf5faff26619a8ceaa3bff8b6b5e0b0d5211a83ea6a353b3ac80cf97261322937,1776527700.0,up,1,0.9122533537966436,1
0x9e8247328c986ecbacaa169f25ec49e27b841b12ae0b9056f468f9592d2cf56e,1776528000.0,down,0,0.05287102453485753,0
0x46d3efe0a096fc08f7ade1c87cca88b74e6ae3246d96e63293703e6f167576a0,1776528300.0,up,1,0.839705934831424,1
0x074d5ca7318e5df9b2686c934dea46062b32960428c802006a99dc76136b016d,1776528600.0,up,1,0.8477472050397001,1
0x3f30ac43796e2b1e7627ba6fc48af6acb973588e57a682a99762095a70f439fd,1776528900.0,down,0,0.045406186047410695,0
0xa83ab2402022b7af5efe762d5777ae427f09ce54a772c767a620f052bd12ae4e,1776529200.0,up,1,0.8917869037823223,1
0x0607facb313dc59b3edb26fe8402a14280c031fb64b41ee3d16eb7687f05dd06,1776529500.0,up,1,0.7917925131866214,1
0x5e2038d1cba868ad3207c1f7016c6cbfa3db47c07b5dd9e969fd3914daa873e5,1776529800.0,down,0,0.26515961544850924,0
0x9697a99391c6b821e15668b180e41bb5d1fb7ce588f2b09617655c96ad461930,1776530100.0,up,1,0.6658766584676833,1
0x60df8e92d1e197bb4b3b68bca2f645cbf8f25c0a2b6ebe9f1f5583ef83fe7898,1776530400.0,down,0,0.5658857194522615,-1
0x5d3b539ff38badcf2dbc9d00badf5fc7c4837a97191c812582d908e3af3dbc97,1776530700.0,down,0,0.3678604734814276,-1
0xdcf9e68d662e72df7c13b0ad9be78888d505f4408787853638660ef951ecd9dd,1776531000.0,down,0,0.1416922088911513,0
0xea2e075ef4fa52657f5fac7c4b5b85bdca9638269f2d69602037e746cf80f97e,1776531300.0,up,1,0.7157019164263144,1
0x3e2c4cddda60a3bfc03e108188c7fde05fee3d46f12754999c911dd1faa4be4f,1776531600.0,down,0,0.24226825219406037,0
0x6784046def4264d62454a2cc4998038232c48d6e3ee57f65cdd82b9b5df880e5,1776531900.0,down,0,0.3209337617551425,0
0x5a468ceabbe2d2c65b1a0e0f42ed9281a1acdc27fe953502742f83f7d1dab57a,1776532200.0,down,0,0.8585970161252969,1
0xed9f94398f5a85a9f4d0fb5e9bc35cea532f07807641c2bf9a068a74571238ff,1776532500.0,up,1,0.7136247451305224,1
0x7839bcb53bd5a2dbde4bd3a09d5b66c2f6efbcd59ad3ef3403cd3aceba10b525,1776532800.0,down,0,0.47393484049087126,-1
0x7fc80e87c41a9469bce1205eb0e67bedc88d7b36b8463649cecb5a0d972efaa8,1776533100.0,up,1,0.5367381625277218,-1
0x9c4ce7bb32fb22a87c76351ea9afc37f7739ee462888d6c7d3ac621f60d71514,1776533400.0,up,1,0.5757347411945296,-1
0xb44166de1ad2e43cfbdd4cb6257ab4d5998fcdc506499f96018cee4331c2bd61,1776533700.0,down,0,0.45971832970790183,-1
0x4344c56b35ed32d96b9978b58a54ec0c0ac5cf4ca3ee7226b4b003c4738fddd4,1776534000.0,down,0,0.3989915776849315,-1
0x938d1e19b9d57df7a5f7700a4e770b92509cd000d393dd5041084eb08b21a5c5,1776534300.0,up,1,0.6876418587903524,1
0x4a6a0a9def8c0498f195300aa789a2b2d5cbc5930a4b4301fbd1980f8d8a9627,1776534600.0,down,0,0.392170489816405,-1
0x77b090c487314e58debb1ed5f1423bd9f78c4eac8130553bbdc366b6983fb4ac,1776534900.0,down,0,0.14111515905368885,0
0x227488d314147f28d9dce1049a0a42e23d8f714a69f7d583cd32fb91cd208654,1776535200.0,down,0,0.038222336928519875,0
0x9c8d1027d58b66f1754954f4ad07b6afbe4aa4eddb93bd14902b902bfd8ab715,1776535500.0,up,1,0.5239439796075728,-1
0x877a09cd3149f4625bff8c2d81f163e0f4dfc907129a0bb9d60f7a5eea42f810,1776535800.0,down,0,0.21864156852469122,0
0x5297b6dd5e11a2b42fd3d3a1ac20a44bd369ec1d8780ab54227fa908bcfcb683,1776536100.0,down,0,0.1307922661754441,0
0xf5b0dfa4538ca8f9229336c21276b4b3e27c6f78306b85ce707b7a7ea69f0299,1776536400.0,up,1,0.8796389368142735,1
0x93272a610398a4c6687b07193dce1fdb520535107f0a48eabdb00a9e811873da,1776536700.0,up,1,0.8007340159143552,1
0x3aa283e9d0ade5585f95d01b16c8f85925396e3730f4c568359b3ce9a6840b4e,1776537000.0,down,0,0.3597715236576661,-1
0x350befea1b2a9d6ed27bda523ec1c3115cade640e6e5d204309102d91ef5a78e,1776537300.0,down,0,0.34764638853838353,-1
0xc62e545a585e1388be2d8d7c93957040df4736aa0b7e79c741da0dd562e1ec40,1776537600.0,down,0,0.1402833254550551,0
0x3c9f259800948ef7edc973264c6a46c04f317a44e1e00f5d46924bb80e95184a,1776537900.0,up,1,0.9136838661628789,1
0x5a88b729bafbd08041495d3c8b1fcb0258bb83868df7fd11cd99771442eb132c,1776538200.0,down,0,0.5253720570102284,-1
0xbdbe0c5327988397054989e9ff3d2c3bcd5ef778e4b45a54665af45b3558ea60,1776538500.0,up,1,0.7982072260669024,1
0x9485d4ef9709c8447f768e3ffd555d6272d22ef14e14f0e2d685c3a442bcfd48,1776538800.0,up,1,0.6394582260146232,-1
0x64b8a53c9ea636a3a84a9f9eeab42104909d8522530775501cf82097f93251e2,1776539100.0,up,1,0.265459849532463,0
0x672ec28930ed898f2d1291409922203bfe18541e18f60dae83e30be533ea98c7,1776539400.0,up,1,0.762303255937973,1
0x121eba92a070e22f29a1cc926a060ca7622fb4155f729960e6032dad9e4cb61f,1776539700.0,up,1,0.6898105118355121,1
0x1b59e506544e6671ab77735bc656af9832f7e410b2f3b6fa78bc4ed31d7ef7a2,1776540000.0,down,0,0.2585485513373333,0
0x8a66115fba165292a211eb7129d04f81ba8eb88ba8a890bab193881cb0625926,1776540300.0,up,1,0.7374568727077836,1
0xbc7df2fcb853bcb018a11255dab5eac640e26e3b44da8b81a3c5dfc7636c68df,1776540600.0,down,0,0.1492903355580348,0
0x50f103b4a3c1b7c31e6a4ab6b7d8f7caf7bb56422aff0e529a76909fe32f838f,1776540900.0,down,0,0.18411030548340832,0
0xa844ac25128e1f7c9d2131c2c0d13d015d0fbe41779a0af9070dc3adbf29df35,1776541200.0,up,1,0.49971329364727063,-1
0xb2a4ff58e3ddaf90de2faeb8cc593c8a13e78c2e1c0ef0ff7a39b6c988cefabf,1776541500.0,up,1,0.5294866694890923,-1
0x88cc3db5648538ac45b900cd1073360345af13708129f9e98585924b592f5673,1776541800.0,down,0,0.5878707107357865,-1
0x627e12f39ae899e15439b40a92925414f08ca75d3e1632ba3a56c707ae774f49,1776542100.0,up,1,0.9511661312425967,1
0x11f52e907e493896b8a72bfa1346c3e1e0e5de12af89a83be87b8d20a2eefc51,1776542400.0,down,0,0.07916730370519369,0
0x06e500dab585d32013d169c78595e454c83345b6374a860e3cc0d8ef07d89dd6,1776542700.0,up,1,0.9061568138211414,1
0x7f2f341d6ce54483c24d6458536fe21024f861557b02f0e2b916b5eb786f65bd,1776543000.0,up,1,0.645278500040068,1
0x8f94ed8da34bf20f8939d6a946e39e1dd5f72b549e3eaebf3246efa58014b84d,1776543300.0,down,0,0.7858940525004153,1
0x09660f9cb484cd2bfdec4e5e0f0f2b7f94abbd9d511bdfefd16fc99bd4e92d6d,1776543600.0,up,1,0.810617971742629,1
0x42cd53849eb9c8861a02c4977016dd298a3e2934f3cd61e7a13dc3f4bee1262d,1776543900.0,up,1,0.5347400215143613,-1
0xa606a11616e470e6481848d0f96c6640b46fff13b65dfb5a17d4bad3d6352c1d,1776544200.0,up,1,0.5885006582985446,-1
0xab7906c87ef1faeee53758ff540a440bb794d0f2f0ada68ad50575388f081338,1776544500.0,up,1,0.3312625769569787,0
0x8f3d5f6cd62807f599f84eeb3de31b417a313a48ccd2b2eb038281f059ac75ed,1776544800.0,up,1,0.7069030757328617,1
0x56af5220b66f9d9f55bb04a8934cdff82b263bceff3ac6de2d630c19ff35dfe3,1776545100.0,up,1,0.6729139632511356,1
0x610459cd28e81c1f61ba42ec046bc108cb59eacb4ff96bb15b458355ccd8e5bb,1776545400.0,down,0,0.7878222005102231,1
0x4f38b369c0ab23d776ef344c84a29843717dfe3286506b4ddcbe75870f5bde83,1776545700.0,down,0,0.09888821288164357,0
0xac9c114f2c55eb4580db96c80004d72c81c987ad4f9d2704508126e769cd50e6,1776546000.0,up,1,0.9228787886109794,1
0x5f4b6c236ea4270744a8a7fbc63b05f737a7d3ffbfb2837833d3019609b49c4c,1776546300.0,up,1,0.4098251292655726,-1
0xd5a890839e1d7206e900c1d3796621bd28bd35ebd9a6e50506bf9aadaa759d09,1776546600.0,down,0,0.32100033707765385,0
0xbd878bce70727b9d13ddd9cea615a0457ca8b57c15796436ab318ca2cb242be9,1776546900.0,down,0,0.2557044916347692,0
0xa413922627d58c2b70e90b2f09cb1744e6b0759ef168ba18d432a201ae0a903e,1776547200.0,up,1,0.5381530120331027,-1
0x59e5037456b5951193092ae9ed80f7a73a759e36902e0052e8b93aa1616cdacc,1776547500.0,up,1,0.7394794530623786,1
0xa8a5f28f3b40bdb6c40e7c02fcaf3356e3b8e996af50dec5879935f7a0ee1765,1776547800.0,down,0,0.3258821508130271,0
0xa23761fb05ea0331c7b9c5525587d7a4d79cb4819148b4808f20214ec911a493,1776548100.0,down,0,0.3866613040498253,-1
0x9ee96ab728c09e29d489861d3598100468981aaa6eb850920bb28e9bc9dab34b,1776548400.0,up,1,0.2776040959200639,0
0x585e1de04051542842926c6547f866fc19251d392b5653b6844affe43a60629a,1776548700.0,up,1,0.7988491338682956,1
0x8ecfbaa15b0dc1d427baaeba881f62315aa62db8fa488d2408ef50566806a217,1776549000.0,up,1,0.38658790594616227,-1
0x0bf3a4fa2759d960ef17b18e8595c03ae6da7aa8b80cda3856291597522cc37e,1776549300.0,up,1,0.8086167827328825,1
0x70b818ffb01a93cadbc01e43ef0a1f336dd2b6d9ec2d99fe66084f05c7baeccb,1776549600.0,down,0,0.2917961692983473,0
0x62687d15c4101c9462cc84a4af50c07d707c9fbd1986a1c63332bdac9f3e978c,1776549900.0,down,0,0.19976938728431598,0
0xd0597a1271f48432df1d987c351888a26257cd5cbe956ceaefc39b4f60e9e378,1776550200.0,down,0,0.48115356684572835,-1
0xcf58cf14041f92eb5d7a3bc0e38812eceffeeca676f4119c185fe1ad28e65097,1776550500.0,up,1,0.7859507071389398,1
0xb2f01897b957e416d420e5ccbd5aa54cd63fc74abbce020134a1a4d428720626,1776550800.0,up,1,0.7373824014419562,1
0x3b7976e37ee42116026eef11f0f2f3d5aff7a8036dbe44d134d8d8ef957b27b4,1776551100.0,up,1,0.5036694657560908,-1
0x3616aa2a6badad3c2ca74c8fab0857bc8057fe244bca82c609a5d42d2fc60c3a,1776551400.0,up,1,0.8117418245240223,1
0x8b4ae05828dc302f79274dd554b7eee4c5c97fa828cd5cc28b187eede600c75f,1776551700.0,down,0,0.5345544125299331,-1
0xef1f8e9ba681e0993852acff9ae1f8989bb4872a389976ba3dbfd8404509aa9f,1776552000.0,up,1,0.6114962707655507,-1
0xdd30c2381197a2186296044b76bb025bd180fce39c42d71b44a03732ecffe9a4,1776552300.0,up,1,0.7991514672406398,1
0xe75ac03281d2599292021e2283ec7aba20a544f988aa9411079bad8736ca9e98,1776552600.0,down,0,0.7752440587898403,1
0x72639e52848f75e29e154dcabb8079ba079b8f3f0f1e07e56379ab3d74bcb948,1776552900.0,up,1,0.5507419314921763,-1
0x4344a17c7d49bca15c95cb4eca7e741ecfed31e5ba225cfe179e3ffddd3c4274,1776553200.0,up,1,0.5436592739989033,-1
0xc54ec734d6010028f5312af40f12dff0ea0ee9b50cf6d1e82bcda372c5d1c8fb,1776553500.0,down,0,0.28261900604015244,0
0x594bace5cd9a2b65cc9c0718dba8bf6fd52730211aadaf61ac02d9afc0debe78,1776553800.0,down,0,0.36701503310002187,-1
0x8331818669dedc7ffca0646dd132f70859e9b0adcdef1a353dd6f02419d3acaf,1776554100.0,down,0,0.5847962637079934,-1
0x2307383b2e45d451eaaad2a45cce214c0e3a6d2a80240be7155618bb28fb4fd9,1776554400.0,up,1,0.6745198962544235,1
0x419a580209980fbfe67b60a4f59ff208a54a9817d4547a3a7a390ba26b9b26c5,1776554700.0,down,0,0.4741869651884807,-1
0x0e90f0300745aa6c12d63539c1bd2edcad2e5bb618c868162c7de4d8e43e5cfc,1776555000.0,down,0,0.04168028645199258,0
0xd4ad3b9aa134656c5ad5a8169109f72f32719b8df4c20889700cf47b80a35408,1776555300.0,down,0,0.07404190316944624,0
0x311b8634643e5907b300b8d9d488c73e07753979d5d65906b744e76615f068bc,1776555600.0,up,1,0.8763734008161383,1
0xa801631944bd46a7938e33b0cac74973947ab42019ef0ae670ecbc45959b4801,1776555900.0,up,1,0.5553380019891604,-1
0xce2cb42e5e25f1f1dba87466f7c557cb95f7f5bcbbfe26539b6baa07eea153ca,1776556200.0,down,0,0.1387241038799401,0
0xc16b922ef2cccfb7cd634f069b7a10bdd3f461d03be371178d29940570b58356,1776556500.0,down,0,0.5452676263099625,-1
0xd190a79e2a354dcd784ba1399fe030ac076080a80bc6e6bbfc7c7071f64aabb6,1776556800.0,up,1,0.8549508633418863,1
0xd0fac7f7762c8ff14ed56607063d4307191dfe1c791cbaa3ba18c50925325411,1776557100.0,up,1,0.6908928595270335,1
0x4aa64e06dc4cbe181f29bde726b763cd17f206909a78978387b76d674de9f508,1776557400.0,down,0,0.23901618360372343,0
0x7313862637a1ecf7c9c9bb29d9f094ff47cfd81a0aad37b086eb244344fb9bbe,1776557700.0,down,0,0.06104608896509204,0
0x658d89cc3d095fb88413557a62392d0db5b2677fc6a530438de05c9bbb3a623f,1776558000.0,down,0,0.0505211632204612,0
0xd50bb5543821a7b2c6872203a1f801c978af090de4192966d4db9e7144defd68,1776558300.0,up,1,0.4396507511954028,-1
0xfe3be85c0ec0a7ea15fc3c5427d6256049c7438a3de8f01e58e68eaaf46f2554,1776558600.0,down,0,0.7844307278502238,1
0x1f4c26ccff48e1246fe66d3182360651c65580bc48f993675c32e93dba780ec5,1776558900.0,up,1,0.5991277025634861,-1
0xbd3d3e1807c64feab69ce8758ee4eaa0ddf7e775990c121913b6fcc82c8075f9,1776559200.0,down,0,0.4327611889317569,-1
0x2eb6cfc270297175ca8dc5ff6df1f1560a0ae993b79ea16788a6ba0396d0c3a8,1776559500.0,up,1,0.8585626373379673,1
0xac714994a37fe2144f1eb711214a624389bf5259f3e325ca8ca4acd726a3e483,1776559800.0,down,0,0.33244024627092017,0
0xa1f4cb3a58a3a614beee9e148ff5cb54bc7fb812ffcb9100e1463b2121f70756,1776560100.0,up,1,0.7103931954998058,1
0x14c972a60258157b0aaee4c2b718c3b1eb0b78852de32e367bcc9c978b3de8f0,1776560400.0,up,1,0.8985694206631653,1
0xd265bf0dae5e01d4af0b34a7e64f1656d5456b242b28ca4bf804502397815b0b,1776560700.0,down,0,0.39107536456747977,-1
0x7a982f0ad6cd4183959507d371fd4f653cbdc5c1e48ca526a1e96f459a22fd28,1776561000.0,up,1,0.21259367461788742,0
0x0363a503ca7100d15d26948f3594127a2d675ec6284a491a63a4799a7d828d37,1776561300.0,down,0,0.3024731137376589,0
0x3ef979d89cec8a6ca77d4d0571a092a8b8927c659b32ad8e5df256f20c50c7c5,1776561600.0,down,0,0.31534566145319093,0
0x46bfd6f7c190f12176eeed692d17cff2f261935c3620d42b259a3c354e0b80af,1776561900.0,down,0,0.5012781876006475,-1
0x98798694a1c3be996421e35cbbdc33c9a807b1244f2223706b37f30437ee7eb5,1776562200.0,down,0,0.13545171885814536,0
0x6027e1422bb76cbe7cfca530cf5a90ddaf74fcc2b7ea683e78291ba469711c93,1776562500.0,down,0,0.5820706711761698,-1
0x26384a9e0cc2b08d30914869fc5ddbce62c16dc65f8eb37a5f62f0db4c809136,1776562800.0,up,1,0.7732782911051004,1
0x232232756080159f1bb41e1ffd38394432b4a6554f5fbe685ed26fafcf6407b7,1776563100.0,up,1,0.8010141204063952,1
0x628e1e2ea51bfae5c88d86b553235d8254bf01d4b8caa448849622b323a9244b,1776563400.0,up,1,0.5206006849478844,-1
0xd8c8df7dc2d4f8f397ead8a958b9345c61ea9e4f6cb6aba0614ccd7fb4e63c0c,1776563700.0,down,0,0.44824723050559345,-1
0x132e7a1d14d44a7c56ac7dc6642ae5123d9d59feb410738de7bb22e7a4ab468b,1776564000.0,down,0,0.1271181836170951,0
0x3fbc6037c0ac4c166a95cf27dd40b27925c2834c5be9be57b6b506aa5ba55c0c,1776564300.0,up,1,0.2678774528109891,0
0x8be5a59d2fbc879d3ff0c7cddc29b6105339f3fd10a36422da0ce1962f2f9c58,1776564600.0,up,1,0.4129852963621387,-1
0xf5bbd6b3b31dbbfa549ee96e032cd44dadcea76015b30895524791c0f40a4566,1776564900.0,up,1,0.31230187508754786,0
0x213200f112b36c4f6d718e017153f147140df24591e8af4cc9d8e9623150761e,1776565200.0,down,0,0.6331860082291861,-1
0xc6a60b7d0d553a551b69e091ebbcfd6eccc6eae367ada949a412712bba362bc7,1776565500.0,up,1,0.7052559816827569,1
0xf08170b4f9f181875e8b3f5a5c3fb3421dbb00e32423160f8a826a20d012def7,1776565800.0,down,0,0.34426289936670273,0
0x6861402d137c1d182a28c4b6be4b9b60459d036b7be0f2417378f1f5554cdabc,1776566100.0,up,1,0.48535058135510717,-1
0x75dcab81bebc7e9c6fe0518933822a461160e5c7439b1e521fb2dd03ebd69e3b,1776566400.0,up,1,0.8557772873544676,1
0x4c8311250cbc101ffa0553cee4b35e301a828a6b7af1d9e36c9bd697fff7fa8f,1776566700.0,down,0,0.6742560994683647,1
0xe66ef6cc96c537d4a6fecb3b84a2f8f7dcd332ddf75937192121dd36ed6f017c,1776567000.0,down,0,0.34684804312275064,-1
0xcf72ec5101424a90559143b1549f06f02b3b9f6a70a285435882ed45b4f15268,1776567300.0,down,0,0.45338379537218,-1
0x8e0835908dd79488b1c8c9c42aefe685b1ebab61d0f3ab08fdd4bc651b95ceac,1776567600.0,down,0,0.6151801878811533,-1
0xee45a62ae3f80b9c5842207e404b3d9ebf6eb3c47eabc4a6e4f1c5feac43c486,1776567900.0,down,0,0.17898199921266608,0
0x6a9e6d6c2d88a4727d158dad6e566dcad14730a428a7037feb867d616f47f291,1776568200.0,up,1,0.8421285013589453,1
0x2b7cde73460727e1f1e99afd84c6dfea8692e7ad92b140cefcc7abedc739969d,1776568500.0,down,0,0.4182010532474566,-1
0x5272e39e19b787e9a70258638f51bc4a1cb51bf03fe7bef844a020ada5b47a4e,1776568800.0,down,0,0.272396670273444,0
0xff22b89268aaaaffbb9c5e101a885e43524bcd13c35c471284a684eabc3a4ba8,1776569100.0,up,1,0.43834425183651,-1
0xd2a225a90cb400d30098e7bab6f95ba9100ad76d690e1d0826e1d47bfebde97d,1776569400.0,up,1,0.253445688174767,0
0xcd1eff85da144c7ec4308aeb6422741aa0d566923299c9e3ebfffbf2833a05e4,1776569700.0,up,1,0.8635562132803204,1
0x44f67df49168ec430889c55b0bec595a4c1ee22510ea9fbd207d8b88ce0cf4eb,1776570000.0,up,1,0.46087827372905166,-1
0x04aaa3a005e9433ece0f0d1d914a8b57515237f79c026c329268c38d3cdd3a22,1776570300.0,up,1,0.4349908666350749,-1
0x9e0ebf09e775f9c110dde87dd1812d74cf994ab38c9dacdfdcd128835afdfc56,1776570600.0,down,0,0.1947282112440957,0
0x0974f171080adc4b136d7fc90a85dd2548987daeb510324f77aa9515b15f68da,1776570900.0,down,0,0.14467795275113615,0
0xe8759f79a1b8f4326de57d2b70a42b2daa2a687eb95a971df497f84c0183cdfd,1776571200.0,up,1,0.8049826282852753,1
0x0843c181aebdf07bec527120be62aa5554b385f341c327c0b6c926eb7d119cd9,1776571500.0,up,1,0.7227085955497623,1
0x3b737f88655cd67167aed05871ba8d3454b04161c3071070d75a92de09228cce,1776571800.0,up,1,0.9308372431634844,1
0xfba804cf5be031722d2868ad4fe5d0abd983a980b3757b06aa37a6212a32fe4a,1776572100.0,up,1,0.6553174982411959,1
0xf062879dbac1870c1730b36c498b933cf27098210a46f8b3f99d09c9d7247349,1776572400.0,down,0,0.5857402331228592,-1
0x495fc01365592d1618af52575050d5c1677f0646df6cf2b452471e1508668342,1776572700.0,down,0,0.3201447865933903,0
0x9fb83005e239fe7cb63c6b7ec8d2b356705946c733aa44b00121c5a880a5d110,1776573000.0,down,0,0.03399443572284776,0
0x9b7b944c4f2df612ba6e3e6a65fd6a897ff2a0764e2b4ec24748e42d65a49a7d,1776573300.0,up,1,0.6415064209893948,-1
0x2db138747ee97b05e5f7305d61659ca4a6fd93acf0f4b711626ad0a08f3e51a3,1776573600.0,down,0,0.0038049945907032085,0
0x3a3083534ae53f6d79c35a4f36e8441587641212e7167245a2858f2689d12e95,1776573900.0,up,1,0.7835538505399884,1
0x16b19281ae72a2cf91d30c81ff9ba12cf0ecbca90591807c7ad29a54ebaae044,1776574200.0,up,1,0.857497736818734,1
0x0f167ad3f336d495acb1d2e9bad5da267fb4372a54c681eb774df6cd74612c08,1776574500.0,up,1,0.5406802286667611,-1
0x0fd082139bf85b9bdf4318e116fadee70a96812a760313b2df56a99b0f0a16ef,1776574800.0,down,0,0.6567523352068716,1
0xc39880e936e2491184c58a9b0628f11957f71e490e5f1151077a4dc769b5321b,1776575100.0,up,1,0.630404893523112,-1
0xef901c8ce048f28c040a15c0003bcda71a6746f1b372fb8e810bb45ca6f6c830,1776575400.0,up,1,0.4512796938670901,-1
0xecd7cd7e1d6371474a07859e8d155f7adaff2e2f366e20a86e7b305cce09e0e6,1776575700.0,down,0,0.462774571190457,-1
0xd96dbeab12824a5693d3d7ee1655cc3668108ab002fbaf7497dd35bb70b2fe3c,1776576000.0,up,1,0.5219094490905423,-1
0x938c1e4569970bb4604d01c6f917f539ebf7e9b5146074b73809c3dc74c711a0,1776576300.0,down,0,0.3444093497210681,0
0x95c5bc2e77565149a7c5a2de851aca433b9c35d66faa5379392e8fb6a0668e23,1776576600.0,up,1,0.9957744374521736,1
0x1ac43cfc73b720f4a50027beb6a3666deadebb66c2d7fb2a85a0d9cd2d685404,1776576900.0,down,0,0.6044625405101028,-1
0x37084ff6926f632ce9092df52ad8cac3cf02c734cf859657d26385a3b8c16edc,1776577200.0,down,0,0.12562298547365144,0
0xe529f105740e869b06d4969619796fc40cdac65d56f79d15702546ab845424c7,1776577500.0,down,0,0.3198845567734054,0
0x9c68b8ea79c01e1fbf9db99f6771800ffb9f1ad045bae8c6f36b31e6fd69b794,1776577800.0,down,0,0.23513337528998562,0
0x92d34ad0d47dd2eb66ccd99bb43f3b189a31b63e05ada9080c9c7ee954050602,1776578100.0,down,0,0.18278637569808273,0
0xe1a2b83de62b2d749abda629386390869fea34f1de1462823936e139bd01a32d,1776578400.0,down,0,0.20803867276866156,0
0x695c85f4429445c694072c2922f2b21204e8dddebd9abedf00dbe5ced86017e9,1776578700.0,down,0,0.8515748744836901,1
0x49bf035f051aca2d0d26acc79eeb51a198851e664250f61f8b7d9dfebd5f554e,1776579000.0,down,0,0.7411295881930994,1
0xc62ef567ac7e33a43b7876bc31d3d0c4e8a7b0553f05c3720d112a99bb910c2d,1776579300.0,down,0,0.3435250264906687,0
0xaf7c47ea59c419d79e0a4230149c01fe2ffc3953f5b362f30ceb84442b022ffa,1776579600.0,up,1,0.8785011682031566,1
0x2ee7a5c721931685b96f97e742aecb74e3ba14f2f4aa1453f269d047015c6268,1776579900.0,down,0,0.40713571796487036,-1
0x99e8284465fb0a0976f3b5574ae046da8194a9edf26af092c8040354f56648e2,1776580200.0,up,1,0.8423012750206342,1
0x2d8ce79f3d12401a1da599577fdd651d548234c9c3ee4078df75f5ecd4aba369,1776580500.0,down,0,0.4590841823066008,-1
0x14824ab13095982dee85f7a2c4abe2589f993dba13879c79ec71be0c6115e9dc,1776580800.0,down,0,0.49738852686563045,-1
0xdd064be1d6f372abe5a3bdfb012e268dbef2d7b70c33a627b9a02c6a4e7fd29c,1776581100.0,down,0,0.2962109550588468,0
0x6f56a1dced1f5ed30a2541ac13039f7e48690c1e008c6aec354fa99f98e67f2b,1776581400.0,down,0,0.605044928403978,-1
0x7380a73ac6cf2b564a250f8a367655149955632d8ab6113d34bca609c9ac68ac,1776581700.0,down,0,0.2678201320984653,0
0x8e233491b328bd8f114f89e775b140c95f0d1446e7a2b69463f2af51b3a56f79,1776582000.0,down,0,0.367442772664261,-1
0x7c78e40ce305fba801a6b9732f82f8c1c8b95b377f4feba27475ebe8cca73a82,1776582300.0,down,0,0.13334599512371018,0
0x9e82a7c8291ef0c0ef3704f9bcf5123c49804694acd31981d348369ca261317c,1776582600.0,up,1,0.4851983027353755,-1
0x18a67f946e068240e18650bca0641d1243608b3c86974971c8e2ab231e003d5d,1776582900.0,down,0,0.22112345807106792,0
0xc1eba6296cdfb36d9a559321e4f22533d1130d3ea45c9564ecec5b98fccd5aa7,1776583200.0,down,0,0.10827550795580251,0
0x6636de6376b5eb0e27cb45e4e3405ba57de407a4842f2dad8bef9f4a59d798ce,1776583500.0,down,0,0.698322995449226,1
0xb07d0b8de1aea4acd2706312e20b63b12d334d861405693f26eb71317a9b4b9c,1776583800.0,up,1,0.9249335280411537,1
0x750a667ec7212d8400f60bea77a864266efec77667528925840c6530604bd42f,1776584100.0,down,0,0.6117240643422106,-1
0x76e2b8088d0e459616b62a70094dc35b6047c5318c29665f2a4a464713a17810,1776584400.0,up,1,0.9714678972250056,1
0xbf44721ccb17728989654e5577e63affe4d15e6397bcd82b51d667fb85c7ecd3,1776584700.0,down,0,0.46729631443770747,-1
0xc6e6aabe5e414dff7c580ba169e81671e1eba9405a96622e6e1b83230591fa48,1776585000.0,up,1,0.6596969146468065,1
0x4a06d4b9fa7095763bf940c5b979a0b0f41882bcfd838f03d5dca6a318b9609c,1776585300.0,up,1,0.8901795154031675,1
0xaf9ad2357b8ce791141b6956dce613e76fde34e5d02cee4c18cb1c12cc4e11f8,1776585600.0,down,0,0.17460706496292486,0
0xf87cd293d89a67c40cfb6788d44be57bbfd1a0a5f1818ad74769be6ebf51ed3b,1776585900.0,up,1,0.6558846658008175,1
0x6f0cb5df50ec4cedc46fb8e9647987af6171cb7e476b5c56d0dd848e7a0b27f7,1776586200.0,up,1,0.9236866046361202,1
0x9e6a4448d08414a6c1a0fab039a83800e806727c9aab41b1e3471f83d95a4ae6,1776586500.0,down,0,0.8041630520403152,1
0xea1948beebeb451d96acf652a970e3d13b2a8cd1d024e03b08ff92ffdfa157d9,1776586800.0,down,0,0.12845721804840973,0
0x0cbab530e6a3e45c486008eed595d952df30192c5044bf1ebff74a56f1f1c04d,1776587100.0,down,0,0.4667717134367844,-1
0x49f8af8ac93e0be41b89541f207a6e20c428c41b5190a83fd8b376798f863111,1776587400.0,up,1,0.15478084595102581,0
0xd5656abf7e35ee853f5c6d352408db7b4d690545459ea3360bbff6530b401ed0,1776587700.0,up,1,0.9028689846234422,1
0x9ff76e86d8d8266067f555073de157ee0b15c931b971728367a7d1a0a95262dc,1776588000.0,up,1,0.5739724570668038,-1
0xedcac9eebf21d7bf4ab3f0ceda931b194c67fa3192d6d3d3b7b74b0983e5bff1,1776588300.0,up,1,0.4817159512981817,-1
0x289563bb34d7e293f39f50e7ae8ed803d1739f7223850601f52e7100e668c6cf,1776588600.0,up,1,0.5298467115834258,-1
0x6e6a815a3ac1c88e4cc597641a2c57a6baa5e1a1a07294eece882c5f0c7019a3,1776588900.0,down,0,0.4328982753267329,-1
0xfa60ef4aad9154cd602e901272e9057307d39babaf60285c212bce5bd2470c67,1776589200.0,down,0,0.3013308806392099,0
0xe76ec7f2525e9026fc13e34aa6e8b23156b9e345d3162ac56e62bccbebb3156c,1776589500.0,down,0,0.6704160912641942,1
0x9eecc952c79cedb8e36f36d521a5b3ea09d7f9a31b154577829da07d34aea34f,1776589800.0,down,0,0.2718803631195433,0
0x438cb0584598482f02c0d9fcb1821c92881108344829247f80ab47bd72d64ea8,1776590100.0,down,0,0.33120860177859135,0
0x2f7100dfc18d0092f01ad57fd29486f05dc849cd08920eb5c133713e04fa6d5a,1776590400.0,down,0,0.20928566321192887,0
0x3dca777e5ba745d683eb51c1efd327f7484701d56d84997cd9c8130d12835f95,1776590700.0,up,1,0.1881579051085444,0
0xc257a76471b1db4962cb12b588de34a243b8027f72598197f4a29fb0f83a9ccf,1776591000.0,up,1,0.626133801810607,-1
0xe2d5fe5eaeede4e0af6997d3eb45915994e7f2b1748d59bd62edfac4eb1151ea,1776591300.0,down,0,0.5460178283613929,-1
0x4f4fce4c252712d272eb2d8e6270d195735a716d441921ab8865dd5c6a984158,1776591600.0,up,1,0.8038048121217524,1
0x205a038f8fab471ced2a70886c80b015106979d5abb6dc082d3252f11f2cc4e3,1776591900.0,down,0,0.2141021460443528,0
0xf026efd813c66d217b38c90b55ff14c716308152c798c34b5240190caeb75386,1776592200.0,up,1,0.28276282440916073,0
0x46420a101e377b2e11912fb004b0b36676a3c7faeea3ba84f5ccbef64829a141,1776592500.0,down,0,0.18283679011106957,0
0x40789235a91411d5b18cc61316355b4bd7272207cf06b4dcd0cbbbed96570f6c,1776592800.0,up,1,0.08939493365944169,0
0xea9ac37f52c9025af9cad8e7717945932fcb4169e7d9344be3a93218308dbaca,1776593100.0,down,0,0.2098651945468769,0
0x8f489e85eedb76dd59b308f273ce032496dc47cadc7fcb05974925f0c7e0e8ea,1776593400.0,up,1,0.6591988873687347,1
0x4b3e12b7d00bb41275b7412d76fc27fcd9547e15f32a6143bc269a38a3dc1d12,1776593700.0,down,0,0.3460208101314887,-1
0x9b90e4cdb98c8fb4a56f766ebdaf2eb99762ffdac0be5ed96359ee6acb4f45c9,1776594000.0,up,1,0.8822969758897821,1
0xb14b4b4af2dcd5230a089579f23de28ba9b1d01288e6b75bd37dc215f880aee8,1776594300.0,up,1,0.7101170208456898,1
0x998922b428861775c8e4d1e55279f454395dc02104ba96e28fb3038c55ff5564,1776594600.0,up,1,0.48431883679988436,-1
0x7700942b9e3bfafe45fb1c373862512be43d528465d9da02878f246354761273,1776594900.0,down,0,0.2752921629415923,0
0xf24c37c66a31894a9e997c585305a8668a69a9dff8944b941f5629cdc818f658,1776595200.0,up,1,0.29781114117164764,0
0x9f7290914944687fe8a50f58e0679e515c5d2a620d76bf1a72e780d08060d873,1776595500.0,up,1,0.25117214534061527,0
0xf69f889e9f1fa6a919ea77f1de1073e0e041d69c6053e4a8b0cbd31ce307b562,1776595800.0,up,1,0.9645424433292826,1
0x990a88e0d63d8746024cd34d3952b0837ba418e400f55f9133e7c81381e8c5b7,1776596100.0,up,1,0.6896971286578402,1
0x02f744f543f67d348eddec3dc3a635f68e6d89fc58bc0be9317ee6f5fd2b812d,1776596400.0,up,1,0.7279854870265998,1
0x090c364636ce2eb312d40954f041ced15090f2f80660d853cfd7d7f0e268ce66,1776596700.0,up,1,0.5434325655819372,-1
0x9650d30e702b9d9e0c280a3ab34b35793cf712683f97f6d5e93032e56f4b185e,1776597000.0,down,0,0.07728802445413928,0
0x3742afc6740713bac73aa6cd6130b2d0954d4c4c733a0b2def5a46a5f891a181,1776597300.0,down,0,0.8988765860619102,1
0x4640161b052328c6eecb2fad56abd30b9e9c4c7971fa1a03f8a9e3f52e5c5d40,1776597600.0,down,0,0.5839396378240556,-1
0xa339dbfbb9f0f117770d0aa3d5c3fda4ad512248be58b6e2cadc01d8c306761f,1776597900.0,down,0,0.2586790824538909,0
0xb965421142b7202ab3c46609d0d4c54b1eba8a3042f4d94ecf951193ab01da8c,1776598200.0,up,1,0.8828779688123134,1
0x5b3a076b6f8da24deaa6ee6b0307c3567ddb77c11f1bf73421cc37205c4f61d6,1776598500.0,up,1,0.8726054141795397,1
0xce1f3685033a4d5de788a792b0d47c0b9885df6866a6f99943d069847083c5b5,1776598800.0,up,1,0.7144480019459676,1
0x89ee41af0c6fc5f3fa73ebb8a010425cd9ecada9fe66457bcdcaf519c33ad686,1776599100.0,up,1,0.2846867527343013,0
0x320aa340b1bba24454feb211b66af6b2cd50246e44a1ae9582fcf3feac743d37,1776599400.0,up,1,0.6590578331537287,1
0x74232aefe469ea543e51fa57450a0eeadeed5d44e362971d3fef0583247641a5,1776599700.0,down,0,0.39534601139730197,-1
0xa9e304f8a9a269f41930a4dbc0eac93b4126cb2a13b48014bdcbe4eb8f30fe6d,1776600000.0,up,1,0.42458487378177656,-1
0x27e48ef017e3b7b04dfc7bd2f0da61f6f340982e6be5e5e6dedfbe9b2021dcf7,1776600300.0,up,1,0.23174482893076645,0
0xbc9b48a9b4363f92d5c63e268d68b1bad08a16519a982aa0303da1d2078a3c58,1776600600.0,up,1,0.16205645421254433,0
0xe17eebe5e026fc44947dfe3fcff404bd613546332adfa17890c9c8048753c0d8,1776600900.0,up,1,0.6619430328887499,1
0x2aeab77a436e8cc957c4cfd63cb7ec106493c272ba1f58445354ee80e9911635,1776601200.0,down,0,0.1660888751213315,0
0x9c64ccdad26af953700bd290cb6ce5f5681b80974da23e224c407b4de874ac86,1776601500.0,down,0,0.17680473071359795,0
0x9a1a3ad23e32f64e330af4cfaf68db7c16757f022581e6b5723cfcea1104f788,1776601800.0,up,1,0.5473365092083093,-1
0xdac16efd3e25cd1ca9bd39b76d2474e135fff335b71a3395b7bbedb7dc1bc9e4,1776602100.0,down,0,0.12637479397242662,0
0xec686d8d099b39646de3bf69a6cdbbba316c3944ba39717fd8e708ca9e5178a3,1776602400.0,up,1,0.5147794617089182,-1
0x26a58eb471b674e1976a76bd6364d804dddaee7e22ecf8f70390074c40ab41c5,1776602700.0,down,0,0.40854197634998607,-1
0xb38857645c82554b43d54b3912282868ca03f0ef49cd35bcfdbf055cc935b323,1776603000.0,up,1,0.7735693642480715,1
0xf372b92db18cb730757a69beb7a4a44642ebeab8216f712c975bab854f90ae71,1776603300.0,up,1,0.8337476575178357,1
0xbcddd858a7645a28872528e7bab65d7148248a87a8bc175664e47c360c11b8a3,1776603600.0,up,1,0.8775694331306095,1
0xa1d70fba225db001552b1aae3a39eda4cf56c79017b7e870114deceb3a78faa8,1776603900.0,up,1,0.6627448343915783,1
0xffc6aa6b0da737beb5c08f65eafcf77117da50f277c2f61ef2796a8a6d4c19f1,1776604200.0,down,0,0.1258951520087193,0
0x96cd85a9b3fcb4c35e402dc8bf32a75e5d32897d6074c98582d44ddbc560c1c4,1776604500.0,up,1,0.7401693499376055,1
0xc1492ea1b9cf6048d1c28f9a3710f9af4560e33145c498b7f15016dda0777991,1776604800.0,up,1,0.834446126430776,1
0x423ce2008ec2ca55e7960df77c5746c462a7fd45bbbf1eb60b3ef1acf8832df6,1776605100.0,down,0,0.8125781563943131,1
0x88bde9ae692a837da5be846ac29cbfc6abaa456cce6d7b0770bbc5eca4f076b7,1776605400.0,down,0,0.2881456556636405,0
0x9220f30434fd6c3555cdad03d8c35bec85ab43375f1cbe8e8c8e29b2ea6730d2,1776605700.0,up,1,0.23295849118346978,0
0x3a8dcd52fd0c26b973aaafded9b7b91b520f12250a1be3ac0890d1ead4abff4a,1776606000.0,down,0,0.3000339483201353,0
0xd8c44a63b7a19cd43f645f459421f921e831ee2d5ea9b5422182553c4d874e32,1776606300.0,down,0,0.06585874123993762,0
0xd4173cf1303d41fbd592a57b6d125073f50141a0c242902de19a3ea81dd4296d,1776606600.0,down,0,0.6800799102296701,1
0xa4329f71fe211ac8152247b8a05d81c364fa05339ea6c48712398a4d86be34d3,1776606900.0,down,0,0.5427839435082276,-1
0x1adea9db4f7fcd5a08908cfa72b7f2ec7567cc0d5c1caeeb540006438be04c42,1776607200.0,down,0,0.9248936082368828,1
0xcc560007441c72e880396f86843e982af8d572beb6b65a1fa5775cc11de8add9,1776607500.0,down,0,0.10721514320586178,0
0xdf31d4ccf1240b4513c9f36f954db7b18c5d86b18f5a27ed916082213431c336,1776607800.0,up,1,0.8100103816331204,1
0xc32654e42d6d0972b6c79773f6f5e53a2288d1142e485b291365d9cfb46eff03,1776608100.0,up,1,0.5758799794672245,-1
0xa8f80015474d44809ae3d155473cc7c1d9d6dd171acba7492f25b49103c45a2e,1776608400.0,up,1,0.6097908568791394,-1
0x4cc894d00d996ba28b3b5b29aaa656246d8486e47a018bceeefb2a0085f7785a,1776608700.0,up,1,0.9267635396539404,1
0x72da8917268fed487cea55169f45dea3d8d9ad9b2b2571501a29940a72f66e5e,1776609000.0,down,0,0.23779197179443556,0
0x4621d0b40c07a33727f94fa97af29e08dcd4c06cf9d82d80d121ec5b0eb68080,1776609300.0,up,1,0.5964499901134401,-1
0xab5152733b63289689411919002a68df25b4c569c5dd561194c38aa34e3f58c5,1776609600.0,up,1,0.700339366252203,1
0xd1bc52e7819e99a0414f1015749faa9214ed2ba0112075d00093e98bbdf8bd10,1776609900.0,up,1,0.9104782778126138,1
0x7844e5431ffe55c074c40d02c967de9b5932d09c88b8a5aad3c7dbf278318e22,1776610200.0,down,0,0.4596919111941358,-1
0x19f6f76fac1f017a29cad1aa884eb2625da35be297e00e451bb8f5fda8449cf1,1776610500.0,up,1,0.876214443982466,1
0xb80b5a5ac6f273ab8ce0dbd4b42ab5f00b824bdaf135c5d00ce1b340822c4cf4,1776610800.0,down,0,0.08331079600999215,0
0xeb3504cc35ec4e863813efc61ba27754c090058140428ff4a12c8f1a251bbdfc,1776611100.0,down,0,0.13133530018035197,0
0x339335d27220d6a3561a3cfc12b4e1da60a478020cea73513bd272a5137e5425,1776611400.0,up,1,0.7036037011284727,1
0x052035afa02d6ee065676aae4028791cf46612b96c9d4734de22b3a44970725b,1776611700.0,up,1,0.8796125719726363,1
0xd311549e210f231779d756ad3b3e5c20a89d1065b61b7d0207565a8be9f69155,1776612000.0,down,0,0.09932958253987634,0
0x7ac8d4514175518c09c4f057821573f2bf4e4756c0e1af0654f255a1930306a4,1776612300.0,down,0,0.5016047633071377,-1
0xd7dee9b5a33484efb9eb5bececec3e68bae61dcf572e23374f862eeb8317f4fc,1776612600.0,down,0,0.13332265019868522,0
0xcdd6702594b74b9886352ca307f73238897ecbde19d6cd11911277f9c70635b8,1776612900.0,down,0,0.00741107850088947,0
0xf8a0ccb9a27d29ddf4329114f39b69f8bedde82b6cfafb81d924c989e059e8f8,1776613200.0,up,1,0.9237487328439292,1
0x76feb1aec925f3e32bbf3296f81f1c4667a7769416cfa3fb647925c935355f4e,1776613500.0,up,1,0.8886252236021561,1
0xe91c74e384803eb313e955334ac7e4265364c85aba37862f5900fffe1063645e,1776613800.0,up,1,0.09493289422373738,0
0xf35d4db8cd9142a8665054d1245abd3d0f0a5c8fdf209d818ba8d8483cb683be,1776614100.0,down,0,0.5759976866905703,-1
0x51621b9414e638a7804d0004023116d04f81fa80d98d885275792abae91d2be6,1776614400.0,up,1,0.14669758005586148,0
0xbc1e4d7e5c1168759f31305d99c325073d60f2200708d655a37082b66d7fcf06,1776614700.0,down,0,0.14100067403807665,0
0x6aabfca4b358d9a56500a0fb48f44c1d2d729fe8bcda93c861a1046ce364cc03,1776615000.0,down,0,0.6221157999800876,-1
0x5280fb05909d0aae0f9456ac7affa7d735abfdb60f9def8e88393d99ba97a698,1776615300.0,down,0,0.8873038862673625,1
0x8500a1235d7bbc2ad72cd81638503da50f47cb5825064b2538eb16f6de8e6be4,1776615600.0,up,1,0.31450128888217727,0
0x45c869bb0867ff7aa47d235e1dd8c832ab153b24d36477e6505ed6951e37f196,1776615900.0,down,0,0.8757742889443403,1
0xa875ebd00d4ff7278e3f29d7839b820ed3f8728532e9e3fe93558995300557da,1776616200.0,up,1,0.7969398144493263,1
0xb0c3fe8c8b1ff76cf912a6e3255440f2cd0a2560af6fbd4da3c83792e8875bbc,1776616500.0,down,0,0.17234376271156096,0
0x432f5feb30d6278b150f129798b854feb852657bd18582a3d6ea62c801cb8c73,1776616800.0,down,0,0.10879943417555414,0
0xacfb05a3bc4dd155a16322c462e5a1d4a094ca2177bd3404cb6c72783e4ae3d2,1776617100.0,up,1,0.7301587324777864,1
0x5fce49e1006a919134998da617f8c7df9b7bd62f3abe205866aed8d4a1d4872f,1776617400.0,down,0,0.5385976807058728,-1
0x01ceebc637721a814a4a99e31144667dff1d4480c3725813629110322174fdd8,1776617700.0,down,0,0.41641695619762464,-1
0x5524d0d1d58a0df963c4d40102d574a1228fc468f2ac3ab63256a7af893060ad,1776618000.0,down,0,0.10085448362508234,0
0x6048f7a7794c19c4ea466d2b7300b3b28dc5e65fbf1c15279103165ea901ccd0,1776618300.0,down,0,0.40930338883808753,-1
0x1abfbf7c94bc92f5e0996375e8c808d4c7df3cc68f1af3cb3c7de5f0731b5023,1776618600.0,up,1,0.6746180201180345,1
0x5b8b6fdcbf586d69b4f86285363ab61dec5c0f1cf1ef3be57dafd56177c0c1fc,1776618900.0,up,1,0.3175060422198815,0
0x4ccd342970d1057128447e82a2ab768a835614c95070aaaf279e2747a0e6f661,1776619200.0,down,0,0.7374775588134654,1
0x07f927f3ab997289b6d3d826f638950f4f3495f92ea3abe232fe4b124849de1e,1776619500.0,up,1,0.6703369099340156,1
0xa41b7c379521544bccfb23962dc7c791c834d0f85283d4444985bc2cae34de2a,1776619800.0,down,0,0.8849746574802614,1
0xfd3cd8067ec5b1a602976bf4798f77d962b79f05013c3bdbddee5965e8ab638e,1776620100.0,up,1,0.6881936257788004,1
0xb44aafe737076355fa2574757b8fb652c4fe266f377fd45296c8df6a26eb0654,1776620400.0,down,0,0.2843883241519492,0
0x67ea7685fbe52cb5e61901e51b1282963d7dffc19e8b509766c2b159e09d184c,1776620700.0,down,0,0.23309872392740857,0
0x1544cd0b620d9d7fe67e1aec32c4e71e07f4de25fe1f1bfe6d363d25df50a4c6,1776621000.0,down,0,0.029547438961487045,0
0x6d57d1ff973cd53167f5584264b08a6717acdf04bd229d5094d0084114226aa0,1776621300.0,down,0,0.7501154296437834,1
0x46a3bb0b5a958a1233d9490585279bc77c104c3c5130d7a389b2123343eda542,1776621600.0,down,0,0.7713308160883419,1
0x6fc122098086d241b217a946f8589aa707b801f66755b636a5049ed9c7c16a7c,1776621900.0,up,1,0.7156733490645147,1
0xfe89485a7fc1452048840a589c0f792ef622d6cf5fa34053de0e18bc6b85a983,1776622200.0,down,0,0.16420086784180452,0
0xe368e75f995af902362637d58b6d485c32ff38aa1d7394617b007082e431828d,1776622500.0,down,0,0.33475077802417985,0
0x9f9ee302e73ac0d9a7474c3035a924aed37899a74c73987578f6e54bdfd4d557,1776622800.0,down,0,0.7224019189644257,1
0x4f3678b7b911369fee00463d42458f7e25dada4aea15f0b3f9119b074ac20389,1776623100.0,up,1,0.9485118158235222,1
0x84842f164d88d07ecebc04a674e687a88b09e2cdffbef32be78c83dead80dc7e,1776623400.0,down,0,0.2196234129489842,0
0xbe28d80e2e8d058f75029cfb05fb8612c29e4a05539b4558e7877411d4a40498,1776623700.0,up,1,0.6364414562204803,-1
0x4f4df24bb1d1b14613e2037086baaea159cb9bbaff6118212fc0135c24c98a6e,1776624000.0,down,0,0.43385453121881157,-1
0x64bf80d5325a386716f779efa6a2e6bba9005d1fe5364de2100c4e21b9572d87,1776624300.0,up,1,0.2493263286480776,0
0x597a9ec8e6022a120a76b7fbeae14a228e3201d37516df29d8e6b48f9aa90adc,1776624600.0,up,1,0.8899995159339347,1
0xefbab4f5f2b2631fe1313e017583725b2439a8fa9c93c78f59b402433017b7d1,1776624900.0,up,1,0.722122534268787,1
0x25f3f6c3c64823f279fe5c6c77b0888649aa619411d3e091b52c06ce12735224,1776625200.0,up,1,0.9974074093599439,1
0x27a6411f9d2357188b3b568abba534f241428a2b01501ab62fc54ed178684e56,1776625500.0,up,1,0.8740203125198971,1
0x50435ab822d738f29b112a035b0a26b1b15843958d420647c95a1aae2efb5aa7,1776625800.0,up,1,0.2618430568356062,0
0x0b6a4a6d2346787d9d5a088a1b9ac50aeb362d6dfb32723008342c6586c0f4b0,1776626100.0,up,1,0.5545726546628712,-1
0x253fee8222ee4d3b7636c0b65dfe7c87e0b2e268b73dae8eb780bf9594ec6738,1776626400.0,down,0,0.4311183457493353,-1
0x741caf7d5081d0f14a3a8965f5c05c27fb83a5ccc6a17c01efefddd544244829,1776626700.0,up,1,0.8258192267612636,1
0xc0000b326e5eed957b15ec85d91dd1f00410a36162f10b4d71870532aa4b24a1,1776627000.0,up,1,0.8710785886075705,1
0x13b471afbdb3ac6f74aa40f8ad8aef187f0f193e187f53ffc649d799dd52d862,1776627300.0,up,1,0.2686763851259123,0
0xe52ce45671b3b961bd16787d7fa83613932018ce0b36d6b86a75a83458a4675c,1776627600.0,down,0,0.8019623950035594,1
0x77f4f4fab2a437adbcb98412e64e2e6e89af6064b7c48ead65ac221001d1a577,1776627900.0,up,1,0.8217410397689305,1
0xd72115597c7eae71578b26ebe0e4c48e983449d7dd28574476542539f7b311d1,1776628200.0,down,0,0.21039029347010332,0
0x81fc477dccaa70a8f4bcf1833e9c9629c1bf82ac5a5706c2f21420e0c0092aa4,1776628500.0,up,1,0.7392278595131823,1
0xa01a4df1e4948790919c82bacc2134d44a2fb92ab63c9f6ad8d20d312cc5e0e2,1776628800.0,down,0,0.06689918517698153,0
0xa27921a5e56ec38f8904da5fcdeabec9e8f38fa263557d360a46c8a80b1707f2,1776629100.0,up,1,0.2999012082524426,0
0xa7a57941128acc6cdce02866c175bb3c3048b84a02003227b0e4e68a67cae1ff,1776629400.0,down,0,0.7004007746286242,1
0xca901054c5eedb4f1db41eae5659fe292e1e34cfb2869d032e9ad9e158024482,1776629700.0,down,0,0.19018861038278337,0
0x75e569dcef944586e6e467c54b18e563e92536db02dbed8b18e0083d67aaf614,1776630000.0,up,1,0.2489962198654728,0
0xf75dbbc1bf606d231671c6ce5b5dc09b7659835bdf01bc812a47f1df224bd9ff,1776630300.0,up,1,0.7505079815864408,1
0x9cc0d0e07c77dd627e4e7d98bdc51fa911b41e97fd07dbad479c357d2c8cfecb,1776630600.0,up,1,0.8948622335081012,1
0xacd5a48e0872ff2ff72416cc76b9676723b24378922dae1fc09956d99ec137ee,1776630900.0,down,0,0.2199502193150027,0
0xd15bda7f364447676aff928e0be48e4c35b814b86ab849f658e2d36fc828c952,1776631200.0,down,0,0.11131717802455784,0
0x4249e9d302c935e7ebb415f004fd9af5527b54654559ee33387ecdd1e501af9f,1776631500.0,down,0,0.8306707165216315,1
0x6104340f9a23905610412ca585f07bb0e6565f8668377a8a09a10939dd9efe7f,1776631800.0,up,1,0.9474367223595932,1
0x778dd8ce9c94da94677b784fa2db2b65936f2a0dc12c7f5db6e290cd28887dd4,1776632100.0,down,0,0.3012064414502351,0
0x996dc5a85845bb96ab3630bf3b42b4ca9c6ddf5cca46a2d931bfd78c5f2aed87,1776632400.0,up,1,0.7782262679704903,1
0x2dc768b12438c27e298c200a0616886b5e65f1faf33afaf9e461e02779e751ec,1776632700.0,up,1,0.6816369152048418,1
0xda341390422efcb03593c2dd947f0c0f6378601e2fbbd7fc51572e0d5952f1b5,1776633000.0,down,0,0.04302358715004605,0
0xca3cd63a4ca073f5e3297eb079231c4febef79d6e4542c881ee545eff7c9a988,1776633300.0,down,0,0.23077067603125356,0
0x12f8c24f0b76dbca279cdfd48b521472ed04d8d2000543de3b9e82653bb8a9c4,1776633600.0,up,1,0.871915536739076,1
0xd2b4041b224cdfa3ae173646c1175d9850d568b681382670166a737c72fbb8e3,1776633900.0,up,1,0.7135406558545506,1
0x9311fbeacd4bb73290f6fd86ec7b5788168f799ffc3f088e3e5b0eeeb0be6e4e,1776634200.0,down,0,0.7906304720039722,1
0xca5215b2b4f0a9caba567d4f173b299346798762a2a3ace13df0452e565cd9b9,1776634500.0,up,1,0.828117893348636,1
0xd1517ae8cdb8d006c26083a7fd24c6e10428d8d8c5783ef10815faa1a68c1955,1776634800.0,down,0,0.634199866215137,-1
0x651357876c50c21f3ba729a435ef2048ec85c41c65bbed2619d7b4fb381499b9,1776635100.0,down,0,0.8562281712257349,1
0x852aa92471ac326e19e9b9db62b4d9b1f29579fc36f5b880bd543138bf87b21f,1776635400.0,down,0,0.17529056376342433,0
0x39c0072e3ac7591be3cb57ad79a592bdc7e512934acaf1ac30966b62f5f85cf5,1776635700.0,up,1,0.8591642846514271,1
0x366426cf4c4b51beeedbcc157ef78100c6895806f46992f9168ed635b44cd663,1776636000.0,down,0,0.026805459515457992,0
0xd2378eea586f7ae6fffefa7c26a59174755c220bc9c55b1f1a620ff0590769e4,1776636300.0,up,1,0.8426807743117656,1
0x7f3bf8729379594902a6da704ff405ae05faa0084460213f7979a5d68c046e33,1776636600.0,down,0,0.15056472177331717,0
0xd30ce6ccc10523af54f3b69a3cd4bf09a33168f45a216821a3e641012a696398,1776636900.0,up,1,0.14984299979020224,0
0x8026166af9703ad3bd6df1c3f08f0c7e280d63cebadc98993747b859a1e99f87,1776637200.0,down,0,0.04202892658107986,0
0x2dd8be64e3e154d73a1a3f8782ca19a328dcb7983a2ad86783fb762a582dbca2,1776637500.0,up,1,0.3910878435338799,-1
0xe10bda4ccb0db0c160fc550c9a04c37a5fb1f18808ea6e97dc7a6440747928d3,1776637800.0,up,1,0.829648314803514,1
0xe6950baf62f58cf4fa43e2d1a7b0ea27c5971dff59958a40ccc5bf862742897c,1776638100.0,up,1,0.8911649499049944,1
0x63cc2b2da49c3269b0172ef541661ee187b3d52e511a4971bf8147d7701992c3,1776638400.0,up,1,0.7301927553956571,1
0x48fbe0a878106d07fe3ef930db7ec625b04b42d153a35d142dbd4e1fb275015d,1776638700.0,down,0,0.17564112882305313,0
0x8404c1e05353dbeb5a9e0cf7650ecd178cbcd4ef06a02ea593b96fe0a3d6d684,1776639000.0,up,1,0.9330308093414665,1
0xeb4e2fbe2b34843f69f36422e1f175cdf5f3fa73ed849fd9a8660f3f311d67ec,1776639300.0,down,0,0.40070527245627646,-1
0x2982d8b49373c600c3310a4006223cc54796904f101af1f78e530ee177b3dab5,1776639600.0,down,0,0.10469257205608686,0
0x242abce9fc486019a313237dfd7af6ece2a88e567acb352aeeeeedef02e3f227,1776639900.0,up,1,0.5061360543553526,-1
0xd601036371553bdbfe6ba0dcb02048089d7e2943198e321c8f9f12a0dcb5f1e1,1776640200.0,up,1,0.488356554096443,-1
0xf7361cd46c4005ee6f2fbf45109912e35cd38a5db31cdc960cbfaca7f1ba73a0,1776640500.0,down,0,0.05421984375311229,0
0x6050eb00df2a435a010e97779eeb396328319f727a1de66b4b9834a509e434ae,1776640800.0,down,0,0.16295260793384475,0
0xbb8d4d79183e3396c0707b74afee2f78ed5135f64207e7960173d4e95c04a1cb,1776641100.0,up,1,0.9024692834638295,1
0xb1d780e611783cb8f5f9b230c79a879065ebc24955ffc2504e462389f49135ef,1776641400.0,down,0,0.1507278594544936,0
0x54125c3bd1761a2ed6fd83f1e931ba8c4f44cfad1e654b78d593d2bae5cb83fe,1776641700.0,up,1,0.8214967623001145,1
0xe3e706d236d6fc4e2a61abbfda4515dff1aa345b4a07814d15c05de902f6a07f,1776642000.0,up,1,0.4688299097589389,-1
0x9cb06ae4d35b6d030d7f3a6dfd00356312b0ee42df218597b54fa663564513ae,1776642300.0,up,1,0.35800707844113133,-1
0xb26a0429131ee3468e28c03c5df129e9550234fffadcdb0c3810cc497642fd46,1776642600.0,up,1,0.7228929422892956,1
0x50ef193c4ee89c3bce6fa94cb4076f24bd19b65724772544ba5ac1dd68274e2d,1776642900.0,down,0,0.10151173244260216,0
0x95dc3c616a6ff6a299c3bd54e4973239c00071ce91a8c1442f2ce8cd570340ef,1776643200.0,up,1,0.3797995227824076,-1
0xac2f7d55d786bd00342225822fe6aa55999806f532bdfbab753b950fdbdc06de,1776643500.0,down,0,0.4076818338142789,-1
0x1e0f3327f21445ab457b7a9a3d306db26c97d22db30863f539da6779b7b5dd1e,1776643800.0,down,0,0.695910905044224,1
0x39f16fd91821a21e2f554afc140c537871d44fb26ed2dcaaf5fb5afa6394fc4f,1776644100.0,up,1,0.9462460166169332,1
0xa8a25b900f6b41d9821c493fcb93cd2a9d4fc19c198b6515d2ef4c2897cd8807,1776644400.0,up,1,0.7138438606596336,1
0x6e85f549d9a5fd352b4e4111773d1b9884bd75f25c8bf1cc3bb4276ebfceac87,1776644700.0,down,0,0.3506048825102387,-1
0xa059b693c6a9bab2f5128b91501e233e6bb13aa8d0436d538cf292fed36149fb,1776645000.0,down,0,0.4853389756522204,-1
0xda9d42068ae65f852a84334f5f4b51abe80bd574b9a33469a8347d5c2d87535d,1776645300.0,down,0,0.2943407020895919,0
0x9f8527e01058c82bad7d9a4a98ee263617077a53449cd479ab9f226c3debb653,1776645600.0,up,1,0.7194580321094458,1
0xfc93e07821c14f0c527b920e31fa7f50a2e48b849deaad87ce94c65aa3290668,1776645900.0,up,1,0.6139253346632921,-1
0xd5e11e0e9cc48d0d6e63546ff2c5f30016d6f40104f80350e05452dcf5ec47f5,1776646200.0,up,1,0.9155841687661341,1
0x78a3964f6cb0f316269b50fbfd6d4ae50b9f5ae7752117e4f6d9c476cd072244,1776646500.0,down,0,0.2445010546627967,0
0x9e1f1ef9057baade46aa86186846cd420abef62a5c22fc00edfde889e0b6b18e,1776646800.0,up,1,0.8216144575532704,1
0xc9f029f628e333e7439523aced2f870609f7c0170e31686087104fa137155f9d,1776647100.0,up,1,0.2581706760896065,0
0x325a819bdce846610239a473876a560d4a5f8c9197cd6337673702f520b99a02,1776647400.0,up,1,0.5779848943746978,-1
0x5e203109705bff6e0bafbb9432686329a547d4b30034b7ab9e190fcb43415890,1776647700.0,down,0,0.31432182575673767,0
0x7c7ff80c4f739a804c96ed6b131c2556a8b3289ad3f3dac7830ef182fed963f7,1776648000.0,down,0,0.2660118399452452,0
0x0967e4977938f80b5d67fc37c871aeafe64020715bd67120d5dd0b65cfe2518f,1776648300.0,up,1,0.8831225286413401,1
0xb1fa0290dee1898959dacde38ce6453a2e559617d28d18deb474c9f726ba5095,1776648600.0,up,1,0.9999655332236047,1
0x59070e016c59d7d763f95a824c5b4ec027a3d8ba49887186b822fb8d5f8b5876,1776648900.0,up,1,0.1949595121022929,0
0xdbf7251f50bd190553c4f5203a42293284f66bb45f9d751fbfc8ca076bfb2459,1776649200.0,up,1,0.7463399494239535,1
0xda49f6e18e8ad4c3bfa97d9e853488cf18ada1e2f23e4e5b413c21700e527d88,1776649500.0,up,1,0.7422725201352984,1
0xd61c4d307b70342cd05588e4154ff7b32855273445993a44786d74647e587f04,1776649800.0,down,0,0.2267058168832309,0
0x0fcd6bd0701a91ace6a13e6d5092d6a293f1622443b789e579210a2fd41e7193,1776650100.0,down,0,0.1028801530381767,0
0x678936fb67587efedbb366f302ed72c636bef6e417caea015115ae897426dcc2,1776650400.0,down,0,0.24857740256536784,0
0x9796628202f1dcdcd09775511cecda90151f0555e63fc462e38942ebd6cce554,1776650700.0,up,1,0.43275786293437757,-1
0x69f78cc7f0cb19757c8d83649abd1c092b4ebfd72fdef98d65aa0e936e85ebaa,1776651000.0,down,0,0.18201376246729856,0
0xbfbfed7024b722075da477f76cc1275d9a0b38257698af5608d2af882d498a5e,1776651300.0,down,0,0.6748672362530832,1
0x871e49e67532d1192b75885a128ed9cea6ec3beb40b6250c25441d5d359ba443,1776651600.0,up,1,0.5126889642990965,-1
0xde21fe12f7c8320fdf556e49cbf5497a8c2c8fb59db4b5d90742d333d73edef7,1776651900.0,up,1,0.24332798386575735,0
0x80eeac22236b6df17fbe04acefbe46e5cb6547fac568f215351fd0fb46f720d4,1776652200.0,up,1,0.4800913917146593,-1
0x63d23d9b30f65bf25bd53d3b6961bef0208bce06108bfdc0872412b7da9f2104,1776652500.0,up,1,0.6199974005538066,-1
0x1ebb05a06b44ac698e7f5b75ca92b163e6cb92463547d988f47f6567f1d21014,1776652800.0,up,1,0.17445328235500002,0
0xaa40411a59e8c8261e1143081c7297bbba95a9a853df010811e734403a25781a,1776653100.0,down,0,0.11400495323779898,0
0xe375fe60c5e4ba71dcbf451457b1cb1de8241f0307f1dd3af01e21c719763ecc,1776653400.0,down,0,0.43331014163094017,-1
0x6caa03db0e18c9c9f197303d117993c25bd1186b979664ce387c542d364b0b9b,1776653700.0,down,0,0.05025894038379624,0
0x5cdfe2a6fb836e0bb8efc524d6270a10e61cc170d6626ddf3434d7c3c31f3240,1776654000.0,down,0,0.19155789806396822,0
0xba0b89c2c0c74be3ad12c316f9ec1c81cbddfd5caf5b940610d817d81570f047,1776654300.0,up,1,0.3410284855299013,0
0xbd2b37c1aa5bf54e2e644e116a3eb21e12638b4ef3389e52b8aed3543263a55a,1776654600.0,up,1,0.5599448447384394,-1
0xb4af76f047bb31297dbc252b8fae4cb36da74676b2a23d6e77c091d2fc5fe740,1776654900.0,down,0,0.1025242244215438,0
0x213af6cae8aaa806baf6c1f495fef7e7a502e136302ad0c5ea49d49f91de2cdc,1776655200.0,up,1,0.9509771288176369,1
0x565a656450b19dcb2ccd38548e122be26395b0062b904ad48b64cba78eb5d076,1776655500.0,up,1,0.5525044798901373,-1
0x1717987f835139905aef408e30ed047f8ed37398e27b8d98ddd2a18c6b27a1d0,1776655800.0,up,1,0.20890537216135716,0
0x3738acc33bcda548829cbb2031d5ac630abe245fb615890ce6fdad8558cbb926,1776656100.0,up,1,0.3335360785039038,0
0x2ea5655e63e0ee2210e8e920870d3eb563d3fc9e956f348e20020472816a3193,1776656400.0,up,1,0.5575289308640915,-1
0x450dcb7336655c0dd6a3e11172d0f2d693633a261268b698a7b94dfaef10de4b,1776656700.0,up,1,0.5755599427678724,-1
0xe5acf0edf8fc9ce772b0ac3c6453716552266a181eee308016606e23a3cc2f29,1776657000.0,up,1,0.18066125731224505,0
0x47a4c7441ed7be0d685682ae909134ca98b638458a47afda8faf95e932c1be2d,1776657300.0,down,0,0.30789754040380446,0
0x872df9c66e4dbd8321964ed2360b770b19ec9940f4c6ad62c1e35a029f9733d3,1776657600.0,down,0,0.08272477394161795,0
0x6f118333abe733fea73c56f09ed1352284fb7415d5bc7a2062bdfb4eadffa4a4,1776657900.0,down,0,0.4490842184606443,-1
0x182b1d9cdfb5020587e9ee15f5b39386f717c1c72a7eb69d3d6347d62ad2f4bd,1776658200.0,down,0,0.3194696489384173,0
0x5be69db9ed38499b16acd4cb2ce955171a1a27b956cb9c7b3505df8c948f2ea3,1776658500.0,down,0,0.3116151022973831,0
0xd15d691512909c3432c89456b987aaf9dedb5b2c8f50664d2ed311696945907a,1776658800.0,down,0,0.518435991643609,-1
0x0724cc6b82c625969b93cea8d1990bcf8c3918f38e8f56750ee040bc36590fdf,1776659100.0,up,1,0.8427728499906605,1
0x0a0b83ecb02ec2a13cb6655f0d200419531b9dd440c76924bc156558cd7a660a,1776659400.0,up,1,0.3946907026041044,-1
0xba045d6242b6d81d5502bd271d1781e09236dfc2672431768e9f395dab086c6c,1776659700.0,down,0,0.2408146279489138,0
0x2578fb5f4adf7af5f55d52dfe3cc333a23d86accf47829909eb98239b4c437c2,1776660000.0,down,0,0.3369925331413888,0
0xbb29badb3a4b5b15299b3956c5f92571b2ce385f8378270f49baecc6964627eb,1776660300.0,up,1,0.8927204152323093,1
0xe5534c23eabee4b14410216d37ccc9f523f19a37c747fc4063b6743edd666a89,1776660600.0,up,1,0.46938502458411213,-1
0x74787cb9c551c16c38b532a49f80ee3242473285469f9b34f3e52e7e29c442a0,1776660900.0,down,0,0.258495909170562,0
0x48eb2ccf779e78e04d51a9588a0e1882c87c2f4a6dafe81ac40ddf8143a2cb77,1776661200.0,down,0,0.12116756063726081,0
0xacac24d269ca97213955b82979d7da95f2d26a053cb9be6556183199b0e85bd2,1776661500.0,down,0,0.04814217440625046,0
0x6376f84c3063be9f5521819267ae88782871791fc90d4f1fdf4b0c0a5c5e28d2,1776661800.0,up,1,0.13929521844721107,0
0xe43418b06fd2bc7d2cdff40c09188e38d5cd84a34024aef5ae291db862f4979f,1776662100.0,down,0,0.10312806711525407,0
0x8929f0a0929b5398e1b2fddb905a1ebc213d572c7c2f9c0b822e9c5418fd4b0b,1776662400.0,down,0,0.17871276937334507,0
0x0f4d0a6d30c0b2a332aa74f0d795d809f8bf04025e67a4f75e430011e311a2a9,1776662700.0,down,0,0.4345513002442876,-1
0xd03b887f56b5132c6ef2c06550b7c8bd60da819610fd66969ff84dae7114ebd6,1776663000.0,up,1,0.3307737021426445,0
0x2cd12a4667572ca5f4b0d4e4b41a91dd3c732e4b55c04121ca8652bf9df774f1,1776663300.0,down,0,0.667835194646059,1
0x8aa1705a77317aad478130f49882c6085cc3555d1c7c96e3765a92d41d975655,1776663600.0,down,0,0.5508423515877117,-1
0x861cdf4655decc22dd330682f30375b70fe4d45768b6ba9e03446ae716ccddb0,1776663900.0,up,1,0.7095986120759494,1
0xacb78c48e74576d39862560c32c91db35d642f31b24fdf56a99aa0f57ed062b4,1776664200.0,up,1,0.6313339115863272,-1
0xef307eed54cc09f216568788da194dfa3b495c522eacaf1b1dc539523e0fc49b,1776664500.0,down,0,0.2066374214457797,0
0xabb69431a9f92ecf7ef1058824f20c4a7f37f4a6aabc3245f85c290d3868acd2,1776664800.0,up,1,0.577491756198075,-1
0xa66c80942e7981fa53491b226926985c1bf92bdf7cf5b468acdbb13425790e99,1776665100.0,down,0,0.2199195446429917,0
0xe1479b09790336204bfe9506846abf6ad7b7dc73abbc0962e907e79735aae86a,1776665400.0,down,0,0.033596833091453684,0
0x7d70b2396ca63cf9c52512275c7888641460a8716b414bd462ed3488e2939a62,1776665700.0,up,1,0.29823450473075885,0
0x0f943ff07a687ec6aab786c30f47da601c94d06de8b92f7d1c5f11c19fc8b0f4,1776666000.0,down,0,0.09229129363509567,0
0xdf125512f06055424ceb59f505d9e97fc117004fccdebe60cc508f5f5b2c58f8,1776666300.0,down,0,0.3047984162326549,0
0x94ff72ed2b3eb5de85682be9429c822d6942d7a23bf58aadbcd2ae5b9f0ebbbd,1776666600.0,up,1,0.967453451200737,1
0xfc6b096681aa996313970f6e8b7d5e0fa5fc7487f631c087a8c95264ff4edee6,1776666900.0,up,1,0.7477716586246587,1
0xbd185e753fc8c2768c41598ac67cf0bb6d6dd78d53e6d31356b8c0df9e4a458a,1776667200.0,up,1,0.9999994958065543,1
0x482df1c1d6e7fd5b924e4a52feb2dd1103261a750cf4c99e8393eceaf6475a51,1776667500.0,down,0,0.2092890495567103,0
0x2ded30b6b3fb86341bbd58c941b5b595abeca2ea8c991d176d8b6bf11e2dfc1f,1776667800.0,down,0,0.14537941272317656,0
0x1260dc8dbae1e3b8623ea27b3aeb1abb7a083a7dc12f7877f4503f5d7f390661,1776668100.0,up,1,0.6054230795354066,-1
0x1d6e4988d9369458aadd395a350282418d64ad166e966495b470386682a3f435,1776668400.0,down,0,0.7084693909721541,1
0x74f10aff77e6ebf99e8791a07a3721e7b1a12dae84333b7c75e41f390b14b9c3,1776668700.0,down,0,0.29176334450569014,0
0x60e2e2c1230639d98aafdd57004127e09869702b6ee154e050dcc3488e46f69a,1776669000.0,up,1,0.4364575755215938,-1
0x365b3df093f5417d7f3b287c470f15cd7601e4626c58c0074b8f651ffcf27ec5,1776669300.0,up,1,0.11612411273352241,0
0x144baacee4745c8947e9731d622e41ac0d223f809392be6e8156df27d6b474e9,1776669600.0,up,1,0.9999032809520487,1
0xf053b30e1f04c56cb4198fce8c1734a604a2214f9bf37db0780262c551e475b6,1776669900.0,down,0,0.059455521285895464,0
0x1e4228b4417b618dd139593a090951adc282a8799fbd366712eb56bb43ae91d9,1776670200.0,down,0,0.06776877576795383,0
0x12eadc5e9c849aec5b35d7e33c3936743532cb9d8199c0272ba13e1dd0c91740,1776670500.0,down,0,0.11198296621479953,0
0x0c7f86f6a9e57b9c7f32d24692b75536e226a9554a7910f20a897d70a834273b,1776670800.0,up,1,0.5233042481286803,-1
0xb008ca63478c6969f37f1c68367f862ee1c1f8bf67ff7f9f4f4a0cddb2c3d545,1776671100.0,down,0,0.6903149102509437,1
0x2e253435a81e19780b9eb6c598b9335fe4077d51534fac36384aa28e431bc2ce,1776671400.0,down,0,0.26660282812419805,0
0x81afa362f4d711ba150f8b5a34b540c7ae0fab46931c1c941cb93708ddfc2bd0,1776671700.0,up,1,0.8903334474188159,1
0x4d9fe62b205b57813f7759af6862f01628677ae82868efa2abbc44203c14648c,1776672000.0,down,0,0.1581280079644633,0
0x87bdde976a25da24480526f567d36b86ec432faf2a99bc47920e488fb882e6f3,1776672300.0,down,0,0.7026408029124626,1
0xbdf7d719f4b19805bd0c662862b331d0b17088c4e1521496eda253e831fc88b1,1776672600.0,up,1,0.915112286043782,1
0x1eac7f7049d79794915030138f15444dbcdb6b43b343fb8c9e0514a479796696,1776672900.0,up,1,0.7220872094608288,1
0x70217ac0481d39fadaa1c02f6342a984c35ef9ceaa6c98a897ff1ee06a5af0fc,1776673200.0,down,0,0.27168376979996844,0
0x2ccaa644480c088faba0de0a1ea5558cc511764b1881141354d78ab81f1b4336,1776673500.0,down,0,0.08045287342664575,0
0xbf9a9c162e4a1ee148326f9ac24d0634f1f648cf192342b89b1434dec8bb4909,1776673800.0,up,1,0.4559386800213046,-1
0x1397d6de96305b0a98b0f564b62c5fbec6deceef511f936ef3203c7b5b5363df,1776674100.0,down,0,0.581258326830535,-1
0x4b05b4f06dd9d3f51522a777164f4cbf6f22ac4f304da4810f0b10fe8985a70e,1776674400.0,up,1,0.6439011103398481,-1
0xc1cb85b966648683c60fb990a8bb79801b43904df239463d9c76c2f20400d95b,1776674700.0,down,0,0.12410968806223753,0
0xb2de0092d47cc6856bb56cda88707579f7146180c2dcb10696f394b015d6e51b,1776675000.0,down,0,0.11260264810679103,0
0x0b9aea5de6e977e7689c5b43d12c269750f454afbb391825c7bc672762244a87,1776675300.0,up,1,0.692920535991132,1
0xc03d639b83cce4dba8120c08ac138f71db2f924e4874be4a3d89dad82d8aad55,1776675600.0,down,0,0.4515690742387684,-1
0xdffc1d32d411fcd1573238dc73aaa81a3066a3e14e1c80531c749bc16173d09b,1776675900.0,up,1,0.9999844111290042,1
0x2f6c65404e51097e3f072346a5384438a6e2f546d2c0e332d141008354598b3d,1776676200.0,up,1,0.3779932690720791,-1
0x628df3b58db6fb6ff042ae96e8745707342afe84f9b313437d499a45b82cbc9b,1776676500.0,up,1,0.40978089357704506,-1
0x57e62fc6b02ca2e3b2560738191705c059495feb9a0eca02169a92c40fb97cbc,1776676800.0,up,1,0.8103223397383579,1
0x63822b57eda1f8b19160374ae56fa7857a468c8a2df6b0ca6612b6c45904455d,1776677100.0,down,0,0.4192938590983322,-1
0x9c6ba93d1da3e2c14b3910f7b254910c18f6b557988b54eeb401d93840a1a124,1776677400.0,down,0,0.29890701091047905,0
0x1ddb4f405aecce067856478b0a3d7fe0d4d9d32454b3604937e2c76ceaa17e45,1776677700.0,up,1,0.8368504469162595,1
0xf9ca30ab88aa0aa6122ff75fb009a61ecfc7ac3e3fc873f6d4d12bb99aaea054,1776678000.0,up,1,0.8692058840833043,1
0xa1238735d146e42674e690e4c28d1ff10297f7f92edc8ec087d75c41af5f2b04,1776678300.0,down,0,0.6988281255890176,1
0x04e24335b3ea7f8c520a3d50ed67ef5f0a6f92e4627c19f23231691461dcf982,1776678600.0,down,0,0.5139492092828761,-1
0x76e3e44382f1edc704dea50512a79c099426054b54b5b17dbe84b512022f4b82,1776678900.0,up,1,0.7733282477895034,1
0xc1e1b7a4b6bde0da0516760b4d78b9008ab399ca80c8b3c0589d9ed93725ec9b,1776679200.0,up,1,0.8567002055044368,1
0x5e1f86b1204c56a7cf8478f9bc997925166e1640936add7d6c49d968532d6c3d,1776679500.0,up,1,0.7725337014318683,1
0x86bdc45ae7e9a6a22b4ad1377733769f163db1749690a081b11a13a59a9c3e42,1776679800.0,up,1,0.9046154747805355,1
0x10a53b3727b1e06a70e4143a277c5e5f52474e52f5473e593fd0f58840704eb6,1776680100.0,up,1,0.5510702605518895,-1
0x053c8d78098da7e82102e409c18229493d7f709bf4a3eb8ea4014fa84928560d,1776680400.0,down,0,0.17487368846620874,0
0x82e43dcf51967691ea9b94148134c67749dd3045a7e7aca26f76f25f516d4851,1776680700.0,up,1,0.5442739753512458,-1
0x9a3a80893577fd95eefbe0ae61351afb76e8b70fe93960a59cad97420389ac45,1776681000.0,down,0,0.08291032413213771,0
0x23e735ad469077f13ef47a30a11251e422e5256020446b081c4a0048f8dbab0c,1776681300.0,up,1,0.6334518100719636,-1
0x6216f2c1182918783165756c998279577927c80e1ccd54aa1b05294bfee56b7c,1776681600.0,down,0,0.403787052231913,-1
0xd9ac9af94bfa3bb6c8acf1d1a0a5e8b94b5ec97000f73431daac768c6deb21ec,1776681900.0,down,0,0.7126783866903762,1
0xce7199ae2f402250122c0eb9b83031f56020dd59806e8e65aec6fcd8141acbdf,1776682200.0,down,0,0.3063649063397741,0
0x2da89475dd95ad397fb1073eb166d702554ebe197ff56af406352fd0256ca7a2,1776682500.0,down,0,0.1951204355928389,0
0x315eefbb8ef9a360f1dea4d27677ad4eddf451fffb527c03db72bbe952153071,1776682800.0,up,1,0.26488758158305237,0
0xeee7e49dcd565a3f15eec13f43b1d5af77d66cbf87bb7f0a36b5a108b4380842,1776683100.0,up,1,0.858620629383021,1
0x1df4fe92a524f9e3f244e7723b481c1c5bb7c8422399f98ba65852e6197f38f8,1776683400.0,down,0,0.10312916946767417,0
0xf3f9a98f05b61a752e94ba3e55b3d3c72f40d01f544e2eaacdf9e267b0a43062,1776683700.0,up,1,0.9422086247233019,1
0xb47923e8b007a239d9b27f02506867c553029f578ed1d6cdee827dd6caec5586,1776684000.0,up,1,0.09064882828769265,0
0x9fca0f20b318b6d49befd8422eded338ec7687d1fd97d09ecf070918fb690628,1776684300.0,down,0,0.6576613970441159,1
0xcb9498404482b38262db7355b886b20af0367ed7962793c91b0f9b3a8680d44f,1776684600.0,up,1,0.1863329298254021,0
0xf3786f86074f8b7fb92fb21b166b64479c991e385cc4e6e8a973e28a8ccee384,1776684900.0,up,1,0.6882106669773177,1
0xfbca71dbc1b20ef7a83aee3031fc80b43716fb1e35057a746139b5cad8eceba5,1776685200.0,down,0,0.484973890506294,-1
0x64b408e43094c802ba0cc703a00d599433f61d600aa635e35831fa5036657373,1776685500.0,up,1,0.4005673364497929,-1
0x033c902c275135d46fd970ad8f6604324a348066b5cfbe7b3c1c91abb047afc0,1776685800.0,down,0,0.4481647633954562,-1
0x06882f43a39d8c919402c57aea852669c7a764f81f16c723a661ef3b35d7d714,1776686100.0,down,0,0.4729294171438171,-1
0x749fce957d210276382221e9dfef176a6497fc9a701ebae1173fc750e4ad3788,1776686400.0,down,0,0.13682378335097065,0
0x72d34ea01ffbf483d78ec11fbf95972256350517d81d7231c9c6bb567de74842,1776686700.0,up,1,0.9081408749926143,1
0xf5260b34b7df1c78cf5e0b9af3974e3e6edfe5aaea5256030d0c0fd79f110b4a,1776687000.0,up,1,0.7467014684383502,1
0xda05705fbb411cb3be92c43a12b1647c6e5d6338b8f26fdb3177fdb239008692,1776687300.0,up,1,0.5897080644130264,-1
0x3d6a3a236c529b1d79407a334db0c8d334970a0837b1f913ae71fae35f3a1670,1776687600.0,up,1,0.9419155640599461,1
0xcc37377cf554206a6beb3316984ac4e4f19d65a08d5c3c442ad8ead66949cfca,1776687900.0,down,0,0.12538518153091607,0
0x3da38e9af1161df4499b62b56d484a16c576f68af20f5b4a3bff3052e6b5b488,1776688200.0,down,0,0.35049975256816773,-1
0xca0b820a2cd32756d52dce166fb2198ef336c2bed4d5ffa57a1a1c0f8514818f,1776688500.0,down,0,0.6812468151988517,1
0x3df039cf1555dec03694730fccc436daeaf7105dca0c7c94958b1a8f36e1fbfb,1776688800.0,down,0,0.17323370843809466,0
0x093f7a940ac70b4c409b01a22b92c384fb26cef79a10da96877368fbc9a7ac74,1776689100.0,up,1,0.6806403854941226,1
0x30ee98909391615d417e950971d784751e1bd6ce0a8015d54d1ae8944c50b1ff,1776689400.0,up,1,0.7019560861537729,1
0xd36ba39d34cfa2cc7a7bdef8ccf25f27068915be4ace9897d73c678b68812c20,1776689700.0,down,0,0.11589047720395386,0
0x106f86b03cd9b468057b1735ee48373995dbfe44465cbd66cdc018a5e1b08c27,1776690000.0,down,0,0.27260267149294093,0
0xea72484d8f37a9ed3534a3b6182fbaec053412b2f89c11fc5a6e16d60d8d2ea2,1776690300.0,up,1,0.6907612778065276,1
0xce3ac1226b7709e5d13fa5e82e8d7a490e02c46de4301ba29e5d5301c85695db,1776690600.0,down,0,0.5819790157755478,-1
0x57605225b135805d55fe9a7891801c000406ec3b4d660be306c6dd481e5b92a4,1776690900.0,down,0,0.16768916410878593,0
0xccc96080bdea9012ae9f2b1709f7588104261c7e66d5e5db2c4823d42f1ba23e,1776691200.0,down,0,0.2944970284992752,0
0xc03b8454ecb75bb77d4e488fc7f9f079a7438518c4e2229fe73605f25daae495,1776691500.0,up,1,0.8388733617643785,1
0xb055c2dd01fc956c29640834b6374e20c84c5a7668346395048cbc581bf3d889,1776691800.0,up,1,0.8529526902599274,1
0xe1fce4f33c50485425e689a8fe502a2e6ce49e351318e3009e3efcde6b0f0866,1776692100.0,down,0,0.35142652943307406,-1
0x6e7a7622ac5208e9aaf42eb4f8a608c80c6ed68886b9590e46db01646cb9cc60,1776692400.0,down,0,0.5092802053253048,-1
0x18fd54828628b6f4fcc02e5caf8d882cafe18f11ce41c44dded0d3e074fc90c7,1776692700.0,down,0,0.7788480641339569,1
0x2679ed34c0ede07ca99d782091d8b434a02b1da3da8b6fc7245e21619f72af75,1776693000.0,down,0,0.19284640800696257,0
0xca5470af2ab6e651fd5cb282ed0d9029e5e6bd4fa208828bffc395f259f3c9d7,1776693300.0,up,1,0.8890221853861817,1
0x6214bdb2838f0f60e98b392941b910d35596a215fc72bd1135a164929ed4fdc6,1776693600.0,down,0,0.13755147974030207,0
0xd365b879e53343b384d6a85c10f68af1db20b941e917121c58e49cb7c30d7171,1776693900.0,up,1,0.8851680323137483,1
0xfa99d044878cd52e4382ab85ea398ffae5c57a5c066d390fe7b7ec45e06363f8,1776694200.0,down,0,0.14353399445694734,0
0xaf8c7bd0aa44a86bdeb57248a13143068853f76478370b5cca556fc79eceba87,1776694500.0,up,1,0.8113335586286653,1
0x2643e172a5fb95fcbfe50205a1baa4f8c4e41701e2c8e743841db53f426d8409,1776694800.0,up,1,0.9507852313992191,1
0x48822a4bb3ab476f87ce2d563ef18140a4106eaeb0c24fcb4d2cda64afbd5058,1776695100.0,up,1,0.9443706250285331,1
0x15ff0a8cdd985736635b199ac4390c8d24504055a2c818950b1b86202f745e2e,1776695400.0,down,0,0.524717541489006,-1
0x0cfee27f3f94fffdc52b7d402ed527e92869dacb804a4a5cdc6a101351346bfd,1776695700.0,down,0,0.45434431379758367,-1
0x054e3dfd660d440e90b188194c29582d80cedc9f48c699d5f0df2ecbcfe2c125,1776696000.0,down,0,0.08392621798377649,0
0xb52672ee8145c39086b6fb587c56701922f3bea988e803c2057d573d5e0c5fa6,1776696300.0,up,1,0.455707253370879,-1
0xfc1b357103a797dd6bccf3aa30807e7966370b810e18707a17aafd0522fc4551,1776696600.0,down,0,0.034806731325199916,0
0x8de4df4b5ac97c9149ad59cf5ad9d0d2c85b287e62c311b92be158b8e192d4a2,1776696900.0,up,1,0.3395776060659993,0
0xc0ded4e7be33af438f5b600588feb71a456d2c8bd8946cff470f11e9e56215a1,1776697200.0,down,0,0.2833168648714125,0
0x7a52ced9de6fe0c5365e4640269ec0fe01f9cabb6c265133fbab2bf23803ef29,1776697500.0,up,1,0.3368868494732579,0
0x20a05036c7ec62372dd34250f3acb85ea150631ab71810510dd0f8fb99196312,1776697800.0,up,1,0.33895798536851685,0
0xf5cbf6341e9847528e3227ad767e7315369992ffaf4e24ae2892ba90d0f3891e,1776698100.0,up,1,0.34103530578868935,0
0x601cfa1c2db8fcee222e97d5f60d4fdfec1f5a945095a7ef8505d3d30cfe9078,1776698700.0,up,1,0.34520825265546295,-1
0x2e4648ddd2aa49d50013c044db74dbe13ee851227bbe92aee72da0509ecb527d,1776699000.0,down,0,0.34730375310719824,-1
0x2dc4b4c80e87dd2f1395f3cdbb38e27926c8629de982bb0976f5f827494d9af7,1776699300.0,up,1,0.3494051861043631,-1
0xe20fcf2679f78db0be7b6d056d96c08544557bdb1d0c5555363eaf394be189a4,1776699600.0,down,0,0.35151248645231953,-1
0x1939f005bda03160298af0663d6b062cc06dedfb8daf34b8d7c252443a740671,1776699900.0,down,0,0.3536255880876678,-1
0x63610de453bc81d8fa0c7127daf9e9e627826571ecb9e8189469f1baf83ee42c,1776700200.0,up,1,0.3557444240842695,-1
0xa4e1fef02c7aee342e7edaf4f98461dad65d212f55caf75ff5953d842665fe85,1776700500.0,up,1,0.35786892665952497,-1
0x063c8ea3ad6e22d833fefbdbd39327cff489c78a22f74d75d9f7f907b5056f8e,1776700800.0,down,0,0.33383380504849275,0
0x29c685ea08036f3f0162168a8569d41a104c565e21021fca25e31c6191ca2d4b,1776701100.0,down,0,0.3358956789068975,0
0xd90065569f58b2f3aa2014369bb23e449d67abb4de0c0612d75b4d0c73278669,1776701400.0,down,0,0.33796382688777804,0
0xfedc9eb714a9ef004c2076173caee80124045a1941c74616084958c83689fc10,1776702300.0,down,0,0.1748541447330153,0
0xbd82b403a87bba6f8216538117bd611b04f45e8a49f99550779bebf2c40dea30,1776702600.0,up,1,0.8413991669184323,1
0xf3a8a5b685ce2eab62379e441fc126111f4ccad2370d8338350f5a78f3f2ff24,1776702900.0,up,1,0.3777180613953633,-1
0x9c4c4064cb24cc1667cd88de49ef273ca69d8a110396b5591a05cbb44e955871,1776703200.0,up,1,0.9249585789907685,1
0x19bb1c28efda263df5d4e49a1502e3f51c9a30e9a634521d2a319150868e36c5,1776703500.0,down,0,0.6925739388505964,1
0xf0eb1eabb048cee31a7b7c1fd7ab8c750d82156aa9cd493bb0ff07beea6befee,1776703800.0,up,1,0.7594265958323705,1
0x9dc882988fa168b5f00da5150960925d4a03b49b161d1a3b688936b163afabc5,1776704100.0,down,0,0.5705331451225837,-1
0x251b255ed2dd013c10f2835e04abb29c0a22e82a31fce91b7bac962440bc7f89,1776704400.0,up,1,0.7060867184034852,1
0xde2b83ab5dafad77ef583d4a75248347ddca4e252cf9abbf9450274c94347340,1776704700.0,up,1,0.675198858478988,1
0x3a6bc4d85be0e3f34705f51ea01de8cc1933d6798d3e2eb53146586a6f5b0aa2,1776705000.0,up,1,0.8269168005934145,1
0x8adb5a2c809e7ecb8b2ed471b5c5cc5f0e553b343c268ed1d76ac86c1ad96505,1776705300.0,up,1,0.47327731692899233,-1
0x30281612659a1f9b333c5131007bbaf548cc0374a2b6bd4b76eaab4b312394c8,1776705600.0,down,0,0.18531565193236177,0
0x0b16504bdc77f6e90dfe8afe408eb1196d2f11c8873e367f797199308aa097e7,1776705900.0,down,0,0.3929090330928499,-1
0x7bd97b893d769d191619ce6f26268aeb6e920aff8d0738c36e19326337d5fa34,1776706200.0,down,0,0.09902076869351938,0
0xa3337363f3f5ccde5f6943c2ef534c3fefc1ef1ac0f8154ebadbd5e2b0904050,1776706500.0,up,1,0.42065738650258794,-1
0x33af5383f66a03b7a8a29233e17cea19cbece19625bd3e77528e1656f208de12,1776706800.0,down,0,0.5904130228610283,-1
0x0b4924d6bad7ab3ed65c83fd3313e1e5bbb089b5105b40eb8eaa7635d77036f3,1776707100.0,up,1,0.3245665516288984,0
0xf73cf27b132458cf7c67f4840b9a48cb910ad9f618ed21eae75d3783a91b99ce,1776707400.0,down,0,0.2372863330093145,0
0x5bb04c0b747ad18fdca2b069972887b7f04376d765da0c782948793c88572151,1776707700.0,up,1,0.3506663361733825,-1
0x976326eb280a36de90f0dd522cf58e359e94e3f30b9d249884bbb10e158509ca,1776708000.0,up,1,0.8827767476777372,1
0x3e21c3fc6ee52a4019ff6f501f04cb3c0fd603322b50f9c949bb41a11e8fbf46,1776708300.0,up,1,0.9315441697450367,1
0x07543d4a6ce999746d1bc76ddda4d979a6471b2c41aa872b56ddc8133c85c00b,1776708600.0,down,0,0.29881547268558395,0
0xa771eb6819d287a4a5ee44047293a76c3808cf4da9a9f67ff8314fd7c14cbf5e,1776708900.0,down,0,0.5821000312904071,-1
0x66cd2009b89588e699ff359d8d94dd7019b7c46c7058f1a98360f2d9995b7603,1776709200.0,down,0,0.08275193060153825,0
0x5fc9f4f9983e914ee490319397b5701d4549d5605d48c0250d2d45290565492d,1776709500.0,down,0,0.2700665966005514,0
0xd0ed07d44b2d8194c5d97393237cf913340adb29d6fd68a2b85757e6fbb97950,1776709800.0,up,1,0.11411717951252835,0
0x71d63db76b651ce8b13d2c27238278dcf7b86f41fb5a66d867a3e2892b918a84,1776710100.0,down,0,0.20111268998990534,0
0x51fe67fee386c4788c9f40975fd87ea782b9a24ffa51a2c860b5afcab95c3316,1776710400.0,up,1,0.9451120646034638,1
0x04a0cf62bb8f2f61e2d01aaa7c6ea141f3ef0a5e28e8e69340b890fff5abcdbf,1776710700.0,up,1,0.33055073436847887,0
0x8d29c266e54ebefa16940dcf581514ffa417d73bb9e4ff41734fc4f194fd1118,1776711000.0,up,1,0.9963004457120062,1
0xd255192bd8459e54ae306a690f1622e7a7ce0dd623ba36fd2257e2dd8eb3a7dc,1776711300.0,up,1,0.2509698087039863,0
0xcb3dc1946763bcec71f9d0d274db12d4cd638c06f634115330a29903b9026636,1776711600.0,down,0,0.22846288818381671,0
0x798b856141f05d22b7ced369b7e4edbc7b4a639d8ae84fcd3d62e7039712784a,1776711900.0,up,1,0.48994277974001804,-1
0x8436a88e16e29599d7d9e3a418cb8cdd2f36e046dc51d740acf9e00286d1e2bb,1776712200.0,down,0,0.4532470054290904,-1
0xae9d9cea5ceee96e912e19cdcf7e5a35631cd67be9c0d1a41fac866f6c5a5435,1776712500.0,down,0,0.10197220575516233,0
0x078f815a69a9c8dbc368743845bdc703e2591cb0efd25d501be003f30365609d,1776712800.0,down,0,0.5071947247813702,-1
0x6aee8d83e30cb2f288e04e46ceb9ce11c5a688a8cdbb47aef9bf734e379665b3,1776713100.0,up,1,0.5821832700137416,-1
0xa0939346c143388f72e3d149a664557f441eb1181600946a5c02f21af869bd1b,1776713400.0,up,1,0.4363519178420024,-1
0xcc9128f4097904f0dc71823192283fad7ba9074fee058710ded677027c2b9937,1776713700.0,up,1,0.6425433402054898,-1
0xf2bbb23d22538d577891706c5654d9e222363ef1f6d6a68733d0fffcc42d9730,1776714000.0,down,0,0.3836166105360868,-1
0xb3c3a92886f275584fec50c5492bd77480341b1a52594cdece3c1a4fd82e4f33,1776714300.0,up,1,0.4890673022754316,-1
0xe20a77071eccf56bb3f110fb4c4f2aed0767eba755479a9135b3e05098a13689,1776714600.0,down,0,0.4145676885847229,-1
0x1797d1d17ea584dc57134e6eb78c87628ea456603348c48ede16addec08834cb,1776714900.0,up,1,0.8728564131024401,1
0x38b7ab0e7800349c5687eab948c5de5d0c2c11627ed1200485d393e9cad9c14f,1776715200.0,down,0,0.05006365707171833,0
0x1defdbfed8c310dfe3b418f500831651b3eed329d004bae8424bd5fbcc25ca87,1776715500.0,up,1,0.21857531367287608,0
0x142de9d6c1e7c137f57f962c9a763ddcf134b140773b8d773e39f5ac12a17858,1776715800.0,up,1,0.7779810093012293,1
0x7af4c12993c8912b7151270d1ebbd51d492dff28456c4dc7155ca3f4eed9cdda,1776716100.0,up,1,0.41784688841482387,-1
0x2fb069e7d3edf1bfad465f0f546ca6bb59dee43778c652e3272aba1cebe87807,1776716400.0,up,1,0.8722319990880947,1
0xd0b9395754ae629dd0987ba05d59f567e3a11c81ccf47d2eb572a1d64072a477,1776716700.0,down,0,0.10783144507584093,0
0x2f7f38f52c92d713291b5b3987034ecb247b929c877612466d449ef0ba6bffc8,1776717000.0,down,0,0.11005374796102414,0
0x7d27f67f7836995e5b259cd53a62eb719ff2d400c471b6bd6f8c80f6893e0597,1776717300.0,up,1,0.48782590363062883,-1
0x13afb1e60d2c6516390a8ea9cde4b6b20ae8124b81d04c42f3d67692d43cfdd9,1776717600.0,down,0,0.35882026998235694,-1
0xa462493b68886dfe8b96aec7e8036ab86c770ce497f61fdedbb2b2c59672531c,1776717900.0,up,1,0.3948083026526188,-1
0xe4eaa6985f297161fe3c43eedc8ec09e2f7dfa2812616b505ebbf431c5ba1de7,1776718200.0,up,1,0.5431353541134338,-1
0x236a2d79d5ef877b9560facb63fd2d4dfbba80b10ac056ecd34d10353d1a97a6,1776718500.0,down,0,0.5302180491258689,-1
0x89f83d57acc07898be893c839b148269f8b47c076714e2b894e605c5f8c9f24e,1776718800.0,down,0,0.5847076898402965,-1
0xa9c1c7b9cce005ce1b4946c17a1bf1fd7a2a8f8c5e408075990ba73cb1411fcb,1776719100.0,down,0,0.8317094164219587,1
0xc850f6a9f79acaf6a777d118ecb7a58a1c10df82d03eea21be7006f4f9148590,1776719400.0,down,0,0.037287282353031435,0
0x5425cc0bf85f94344f28a54a44707aab96c0908df6ea81bcba6ebd8fb3a90349,1776719700.0,down,0,0.49642412097790883,-1
0xf157dc9f26ab5fc979481a09f31b2063feec55e2df00cbcb1374ec4c0d97313f,1776720000.0,up,1,0.8102591486736149,1
0x46928d0967507193a8ec5b09f5362c91c44625df99ec79832535951fd2082906,1776720300.0,down,0,0.12083440949834129,0
0xe6cded5671ed318b94cae537bec285fe14dfff4c647bd32177b632c8ca37daaa,1776720600.0,down,0,0.10382255751079651,0
0xd182fb16cf24b6a4d5aad8ac94e8e571753133090d36964fc751e991dc06db3f,1776720900.0,up,1,0.5966085481164528,-1
0xaae3ebce6742be66053769a4539ccdddf442f6ae9d790c10f137a50fd17e3750,1776721200.0,up,1,0.37629618257137143,-1
0x63010c2c853b90319cca96dc63a0c92c6241cc9fef7382dc3d9f70c42a1ac5fa,1776721500.0,up,1,0.5861439601056443,-1
0xa9543aec3777b78eeb3c3acd212082e0f8b6d8cdcb0b5bc230d5d9b50f6110a6,1776721800.0,up,1,0.7463595948351824,1
0x59c72db833a398a79bca2ba2e22bd75382db7263e7fb0e058f9bd6eb7e5ea080,1776722100.0,up,1,0.37114079485354173,-1
0x258154bbdb06f4ee14506181a1c8fd021ecf0c09fb919cb9f51c105e5da7187f,1776722400.0,up,1,0.9217516182695622,1
0xb50d0d2454cfd242a747a39181ed56cd612030a01864cb5810af1d27d1f495e7,1776722700.0,down,0,0.6545469120188084,1
0x24bede1246e55e8a9444fe7124d250630c92db8adeed784438d71c6a64297229,1776723000.0,up,1,0.6159501932108973,-1
0x9504a035042d1419f882dbf3c15ce9b43f9c106e13d056d3ef81acff262697cd,1776723300.0,down,0,0.7525644093376721,1
0x19d11183337790530889dc32332a1195ba8228963a5d320bcbb112d5c7de601f,1776723600.0,up,1,0.8924522429930145,1
0xcce37393d72bf598bb8f55f848806155cdf6043d32d42c405566e60a3b210066,1776723900.0,down,0,0.24637946372573002,0
0xa92a0e9141c90d529f3580a50e4aafb6814e080f04d9d0cb8ef7fabe02af67ea,1776724200.0,up,1,0.5739374237298217,-1
0xdf655b25c0871243be85b9f8449214a3eb166fa2c656a8b98876b77a5d06340e,1776724500.0,down,0,0.7126951835180482,1
0xc2e20b322ffe4c358412e3aed5e617c851a0a83cd282440314860c4ce1e23967,1776724800.0,down,0,0.1631100375660882,0
0x47f2ec0d511b151dcec1ad4e4f2d6f27b478e4a213bbe9c56f5357ecf9029dce,1776725100.0,down,0,0.48752736341260255,-1
0x2f4c00591eacc484664e6dab7113cf86d46e2432cbd5ec85f5e828d042f7a7b6,1776725400.0,up,1,0.7485818444014682,1
0x22dc63c203ce7fdee7fd29bb890018ef44e19ac421a7fe143ba992a3e2a8ab0b,1776725700.0,up,1,0.4658976583031586,-1
0xe343f0bbb8c5fa889fa693167539cdad850d8d904d86d4c7935108b751d34cc7,1776726000.0,down,0,0.08292121862339824,0
0x1eeb4a987451c4629f9af280a606609a26287ce91fa397bba669c24cb2693955,1776726300.0,down,0,0.20075573186031676,0
0xfc7e24f698142a72aa6ab41d79530c50ce9fd5a033938a1b16b3ae4c96df0721,1776726600.0,down,0,0.23022935708797054,0
0xfc32dc6983fd732acb024bd510ba8a72119021063c895f2339a12f7a0809af71,1776726900.0,down,0,0.24567741432966914,0
0x5a84281f4d1f2955f14a3aac2abe348c674a7d01dec1abd376b48f11dfd26eec,1776727200.0,up,1,0.7349212411750623,1
0x7c7b06bf50c6cea99a7ed6cf27ad006e384b58fd6fd75791ab478ed3a000f74e,1776727500.0,down,0,0.27485234451250634,0
0x735b9966837a89d061626bab0eff71d308d257a3babfbe384b47e9c2bdf86b94,1776727800.0,up,1,0.428032694694733,-1
0x90e088b365f87fd64e1fc3eeedc8de55e5852499a3d64b2741aee7d937e7b56b,1776728100.0,up,1,0.902042854746957,1
0x67df5fe279a22dd4b396272ee7f4f7babd115ca74f6fcafcb6af7c877900c9bb,1776728400.0,down,0,0.70545802165795,1
0x1b248d5c811237f63a266ebade429ccc8fc51d94b2efc15d2a6fd3bedbbafb21,1776728700.0,up,1,0.19335181605004917,0
0x80cd3b4b329ec2b17f421a6453e7695c551b6ccc17e91e11e4aae851a20f023e,1776729000.0,up,1,0.48757563736656967,-1
0x361a125443279bdb8f29389ff45ed61c749c4334e4b095757c0cb8e1162dea42,1776729300.0,down,0,0.40028897950088904,-1
0x59a39407e40103b123011fc22869e245e0da3f824eb1d9dde11b9e88ce0cb665,1776729600.0,down,0,0.6491925579498591,1
0xa75d9cfd02545f64881b0099976ef9a30f33394119302945797f481170f26744,1776729900.0,down,0,0.12122793389715521,0
0xd5da16bc2aa9f1691312cd4eef4585ce07d84dc96767be0b700eb973cda23af7,1776730200.0,up,1,0.9437174439461301,1
0x17a44c3cdc9b65e5270200b76dcb6286459564b3e65b9e35372a778b18eddd32,1776730500.0,up,1,0.4338619164860514,-1
0xcfa12733cbbeb5525a0e8d2b2dab89840a76af022959d07aef5deec5c5f91e99,1776730800.0,up,1,0.4614413590771854,-1
0x3d429c345cd0ee68d768216ea5e28644eb5a5522446f3fb7fb554224539f3a4b,1776731100.0,down,0,0.06043884520188572,0
0xa4f2a6570fcb7d8ba06b860dd08d4d4284993fb46b93fce33f2269eaf25c9605,1776731400.0,up,1,0.4183481836935778,-1
0x640aff963d8a5244cbef8efe703e046945b7906da4aadd23b94f4954ffa1e05c,1776731700.0,down,0,0.23216131049205904,0
0xad0605d622ba1227c10f2e0639e94062b597733d6d560711e72c59b141e07c8e,1776732000.0,down,0,0.5994950330799401,-1
0x785385e84a16cb3eca09c47ce7f74217b48626635397b4d5a73b546074e22ad9,1776732300.0,up,1,0.8224777090838498,1
0x684ab7c8cb9751125a125854f455a1170e08229f27b45f51a2ba512aa87a9343,1776732600.0,down,0,0.23896327394519676,0
0x501d772341b16e9668b67979f4cfbd1bd0e1b3f4542d475854b9bb8f3beecb75,1776732900.0,up,1,0.9174415073327791,1
0x2726722c79b05b347bfc2af27aa008572346e7610a97cba8c828f940b1a0b11d,1776733200.0,up,1,0.19606143596272135,0
0x3fd6a831004fc6a8d9e587f5e61e2a2d8e0496ff22ee4290932736db8aaaab83,1776733500.0,up,1,0.9163924240994319,1
0xf7d30cb7f2e0ed9a647b357694b10b6542fbb8434fe25eea831b90fd1017da54,1776733800.0,down,0,0.17859507535855737,0
0xdea05619e65f4634f92dbb9e6fcfa79944218f57f03c6f10844c2711c6582ed5,1776734100.0,down,0,0.05895279583622418,0
0xa40081a36f4a116b81d04e248c4e340c2db4a1cb6cbf3d10fa3247b783def8d9,1776734400.0,up,1,0.7201243058833748,1
0xb5ee87de7b20af75544cd66c36824b83bce4ac8d897c4ea8821e6a381bfbaf97,1776734700.0,up,1,0.20946705897577356,0
0x190956063cb90f9320da685cc8a51dc0e3f8917d383cabbde3145d4e11f58709,1776735000.0,down,0,0.848156463203524,1
0x3bb3d144c5eec8aa6509d3d9d48bfc2317f7cefdc790bcf56c1683a87e5b919d,1776735300.0,down,0,0.3944815963905166,-1
0xf6362e5005ed5f68320d7caa6a12ddbc42bd1b71517c62d9a23199b3822bc4e3,1776735600.0,up,1,0.49991589882846743,-1
0x609655edb19d88115b0e3808fe1ca61da0792cd8cde57efc551f0919ac67b09e,1776735900.0,down,0,0.14426868469222076,0
0x9ab357a69264163924b0e40bd259ff2d8528e9a8fc0f3ea8574e598107dacf02,1776736200.0,down,0,0.24855073229627578,0
0x4451cd146d8f34bb98a0b965e0d2f02b5c5db885bab78d3429a9c8c3a1bdad84,1776736500.0,up,1,0.5072798628622787,-1
0xb47c5c4a6c3273b2c4b26c244a8f2212e1ccfbb158ebb34f308005f1d452a63c,1776736800.0,down,0,0.06756759015505395,0
0x0f49bb47933a596a9b78aa59225fbe075664f2871f928c88e66fe13b7a18fdf0,1776737100.0,up,1,0.3294121079343992,0
0xe96e7fcb475531b444a6e4c5ffcbdcb2d1655d17231e353dab0b5d133449bec0,1776737400.0,down,0,0.35087984307179093,-1
0x2579e49be15f2f0dc0cd7e47e3737c6fdf5c192c68b37542f3ff4767344572c0,1776737700.0,up,1,0.568071564028852,-1
0x47d989b9c3876d3ffeb84807f263b36044bd256685baeaa6d56d9de222ea1667,1776738000.0,down,0,0.872390872264534,1
0x877b4ceb4e106f4f06afa15dc0ddfaedf90b892ccb5b479f7364141a75584a70,1776738300.0,down,0,0.16442655467036987,0
0x2c2fffbfe88d2982dc679e7bf41f0a22f260936c36bf540deb6d5f15a6d7661a,1776738600.0,up,1,0.8944420593696433,1
0x6fa43fb6737f5c505ffd3a13a3d8844101a18777e35d915ec299e6b473d4f457,1776738900.0,down,0,0.20630230201040384,0
0xf9ecbf8933a3e9bad508b57ce2af60cbdcc70c7b2ecfb79685d78d4dcb537eaf,1776739200.0,down,0,0.6018484958025786,-1
0x085f19a43fe816c6326d86c70fb0d289ed38fc5e31a8db9878b9c56e1162fa7a,1776739500.0,down,0,0.6795457109890991,1
0x78ffb630caffb3153a5289caba3416e5486ba78646763563bb80d0bc88636445,1776739800.0,up,1,0.8224864497790012,1
0xf21eb89f7d9c536709c244ae4f3da53085b620041ae6abccab8b718fa3010ca9,1776740100.0,down,0,0.3678296844135627,-1
0x497e1e8afe196aff36a18d663253f80387fa146c747411f7e89b42e5362141e1,1776740400.0,up,1,0.2612644124177031,0
0x0368efa7b6d0b27aecd978c123c700689565ee9779d5ce61b672a203772a5b7a,1776740700.0,down,0,0.4101231348472176,-1
0xb8dbad8534b64562a73fd5796cfa03b594f59e73851b9db3f6c5917595801716,1776741000.0,down,0,0.658254797468582,1
0x4a074f2d0c06b8ace7f039a53128a7524263f4cf90241febd66190e3b596ee25,1776741300.0,down,0,0.8083370148251242,1
0x23040e23467f60d77ca245fc13c937582375c4c8d64f1446ddedfe1a98fe2a7d,1776741600.0,up,1,0.7709848841720993,1
0x7024bc6ecd5e509099d347393d87f40ed3fb2be7de08a27e70fc825c1dd5a2a6,1776741900.0,up,1,0.6866406441512489,1
0x042d4310d525e3fddfcaf2a4fb6b40d752f66da9926422381c788b1345261be5,1776742200.0,up,1,0.889562357905848,1
0xbd4e425cb00ea0315d78bff87737e56deddbfeacf1157afe5209e88c5ab87210,1776742500.0,down,0,0.14104601007729442,0
0x786a35850efaad2d9fdb9093a8076e31ad20f904c3fcce68d6d1f8ad8f550fa1,1776742800.0,up,1,0.1067977883094095,0
0xd6938f104017eea4ee2f9aedecafe14e14cc01bb7439964c52287cf29d21b4dc,1776743100.0,up,1,0.44566367816171837,-1
0x2809427d70a1ac3d4cf22e9249cc31da33cfb02f5a14a959ae6dab5697ab2fd9,1776743400.0,up,1,0.8640966558339432,1
0x6594368e895adbbeae8a46482968f8b8d4e54e91c0757fdd0036e8c402a03216,1776743700.0,up,1,0.3273865923292927,0
0xcf1221c1e52721707732b175024f8f4d3f65caf20c1d979be09c59de39c3cf49,1776744000.0,up,1,0.7062642227660835,1
0x37bd81d9e51bca3ecf29ad6cb1fefb128afaa8161570452eefb0e1ec95313caa,1776744300.0,down,0,0.13154958788675944,0
0xdcb9eb1c986efdebfa48c21fb7f056510052d6e219e69ac493b64f3c5ef54b32,1776744600.0,down,0,0.536052267458128,-1
0x067e006c46a68f0a05b1b560bd70809cab4a048236349f351262b844f5ab888b,1776744900.0,down,0,0.6322470417532762,-1
0x30ff87ec8368b64a397f15fcf08676348a4e4de7f24f777b0eca9cf2794f7ab0,1776745200.0,up,1,0.8368165817669063,1
0x430ce4af98ff0d44ced83c30c47a6da6003c26dd7dd24560fbb4efc7088d6c56,1776745500.0,down,0,0.4734126590425896,-1
0x6966b800ac901340fe6143329ea59c1aa72ffa1073437647bf2fee298138277e,1776745800.0,down,0,0.8592813290980792,1
0xa3ff75a8b8afec5985cf80f00b7a8562894cc7918452923013985fa4bdb26390,1776746100.0,up,1,0.8897081980611474,1
0x045acea04cc6ff927576cfe049229046797d0a68bc9a710978a4ec4ef6e8da54,1776746400.0,down,0,0.24606693376558322,0
0xf53eb573ebeb91df1b6222b6aff90fd24b3dcc90fbf31b68a00840340d31316c,1776746700.0,up,1,0.5220228235095785,-1
0x6d83f08874ad270c32cd59f36ddc01b98d96e0dfeb71f57afb9cec05e9d8eb16,1776747000.0,up,1,0.48843848345626173,-1
0x4f105c9b65f671a8cabc2332a0ea524ee5a5373df938cb411fcff15577d5556a,1776747300.0,up,1,0.6677434392299757,1
0xede0202ad13183ae8179fca3977cdf84729b68714635493ac68fc4662830b319,1776747600.0,up,1,0.4865903918397899,-1
0x28043aefe2f71429fb2c7f280605e63e8839b8f4b215437b00d3d729684cfbf7,1776747900.0,up,1,0.6126194334278678,-1
0x1fa50cbb37b3b67176b7486da368a30debe8cd526fb49f0f899d6346567d91e4,1776748200.0,down,0,0.1490287572947296,0
0xaf1c3a64278edaec4dc82fef0d594a272c9b6ba59a2550ec80e5630354bee52d,1776748500.0,down,0,0.48211649782382704,-1
0xc6124682f9d9991fad1956c1c323215b867012b68f714c70f846a45f197b80a6,1776748800.0,up,1,0.7911415116839057,1
0x32c15cf33a07b83d47653a1bc07ad5d50813b5d9e596d342bf8237e403b8dff6,1776749100.0,down,0,0.4640973866276108,-1
0x73b6dd05e5d4531925f4b71e9832edfea79fb09049295123d3bd2f3f7df7e6bd,1776749400.0,down,0,0.18970682578991357,0
0x747a5eaf6e7a90425e7116b5c985390b075ab06decdd193715e16df39846966b,1776749700.0,down,0,0.5230286384409794,-1
0x1e9e1ef1e796b08aec837af6ccab84ec046d5f6c8ed2036ae6c698cd2941ea4e,1776750000.0,up,1,0.6965814640747597,1
0xa68ddbfe50f618559f9f15bdca98e7edf4ec0f3d53cd59b73c115e790c0e1345,1776750300.0,down,0,0.18246422270094628,0
0x623fe275f06ad726fdbf24fd146f190a11a6b955571a139095ffc89256c182b2,1776750600.0,up,1,0.3407293067523596,0
0x8cd4d42b326d08b149550640c55898a342bb8b33e2702124129f74d56b27ace6,1776750900.0,down,0,0.6114873723289986,-1
0x5b39d90227651e54eaf2de3992e5d36b38a57c9660828c41008ea8476d902ed2,1776751200.0,down,0,0.14441386955337215,0
0xf311a150a36c927fe03ac99ed24fb41875f3cec7cea449b9132559fc08c2c320,1776751500.0,up,1,0.5754145378234672,-1
0x00039cead3a346ec82e50412ca6fdd2353e65ee5c425fb7309e99f6d15b57553,1776751800.0,up,1,0.7090729012604342,1
0x4c9e6997e8b4c9872c24b00f0f7e8a9fcb14fb5d9bb80face01848156e140d6d,1776752100.0,down,0,0.5273473840239771,-1
0x04a77d6650aa5c00bad3dc56246c63f65919883c567db1f341d27c56adab2c8a,1776752400.0,down,0,0.30408404236095576,0
0x60b67d5ac0ef630644f0dda0b103b40f146308c06153171fb634ae7e79675f9c,1776752700.0,up,1,0.5805295335541336,-1
0xaa765965aa55522462c18f0ad7cdf443f4e64ce60822bff6e62a2038cd7d54d1,1776753000.0,up,1,0.9999143248871647,1
0x44611d0caf2a9b2621339e3cf7f85ee6743a2db3b88a360fd63a40bf83cfac0c,1776753300.0,down,0,0.46439741681676705,-1
0xe04b00085c669a0291046b2a1f3225586f74f5108e528763e5afff2229deb50f,1776753600.0,down,0,0.6260054117239469,-1
0x32da9766f69fab8dea45664cf2587a1f378291575cd5e0ef0b488c18df92fce5,1776753900.0,up,1,0.7213181182401235,1
0x40512102933a3de508d1f4c858cab827f6a7cc9c6c4f0c46da20ff366d3c4f3a,1776754200.0,down,0,0.25156381921568804,0
0xf2ab00cbba37ded7a6d3c53756789c50bedb56482cbed7ed3e7ba22c83b318a7,1776754500.0,down,0,0.6127283825268531,-1
0x46c34208b3107b013e13ee19aba11ca539a8f5c06de9d2e6771bfcad938fa0ca,1776754800.0,down,0,0.2088754243762264,0
0x78a1db793bb524241d763a18086dea1c0a6c52163447402fb0ef929984313434,1776755100.0,up,1,0.39073031345231124,-1
0xb1c38242b53a2dcca9aed24988c1a04c6276dd6f39584186a848ff19db3e45f3,1776755400.0,up,1,0.8064402917112694,1
0x73d0bdf2c20d0574053c7c81d6de2f613449d5b3ed5444776ab952f46153e492,1776755700.0,up,1,0.7076640061870567,1
0x436682845ef45ea6083567ebee4411d99a2f260461a72482888000ebb7d490ca,1776756000.0,up,1,0.5936708374113503,-1
0xaafd725a96a1a776fa71624ff14de0b68adf4631ef80ee7edf7a353ac43acdd2,1776756300.0,up,1,0.6949246881732839,1
0x1ec65ab68fb67560cfee318486fb3cdb1403a91d2464c89c610761ee7990e38f,1776756600.0,down,0,0.29598995384360205,0
0x02c78c0f19a9f71d4293b635f23535d2c4585522f1a38aeb00fb67b4995721a9,1776756900.0,up,1,0.8193468126761628,1
0x83d622b8652314bd2ff199d563a8bc5e7ba75635172755181233454189469c88,1776757200.0,up,1,0.8989220719495877,1
0x48e0deb9feb4aac270f4bfe504109131ca2f6bfc0b42ba5f88ae428a3c6380be,1776757500.0,up,1,0.21000243675537988,0
0xa18de9413cdeec04d4562b1e8e1b25b0f9566f69791ad5b6c99c95b13520e6ec,1776757800.0,down,0,0.1422828229463498,0
0x7d49dbc5d86e17a035565f97a774eee08b022b651b89ab15222560d7a0f2b2b4,1776758100.0,down,0,0.3249540071682756,0
0xa233e0c8f1b88cae89227e2b9f48b92aa978d4dfd5c12f9d5259bd5a982e8566,1776758400.0,up,1,0.9529151619051908,1
0xb8ddac78db00c9e2ce0597a0997093eb16aca9786eec45aaf21bf7c16bc4686f,1776758700.0,up,1,0.5405767573198195,-1
0x004a81e30303a2a2ab93e9c230e1084dc64de285608deb92b76ae5690a5910f4,1776759000.0,down,0,0.1841309026303429,0
0x6cd41def81191495112e82bc22234725ea66f2cfdf707d85eb896d301c2ecd3d,1776759300.0,up,1,0.7743353932576456,1
0x7916e578ec4fb91c67766dbb0542a63e85da40936d4d1b68d82484510e0d4738,1776759600.0,up,1,0.9876641716565508,1
0xd0213acf962e04d0864915c396f68c882e565b353c610ca2660e36bb1de5e3af,1776759900.0,up,1,0.5981504237765355,-1
0x66ac453dd603933450fa177a0d55c94e4b19e9165df946c7ac214e3781fb1928,1776760200.0,down,0,0.4539947044302901,-1
0x9b1a37787031c33a92b2d94477afe6f591347e38d7f4963d47d3404fb9921c72,1776760500.0,up,1,0.15285188870009397,0
0xb4c209721bab8bbfeb1b5ad67a0da364afee6e0097e2fb4027705dab30752ac0,1776760800.0,up,1,0.8987654161471896,1
0x3a2cea84e5b2b130c8d986b9ebae0f2ab9b71ecec261429402e0aaaa3d856038,1776761100.0,up,1,0.6210963304629529,-1
0x2085d0a9b69029f5d194be488e3847d028c217c4c6f6098ae69e80e73642213e,1776761400.0,down,0,0.41903958991571955,-1
0xcb87a3b7df7aaf9fd91aad381adc88f9ccc2f3ec2d8ef67b8b5780e211f90242,1776761700.0,down,0,0.3036596647162851,0
0xb4766e7eece4bb16709e758fab59a2a24c49ba190895523da0c8371d9b5dd9f6,1776762000.0,down,0,0.3196947092474884,0
0xfaae5a66c494dbe633e6448b50583c0dce4f4a44cd3bfc395e5f49f9f825c64b,1776762300.0,down,0,0.34009893860793156,0
0x2dfd5b0e005e2c24faf19c71b1301d685050a7b078fddd905fa0aa79de707614,1776762600.0,up,1,0.8790879645351197,1
0x3483898cc3ee52830491b909f6914443b3a543fd21aad23cb875530fed36ec88,1776762900.0,up,1,0.7425776232948763,1
0xe6cbb94af94ea7ada37147dd7ca9e25c2899eadd67efd05c8510d020e079e6df,1776763200.0,down,0,0.5167887022180134,-1
0xee01758d294e792789fe3a989cb516fe6d6970c1f953511c4263cf408106901b,1776763500.0,down,0,0.13325542109221072,0
0x7442f9334b2d4e65e5bbb4cabf0c8db097f6e65e7587950ebda0b30c5a484992,1776763800.0,down,0,0.6882020791889917,1
0x71d1e3c61482bcba0aae0d03a64e00d19bc9a7438d8019ac649ed7ee8e288773,1776764100.0,up,1,0.692218107561755,1
0x04d1675b22c88221aa0c5393505e1b4de96c791ca86323c6999939b9dfceaa00,1776764400.0,up,1,0.850701066918334,1
0xcc654c67b043e367f5e9dfe1abdc02a71e26156ee924132d89ce94d87f001475,1776764700.0,down,0,0.42205547122729814,-1
0x3a919a31600e950c2bcb7474b4cd0cef4b14d723071a4a9530baade66f7013d3,1776765000.0,up,1,0.5689965660409081,-1
0xa5fdcc44e28996fd8c39ba3cb5b5cc1e0d09725ddcbae7596c91e11865865380,1776765300.0,up,1,0.8793149429622782,1
0x0bcaf371e08b02ae9d8ccd55d23d0b7b6ab365f821b6bb88327879aa3cb009be,1776765600.0,up,1,0.6719853291155391,1
0x9330b3d416015e2601576e8ea6ac0ee322d6b06585928ec40bd03722a16b0211,1776765900.0,up,1,0.8243116947893091,1
0xd2de53a032e3d6ce0920f3782210c3a642b2b7baec896a3f0d5bdc53bea03935,1776766200.0,down,0,0.1022986902692847,0
0x10f6c97be7c29c2daa2c3a22c4e874359b291fb5504aeffa4955d9388ea7152a,1776766500.0,up,1,0.12004256161299776,0
0xa94232bd7f9c8134490cddfb44f9ae9b21d70cc3ffd1924ee74c6c7d6e3dc7e6,1776766800.0,up,1,0.571902365839649,-1
0xc433687795e967f6606d05f9fcb8af27391cf3a102614a27c07e748096ceb60d,1776767100.0,down,0,0.3753181523268964,-1
0xabe99cc27bc11ea52486eda30a871330a323e62fab0005b216162e903e1fbbf3,1776767400.0,up,1,0.6845773635127324,1
0x44879c1e2d31ce42d42a02bc3704cd69bc00f8959a0717eb005552aadf81d0fd,1776767700.0,up,1,0.6335506369354044,-1
0xa5d305246f893e41d4273876d30e207a7ad30f5cf7913e0e79d9642bbceb22f8,1776768000.0,up,1,0.18423915768976942,0
0x7df46e076931ccfe3e38bddc938ce70f95902f55a9c43c7f2f38dd2ea7a0cd47,1776768300.0,up,1,0.8967166582391661,1
0xc6cbe416ffbc298a2a4662ba7eb980be079a2ce30c9c2f1cf3c41100ff9a86b7,1776768600.0,up,1,0.8027223750455506,1
0xe4239fb9053ad26c3de2cb8e04d3d323e17ea4e235ef4442f3a4502fb0a97694,1776768900.0,down,0,0.13163402056266077,0
0x2f9a7440cdd2de38e36e4c18f0bb693eb0cf93f650fe97e095c61d06da762b3f,1776769200.0,down,0,0.14695416829480903,0
0xc830a3704cc6b9522510a213fc66ae9d3ab46181359f4b3892b0781b83fcdcca,1776769500.0,down,0,0.5542107288810222,-1
0x92dd8653fd5213b1ca194e5c5bcbda2b480133c37f013ac4fe5d3f046a6a63db,1776769800.0,down,0,0.025338645270041066,0
0x0e13743e1eec8959a4988f8806dac33dfbba377bb60587ae35e365166f3c7c54,1776770100.0,up,1,0.5247395796220198,-1
0x580853af30d2ba6804c8229d45ca1607bd8f4fe6d0c2ea0ebf29863c5fb78eda,1776770400.0,up,1,0.8740833255512505,1
0xa4a0e74be666f50e057d7dee9c2e93e22205cffddb47eb0b1e80f5054617bf32,1776770700.0,down,0,0.22149065915193977,0
0xcc657a557f21fbc4f0d74050e9eca6ce84d71db239514c507324d41cd966accf,1776771000.0,down,0,0.37597600364021533,-1
0x909a1f4feef9c4eed58fb006c885445473b64fda7b0cfbe49c6ceb20150283cf,1776771300.0,up,1,0.7379647051286679,1
0x1fc3807eda1dfa71702000bd4385da80aa82a346b30586c91397ff9594e5288c,1776771600.0,down,0,0.5387210029630272,-1
0x742d1c2c737f9ab7bd64daabd7f3e593ebd3d0dd0d02a41ba90f2ce619fcbd5d,1776771900.0,down,0,0.39063118965186533,-1
0xb5caa8731bac394f04332c7cdfe6d54fac7bc7f942b696a6cd8464a199e5b4b1,1776772200.0,down,0,0.8238702563878665,1
0x029124b36c69a2abc82b96a2cc65854d9f7359cb696bdec15975cac3b16cb0c1,1776772500.0,up,1,0.31231917381112606,0
0x340b131c7d3165a3201d332e46224a6cfb445bf73b6da2ea78294541543875e2,1776772800.0,down,0,0.732015038246188,1
0x5d3c25102b91556ebf4b35fd5a9f289894a73ae84f95d2ce4fc9e6835972e614,1776773100.0,up,1,0.8744673138889619,1
0xb41c31d64efda343ef6232fe1173e480edb8950428be1307bf60dc117843007d,1776773400.0,down,0,0.09357738650025738,0
0x329a92aeacc800ede2e7753bf14d6b572708acde4bb2a5aae890f988cefd4cee,1776773700.0,up,1,0.5560907931045541,-1
0x5b85eaa6c20eee77a8fcc220131bbd07fe778ebb80bbd3658840d734f45c8c12,1776774000.0,down,0,0.639992938371519,-1
0xc72c932f0b22b27a8b095421000eb707680650870126fbec30284834d031b2c0,1776774300.0,up,1,0.8390020158743866,1
0x0d99caffe99308d2273cf48aa129220fd3864e189953e429bb99815645906cab,1776774600.0,up,1,0.2349629470623332,0
0x4a404e5db7d23c30b0a6115c4eb53488b2ef28d858e52e4b92a17c80d3fdcddd,1776774900.0,down,0,0.2790435043639272,0
0x7030ee49d83b4e830871135db721aa999a23983649ab82e5cc89d19e42055672,1776775200.0,down,0,0.02838595750750717,0
0xf4c0604b2bb6099342e037f010dd847b1f62f332bd29f2352f544429d26ca3a9,1776775500.0,down,0,0.7747431601584056,1
0x68414899c368562f31d938b27719cf9742805ac058e8c6ae8814c26c8be97008,1776775800.0,up,1,0.8522210011201046,1
0xf9d7952116928f454edf0a3a02d83ffaf8acccefae37941cd638dad2b04bbcc7,1776776100.0,up,1,0.814409047233254,1
0xd6940ded5f55734fffd9c21b55a0094553cb89bd1e918ff29d7526709767ece4,1776776400.0,down,0,0.8134184160211221,1
0x6b0bcf9c5afeb6c39acad8eaf53ee179140728ed2f9fe044cac9e0d5dea370db,1776776700.0,up,1,0.8450607236733999,1
0x842fad4e5ae34cb7b3603be1b1f819f6c9f7d110caa4fb87748d2e5ab2b37da6,1776777000.0,down,0,0.7976319598604222,1
0x339b0176bf09b56c1d853e699edcd5d3eebcc056d1c6ad3b8a2096724cffc90e,1776777300.0,up,1,0.7949148410649638,1
0x22cdb45574ea39e1770285b0329a06c0769e10d162f3311372704210a94342d2,1776777600.0,up,1,0.6110671818175327,-1
0x59b927fac73b300cd7204bcd15032b9b4227e12d9c5a3fad47c96660cbc0ed7b,1776777900.0,down,0,0.6020893671618952,-1
0x9fb59cd4828d60b0877c63751f9b5eff529a03da748b9b0ef5100da9620f0788,1776778200.0,down,0,0.1542951918616216,0
0x13b604d41775312e23ab07e7449b16b5b228eacf48e1a6204e1ac79107271adb,1776778500.0,down,0,0.412225950126143,-1
0x70bdc4133467682445c277aaa57a3988eb70d025d1b0b33d4e5a1650dfe414c5,1776778800.0,up,1,0.8327812247436738,1
0x65471733cbf4cf19453d8b1e4eac65758d1f31e8e72867c9e5bc310d8f5deb92,1776779100.0,down,0,0.08181249529733792,0
0xff57eee1914d6c0156d14cd0fabf972bbd7a09918a01bae7db436573d1e89afe,1776779400.0,down,0,0.1584057321444858,0
0xc7f4dccfd4e5fa4f5cc38eeb5a72411f12596a85ac73e29e4d7510e8ca2ea712,1776779700.0,up,1,0.9262319055167266,1
0xd50e846cf6d6bc07ef23621a2d77fa8a7da3db5db96a65037308f5c3e65b7c97,1776780000.0,down,0,0.15583375972933336,0
0x2208217e66cc24bab462e98ff38c741d0b25373b2efd29ac5d03ce584167d1ab,1776780300.0,up,1,0.24233225276995052,0
0x28009c3ba01ff9952a204d2fbcb81c2c6e684323ad3cc0c5592227a78bf8fb57,1776780600.0,down,0,0.289372574739831,0
0x5e34a2c3be447bba9b389f41cbab46fb86a576bd9026c50e7a31c26a7b950d48,1776780900.0,up,1,0.9785654959052322,1
0x0edd981110ec625684ae175b4704b6d75d6458744396656f99b6a0a05a3a4547,1776781200.0,down,0,0.5696326282180971,-1
0x07f96d3be3fc594aa2ca8c2a3a92defa5459d156b920ebbeecf1b9bbdcb68e81,1776781500.0,up,1,0.8443685779165974,1
0x411df3895ab25f203821a8e14db0125659d502ca03c6c237d4fc17aa624441eb,1776781800.0,up,1,0.8437161461995251,1
0xad4cf85b872750c3ccb0b1c978e1207b4192174daf389c8ee7a95cc0b765bfb5,1776782100.0,up,1,0.6476831929220607,1
0xc9fe21a87e3f920749e01c9c99e24b52b5541e036bd14240840d9a2a05fe27e4,1776782400.0,up,1,0.9823519666650343,1
0x7d706bd501d77eb4f46452466d1b43ce2f7a3461ddccbc79841fd3626ef28873,1776782700.0,down,0,0.03888470092245348,0
0x8e18d4753557e53815763703641aab459d9fd2fb0cc8bbacafa9d8ebf580b8ef,1776783000.0,down,0,0.332976105161505,0
0x64071d1f7806e4590bf64e1b54de2f8f7f20e757296c225efe724e6054d25817,1776783300.0,down,0,0.03801901856893509,0
0x0f56c253740bd9d4a7aa952e8e1f9f1b02dea62a467ade2a84e2add729bf898b,1776783600.0,down,0,0.33623341770434395,0
0xec0628c545e959f4b7da3a33ca9bd2806ca1788b72ab9ed008dcfc0daeef274a,1776783900.0,up,1,0.4514844961843888,-1
0x4327b6b82f0a560ac3fb1ea369f025ae28018ecad5fd3b98f2367060326dc9f1,1776784200.0,up,1,0.6394242887901048,-1
0x23d484eac15761f5bafacdf27b7d9b67cbf764c0ac33c6d223f26be99d57033b,1776784500.0,up,1,0.6215760104031649,-1
0x4725e37a64f588e4bb8bedb238e244d800597c592c5d4ef329ce05c208a92f57,1776784800.0,down,0,0.16599671905982225,0
0x1da1fbeca8a3332e6fb12fd2238b490efc6087ddc8138d3d32138fbce3f21383,1776785100.0,down,0,0.12367137044334478,0
0xc4f1cdb8cbb37d4f9e14cc1925c4ba93e9f19353b06105a99f01c962905af4af,1776785400.0,down,0,0.578994538199527,-1
0xc3a4ebd7c575f4951120335c9f2c5174bf94edaaac0b7efa3beb21828c0de5c3,1776785700.0,up,1,0.2544598577542847,0
0xd8ab0940e8f505eb998761ba32006a27ec6e6d85e0e1acc5e18b120a7fbedb73,1776786000.0,down,0,0.16058857504074478,0
0xa350e19bc9cd1a617a8ea779edb3674064f2633525027b2c982d81dd8a9049f6,1776786300.0,up,1,0.5819619303054385,-1
0x7196144f8b50bb1d24010e0f397ddaa2719591b79c86a5a4b8739458ec69e6ad,1776786600.0,down,0,0.29242275473241064,0
0xeda3c00c64692816b257584127a8ab6929e3c43691c3127027af33001f44534c,1776786900.0,up,1,0.8502842249828539,1
0x6377ef1d98f417f7b22d77063f2cdf1ef1682123691c6713b49c63d9096f7157,1776787200.0,up,1,0.9339455295311521,1
0xb0caa7b0c7462ad9b6c4ac24fa182634617ce7efe514ffe15e2e8c532f5a37fd,1776787500.0,up,1,0.7211291736251733,1
0x9f24b73ccc49dd4988122c95322922c52d1ab7d071a8b3a9d1cb858de93dae93,1776787800.0,up,1,0.09206794744789479,0
0x401efd5bd10303e1bf2b5f703d4aecf6c1e2999f093a88ca58ea722b49b31d32,1776788100.0,up,1,0.17704209925909736,0
0x59877f3d7cc2ffeebd32d24159c69e5ea1d7131ad0b66be8013fb3aed56bf16a,1776788400.0,down,0,0.19079173792525694,0
0x3937d6763aa19f58d6d5c3a7612ee7f3f3694e078404d365a78beb8b520b703b,1776788700.0,down,0,0.855751121039567,1
0x6bcb1b919868a1091c08365fbebd3cfa599fa6e37fdd7cd295e7c31c4dd33947,1776789000.0,up,1,0.8046534597344602,1
0x384c9a41436a32bf3b58be6865c19b4d983c901b9ab96c2b70a04dc0cc6ebb67,1776789300.0,down,0,0.8110606261531632,1
0xa79b7edc923fa5930c43ede2fb6fb4cab9b83e7bfcab245f7d1ded817c639b6a,1776789600.0,down,0,0.6330369136441821,-1
0xa26ae771eed838c5059e7dace5258f4b9d4fcdbc62bde1a0be99e5f033b94e6c,1776789900.0,up,1,0.7997580306648502,1
0x547d3368afd87ff57b35a86843f3d6f9b60ef05f92e2cc1b05ab752700ec745f,1776790200.0,down,0,0.15934595945089225,0
0xe90501103ea106f6f4623b5942c5d744fef56bc7b325a2855c5cede61e118229,1776790500.0,down,0,0.6273266678389287,-1
0xef554a04e380922523f702d7c695151a5e256e73d49ddd4678a4a57f710f7977,1776790800.0,down,0,0.5776645005829054,-1
0xcea2daf13006f5e1c61958862a57a611b6de5982dcf836822e5fb416f813a2cc,1776791100.0,down,0,0.02088690907917029,0
0x07e81b117ccbcd7354c13b7db7f9e0491a92ea5a59ebba91ffea05265d4c8e8c,1776791400.0,down,0,0.1519139515863312,0
0x363e251de627b22d4db72b676f196da8a932c21bc9e3fc77717e8e44ee719dc7,1776791700.0,down,0,0.047295807765786756,0
0xc50d2230dbb967ba7c525d33062f823f151ec3266378c1ba7ae5abff6787f3c5,1776792000.0,up,1,0.9758289604951246,1
0x21dede1c7e4b77ff9f8ba7f3944b614c21f0987df2a3504753d2ff09866d984c,1776792300.0,up,1,0.6630232607230515,1
0x51060cf6757939d9b3eabfd3e927a03f37fd466d4d226e720b2b8718553d336d,1776792600.0,up,1,0.4617034820215222,-1
0xd4374cf3a55378eac9d1fc01ef303b0b350585a194a284f41b13ce4283ded474,1776792900.0,up,1,0.42498778430116635,-1
0x4e51b44fb7d25c2f583cd03dde985fa38ff6e71a75b01b29e983b9c9c15d301c,1776793200.0,up,1,0.9644948569075127,1
0x318a097ea722fceadcc606a4ce654e92cc22a476ec36eb84e512da769a2800e4,1776793500.0,down,0,0.09693599426404213,0
0x136538aa3957f6866e802bc9ec320528e9319849ef0eae0d94a9e5d2fedc648f,1776793800.0,down,0,0.567677959309956,-1
0xffc1323e6e033f63c0985708d4811f5e6471c3deaaa9256c3cf9ae2fc1083593,1776794100.0,down,0,0.18991872193596426,0
0xbc5316ddf4cbe952fb01096f010978bb8ddaacdc8b214fac13af0699e3543755,1776794400.0,up,1,0.853232889192323,1
0x9cf9938885a1db14c81c706804fa9ed7f314a935ed242e793ef2a3c4843515b3,1776794700.0,up,1,0.7576533941646212,1
0x66bd5eeea16b3b1a5510802c40156b5c1ee6715ce0aa9cc2722d1fc8718bda5e,1776795000.0,down,0,0.1753978372675551,0
0x7837f7421e8c3330e869947db024cca90ecd6a37e361a5c5ef7a8f01c99586bb,1776795300.0,down,0,0.817944790880795,1
0xba175fdd26b399fc8efc7f3406a39b970a4d9d89a08e4bd55232e61d25ed8b79,1776795600.0,down,0,0.1765724923049693,0
0xef60bec4cf1102a2cce56419b82a1e80b507c5084ae0658610fe426e69fec9e3,1776795900.0,up,1,0.39742907742486894,-1
0x24a57657a1dbb631b79b2feb7f7ddff75fab4bc6f2a6f23fa7afe1c9b20f7be6,1776796200.0,up,1,0.8029356600517189,1
0x4eff3511c1eee78bbf9ab83618d582a1402e535d8c69915244b4f3e8ce980bee,1776796500.0,down,0,0.1584864856702606,0
0xd7e88bdf5884e113d8ac8f7d44018393bb31dddb149ef75de6f374791e2bd451,1776796800.0,down,0,0.2699759212591575,0
0x9efcdddfde6c64a534e0efea2a60917be215bbdeef9a9370b3d6fcbfa5225373,1776797100.0,down,0,0.6258605152918625,-1
0x163d9971c9ba839cd4de3041ec32c06e1ade1410154ef3031c9783e7724a142b,1776797400.0,up,1,0.5261593910553154,-1
0xc6610908e4f355c16502499bcae2bbcd4e2a86b9251cd293d143d82375fa465e,1776797700.0,up,1,0.4137681006948678,-1
0x41e214c92348b549600883c5c4febf962aaaca1484838bb1750c9e5e7deaa2ae,1776798000.0,up,1,0.9167828640410629,1
0xad31b9ae6bdb4666ae0d21fb0ea2eb744900829696bc09462612c021e86146c7,1776798300.0,down,0,0.5020735886904858,-1
0x14ebaf7d6e2b5df0ae2860b2fe5400e435db0b1c0e710fa26ac278671eccdc79,1776798600.0,down,0,0.8545904898835092,1
0xb5c4bf858ddf2c0245b692306c59dd1209b7b240a76f47f1eba4fee0c2d20244,1776798900.0,up,1,0.6534306677501562,1
0x0757fd18ca6bffccbdc6b94769fd5c4b9fb18b3cb6efd010f6e048c9aeedf3c1,1776799200.0,up,1,0.8975302426191596,1
0x40253a2267a759fbe6ff53131893d94caadd35ede77ce35244f06681f1906c65,1776799500.0,down,0,0.8308784646741104,1
0x7ba68ed6ec55158f2c7c7296901b492101e593a3c2feabd2557705f2ec9160ff,1776799800.0,down,0,0.22318612342071356,0
0x2837c4c08df351fe2b095585b04be3bf83ee48155b79609d4b6bcf00b8d83bf7,1776800100.0,down,0,0.03699736808599013,0
0x730d83a39bb2f5b4f8f365b6c6720c1952b87e7eb8c8f57a85c84f39f1726434,1776800400.0,down,0,0.14518926899072915,0
0x2bf3d1f9d52cb1badcbcffa2f4ce0204a2f9b24ce4791008d0b14b253cee4ee1,1776800700.0,up,1,0.3664678601753618,-1
0xea84e2802ed8adbcb752b56d332c9f18d9dc4c6e42de842aac0fb700f3860ec0,1776801000.0,down,0,0.40207953838391,-1
0xc4e6e7fe984ecedd202d73090c1b27554d45fc781b571a71c52318d45f89eeac,1776801300.0,up,1,0.7833227409762779,1
0xedb35d967d5254d31d56edb2ca3b785a8528c4456f1972af381ac1d5420de999,1776801600.0,up,1,0.9243003142319488,1
0x667b60b6c51edb4f9df5901bada6c3d46a98a027a200f7407e6d1e01a2239995,1776801900.0,up,1,0.1338998790986582,0
0x8444618253ce828eafa3159e235a9c3371a5a5466cf3f58bb366939a27d56c8b,1776802200.0,up,1,0.9847314190920022,1
0xe64a7a4ec3c5191768d38ed62c968f269c13db7d4cb2016916b94d7aa0aae16a,1776802500.0,down,0,0.255247272584336,0
0x9c991bc8b8b073936b36ba066e7ceeb7ae7ed32176ee72fe6d69b2eba389a6c3,1776802800.0,up,1,0.7062416180404509,1
0x4f99f1bbac2bbf92813df01522a1ec0af7b3ba320d614b679e9bd1a74b21d597,1776803100.0,up,1,0.908575462102997,1
0xea46cbacee94e5392ec2f1dae81887e8fbb2dcff5aa654a2fffa98cfb5b5a654,1776803400.0,up,1,0.903789856503171,1
0x767c20edc8918ecc88be4109de25fd8308ce26a2306e4656903205572a6ac31a,1776803700.0,down,0,0.3446716551312655,0
0x668347e258331c202df193878cd9d6deb3ab7876acac1de85748cf76f5092abc,1776804000.0,down,0,0.08751090999716653,0
0x8415d09a9d4b50e2296fc4fab7c91a7672936c90e98d4769262a1ce6b39dd65a,1776804300.0,up,1,0.10874254743158385,0
0xfb80084dceee1fc7bb0e5c06eff87d71db6b301fdeef2e9e57bb2edcdc7be3e8,1776804600.0,down,0,0.25867027784494584,0
0x6e376d22105e5e71b70420fd449cecc679f7f7a0332efb2ef28b42d101aa99ae,1776804900.0,up,1,0.5319407543780134,-1
0xbb1e047ed5cfd0807e5976ae8ccd6180cecb64c4a471b9ee4f253d826b161957,1776805200.0,down,0,0.7555141893081548,1
0xeec853a149cafccd6b6439285d569c91cfea0af2f5e4229c38a8314644d65ea1,1776805500.0,down,0,0.16021235999122266,0
0xdb286d12278eeec773b645e3d14bffc05ae6dd67d90828ca07dd9f655a181683,1776805800.0,down,0,0.12747825051644157,0
0xa3479e69027e24e493481caec622953ae0fd159e5d687440a3c96d26c5429c3d,1776806100.0,up,1,0.5332196145118323,-1
0x856373d5baf5849549e3b61af3a0e09aa08badb0013acf6e0e19dfd882eb9c7b,1776806400.0,up,1,0.9183510658184494,1
0xa5b31ff7ad27cf88d7a7d225df17732641e3ff8d991c718448cf36f912d44cbd,1776806700.0,down,0,0.4610483880487847,-1
0x05a5b2fa52baf7ad54ca718956f7e7c1bc0a87c04c300b7e292ad8058e968819,1776807000.0,up,1,0.5184815631036909,-1
0xa96aef77f1b3ee82ddd611168813978d4a14e990b59ae1204549d3c4e4c43333,1776807300.0,up,1,0.5212912452260278,-1
0x039b76d98f5d0be8aa090dc9ff07228cb1908c64d44e0c01fe78cf93913ff957,1776807600.0,down,0,0.4081355630868663,-1
0xacc66d22c590a0660c19a2fd24402114ebd4b9c2a37b7abb1028d17223ea7e13,1776807900.0,up,1,0.8746444344943638,1
0x125149c5918fc5f8c6d34682f700a898a1a19ea4f4e2ae68ff4c5794ba657074,1776808200.0,up,1,0.6650550266823444,1
0xdab1ff110d9d2439c5bd75c4f503ae7300457a35b124ce0c7260ec86dcc688c8,1776808500.0,up,1,0.8349583137489412,1
0x73803d2821c551b4d7bedd810c755c9be40e50c89e36f5c622e07beaaab22599,1776808800.0,down,0,0.457951047376944,-1
0x2b335f1040bdd5673ae672d366ff6673857ca118285009b9386b7b965e3ace29,1776809100.0,down,0,0.34385523698600345,0
0x3b3204883e23be9a7f74ab4aaa8092d2e23364c6c216a9569339c6e1435bb5e5,1776809400.0,up,1,0.7532933696312122,1
0x588a5252b34f9dc5040209ae73ea0dfdb8ba89e2b479d0ed3b7146e83cdfff86,1776809700.0,down,0,0.2612122317854076,0
0x308090a18bc092925a5f4b3baa0a878278d4a7bb218b6f51dab67fa0c070b696,1776810000.0,up,1,0.6941144736385515,1
0x9dec51f3f6ef6e2ca6ea23894ae07ac747367cd763b0f4734e4da31fb0c329f8,1776810300.0,up,1,0.6063621525172778,-1
0x466e83d4e4d168afc1518b22df0cf47c47ed57d62fe666ff7a1d3cb988ec6132,1776810600.0,up,1,0.17040347410258166,0
0x434ed8e32b15db15c57b470da2c3d2201e4f751f181e4313806dc806363be4eb,1776810900.0,up,1,0.7673486703715411,1
0x16312da202eab29bbac018c2880a769d101cd68de0a1bee428fa88422610c441,1776811200.0,up,1,0.4086669779884093,-1
0x87efbc9c379f6f0580fac25a029869c9c37ab409bdf5e5ac23482c6ba5162287,1776811500.0,down,0,0.45094704373225863,-1
0x1fc0de95743eee19b30fdcf880f4531616995805b66614abdfae1a67e3330e3b,1776811800.0,up,1,0.8798833883360402,1
0x3abbbda84a90d978867a39a28aceeffd81009a3a6373bf42e26ea53536e2897e,1776812100.0,up,1,0.8846676088606964,1
0x766f018fa6c2b498789df33c7d7d27f7f93075f8f4f395fef5ff8586a5243c11,1776812400.0,up,1,0.9692104288875251,1
0x93a3fc1bfca10ed3c9549fd545053937515bb7449d5244f4c907356c8b5cc66d,1776812700.0,up,1,0.8935276872484361,1
0x73ac25c25eb09c9b6766a208b3b5ba530e52339b69d869d684ae662f434b7eb2,1776813000.0,down,0,0.10009335052962935,0
0xe937cbcd2aba5f2f878bf8e8e194a24e48a3ca1098ce13a2bdf3a36e17f0cd4f,1776813300.0,up,1,0.7728424833747232,1
0xa82dfbd9b5409dceae3aaa8c436d4ea978a37f67986e83fb0f4835f2eef1aa82,1776813600.0,down,0,0.1889269871084292,0
0x08e8481d4c2fac7d3d9cd605e55bc1df0f2ddd3b06b671ddd031c69bae659a4b,1776813900.0,down,0,0.09226135920991724,0
0x50974e0f80141e8bed182e552ece897a438f032ec51a3ac61a552c8eb44962d5,1776814200.0,up,1,0.630509434028414,-1
0x78a4eee41750b06201b563301f1c1ca40009b1ab3150a0bd6379824269cc1029,1776814500.0,up,1,0.6722849426110058,1
0x03711a1d02366b6541b5584151abe417701c6994786068ec1e4778c0b5434c99,1776814800.0,up,1,0.1768625727447712,0
0xc6b6fdaae5331c8ec00f8d59594ced9f85abc357d347eacf55bfa5597e9fb2bb,1776815100.0,up,1,0.9975856455142479,1
0x9b4cad90581a3d7b64180bdd375681e63d8e2a20c4756dc88f038e426cdd0dc2,1776815400.0,down,0,0.5004473095254529,-1
0x7135d43e6761826a4e78a434f430db7645b206a3735c282cdf31c25167dd94ce,1776815700.0,down,0,0.33560048096378525,0
0xb98f764c4d5dd36580c8c9903bc75ddcb631428d84e9c1e532f0da236f77054c,1776816000.0,down,0,0.5997424421874656,-1
0xe1a60032cb61dfed46b3e6bac1ae88007d83eb20b2a9727436594c41af8d896e,1776816300.0,up,1,0.914259790596034,1
0xe6ea8ce79a442fccafa32217cd11e95beab2e8f7e1175aeca2d196acaf27dc5f,1776816600.0,down,0,0.09196278172440545,0
0x564c2ea6f0c07cd0dcaf7fff7b4ff6f1237fd75df0197227f7da755c44228b0e,1776816900.0,down,0,0.09672429241589972,0
0x011a60707049ede0c40fdcadf834c88fc7c158dd65388a4c13ff1303053e57b6,1776817200.0,down,0,0.472434458958603,-1
0x6eabc16938ed6db9cb9abef8005606ff8625e364252525c45338e8fe9e2135ed,1776817500.0,down,0,0.5001962314752956,-1
0x5997c85ed7ca929bca03b3d1dbd7cf6f1af9ff08ae27dd75f8f58751b26a7c6e,1776817800.0,down,0,0.7340042727200858,1
0x88f24b6f088004bb80d52d28d7273fccd3e78f351d7a7ce8e6d62a7c659fe824,1776818100.0,up,1,0.23083914405027212,0
0x84b600d2417c3015cbd0f50f13afe6e6328e8d9f361fb7e95c6f994cd73bcb51,1776818400.0,up,1,0.2122922010464659,0
0x8131199cf5e89c09feff6272e2b2c222d30e618b722f9fa1717e2d5fb03d4769,1776818700.0,down,0,0.3532273046994334,-1
0x92b95ccb1cbabd86edc4a6d56bd5b8ad322454291e1fb9aba5c474c6ccf10667,1776819000.0,down,0,0.35574358418203056,-1
0x242e741da90b43a2b984804f88048e146c8736592463254950b1cb629c9696d2,1776819300.0,up,1,0.727613887035196,1
0x816601a8bb25d00264e867cffb4637d0af67f912efe06eead6afbdac1a73cbf2,1776819600.0,down,0,0.18953354333031738,0
0x99eb1f525e62cffb70c5354c5c1190ac3abf1b5e56b844c29a7e43821d353036,1776819900.0,down,0,0.44678562887830653,-1
0xb2965740d16c1b173c134fed637bc59f54beb734662c2d6c8d75fef9304e70e9,1776820200.0,up,1,0.1709062613954862,0
0x8c2ae46b0c7dcea6bbeb0e2bcb7935c601ceeb1703c44cc50bd78ee4967f3e9e,1776820500.0,down,0,0.11596385054167604,0
0x5495da32937ae5f1f4cd425ae3a4f26a32bbfb16790d1e38cef3a95077dc20f0,1776820800.0,up,1,0.1591177768335732,0
0x2cd53d9a455bf6bf091c53ffb77677113bf8c31dbd663602348cffcc8f5e27bc,1776821100.0,down,0,0.6413651710574972,-1
0x8d3b285d6982bce84fe5f3de14bb523c3aa91bb61e807787aeaa772af42b57fb,1776821400.0,up,1,0.7700790454326715,1
0x217bc321d670336a910dca2a7e5e535191a21b67440c4486fdaeae50d916cb99,1776821700.0,up,1,0.741687964009391,1
0x473ec4b1f4df9ef7f87a2476391de1b60dd888ea58b417e84c684a17106af825,1776822000.0,down,0,0.28339699969793475,0
0x6854d858e67e90d12e5fe1d94d8f211686abc30221fed41b4af02e6192b121c3,1776822300.0,up,1,0.5554764595645831,-1
0x475fbbf9e7b3d408b9e79a8c2a0d9b91e8a185b12c43f67e1179db1efc532ac0,1776822600.0,down,0,0.4626827356362477,-1
0x2f9f2eb6f4184471434a0e4898522db8372de40e721ddf4202f516f74041bc36,1776822900.0,up,1,0.8612109527786183,1
0xd8679a97ec793c1197f03b6a9d638051d78f22c547fd44a8834a330c159fe054,1776823200.0,down,0,0.7079990988556065,1
0xd421697dc7318c4265449c608646da31bf6b81c437e43d89e780df99a5773dc3,1776823500.0,up,1,0.23071303940857665,0
0xf4b7c7207588ec69acab07479f36c624cc350e1ba46354dcfcca47b61361adab,1776823800.0,up,1,0.9998987626593405,1
0xb58ae5a745028ac5f0dd30174f589b595c4e6fb7806d5cc54c9b72304daac759,1776824100.0,up,1,0.9811600707887579,1
0x6c2357e2b23250f90a6aae67d6f1724b443b8850b9d29219c8d0e8c850318782,1776824400.0,down,0,0.09555714222243322,0
0x9ff096d84d4239d8e672046f4f09efca53692f565f5e79eaedfba64367e4a310,1776824700.0,up,1,0.8884029112530141,1
0x866c3565ba9fe56686ccf05d4f798f9d2693780ffbe13e75b3e2572b36a459e2,1776825000.0,down,0,0.11234530646681644,0
0x07380575d61b9bfb1fb04261bd8405712f7e414bca4c764da29935fecfbd01e3,1776825300.0,down,0,0.48409504491650607,-1
0x20c591b3c915f6398f6514fdc8d59f7a170b3ac774d8c7c96366c5c5b6270968,1776825600.0,up,1,0.7529233650917634,1
0x3e4f267007899ebc2419c8aa8a054ff7342f20d02260039b5cab531440d53d39,1776825900.0,down,0,0.3895339287387646,-1
0x0900ab61ca4b5198798820dad07511f56039f5392041647e3d02ee5f8c8d0b0f,1776826200.0,up,1,0.8828921874934286,1
0x14f1b88cd673ffb56c010fc065cdebee82f0bdb6b9a38109109cc71c1ed7aee9,1776826500.0,up,1,0.37022754145733777,-1
0x9e0a9a43df9e729ca8fa3735de70ec42ef076fc9d86eeaa9eeb1544b48f47e69,1776826800.0,down,0,0.19184105279398342,0
0x523a7191c8df390ddd796a7003a0837978f477de120cb2e2b11bb3fe65581dc2,1776827100.0,down,0,0.7334852661989675,1
0xe78712c7e720eb50f625af7434b39a072f315c9f17af4e980ce8dc0756e50924,1776827400.0,up,1,0.5821354028019723,-1
0x5c88a6aa7c072b78bb6521c1521468c39be435e1560065395c53123281ca31ec,1776827700.0,down,0,0.0911304287437643,0
0x7eb5d8daed85e7ce4ba90ba1488bb22f56d94ca5451c53dc5763ddfbe4995760,1776828000.0,up,1,0.7646041686893802,1
0x3d2d8d65a55a0879bd88e1de2612129537ae06bc343b00d4ee09d8f4e829bd0d,1776828300.0,up,1,0.797463088235889,1
0xcd1c5864d854fe6b1f4379d6ca77b2d47781cc02fc23f051ea77818983f93fd9,1776828600.0,down,0,0.06841340128265394,0
0x21f3f746b0dd07547a52e7c2340beecb0de3498322730a81f725e71f7b062f07,1776828900.0,up,1,0.5378489223857451,-1
0x4c138284b6f9de16dff00fa22734ca9d7e89c29bc3e282cd519ba48856aa054b,1776829200.0,up,1,0.8408668684409661,1
0xea80f4a5e12f683807dd28e3c0ed000718ed20bc794556381af6a8ad19383319,1776829500.0,down,0,0.10187725737950894,0
0x123238a69b62f0b93c868f61958c80db405d67f3f04a3185082db58667cb173b,1776829800.0,down,0,0.5938717984044344,-1
0x883cb88a305ede987e4ff2985c73112cd39383295033658d9d80ad3a92eb81f2,1776830100.0,down,0,0.3835999813363609,-1
0x4e4db8afd97b5c0a07827f4e47923c2ecea5f97fda4f7649e698802841c0b25c,1776830400.0,up,1,0.6240198869492364,-1
0x4ec46d70c5353a29ddcbd84499c03fb1e321748d2e61814e883c97a5cabab4a0,1776830700.0,down,0,0.2983254421456961,0
0x83b9a5c56f76f32fb8e2805d95dc9d3a42db2b8cb849a478cc95858f4690021f,1776831000.0,down,0,0.6825643988250256,1
0xbb165487748b2f3beeb8e09617054b8e55ed1e936c9634d30270436a6932874a,1776831300.0,down,0,0.2678292276363345,0
0xba94fe40a35999695b200b6e311ed09a446796b0678a20f157eada1edda583b6,1776831600.0,down,0,0.1982535202312061,0
0xf61ecebba22b6a4c2809616f2cc74789986ed43f355a5c831d4064c88aab287a,1776831900.0,up,1,0.8359140047367953,1
0x287bec705943a2a849bda379d1c765fbed30cd9f04cf3289480e0d0b695fbc41,1776832200.0,down,0,0.6543884721910279,1
0xa0f8309a1de518c64eb6dfa6a5427afed3e6a1d9cb3e17f4ce69624da0eeb7ee,1776832500.0,up,1,0.5526774513711868,-1
0x4451010b15e0b65c303b31e9243be51bfca357bd24c8dbb4e71b8a569d3a426a,1776832800.0,down,0,0.39153910341299325,-1
0x56fe5e01260681ad1f76be1b19351b3aa0ea3d6d15c038b2ab1600be9caabf2e,1776833100.0,down,0,0.5207193920806812,-1
0x6d3c84b15471335baba35dcc86aee2aa42ef474921a093d62a0e348663562596,1776833400.0,down,0,0.3763583871448083,-1
0xf7fcddf131870d8f1b7c5b635b6448f020eb51688d74c50c91dad1982c06b11a,1776833700.0,up,1,0.472626853629526,-1
0xdc01c68033366dcad5c4c6a2c7855238407c2cf7482bf34609106077bc44d5c2,1776834000.0,down,0,0.10694861024348545,0
0x0f73deeb0f46c29331e59dfc4d1e749a519269d470991785b43c1eb909eeb19d,1776834300.0,up,1,0.20004975715965914,0
0x5031001a386e7c56388aa2b5eb5b26d8d4f9cbd9456b9d34334aa9f16d98efb9,1776834600.0,down,0,0.3258126614419009,0
0x4b3b8aec5d51e41496d4f9642ea0ef8a6cd789ade63ab0080c5daf4b859ba402,1776834900.0,up,1,0.9752706549573815,1
0x43de574499b356d10b1337480a96a4e0828a56ebdb0ffa399788722c4d24cdd8,1776835200.0,up,1,0.7802150259116641,1
0x2ce3821b1c2176d8caf62f1dfc8dc2e98839484e3f5180fb3134ed71dbc4abea,1776835500.0,up,1,0.5325342479862253,-1
0xe399b9d63e7ac825b51a021de29e4cb8acf212d9211ed3e21634e852e9cd5b54,1776835800.0,down,0,0.14152245067261063,0
0x5c14c5041c3bed86df4276074e3b618737a757d77f539dc280c34e0863f0bd98,1776836100.0,down,0,0.4623038520561369,-1
0x4917814025f71855fcac8321df79c4e339e7b156eaadd58e3b729b5b19219e7e,1776836400.0,up,1,0.9842462845669728,1
0x97b5d9d660e4d7b0ae3dfcae53575d539838aaa4e80c00925c4a7d9ccc4c4633,1776836700.0,down,0,0.38607235828356273,-1
0xcd518ba5a058d2ad0ea6dd1cfc1098da25eeef23fbd0aa5e6d0cf5404fea0dad,1776837000.0,down,0,0.5486595669627803,-1
0xac2288af5a98452829d3093de7cd14b7b9040a073a0dde9f4832e6aaf3046ac4,1776837300.0,down,0,0.48885352659517634,-1
0xa05d01ee99536d6e36eecd0cf71457d4c507fd198ab1cd263e8a9a760726a875,1776837600.0,down,0,0.22948240300456002,0
0x5f3812ef1fbc30354961367195ebb97af9c5b2dae2f9a77bb340e3b05075f8c3,1776837900.0,down,0,0.4511534567434996,-1
0x9bd9936b71cef986bbbb0deeec27ef2f46076e97effd29f0ff00f898d88cd8b4,1776838200.0,up,1,0.4526677898957549,-1
0x3a5c10bebc92d5bf39ccda7f827b148348d9478f7ff8f4a74f438821acd639d9,1776838500.0,up,1,0.8157070787261353,1
0x2aa42c690136c607f8c1ad101c5364c3e02d2a504c54aede43fe180c34e07268,1776838800.0,down,0,0.8087744060225568,1
0xcaa90ff14f81a86e4317c0577be76f1e13e82d10832b4fee1fe6be49866b995b,1776839100.0,up,1,0.7517814104074985,1
0xa7bae45ebd3288e94f371bad565bd3a4b2549603dd83ce78688059a241508264,1776839400.0,down,0,0.6335375699590455,-1
0x1ffec2bccb2a756af5958bc70b3602c22cfca6c5ee7fed146e6ceb771ed522a4,1776839700.0,up,1,0.5900991491382847,-1
0xc2ab21bcbade822361bdb9b54b49411549a3359ac5dece96b3a3dac0e7df7b88,1776840000.0,up,1,0.6490486534471293,1
0x866ca3460a28bf11b591034239edfbb4944304f95039570bdbf2a9e1372e5d2c,1776840300.0,down,0,0.6340652466858635,-1
0x526fc308e826807e23ce31cd07778a7b8717c7e706b35c9900dc48596499fa42,1776840600.0,up,1,0.8524341228087908,1
0xc91d3eb94930a017911a96a4706c32aedccab7e761632ad47014bb894a4fd944,1776840900.0,up,1,0.2147838378502136,0
0x7f68bade3e06c039bcc1995c21661d59f038e21f1b2831bbbf7d9d8ee36510ee,1776841200.0,down,0,0.4689891446767021,-1
0x3740ff297ccccfc5b9fd37615c7d3dd987dc837d0e2802e2a143cf7a966df570,1776841500.0,up,1,0.6674072436956054,1
0xa20a1e418fde0f8c4cbfd3485005351ea48f7956b3433e3afae5b35871cc881a,1776841800.0,up,1,0.41917384904066923,-1
0x26af6d49248497a43120bf373e91059343a072ab97d5103b65cb1c126aa50a05,1776842100.0,down,0,0.3032688082195821,0
0xa06b7195e96d7619b84b4e6c51c0936e17e43a540367eddf1e18ab42773339d4,1776842400.0,down,0,0.1177149435667769,0
0xf72d4f9a35d9197d1f84bdabbf68453a3883a3efd20879c28b28ccd8ba468e2a,1776842700.0,up,1,0.35057307478393385,-1
0xb1b45936795e9aeaee74840d0247035a79f26e549c9accc2a29782ad3ebe9bc3,1776843000.0,up,1,0.5325843765320505,-1
0x744a40c2b6ef64324a1ca2d2215d79698d7d298dad5de0d1933d34c666242701,1776843300.0,up,1,0.8388952774660448,1
0x5f5731969679b014b4f8075a2ca5a7cb5fe8835f9fe2dcef0da18a0adcae5891,1776843600.0,up,1,0.7545392933846781,1
0xa3241e241cf44be47204153e63d2a73ab96d1ccb38cf79dc7426fc4ff9dd0ac9,1776843900.0,down,0,0.7479491954943897,1
0x5757c9791d972c4f9f107561013d61a280051b5a0abe9fe1f60cd437c623c974,1776844200.0,down,0,0.8672353342170531,1
0x696811dc02298b5bfb5268b7ece1c27d8e82286facd089ec4c462798a889a1d9,1776844500.0,up,1,0.7512016167979891,1
0x9afe11c828276c9b99ca53bc5627ceb4725b242bea98b64d4763689c447a9860,1776844800.0,up,1,0.9144902419185689,1
0x9930c5e98879fd6009bbd1b88c5ee5182885b71a84ddaadf02df56f5f825fd81,1776845100.0,up,1,0.6439186851197678,-1
0x04fca98bfa2f8402b065ee8f909fb3c65c992e4d6295d11303aef1e4313ce199,1776845400.0,up,1,0.669672871968817,1
0x64bc1ff492233df16f9fc400b8d29501a8616a6769216ffebd4f48ec80649963,1776845700.0,down,0,0.5555522700879401,-1
0xe0e0587d4f8b517fe056493a7999678e3a0d2214c0c11b7de5d52cce796d2227,1776846000.0,down,0,0.8961818096780925,1
0x361d96547e4a5130f242749975781e21c93db42c423f276dd809fe72926408c9,1776846300.0,down,0,0.7456948432954691,1
0x7389a4621055061f674cd9e2901b6b7f66ec945360d1dee35608be5927f9f815,1776846600.0,down,0,0.6051440983733205,-1
0x710e5eb108710afd6540d07c739ffd0a9d0157dd8e3d037c2845f7746beac223,1776846900.0,up,1,0.32556082322771934,0
0x9c6b80e1b1f5798eb9675a3c41d22202d215fdd2a05f9ca14bf0265b6c8d291f,1776847200.0,down,0,0.4479208373107305,-1
0x5fc9f1e03ee4ac877f948819794d3a38c84dee0665fb039cb5c767d32f44cf06,1776847500.0,up,1,0.8164013020043529,1
0x8ad31b8b6eadbf9961a7069f9a8990f051d749a29dce3324634bc090cd9ad992,1776847800.0,up,1,0.6904754158285689,1
0x73917efea8d2d9b7b0aaaf05e576681f8dbe03a670b55478df7adc25ab7d5195,1776848100.0,down,0,0.3316669723533033,0
0x62b86de482c908f170948ecd91e553316a40650b5ee832274de3b59c58b2e37a,1776848400.0,down,0,0.2442015742272587,0
0xffee4ff9c927cb88df4ac94c0a5937122bfddf5fccded95eec27e66a43ab531c,1776848700.0,up,1,0.6450300274114432,1
0xa185b240fe9018b265631eba3edd1c0a9fa3f744f31a66e2e19f2653eaca78f5,1776849000.0,down,0,0.5007703935782036,-1
0x9c3b2ce4e6c4973e11825744e4d85dcee399018595abc44e9b93d8978e27df9d,1776849300.0,down,0,0.57364497451959,-1
0x8768689fed4b89fa1306bc7f0ebbb59e8a6ae202b39c1b04b90daefa120c7043,1776849600.0,up,1,0.7548044246655687,1
0x4c8dba7c2eb545fc6512b80c8e5d05d25badd2caf401da4fbaf61bd6a7f9f353,1776849900.0,up,1,0.8879139524447699,1
0x873d8806c13287fd723b61f245ff0f4e63cebde44cd2ebf9b1cf7ca5ae1158e3,1776850200.0,down,0,0.19911450417618198,0
0xa8b77ab16033f3ff5741f3f4ea77c45e31199dff2fa737105ff62f92e0e6bbc4,1776850500.0,up,1,0.30982881827229675,0
0x746604c025e0a44a3becf1cb4e4280ee0ddf3008b94a4e77aad736a76503e9df,1776850800.0,up,1,0.8056182455254352,1
0x19e84d315f9949ef4ad5edcaeb607d1fc675c08539ee925c873ee33171885e1a,1776851100.0,down,0,0.3811274184469861,-1
0xe24a833074ef01c6b347955395a3a37224afb85118330c6858d11c17ee0707e0,1776851400.0,down,0,0.4386486127638462,-1
0xd3aabfb4870a9f9fe9d10346214f4c05fc1390baa74233165ada28b1afe7aa47,1776851700.0,up,1,0.5551405651929513,-1
0x45fff1cf714784c50ed5a9def5dfb0ec419a40d02c65f703cf22902a251ab5e7,1776852000.0,down,0,0.8121084571130314,1
0x265dead63cd541a39eee46f1334fc31bdf9e8db9262e5f663e64abe2543d7c2a,1776852300.0,down,0,0.6791041188835123,1
0x4946e8fc7a1e3243d7916c001770b1ad5f12663f9a1c46eeda4b2e386f9581dd,1776852600.0,up,1,0.9055885149625273,1
0x0a151e6c039a2db6b5d2be3475687e854537044c435edaaeaf3a109df8ac064b,1776852900.0,down,0,0.4779498541539455,-1
0xc2bebd21ab8899cdcb06c8181870be2b913767ac132b76920c522fedf2ad0781,1776853200.0,down,0,0.49898230473864424,-1
0x5bbae4bbfad26731214de590cd8547e25ea046af2e7c05d3a4ffb4fa32e55a0f,1776853500.0,up,1,0.7321243291508371,1
0xfb4880c1c15e93d10d370754781e1ea68c998a786a072d24cc884caf12dfeafb,1776853800.0,up,1,0.7663606425511511,1
0x7215779c84151eb839e8477d9277b6753951d726ac352e006dcc6ab090b2c0eb,1776854100.0,down,0,0.20648532087026056,0
0xf9b8f110bc9ddcd00ce104c8ea4d7ecf945262dda284e913e02cba8964e8381f,1776854400.0,down,0,0.6593315871644859,1
0x954397f3b218a4f72890a4b745f6b189ac6e211e364da002ff40ba29c6c2a855,1776854700.0,down,0,0.3977431824741865,-1
0x4666c84a52138a1d9bd766909efe7221e1f63abdcfe1785f7526c1f4552af468,1776855000.0,up,1,0.39956436257108835,-1
0xc92501c4b4948071711f855a958fd74c527a75b981e5c90912226d0d96d88889,1776855300.0,up,1,0.14343082839433088,0
0xb1d2c669aa2979d2bfec0fda372aad3be3918024a9a27700cd6d43bc4c3145c9,1776855600.0,up,1,0.7653843161162542,1
0xc530f9fbbb845d931d6e0a25c0239925808aded179c132ee9d672d62a17cfd27,1776855900.0,down,0,0.7946158810279264,1
0xfba2c2ac9b39762c2cc45e6f63d78ca395ede70562fff4db77ab229fe29257bd,1776856200.0,up,1,0.8156845211414957,1
0xb96c204a86e715653df10b268b5f8929f0c9d1ed574af262ba38a1244dcf651a,1776856500.0,up,1,0.7844323976934,1
0x8bc909ef2ed9d238770791ccdbe85e7636c29d9c23d4e83fd391a16598f19d95,1776856800.0,up,1,0.7343747280199591,1
0xbf239a9c3ed724faa6f0fff43c3e4ccb9e202bac96d9d59305e7e794722463f8,1776857100.0,up,1,0.6121019822777428,-1
0x3fe080b122b30ab9b0f534ac5b4a7dbc63577101fc6bdab30b8479a26ea60443,1776857400.0,up,1,0.4275831810963521,-1
0x2efeeec32a170a6ba704336022b01ed0230ec6d47f08228f1fe9d8e74e83626f,1776857700.0,down,0,0.06572292691751323,0
0xcc55caa0a9df731c21448c7ee25523001ab27c3e70eaee33f13cee37a6a1e17a,1776858000.0,down,0,0.587910759743596,-1
0x42b7a09ef2a13682f9be22500303f8312e1810b1e3454610cf9518586767d8eb,1776858300.0,up,1,0.9584603242338785,1
0x91ad0b76d77408137405ab502f3d78aad4698c60f16d8b743288c33c8994abbf,1776858600.0,down,0,0.16671625912998758,0
0x16437abd0192836030f411611e3dd161d1a35f49e3516a4b5c6f01927ab13372,1776858900.0,up,1,0.2669711678026172,0
0xc78102b5f4990d860b127cb410d19d7a589d040138b42529ddd0edb6683c428d,1776859200.0,up,1,0.4586467392850477,-1
0xde03bbec4f350712a63c6691619c690ca8cbec2f198f0c0939b1e3a3321b690a,1776859500.0,up,1,0.3053576144522738,0
0x2d2f289b8fcfa6135d734ac8a39727c65cf86902fdcba2acf7d4b6c87f74dd2a,1776859800.0,up,1,0.8219326657929255,1
0xfe27c8af573d6e9702fc1df5ece2d68d888e92f604c64f01fe79114149fcae73,1776860100.0,down,0,0.49473990308440313,-1
0x088b32d8b2b4e67d84e77a46366559c2e179045d4f7f744dffa13ce53a8f7c4f,1776860400.0,down,0,0.2159914391529909,0
0x3debb8b2f061a25377b43f00530377f3452bb8b67d8e065fc967d3deafe0aab5,1776860700.0,down,0,0.6683991975781587,1
0xf5b93d5349564e86cf048d960f1027156634b0a4e5bb76b6fffd1f121aa7a619,1776861000.0,up,1,0.2875883926820552,0
0x7ce84bfb43084e5d18df698a2ea2ede0087cb4147b416ffd9ce0c68fb0ddec33,1776861300.0,down,0,0.41806115645492176,-1
0xd1b8002a8c04a973028c2725c1df1618cc67e32d742e1828b7dfa12fd0c27ee8,1776861600.0,down,0,0.38793286370257996,-1
0xf917bc18fa1a0686be89545e65e1e5ee5cc31d21dc84e64d5e332bfb8c330adb,1776861900.0,down,0,0.9756561807468376,1
0xd85ffda2dbcedb1407278dac572b8baf4061e293c6552ae409d1b35251dc1c80,1776862200.0,up,1,0.7040110196449383,1
0xae0d14dd371fab73e5fbd21d79dff14db7db49e39c229253d1dfaf84ad9eda43,1776862500.0,down,0,0.6091949981614264,-1
0x946c6bf7e22c50cb95613c75b4d7945f57bbadc98559283ba6eb281983528bdb,1776862800.0,up,1,0.2651839755310533,0
0xa33da1d956ec9817ef8e6955d2d4bab6ef8887e45862a85d9f4ca1e8701b034f,1776863100.0,down,0,0.636419665245704,-1
0x1e74068d5ec01336e505f8ac0deda29ced84133bce682efa86b2516263ebc7a9,1776863400.0,up,1,0.8343568155799405,1
0xaf8cea6c4ed78d9936748c18503d212f006775a9401f75813b11afc6d2785175,1776863700.0,up,1,0.7808637463792816,1
0xd190f8e6138dd1e44f360e6a7710aeaee64ba1ac5414f234685aede6c3d50b79,1776864000.0,up,1,0.4091491121509797,-1
0x5786dd76142593263402efbeaf25740938ee0a813a9371c985e3699dafbe52a0,1776864300.0,down,0,0.2874579870911683,0
0xdbaa54f353a3ff45aa1ef3cc992d280d906c22fd6134de00392031e117a7b2ea,1776864600.0,down,0,0.35220288477645506,-1
0x5f1b03ff88c5ead301f7a7048d44bebba356deccc4c27b2ef49a5be60b393612,1776864900.0,up,1,0.20224793518900508,0
0x3b8bdfe43431c792b4d5891f5047d97454d492456e97c1916a09c7a8bbf0eae1,1776865200.0,up,1,0.8444154163000424,1
0x60878dfc64327217b8d94a45803e1d26f60ad99d4bf6016dddb14f36b2460e32,1776865500.0,up,1,0.6667866887643523,1
0x10fcb93f2cf9fe22f088a257f4aa3fff32f59ed736204074b2c474bda55700b9,1776865800.0,up,1,0.5364476553640363,-1
0xac52560c70abb2dfca1da5e0b26b2a72b6119b62d08b7ee6926d840fab588dda,1776866100.0,up,1,0.6341302475817929,-1
0x0794e245bba13c03f6c9d457e1f2fae96adc98aa9824bb732343243fa7082134,1776866400.0,up,1,0.6753362074940615,1
0xa4e8ad05c721b0d7f66b236ec9c4db21186c5a9c2bb8c78a1d9b4b25c30e3892,1776866700.0,down,0,0.08033844888738971,0
0x8e3882cdde8af92a8d33b0254e6c47c3545edff5f2cb4687266a153e467a0ab8,1776867000.0,up,1,0.8907238390121045,1
0xf634a1636ce68928d1654c5267adeb8c1b43babbd14bceb983e4da36e5532537,1776867300.0,down,0,0.177815049317809,0
0x289ab68d9f74a715da64df29f51b8dddef36aa74b73d304b4278153911c2478b,1776867600.0,up,1,0.9521674785111691,1
0x17cb4be4ae6d7e136a23d553f4832b0f875a1ad9b5229222291c25a67989c19c,1776867900.0,down,0,0.733339790605894,1
0xa050049f5acb8eed285eebee26483b56410b5aa67df5b0ee7fd5bb6f79d87438,1776868200.0,down,0,0.08468327298716388,0
0x51db6a265d450d1554e417c5606e368ca4e0d42a388cacd1e72d68c48dfd765e,1776868500.0,up,1,0.5011707596814872,-1
0xc0e81d23b3042f52ab913f9ef7c07eb015ee153c96308305186814e27519dea8,1776868800.0,down,0,0.787540615128074,1
0x8ca4e3a1d0b5f5cf72e44a111e6a50af64bd4d4c7110d94b38b3584141f6236c,1776869100.0,up,1,0.8477000558690234,1
0x7b79d2044af820ccd0e252f92185459c34495e11e1f6bc14edce329366f7ddbe,1776869400.0,up,1,0.5562905052535919,-1
0x02b4a45de9a511928404b0cc34bd81ce697c4f73faf8696feabc641e527945b9,1776869700.0,up,1,0.602893563425954,-1
0x53b45ffda0b8d85e55ac8ae5ab3ee422d1bbe8b7a86da857937285b36c0ebfef,1776870000.0,down,0,0.09395811458284348,0
0x5ace5455ad271b03c898752406d2fd29332e684219c04b89a122cdf098bfe4a2,1776870300.0,up,1,0.6270198534903894,-1
0xd653f745e8b843aa33d1df4250d0790c6922ee0d7c24b2027aea45efe39cdfe8,1776870600.0,down,0,0.9424853374391448,1
0x79b5b283bfd7631611e7eca0bb9a8f498262fc67ab31e85770e886601194e4c4,1776870900.0,up,1,0.4711578145282495,-1
0x0fa5acd25fd038a8752e25542940e451f0a7052482b6982a029c171fca614391,1776871200.0,up,1,0.7485097404597811,1
0x003918315d7f88293bace93a162f224f0ab31fd51bfdc235013a36570462b0f1,1776871500.0,up,1,0.25069794555221925,0
0x63ae0796520a5a6752d435376dc016bedaf4d206de5d0ea9c40bf901967ea88c,1776871800.0,up,1,0.8826114999360833,1
0x81273953e8f56186e358767e39b1e35a00b061acf2f1a22b6b3cc33cd7af45e8,1776872100.0,up,1,0.5454220149295826,-1
0xe388a1f83bb4a021c1ced925b8e33592ffd013183a5dd71d4aa60f3a49b999ce,1776872400.0,up,1,0.7373556719997433,1
0xaa8a3c128649221e039295c91db0018871b686c9868ead0d48e2ba906b6e7aac,1776872700.0,down,0,0.28573500988945094,0
0xfbad7fcfd923b342cddb111ac36addc7ecb58c680c4e44488b924007954f06e4,1776873000.0,up,1,0.5510312516346809,-1
0x78b2da415ec12aa65ccba5fa8f4c7aa041456cbe424c00611cebdc06592d7bbd,1776873300.0,down,0,0.2938992660637266,0
0xf9f0eb0f506dd1ca1b265b40106bf1b2be0b71e6b42e9d49648e883342c95d13,1776873600.0,up,1,0.7188090393602141,1
0xedc5317c20b66e059d8177ecb3549b47a02a06c99c94f4f74a6c54978d4bac49,1776873900.0,down,0,0.10061232792693461,0
0xb90fdee8343aaed7d609cc8bdd743f45360f3313437841b900db7b15d4aef303,1776874200.0,down,0,0.10436137809559472,0
0x4ccf2d1ec6c8a6973a61aa2c25177dd136b454094aea15fbd23d26b815b50f2e,1776874500.0,down,0,0.285551104004546,0
0x10759147392d1986771fa8ca974c6f5cd1f5b89d85621ef307ea8ba2b39367a9,1776874800.0,down,0,0.6633167638070342,1
0xff4b42ee2d9ca99baf94a9b278c72bcf0f20105ce7f09621183c8330eb2b6a2a,1776875100.0,down,0,0.24966199471810524,0
0xc4123482f5732508549387bd572f222c5eedbe5251616ec5193dfff592e02a15,1776875400.0,up,1,0.37271139202567516,-1
0xc72c9900be9f7d3b106002846514c6f578bb97b4f22ea536448f75bfd39ac7a2,1776875700.0,down,0,0.27808150374243185,0
0x31885870c46765f62063d4b87d2432b051610f04b8845172e6674d8d0af02210,1776876000.0,down,0,0.2731595586500182,0
0x8fbe0096272952d0363a63578bba5490c57230ad633eb411ef285c925c3016bb,1776876300.0,up,1,0.291263965919134,0
0xca3086344c488ff01511e0eda06addd8344738404bdb1818793092e0697f16d3,1776876600.0,down,0,0.3007093774879235,0
0xc54111179e26912868eea043b3647697c86f413e495599845e41310e0ba93a2d,1776876900.0,up,1,0.7338070088592539,1
0xc50da56f27f9ac2d85146c5a18d8ae1a14764db304f018d38f5178a35dd8de5a,1776877200.0,up,1,0.9478740399006281,1
0x7ce5f944a51a7ba9b1511a6db9bad890213c3b3703f865360725ae2f2f8c4834,1776877500.0,up,1,0.3726262084959857,-1
0x61da9f1616fe34ffd72152918ec58df32d7759974f430fb681fa4b01d46baad0,1776877800.0,up,1,0.8964862374028825,1
0x511eb985a8d96997b30cf6184013697300bc5f7cfe8264a60c1dda979734fa31,1776878100.0,down,0,0.11942516160394431,0
0x0709bf1cfc5ed7ee6416b81aa4c49ab51680c21eda47cf2e887fc41c1741df20,1776878400.0,down,0,0.6454329318076462,1
0x2dd5dc8d8fc8f2d313db67d7d8a3a8dcfb2a0bb67162c6ba1b4fd5c73ba880d2,1776878700.0,up,1,0.9133116669382492,1
0xdc077c2ad04c2577bdb2fe8dc584e48f88c6451a57ca8ae6897fbe1bf615ff27,1776879000.0,down,0,0.6296310781587187,-1
0xd83a13fa51c3c5634325c1187d785794bc79a4dd073eccb5d34e9f2554c6719d,1776879300.0,up,1,0.32445399721717233,0
0x596d737130aa56c9bf7e2474bce0056ecc78bc7303d25cadfc3ec55d5983476c,1776879600.0,down,0,0.45741073007232375,-1
0x4fdb9d8f9d6a5eafa74ff1878a98f8bddea5b8138bc5fdc29759bf0e86269dd8,1776879900.0,up,1,0.31428396655997376,0
0x0b4393d4d56176ac8b0c8f7ab80fec0a56fa14128b9cd0a741842daf74019f7e,1776880200.0,up,1,0.61567009725754,-1
0x2371c2ec56a0575c42d383e104f17d81c0ab0807501a51cf7fb71802ccb1e405,1776880500.0,down,0,0.19623385282772457,0
0x6eb869890b3a89b4c0f0fe8df3550fec0e3e41377a7a940859e44e3136153f5e,1776880800.0,up,1,0.8679283885668073,1
0x118a1c7d36c19eeff3a007dc9682fdcf0dda5f7295007acb328263a31c5b1ece,1776881100.0,up,1,0.09270028290032814,0
0x32eeab65fef09c3294683329b44e90b1bee028d72faa52dd3a38b65acb738493,1776881400.0,up,1,0.26787857105797713,0
0x3292bc6cd5dbce7e1984cc53ae4014c381b9a44207e1eefcc2260e2fb8fdfdc5,1776881700.0,up,1,0.6809188182953392,1
0xd7c396db288a554bf72a2a511eb5b1db7685591284597690e84c97c4f176fc39,1776882000.0,up,1,0.326157747942637,0
0x5a5ceb279f8419bf80eda0a3732705ea56325b98b045744f6a3e7a3bf6006022,1776882300.0,down,0,0.17267688973481404,0
0x064c23299c07e55d6c66ba2d0366f60453eea15b20b12405cac62d93289b9e6a,1776882600.0,down,0,0.5944548388639149,-1
0x5c2c14ea86989ed8354836672c487274f61cac4251a36f9ab233f9bd5662ad1d,1776882900.0,up,1,0.7965486955253508,1
0x6b2b0918e4d8c49c0de6bd0edb0b643d27b309d9923680093213abcd2d630a65,1776883200.0,up,1,0.6112323290832627,-1
0x55217115bec561d99a9c4df257d286124d62a853afb38936e72259a5a8c01cce,1776883500.0,up,1,0.8526061711370814,1
0xbb18982b9e0f277af71de6c496216fed2d1944951c83dfdf986458b847f80480,1776883800.0,down,0,0.2822746077595396,0
0x027c4a936c892e92e16c82ba7ef269e40660a4d3dce155ccc53b87b09cca879a,1776884100.0,down,0,0.12399756364597406,0
0xbbc1c13d5c99705a4a89a0e1d1226c10de8e22ab8b80910a5d441646660c1c2b,1776884400.0,down,0,0.06477144635590655,0
0xba8aaa8f036cfec1af4cabf0657db573ae1f17629f2c48108ab2600ba053ac36,1776884700.0,down,0,0.6619323357159693,1
0x7bb979d76b53240e3d43a6e61cb524223e400aafe4466413a19cde2713cfc791,1776885000.0,up,1,0.6800829330560189,1
0x3b83df7a5a51657a459034b41b79e7ce006c21008666731d2739d065a26cae19,1776885300.0,up,1,0.6243466732502044,-1
0xbe1702593ce665776d60cd386fb78fe01aa026b724a56c97865c699d4202f78e,1776885600.0,up,1,0.6491853680764011,1
0x3c3cce22482d25951683f0131992b291e62d108285d743af9c246dc20b67e619,1776885900.0,up,1,0.7852532292978225,1
0x81694f3bdde0ddc224ad96317ce1d081a255bd604d434d66a6c14da3fcf1e067,1776886200.0,down,0,0.7334417775851357,1
0xa6542c0f4e6a525c4208680a73bd8a7f733058b86854bbc0085600606686cccb,1776886500.0,down,0,0.09931721868657459,0
0x6dc9ab4295fa8d8cc8ad534d2149c9ba64645c9847d19f08faa615206a7173f8,1776886800.0,down,0,0.18405404212468404,0
0x88c627390c7b37d0bf320912a7ccb99fc8b60990e207fbf4ae6133f6ac00be8a,1776887100.0,up,1,0.24527895496697397,0
0xb4cc1f2be455aeb7e53355155f37ddffbacf3d56587c8872866e214f27a57e1f,1776887400.0,up,1,0.3349674000402217,0
0x778bfd7792b6e215946333752c472786b9e8ba7924c473e5dc38432884f2a193,1776887700.0,down,0,0.7513643635819922,1
0x57813c96d077e722a63846abfec415a01fa68f2aa802595a070f0b3738e76ab5,1776888000.0,up,1,0.6826077653874818,1
0xad199725dc79d922be60c893748795a187ad877f2a1fe7768ce0790babb05b37,1776888300.0,down,0,0.12481448830510514,0
0xfdcb9cdd13845084c935c7daf2ce84e8c53684b91e936c35682c1b83cc9341b9,1776888600.0,down,0,0.48249956262938337,-1
0xe41bdb765cb4fea7f26e3ea644e85aee1beadfbbce7d82768b29e6014113586a,1776888900.0,down,0,0.5757563182316858,-1
0x47343ef13b9e006216a1c6a4aaed1e37727d2ff913a605d0833dff30d56bfdca,1776889200.0,down,0,0.07337899841553212,0
0x0de58002fd7aa99b831c26743319b3c5c32e78e7f5e46948acce8464c457180a,1776889500.0,up,1,0.8365992029559094,1
0xed8ab231b78c91458588adbcd87fe2f6f72ef847efc89297e2a4c6ea692f1741,1776889800.0,down,0,0.5344898263676139,-1
0x8bfcded6fb100310a6421fab9bd3a0294198ea8c39b89bf11baaf32ed4fe5c85,1776890100.0,down,0,0.5481722210679157,-1
0xcf7c9a787fbf56ed1fae332aac8f47685f9eb16f59bf75913577209c4a4b82ce,1776890400.0,down,0,0.5524505098990206,-1
0x6c95845ade414fe26b7a2ee3c26405df8e6c1eef476cf11d909b09fc5ddeea02,1776890700.0,down,0,0.3075032615768315,0
0xd567f3370b79794303e5d65ea3647708d55c2508b880f78343a867ebbf829a01,1776891000.0,down,0,0.4173536163416932,-1
0x91e89c23736911f38c47cfa01e41e90d802d985800e59bfcd05d38369292b8e2,1776891300.0,down,0,0.49342271893679,-1
0xad18f6b575485293ecd0e58ba207dd59cdc31c09351386a1a4d815fecff169a2,1776891600.0,up,1,0.8387210453978294,1
0x70b6cbe21cb3ec2ac638f3d6e981ee9178db5b4601eaab67855180778ce4dbbd,1776891900.0,up,1,0.6627543838942764,1
0x3e0400eb7c66752538885afe871fd9d78a5c129893c12ae3b20bb4e639a7f0b1,1776892200.0,up,1,0.30642965951011863,0
0x43b15b55284363398fd8bcbd39190ae03c826456afc4d55e64338b925e755e16,1776892500.0,down,0,0.5053971382733788,-1
0x004c18820730603f267ff6e1c8781f906dedd6cad4fa1e6eb3f679185d001658,1776892800.0,down,0,0.2782989405676957,0
0x8a2565267eb0bf3be88926dad30471c5058a4f699a3ede497ca9122b014dd431,1776893100.0,up,1,0.4761999921798274,-1
0x0db2b9cc2c00e92da9670870ef537bdb5131eef23c956ae2dded9f72c9363cdf,1776893400.0,up,1,0.90278382959843,1
0xdb5892c8ce47b72c3c6183541c13520ce6652227e96365cf91a797be61f84de2,1776893700.0,up,1,0.2506587723417097,0
0x00de7af0965e6e53ee3dc7c200930581164ee9ea13147534928c03ebcaf33ddb,1776894000.0,up,1,0.5300108523355065,-1
0xb7ea113522fdb2665146e5358621072066ccfe667494466b299fbbf701a25ea4,1776894300.0,up,1,0.7282666441986821,1
0x660979354e2be36fefaa53f183621781f69c4a91d9968342fec25b6609f2b285,1776894600.0,down,0,0.11364209098825036,0
0x6691a9e899ccce40ce8ecac6223bce0cef9bca9c1e61fdf2d386d4f8674af761,1776894900.0,up,1,0.8205206244676896,1
0xea9cac05b786c40d96c0174973c9f5e864c1fbf16e602e09dacbd56ae1f95f74,1776895200.0,down,0,0.7571267848503032,1
0xf340316eee8a9dcf09c70f402b8363573f0ae532bb0836ded1c3570f27e266f6,1776895500.0,up,1,0.7092159303929394,1
0x76a3ebcd0bca98dd372b00ed13755b10deaa0d76094a9e596cdffca2ba585a9e,1776895800.0,down,0,0.26042023265462616,0
0x61dfef5bfabde45ad2d5e4aa4e277f90fc1f92962656f9f9f416314dbd37aac3,1776896100.0,down,0,0.2439429948747805,0
0x8be2ebedf887c1bcc57c7e093a97fd7696a8e8f3e981b84e1f7d03e63fdfcedc,1776896400.0,down,0,0.41122231549057003,-1
0x987683d35b01aed551c8ccff5903c88cede9c9265a10708b99043484c4d8c914,1776896700.0,down,0,0.14676044119638632,0
0x3c3ed56f33e4ccd7a73bb1e75859a4209a38e4eb089714cfa4ce43b0b8e3dd81,1776897000.0,down,0,0.780588462192143,1
0x2bd797c310dd5dfdd8f088ddbaa5eee8eb8dbda17272d140c965339d1ba38163,1776897300.0,up,1,0.32623575464845944,0
0x0a88d1ea4b1d3cab7bd9091616e990916f64947ddb40593d7e9d9db0677fcceb,1776897600.0,down,0,0.3727711338631918,-1
0x2345fe6929a02fb196df23bcfcefa959be93664418ff36599a182d9ba1f01e28,1776897900.0,down,0,0.7737667646561684,1
0x16971dc353331130796d4edc4b75880594efe66057b7b04a95819247f8d16413,1776898200.0,up,1,0.6861814064480616,1
0xb3a86d9a2429f6ee5e48abc9524439d7292bdc251f6870f94219edcbc81560f4,1776898500.0,up,1,0.47438414581927596,-1
0xa244c2de656d204cf5cbc826a1b85a614bbe1fe0684c74904be1cc890e8a4a75,1776898800.0,down,0,0.08228269245997503,0
0xe718f96652b0123ed430993507ab3c4ee80c8abdd0c8ab1da400598c289d12cf,1776899100.0,up,1,0.20289282459389388,0
0x9dee8df112a0905c82f2ce8c5f27c64c20fe1459f98171eeaf1955dd8126c6ee,1776899400.0,up,1,0.7750352742115387,1
0xb170d2fabb65f4534da768410f8b09030a8a5c2155b316383e3b2aefd384ed01,1776899700.0,down,0,0.4627290515867688,-1
0xe4f1df98a1b3dd5667e5195954638382dffad985dbb1a265633b54b90057f3a9,1776900000.0,down,0,0.0620302127754067,0
0xe95dacd436e7bc271fa879b4e778ceb9cce8a26e110e21df59e1b39566d2797b,1776900300.0,up,1,0.7377689950328129,1
0x20ac94f727cc0ae5ca446248b74553cf50451010ac81ab8c01e995fff0e80808,1776900600.0,down,0,0.09709663936887637,0
0xe2435f5e038e86f7c33939e543bcccdd1d05e4b7096e0267a4a128f942c61986,1776900900.0,up,1,0.7879368806957335,1
0xf844b10ca853bf3bae47e239619c726b060d193cb4ad9535a960df0f238a4fd7,1776901200.0,down,0,0.36689778432518366,-1
0x282a593d0bee3211297382921660c8de45346a8c292fbb10d6add40a68919562,1776901500.0,up,1,0.8354547811990009,1
0xd37bbf62bf813e68842429394534ed6463382084c477b433974d47c4ea2bf460,1776901800.0,down,0,0.29028902739210954,0
0x81d2267bc4f6a9c8b480e8150db100ab8a61763f7ce48ffc9e2b6d00f14989b6,1776902100.0,down,0,0.6138659366853376,-1
0x530b15c12123893cbff8fbbfead11485468a0aaa541e2ea1a4cc13ec16153305,1776902400.0,up,1,0.9989135835242763,1
0xd16128e83c79add415bf76a8cb31622192b4268f1fe20a0013e37651a6133599,1776902700.0,down,0,0.40103689119315433,-1
0xe1b65b607cc0fad0f73237920c0226176708566eecb62b86a0ba09ef31623775,1776903000.0,down,0,0.09902227849455848,0
0xb0f9cae346d767c0b5b75f2d3f707f71e39148b79223740b3a97dd769b14832d,1776903300.0,up,1,0.027984466600518492,0
0x6a85e94ff3f5dc8e2cae7c629100cfa37a7f1723ed69d23599ff08022463c067,1776903600.0,down,0,0.09178103744204408,0
0xb8a6b86c600d178d68142e3562c4eb828e5b61c225a5ce121d1dcf6d46306e0f,1776903900.0,up,1,0.7343630532675006,1
0x8dedbaf0e41ee0d8060ecf711666b380300d43eb71ca46fa5da726b514ebc0c7,1776904200.0,down,0,0.37224236955277273,-1
0xb6cf890cdc187e1ff4e555e9fbb8f0a9fcb9a11b14de8490e5272b8bcbcb75af,1776904500.0,up,1,0.48255176270163513,-1
0x01751867d942ea4c481258847911e202f8993ee33eb1fafeee7bc731d8f4366d,1776904800.0,down,0,0.4704186653112968,-1
0xfc97d88ed6b140eb0ea560aa9241f7f69ab94dc4067486d070f901f1df88476c,1776905100.0,down,0,0.14120834855993156,0
0x894caf31eced41c32e2eb5eb8c64c43093da19b6e78879a4a97c3213a5eabb58,1776905400.0,down,0,0.5492540316580434,-1
0xc75935dc39e8c952baada40609ac695fb3eaeeb01ec7119aa0173b8c68fc649a,1776905700.0,up,1,0.840993344841229,1
0xc460033be0e1b0d81d973933dcac95b8a786be280a9f4252ff144baac1b097bd,1776906000.0,down,0,0.2867486614788765,0
0xa80b130f643e8f3de2fbaebad3bf80f2340bda7f79a3cf740b555282c528607e,1776906300.0,up,1,0.7980090976833838,1
0xd9ef6aa9319d8c200c9ffb49ef3af179b41ef6fa3f42cfab0d27a8003c460b0b,1776906600.0,down,0,0.13494760872293501,0
0x807c6c4c4d8a52a7fabf9e71652377f8f4d7d75516d8dfaffc2ad6dcabf3f6c5,1776906900.0,down,0,0.13443809252552208,0
0xa6fb96ef838620eed83e7a195706161f83c3560254fb485183310ad70d979f12,1776907200.0,down,0,0.6102831146499434,-1
0x13b7285e20d7c2d132e5e2872d352ca983eaee3a3312466d5d1b3fe3112a3495,1776907500.0,up,1,0.9033066098093677,1
0xa800cfa20a8f991bc4d78b57aff7d01444442651d810771cfb240eb609b58fda,1776907800.0,up,1,0.9243091072344692,1
0x096fa596430f8cd1f539c16ddfab84808d911ac16a0bb20dd2ce342384ebac76,1776908100.0,up,1,0.8139122307184047,1
0x7598b7ee38734e8cac777170fda17fc39342ba55c86acafb85feeeb4d1b3374d,1776908400.0,up,1,0.9488711963190415,1
0xb1218d00f0d762eae6299ec6165f0a029b321c0c78e0c959837c3ab3a8120e00,1776908700.0,up,1,0.5010620181807816,-1
0x519dc37f5f22d26abc479322ad6e5f5609e49225eabbee40b0421072a4e0cbc6,1776909000.0,down,0,0.14708780786801978,0
0xeb05008daff1b84330aaac7bc5d5a3f8e6938e3e8b159d5dbaf2a25c683ef3a8,1776909300.0,up,1,0.5373394212113944,-1
0x7632de342d71a9eec0e98ab5370e880c4095ca63376fd0163c92d3cdd7450fcf,1776909600.0,down,0,0.12099047507919691,0
0x6b2da4a9707e8c604f4bacb03ef5791346cbfeb587da937236557eadecebe287,1776909900.0,up,1,0.5717884946121077,-1
0x52f5cf9397d949992b5846bb2cea0fc8ee495e55abe916a9a5070b09970c27ae,1776910200.0,down,0,0.5687801511453491,-1
0xf71219a63c2d7907de8562a10d4d2a39a9fb1d0824d9af88d9c1b628aad8574d,1776910500.0,down,0,0.5701719485911781,-1
0x55f0934bbff2fe223816bc509779688bc95b9f38aa23ce1e73548db073800bdf,1776910800.0,down,0,0.8425636817893469,1
0x5ea38562d07dca101b2c925a1edd65f3c49af6e135cb006390395a3e193f0203,1776911100.0,down,0,0.3296469069991672,0
0x029a5e9aa0890aef85d41647dc458bc6aaaac447b9839c0906574475a11f48fe,1776911400.0,down,0,0.3487099824218521,-1
0xac734785462676d86c968f12dc10124ed3de77ec39827c0929b550d1fa527d56,1776911700.0,down,0,0.6348271932709841,-1
0x76427727d73ffa3474206623938d53b98a544e9d641267153d4956057df0bf18,1776912000.0,down,0,0.19466452598814749,0
0x1e001250554dad4b9c607f6dda424641c30e64b4bb98807738a38d0987ff5c31,1776912300.0,down,0,0.693815034699446,1
0xa5218978a498dc6d146de374a74c6052db1bf362e6920dbaf490b922dd5c9a72,1776912600.0,up,1,0.9207783306184333,1
0xa504383b84025b673da2be4b2133542c68d9051229d65f602e1a40eeab516f0f,1776912900.0,down,0,0.37047466362146325,-1
0xa2f6345b907ddddda3b0b6552dad18d772918dcf68ddee25aa3773bf61af2407,1776913200.0,up,1,0.3797017910215021,-1
0x44918b93d77c71710ebb3be8ad92290a56ae2fbebbe0be18e9bf0cf7ddc4fc18,1776913500.0,down,0,0.12660749426774898,0
0x6381ce57578dfaed47367b7d7a3b568632af85b5d3c8573606dd7b827e099525,1776913800.0,down,0,0.5433812351288446,-1
0xa58373401590a9699e1e704d700bbb9c92fc7c52777fc29454d4de43d26d4aa8,1776914100.0,down,0,0.31253914236556696,0
0xee60a1405851483ba7a1bc1d9c03178a32a27a3e8cb11e80b8d1b1c1341b1474,1776914400.0,up,1,0.49620678006219693,-1
0xdb27101af4111f9bfd8c0ab6c5cdc8823eaa97fb3f896b5806f0ba143a624451,1776914700.0,down,0,0.2528450868319812,0
0x9fc42ace8ebaf3b1c8434f1bfb87e5e7cae871a6d63af5a127955893874ba3ba,1776915000.0,down,0,0.3750285720843057,-1
0x53e75206ab0cbb90144c204ef7b748493641d2615b9b8ae07625733e429788d0,1776915300.0,up,1,0.5629303860251994,-1
0x890c8feda11e3c97ce29d8e22cb064f66f6d41420507e8c920817277b37bf3d6,1776915600.0,up,1,0.35459478658566396,-1
0x064f43cdae00bdc2c2a1ef02b162cfcfcddfb0ec7636e67e22e46b7c02c7e26e,1776915900.0,down,0,0.751407232129707,1
0xf741da526be208a18ff0605a16ca675e675299b1bc7737867e5b15bfa1940550,1776916200.0,up,1,0.7006762717344913,1
0xa574a3fe3ea1e92abea00898431d43386516f8131bfc5f63bab811ffa6f68307,1776916500.0,up,1,0.2908751376944967,0
0x0cad11ba5f6526480bf9f506a625f927ac2217e8b45fbcadb57fb392fe19ab94,1776916800.0,up,1,0.17765493777200891,0
0x2fc5cb959fffb4691e99b7811d6cacad1d6b11064c73685fdb6e2ecedaec380b,1776917100.0,up,1,0.23237498692258288,0
0xae4af2a2e18bba9a674a80f2f2aa99ccf95e11633456b611d545793d031c30bc,1776917400.0,up,1,0.866796019801779,1
0x07599ee87fac6f65d0dd118f1c4cda8750752754df26030d1f385730463ca59a,1776917700.0,down,0,0.17949923792733122,0
0x766af5cf38fe098ff7a152f8ed1a97c9d6d2d7133b86c4c9e4b18908757085ee,1776918000.0,down,0,0.7801307071349313,1
0xcd6bd51cb6e7295471ff614a78d74566d913eeff82230ab3dd26776ac7112833,1776918300.0,up,1,0.3208632971878197,0
0xd5d6dc274e6d86e576e4fdc54d0114e65294c13c50f15dba496c784762ab7a18,1776918600.0,up,1,0.702544406070293,1
0x99c289a1c35d0a8e13d58cde2e04702609952b0c5842f0e82c1f890841d8718a,1776918900.0,down,0,0.47311758966749884,-1
0x00f508f182afc6d86f6a7b8e8468a3b6efc32688e95790e70a3bb334f23eb995,1776919200.0,down,0,0.5778836997833546,-1
0x68e85fb85d46b2f2d16cba10654991f8462fc32d8bdeab1efadc93d98f6c6a9a,1776919500.0,up,1,0.532320140492655,-1
0x1c643ada9b1b26fa92c985266eeab061cc6314d7c5a957667f0ea202b6607cd4,1776919800.0,up,1,0.4248343285875765,-1
0x70fab007f7298765307d8a5a435360081f5653f497a3417f28ce62c060b451dc,1776920100.0,down,0,0.46371346461505947,-1
0x2cd83101b3b4100e6842ca1776460dbb174819604319fa0fe4705b5a6a9e5a9d,1776920400.0,up,1,0.7495561548382915,1
0x4aecd1afb36de657e6e19fbfbc3301abc0bf36ffc3ecfb4763fc631226170fbf,1776920700.0,down,0,0.27006513388784487,0
0xf8dd8d8821959bec2875bad0424af583616dc550b7010635974ddb2f85c8cf65,1776921000.0,up,1,0.2934111939103851,0
0x026043cd8ecc77b4fbfad22290a444503c4f7f0b773febccf46e221727d37cd1,1776921300.0,up,1,0.15241838663637328,0
0x6a9c494c11fbb2ba0d831b6fa91b028345707c7df265673d5c6ef8c2e437546b,1776921600.0,down,0,0.24248188784771185,0
0xb81f5af9e94370c5c44146b7454750f3967f1169bd673c53e09e72725f2c161d,1776921900.0,down,0,0.1316064808987788,0
0x23253e67171c41e216a040df16b28253b9ff3336093f6d7761f1851feffa2790,1776922200.0,down,0,0.27696554086530367,0
0xf23cd036bea45a44f226d4337fb3befe2dd53708dfe4badeac986c2d27516292,1776922500.0,down,0,0.2639228983664196,0
0x9cee1a78f843120697d4ff8f54ba4753b671a42c386a9106e9b5f36c45c7ca4a,1776922800.0,up,1,0.8168609902930175,1
0xd071667e066acbff8a0f7545c376717aece027c0d5686327873d2f4437e2a968,1776923100.0,up,1,0.8782551228156319,1
0xd135e4ce5cad5f071089a1029cb7d6b61331dd77dd0354ed05e6a04c822e0501,1776923400.0,up,1,0.4959257209830748,-1
0x37100c82e888997f982acb7bb3fadf2a77a268ed18e26d3c8b5d983912d01bbd,1776923700.0,up,1,0.5593010275978597,-1
0xfe5bf5bd6c95a42887cccd32321798ea4d2da3fdd152c1454216ab8d6e43df09,1776924000.0,up,1,0.6145481420620037,-1
0x580d5cb8a3a8ab7dc290ba24b43938875f9ec5aa01695a956ba06708a1a0d0dd,1776924300.0,up,1,0.9513863530138685,1
0xd9498b72a459ba401e1c4f0b383be357a94e1de1331db21debe48e7a3388fa0f,1776924600.0,down,0,0.36631862422599076,-1
0x8889b5eca995872f8b91ba9fc50b38a12e3a214b70504464b1c08ca68ff0c23e,1776924900.0,down,0,0.5453258571475423,-1
0x8aa2e6eeb2978c7f5e04b0c0899ac7a8d0918d565250a84c818606b5692d455c,1776925200.0,up,1,0.3612462913956345,-1
0x0cbe02ed5247ac4d1660c25bbe6c388c5e481c2f1f71e4fcd5340f04ad7eb297,1776925500.0,down,0,0.3789733489023429,-1
0x6c900ce899889202c54c108f6560ebd18de3d569f520d85dea26ce87ea125c8c,1776925800.0,down,0,0.7208206790066686,1
0x4f58df379ba952d4bd68f580152f2c1ac03cab1371a659c41ec1e97679819abc,1776926100.0,down,0,0.19130721789879138,0
0x5fecbede3affd45f5f1a1b4b2390dd16bca85b3d7912cfd0dfd8a96341c72eaf,1776926400.0,down,0,0.39000042433120846,-1
0x922249d77022948be09e209610d4376756935d5b0f4d7377496e91cce912488a,1776926700.0,down,0,0.3528374038805669,-1
0x998d626fadbb45285ff3a67d6c2f167e2d80f5e875c3187d5ca954be1a7d470a,1776927000.0,up,1,0.9397148197267811,1
0x27e850892ea4df405f40613f77d3842cd04d56ef9b021f5e474b750c1266d212,1776927300.0,up,1,0.39923160671070873,-1
0x2546c631edc9186111903f9acb0493bd8de3b99fb2d3656c379d2ac65da1810e,1776927600.0,down,0,0.19080544836648575,0
0x8ffddfb24a1548bf0999a476e78c455b3f8d359228aa6f6f25b50b608ed04b97,1776927900.0,down,0,0.6654668360167724,1
0x06124b15deeb1f4a13fd34e158003c2477eb564f476d5d86ca0c0f34b0e6de5f,1776928200.0,down,0,0.24485866440909412,0
0xe07a8373736b880f73c33dbca1299851e2978ad4f8ee86afa3c04dc4f2a490f7,1776928500.0,up,1,0.6139544960010803,-1
0x5f1873947c6b9cb2893768df618a2a6979a75adb9fea58b454a098205d6f8963,1776928800.0,up,1,0.42047074293050135,-1
0x7f5ddc634a01066d319567b9776a635f98836578652ed58e950025c95ba61cea,1776929100.0,down,0,0.4145293989982674,-1
0x5dbe081299f1bc58e992209fd5ec470c5f71208f23c973e2c955b83bdf8ac30c,1776929400.0,up,1,0.7440336462104009,1
0x5a675909a9e3f92de16b2eab4469eaf2a3875d09ffb88b13dbf29b3599beb2ef,1776929700.0,down,0,0.18446786898547246,0
0x4c18040e9bc2df26e42cacfb1b4805430f5a46a237e0a19ddff17e25faa7015d,1776930000.0,down,0,0.5905759781024496,-1
0xb72ad5be937029e92acf1353dd0585db47b2bb648a88ebc24a2473955f537e88,1776930300.0,up,1,0.41619206189713653,-1
0x60459190c04b73fee1a9595a827ba1826b340e5956aaafda1a090244005e1d63,1776930600.0,down,0,0.12007278298040476,0
0x4f0038acb2d3599db72c5b6c11035db86153d3fb53149637278d01266b39c187,1776930900.0,up,1,0.5614981771556452,-1
0x93057d928041d862307602f08f45ecf782168eb023264e1c4219180a72eef4f2,1776931200.0,down,0,0.27945418389189947,0
0x010d03b03aadabc402f0eedbfc141541a463bfaddddb1e73fb2535d6eb9f1add,1776931500.0,up,1,0.5864415981272292,-1
0x546373897af2eba688f421ef0e3ff25a82c08ab3327e3f0d696eadd26ebaadf1,1776931800.0,up,1,0.4857236466959024,-1
0x02f10fa4a3c0d7af3f2f812cf2888ebb73e2ad29db1bd03ddcfbcd299c8fe8f5,1776932100.0,down,0,0.32529507270477737,0
0x8623c569aef59e3c14b4e43f787467fbb1a03a8abdecbbca5c41ac9a41ed94cd,1776932400.0,down,0,0.3751967085035574,-1
0x17e21e25eba99fdfc51a378285555080c6e759f7e1c07fbf5427b602a289311e,1776932700.0,up,1,0.8318483958732885,1
0x88e80b94712413bbcf885eed4babb9eb70309a5c5df56b3e69f985adad0deb64,1776933000.0,down,0,0.24505412685432898,0
0xfb4d1876b9c454b433f2ebbd3553829574a00437e88e8026d16c4be8829c9dea,1776933300.0,down,0,0.3104098303550454,0
0x13aa2d184dc705e963cfe736c2ce8f1bfe4da2063abd691d123f2c9ae5b6babb,1776933600.0,down,0,0.4612579330351779,-1
0xeb3ddc62d408c7f3f1956e9a51ad9aeb829de7be1741cdc581e3d02a8ee44faa,1776933900.0,up,1,0.7189492606340999,1
0x4d103b29199fbd0457271ed55bc416b00104b0a79c63898fd420e3fc91ec5660,1776934200.0,up,1,0.8598294318747262,1
0xf28fa24e6650629aa79f520c321de07853af717d49d43161c93159ea44fef35a,1776934500.0,down,0,0.5237305456382854,-1
0xa7fe4d2eaf6fbfc68789c4069e5c491dabc8e609a51fa49707623a21e54c1e3e,1776934800.0,down,0,0.4184573780507441,-1
0x730d1dc8a05a34d2ec271990422a483f064864d4f367384653f7f62c5e6fd1ea,1776935100.0,down,0,0.45793351836950325,-1
0xfc84742e29ba11cfc1c7184dd683bbbd23f49bf61e874249a3953a8a0f6fbcae,1776935400.0,up,1,0.6093570403081753,-1
0x253d3a188810c9fcdc8ac545c60f21df1e1df0a66d446e7df2f84be26e46102e,1776935700.0,up,1,0.5433639169424039,-1
0x113b401dbf2cfc53712a1264efcaa5ac6429d0836c369dd4c67128ba3063446d,1776936000.0,down,0,0.588125875861835,-1
0xb2b5165ff5d72da473bf71d03648f4dbfdcbcb013ff5652fc43318305e35d08b,1776936300.0,up,1,0.8271649658003747,1
0x322888b4605d88fc8c1ee1ee132973e54732a73c3741b62b4643729909346abe,1776936600.0,up,1,0.8377961054373517,1
0x0d9b1a584d162fa8ba2669d2a1b35ef88fef7e1e8e5ee23e3002a53c2f80a605,1776936900.0,up,1,0.6308332100364304,-1
0xc07700f55b8d639683eeea3f2ba309f19a0a3973fab7e201aca5cbe375598144,1776937200.0,up,1,0.9147388654429099,1
0xa8918dc370ce5dad9476090b5e8bb414a6847c211e81c80a51d076b20453fbb0,1776937500.0,down,0,0.20425141476336248,0
0xf9ae61c7f944e4b0cb9a81dcff59dae66aa80b11f8c5dd2eba1bccf549d24b1e,1776937800.0,up,1,0.48508990097360893,-1
0x92fac454009298a7d4557bb870a4a664048fbec52a5da8d72725d87461ab9b1f,1776938100.0,up,1,0.6576894728830824,1
0x24b0178ec074a26848b8224c41e93280f8475915183ddf2c93e490c581236cd8,1776938400.0,down,0,0.3974198570368601,-1
0xe8c1bb096dab27a4e951d540712effd2c97af3eaab87cc63ce0fcb7ed6af6c16,1776938700.0,down,0,0.027003229437472364,0
0x27efafe7af97d804da92865dba82908f1e74cc70f27bf9830f397f0a2e31e9e0,1776939000.0,down,0,0.508508780975786,-1
0xb159fa76ac913338621c87e47d20188737937e184429a7fcd8a08fed6e8a8ed7,1776939300.0,up,1,0.8415040456738048,1
0x2c171fd045aa1fd8f7d798546b34321b32575078ef1e929323dfcc549b0bb9c4,1776939600.0,up,1,0.8084720686588452,1
0x41812ebd6b4563d8fb3eeede80d6e71f7b364852fa3234f9fd6bb7221511a842,1776939900.0,up,1,0.817602844488189,1
0x4e40242b128337537e6dab3a2fbc8b6b0b696c2975b541789e0fb6fa4654c7d2,1776940200.0,up,1,0.7604341291173898,1
0x2f74b1bb394139a73d4e6b4597164f9781e8db8af7b5d017605267862b42d104,1776940500.0,up,1,0.2417886181088235,0
0x1d0bb2b81181e48733cc5dad3b63e12ba934d9e2c3063d1a33d40548aa75f60b,1776940800.0,down,0,0.20594632106790395,0
0x422d5376f8337b1689a99053340bd3574d4690ef56221f351893ece42756a20d,1776941100.0,down,0,0.8690189909362391,1
0x8a5afcafe242c21471da764e48c09076ce21bee3aab1ee08d605f164c23f21b5,1776941400.0,down,0,0.7472892228616731,1
0x1d915c78efbcc3a2ec27f8220fc97d421e62ead220f7b4bc241730e383cb32a2,1776941700.0,up,1,0.8906722135786505,1
0x23d2cd55b3e7a9696f810bd07ed330716c55b8c8b0d661c1d76c01e5ea398305,1776942000.0,up,1,0.7252227885020991,1
0xa0527a34ce5ce6dfa6265702d320a9f1afe4296922e7c2136d3d0c43f5d7eca0,1776942300.0,down,0,0.2609260011228632,0
0xe2d5e02c47c8cc63115fbc30e8a8ec0d795f40170706ceb6579d4db29ba7e654,1776942600.0,down,0,0.6653097273415823,1
0x815ce91f52adfa308071019897393fa8d83b48042a681fe3808f72de8f0b4511,1776942900.0,up,1,0.6234759413213758,-1
0xef3e69dd908df834e589624158e1e5a7b08b005df64e76909d339473da6469b6,1776943200.0,up,1,0.7976066230625455,1
0x42337342d5e30569b38f88a14198ff9363b6ce32c3857b3ca7f304dd453a81ac,1776943500.0,down,0,0.4188616519566961,-1
0xafd10431ebe70bb00dd7e5de91369096a8fa2cdaf978f7472451df65b3c98f94,1776943800.0,down,0,0.408561413112341,-1
0x5f6a813ca11ad9d35b434ecec343a649364cac693ab683ee58ec9ce98d280f0f,1776944100.0,up,1,0.9697777125436741,1
0x85364942e2c6730ddd730791c213d6cb349b5f83e9db8b28e542cac93fba123b,1776944400.0,up,1,0.671851315194827,1
0x36bfbc622aff3855f592613ecd61ce11afd2e0eb57a1dc3d67bface4ef4e9ce7,1776944700.0,up,1,0.7462219826447725,1
0xb7f31b6ac373eed7872ddb9e753536dc078de19fbdabfeda0ae2184ae5e1acad,1776945000.0,up,1,0.7077025956776818,1
0xfe5e69034dc955ba8e961f60e104fc0308c47d82e940cfae3dfa025cc1de93ef,1776945300.0,up,1,0.6050507742631758,-1
0xb1c81935ffd0508eced488e7cc1d8e99bbbbcf3e45d00e463f4f03876a65288e,1776945600.0,up,1,0.7768640540918436,1
0x11755acf5a0783eed0c6752c1b49f6a3fbca43b7a1ee2ff8426a497d43d78173,1776945900.0,up,1,0.6141472947281882,-1
0x99ac9f27754f8b739a30660e9324f657073c03e9ba2224cf3eed0260d0bbbee9,1776946200.0,down,0,0.34333235679378427,0
0x249ff94534e81c247473eb8e85386f5f833a94edcede8f17c440f16465e04c03,1776946500.0,down,0,0.25788601582314896,0
0xef4f35fd3ad7eb8a9ad4ee8a17c1369a705990e7b2940c03afb596a4dfeb97b5,1776946800.0,up,1,0.26669114166124663,0
0xeddd56a4e8a3097d34260b8a6f907201c8268409edff64daea65b6a1dcdc7731,1776947100.0,up,1,0.6099786625872711,-1
0xd478d6b9e9e1f101782ac93182ebf1c951dd2685112596c4ed39f14924147f26,1776947400.0,down,0,0.3208102082100567,0
0x1457566a0f7eb9869486e2487eeadb9d30c6ee5ce5f790f84f4d35b488373980,1776947700.0,up,1,0.4613232526482541,-1
0x8ffa669e3a11cfd74387edf0a94b23a842204b6f3f90d5305ed0dc505010053e,1776948000.0,down,0,0.792405329980495,1
0xc127011149697a5fadbf480d92c14e388c25e56ccd9f319e6f20954777fcd6f5,1776948300.0,down,0,0.18662773181914746,0
0xb2fdf453c8751e7629eea24f9aa15c99a546be318570d2d3212d65ca28de223e,1776948600.0,up,1,0.6150977109935495,-1
0x0bd5d6abb499ebf0e7b01ae0aaeee73b7212185ab18dd2aa3369bc3274ce736c,1776948900.0,up,1,0.90385535411901,1
0x45bcbc1c312fc853bf2d30176ca2c7e0becef3b2977b5ee3520cf48e1b8f2af6,1776949200.0,down,0,0.1334049292891565,0
0xf20d270eff0c78ce44ebe077c61c2eb8152e27893802a1d540360c022bc1dce1,1776949500.0,down,0,0.31976005584053546,0
0xe1babbf4493d8ce55bcf6dc5ce750a24ebc8855347c9e91e3a4100b0dfcca9f4,1776949800.0,down,0,0.24584938357615876,0
0x36e0b552509b14a12f0e82c13a09bfc5b09d92616bad7bd042f56563adc6eb4c,1776950100.0,up,1,0.8408041636405965,1
0x8b406df7cd04789834c0789d3ad84bcd5f580636f8114d67fd1db3b3ba7ac6ba,1776950400.0,up,1,0.6491877839781517,1
0x70e54df8cd9a1147a66ee51592a7b11265316b0415fa4d787bcfb9fe5a22bc27,1776950700.0,down,0,0.3366502586388996,0
0xfc59399d2e0e1c9610d8909daa25d004fdc62c098abf653178b5199ac1beb0fa,1776951000.0,up,1,0.6239775849893064,-1
0x5586b9fa6387fbb75f9af87b43595d6da7b4cf8e35068e1e24eb8fc4ba38a492,1776951300.0,down,0,0.6166983382570299,-1
0xe18e1d3c3b7fa32333b16aec0343ba9f868e4fbc2cf935821e51b9b08b43af01,1776951600.0,down,0,0.5656652826149826,-1
0xd2461da33e9c9ed2d16784b65f9cf59a09927c6a96bd64cb75fafea17c6a117b,1776951900.0,up,1,0.7767521244820658,1
0xd55ea8b040854c38206604cbfb9da76e4d84b978519cd0c8667e7c7a8d21a568,1776952200.0,down,0,0.2972850067442199,0
0x1ca6dd6da8a98034a477006ce02ff8fa769aa9f5cd426912bc237dbe77cb9604,1776952500.0,up,1,0.7275788422632626,1
0x688d175a21f9969ff734bb019bc2015e20c88f2c6f85881c9d4761db24da3789,1776952800.0,up,1,0.2056873652129651,0
0x371aaa29e543c4f6f5f593cf0ad171e7c52d0550cbc7f7b5ae375ec55974b135,1776953100.0,up,1,0.3618460213725819,-1
0xe2e1d41445af8b011f0132ca3a6c92587041b3b5ad2781ce43c821cf85321ad3,1776953400.0,down,0,0.2070778453744462,0
0x96d523863ccc5be5d33d9df96b2b59b5a296685311b2061fae4fcf69e1d01c3d,1776953700.0,down,0,0.613259965295703,-1
0x1df891e1767e8a8f9351a84d86511c6a1b3211ee6ddbec991f60d867dd1fcc42,1776954000.0,up,1,0.7632361808188755,1
0x94713c673165cf817ffa079703e70c99a1c79cd769368bcbeb967cefdf1cc14d,1776954300.0,down,0,0.759448035799423,1
0xd494219c9cbe243b2b27770ebf51adb13084ca17f617ca1eea48eda71f239493,1776954600.0,up,1,0.8811172511167069,1
0xc3f1af810fe32c30d5715aa9adf7757bf624a9e4a626e87fc45b799d60c5c1be,1776954900.0,up,1,0.8781418249926819,1
0x26fcbb636dc9947f4f309304f115b701e94d9dee58f4fcdc7411314e51f038a8,1776955200.0,up,1,0.4463722024159509,-1
0x88ac8c6e59443c3b0bd50559e7180afe51b81adddd5fe3057e994ee402af58a4,1776955500.0,down,0,0.7844019246241929,1
0x0ce4ed03e1657fadface6432378e71f581dc35512878514859f2d6cd9bfddb47,1776955800.0,up,1,0.675956959954507,1
0x06e4f83b3948e1c7f950d9d63ccc374cb6e3885f93386c71caa4671d2aac2706,1776956100.0,up,1,0.7583993199038486,1
0x130c4ac89d53140d20e6fdb2b9b9993fd7daaaf03c070ea7abfcf5e4c56f81cb,1776956400.0,down,0,0.21381884784796135,0
0x697a51540866c92592a3c57a55148e91ab7de3bc51bcf1169ef19567ad3954f8,1776956700.0,up,1,0.47284252663331744,-1
0x865b6680247b493f586b026c613a34bacca827e989b4194a4d34223a8b551e0b,1776957000.0,up,1,0.7719515534587518,1
0x13da614d48b4a6095266f72acdb71cfc958dd01f121fa5f016ac36eeb21ed2eb,1776957300.0,up,1,0.860559830958467,1
0x9bda8655247eee527e035d179aa54478b3225e129f0fdfdf9c80661d3d64887b,1776957600.0,up,1,0.6239384117724979,-1
0xe7ac790db2d5acd6e4dc94cc8c0e149b8e033c9cfc568410c548fe10772092e6,1776957900.0,down,0,0.099267153859023,0
0x043fabd17adf568cdec6c1776b8c6c1e1a9a3b220de55f01915cbe2bfc15797e,1776958200.0,up,1,0.7203798326585847,1
0x0843068beeb2f8a6c3d33d1f16caac557ee99a421d74c9fedabedacb78f13837,1776958500.0,up,1,0.7179770463645815,1
0x6eb634ad35a4efdb65b1cba008916b116ee0c1d236819d00d6bdea2d22b52b32,1776958800.0,down,0,0.3119290483175477,0
0x35598d962f3a10ec8ea3b1ebcff180b98a75aaadac4a783c97a2deda82532433,1776959100.0,down,0,0.07256495801195334,0
0x5d2c46fb8afa03c897ff5bbd48adc1a04e9993b4950966e6480df97c26b674d1,1776959400.0,down,0,0.19174585485174847,0
0x2b2fb35a7ffbea9bdc19fba6f1b17c14cccdf7882caee92dff200f89bfab0d1e,1776959700.0,up,1,0.9393929472237004,1
0x04b5a96a1cf8be1077f96ed243453106e10c38df7ca89494ed0400b50d4fdbdc,1776960000.0,down,0,0.7663815047565743,1
0xceb8ce544091c3407e0eeb5d2e9f2e0c84c16ea243730d80893f05e962401c80,1776960300.0,up,1,0.9586515827113323,1
0x214a710799c060d0cf98abfe637e927b80c77649665282e6255015155f01fe3b,1776960600.0,down,0,0.29408703329503716,0
0x3329d41c5ed8f0241b32a548c3883b21be5d8dadb80579bba449ee426d50906e,1776960900.0,up,1,0.6838836339889621,1
0x649184532d9823c76abcdd0154651f63e3944274f01a32263ef50a49c15ee515,1776961200.0,down,0,0.12183077702830272,0
0x60c62109375a4f876b34c9f418483497f659268cb7525c22015f378f50d2628a,1776961500.0,down,0,0.7032417486895843,1
0x4045cb3de9744f04f80136f6fed3bb47080ab0201b8dc423282dbb6a8a66ce65,1776961800.0,up,1,0.9583249105211055,1
0x74a1e8606b00768a899f1d1f060c49abd432c194fb3b1c975d03cf8b0932303f,1776962100.0,down,0,0.24195145849030505,0
0x21a01f75ed9306ee1edde524b3714c5db168b7fea5696d7d7c62049a05c47d76,1776962400.0,up,1,0.5115227646611563,-1
0xad1b515b80224224a5b759d854ad1a9d25d1c95f13eb0592eee22283da75a13d,1776962700.0,up,1,0.5941552285969961,-1
0x135996ba74a1ba675c62db7dff4601eb22dfaa418375d0d1d3010dc23f090a7b,1776963000.0,down,0,0.28517096459731006,0
0xb2c1738799faaa5cae14caa5505741908b5de037dc52939f804a946344bb8de2,1776963300.0,up,1,0.3980482781719714,-1
0x699785540ba1cb8340a2e9e67dcfcc2d85800395d41ebe34abba897f20454b79,1776963600.0,down,0,0.17133577014854473,0
0xfe94d9cac6a92689eef5f10a4d4e3f4efe05b55695e6ba5e2c1fd81639ee59d6,1776963900.0,down,0,0.489393091950871,-1
0x1a886c797a05b9564d267fcd624d812b3a1149e528df27b6d14f0a60c86a544d,1776964200.0,up,1,0.8036643502974798,1
0xd8abda511d92714171789edec9a1e714ffa2e5657fa9211f30577d49507f507c,1776964500.0,down,0,0.1794438333132659,0
0xe7f8c5aaf2fe3480a0faf00a6bcbaa24405a69deff151b7407ec8a67cfb1a206,1776964800.0,up,1,0.6335278102119224,-1
0x041b7a1d7a2f35a0a8df8d5ce60d8fbea507f72f14eeaf629fa3581bbb5801c4,1776965100.0,down,0,0.946427685901263,1
0xed1033938bffce968dab809565fee02e9dd625465dc660d55ad8be49385f52b8,1776965400.0,up,1,0.40323392249619355,-1
0xf622b0ebbf967ba7c204589b3f439e466b01388b8703ddd0fed6080c5a715a65,1776965700.0,down,0,0.1332595802045406,0
0xb439c9cd5d78a01bcb9f2bc02d11a7fd924c9117ed6180500871fdc5f4ae7cf1,1776966000.0,down,0,0.06467673732450704,0
0xaa8d640f700cbd3b35e7ce9f1d368b5ed4498952c62dd862fe575dc815b25357,1776966300.0,up,1,0.08748160955307872,0
0xa24d6d5787eeff069cdb1b504cc21e54adf1f5c7ab1db197de7d4b84fb0b94df,1776966600.0,up,1,0.7617049701609394,1
0xb8d139ec12106c23b93ad09a563ee420647cf8c07f18aada4662c5db938a09ef,1776966900.0,up,1,0.8013660229662306,1
0x8b999e486b8348adb843e4e00333b9a0a1778a01deaa58cc7fad1dad33cbac2f,1776967200.0,up,1,0.7042760935012832,1
0x77511ee61d645dd139e12ac964e0c7ccb4f9b837e47bc375e3e0dce6993e7b5e,1776967500.0,up,1,0.8961675439817798,1
0xf9641558e9691422d6bd5911beb644a32968d5bb9590b3b9537a0be8eca1fdc2,1776967800.0,down,0,0.8761808049207522,1
0x3e9531b4822f8e7bdf0c2b53d02a9c94951e7cdc7f8943d4a06329a607448432,1776968100.0,down,0,0.5676008411313803,-1
0xd1b2c257ad52b033664c3e4d94e9027300763b306d70d5edd8d0c8e021a7f8e1,1776968400.0,up,1,0.30750839332074265,0
0xced01eae96f8161ac580d46d08b213f049f5c3c42eea3dd8bae0f72e2b101b83,1776968700.0,down,0,0.25969173836631676,0
0x2ebabb64bf5387af0dbb00f7100621ab21e81237f003e0a0519cf4fe4800f34d,1776969000.0,up,1,0.8694189649614741,1
0x8a0441ccbd0ace237bbfd19328d3980e21d2679c75daebd031ae821c1272f052,1776969300.0,up,1,0.7538647803219682,1
0xaaab1dc1c133e302eccfa26c1b8f7916a303c192c0694ec2195e452597247b9d,1776969600.0,down,0,0.4812348366612701,-1
0xaaa3213d7339388bc857cb8c860a3b36a44ccb4cc5c02ad779b93014663118f3,1776969900.0,down,0,0.3498750228576092,-1
0x3c4e8ad7164fdb005dc3b3ef877565177907216c83625bc72dc6a5d7cf6ebe29,1776970200.0,up,1,0.41645024423439286,-1
0x2183ec21361bad60bb02d06dc0ad0decc3831fc82e06660e3947cd30aed3f72f,1776970500.0,down,0,0.1161837052197043,0
0xdd8a81789e98fc76c8bf288cddc4af58916d508fd4bdd39f8494c93f895ccd5e,1776970800.0,down,0,0.12487331189956631,0
0x0679ded5a11ae363e5f7cc6caaab294af91e77151239f5fb6596ceff6fdd9086,1776971100.0,up,1,0.7637705654997998,1
0x7ff4520cdf0eaa1f6c95af4b7fe8cc7f45b6480bf503491676a800a8b48a4d10,1776971400.0,up,1,0.5707754516378292,-1
0xdad0473f5112d67ba72cde82563255577268d0b5243b576a23875678b034773e,1776971700.0,up,1,0.8407729941498213,1
0x5d924731b2fe61a93d7cb54ee05710c5404f94a8dbbb65f9da3794b674f9e3c1,1776972000.0,down,0,0.4763330824462103,-1
0x77d2dcebffe2b5b8a406c9e76dbc7c0f9016871c067528e4554fd79d1fef7d93,1776972300.0,up,1,0.87406119008826,1
0xc8b519e3fa06732c77903771e42a54ac1ecf3be2371d7ecd234fba5cf90abbea,1776972600.0,down,0,0.6326727878347296,-1
0x1409f6d88d6f6c6dcc288b5454b975935a6978449ff27151114027ea7c78a4ea,1776972900.0,down,0,0.6486261798904465,1
0x1d7e3627f301cf42625553c4b8d1799746297c9d04e118cf3e41716e83a7b93f,1776973200.0,down,0,0.3227427422331391,0
0xf1a4f1bccfe8c78bb5c23b2d0199d18e13b51c495696c26c4b3009871087ba87,1776973500.0,up,1,0.5435411690974503,-1
0xc63cffd546fe5f1d0f8a108e4be73c4c149ff0499d151bb179831ab3f516bff6,1776973800.0,down,0,0.27853578123048245,0
0xc43673bfd2a6f334e6cef0b811ba29a9658a060cb8036fd4cd66032f294c60f0,1776974100.0,down,0,0.6539850761669711,1
0xee15cfe7c24d42de81bf8046c4790f0f130c5cf4b2c2c0958d965042d0c1b090,1776974400.0,up,1,0.722570511377179,1
0xc5bbd16a6aa58552d18280799c7b158e3ef15cd12dc601b3e18793a05b4c3194,1776974700.0,up,1,0.3842775306580555,-1
0x6eeb079f62a7836166a2db3c314e7a4abaff86d87f6492ff053960ea68646a66,1776975000.0,down,0,0.2732218272025385,0
0x0081a32138aa3786ae5767c8d98d4d284a763568daa58491f88fceda38b9b19a,1776975300.0,down,0,0.05406536492833204,0
0xf4857a305ed58f5f3ab05d984b5a446455cbb315d9caaf2e97f7ac5d10b366e7,1776975600.0,down,0,0.3718273516898227,-1
0x24cd9dad292d8944a635180733145dbf9db9ce456cae7480481fd82af579e1da,1776975900.0,down,0,0.3739877132465859,-1
0xab9a087c69e0b8094654a428827ed6410a6d95dfbec5f7e0e7adb4f1f3769351,1776976200.0,up,1,0.7020321150209989,1
0x6005f126102ae8af1b1f1b40fab577c2cc559ce8c96ec4518fb38790dd30a417,1776976500.0,up,1,0.38424848380092663,-1
0x6f103f3f35135651b5e3f1ce8a2f90f63ff242a658f5506aac228936eceb29b1,1776976800.0,up,1,0.6948425599025292,1
0xf257d6a2fe7a64ed7139bdd7dbf05a6055b08e9e063c5846c7fabbed7fa54483,1776977100.0,down,0,0.48485495947200186,-1
0x766e6e647ce43dd152b5fbe7f5ddebb5de0862054a281f54b28b2f1b60a3c63c,1776977400.0,down,0,0.5985815882290575,-1
0x947745281b571eef3445eed28b1062378ec086067560e50c7fbbd5d91e675d3d,1776977700.0,down,0,0.2864232767367329,0
0x5435c455c12ffd7d702c3b5bd657089e7d4d84d317bcaf5db81e1c190672ec11,1776978000.0,down,0,0.1810049431352289,0
0xd625f4c3e84d74aec3a672be3eec1b2c53505c97026aa8d73187b9ea1d322b8b,1776978300.0,down,0,0.4999118061447156,-1
0x10fb09b6ada0b186180ee650b6973d2ed32bb3b5f366aa93c6c0aa45c27cfea9,1776978600.0,up,1,0.7475213860100988,1
0xcb04eabc74b5956aa7f2db41ceb6a0fd718668fd2b81e2c211126eef33163832,1776978900.0,down,0,0.5260097710220968,-1
0x61e16b7499e2ba0775c9f7081efa8b8cbe52c69fe06d10d3f13547679e5b9399,1776979200.0,down,0,0.19335225068902967,0
0x8ca5018c91dbca13dc721a3e04897a3a1a67e023e91e6d4d422b8bbce243b628,1776979500.0,up,1,0.797912392606314,1
0x754dc7ceb2c1b2a71031a5cbafae4d2182c8d35ddadb7f9c3292c864187dc9b7,1776979800.0,up,1,0.7321610885605888,1
0x6318dbaa105e98a508adb98c41e9c10e470e17d8270dfac836de04db44595121,1776980100.0,up,1,0.7179617013960683,1
0x02c57dc7608e52383210ebbdc2b08e3fea48c88b7abe1a23e2775fb9cefceb5d,1776980400.0,up,1,0.6182531223008216,-1
0xe3af7b5f7b714ce569b178ee30f0553f106db695b31b20f131d6080c0afb5402,1776980700.0,down,0,0.19417327471327808,0
0x715faf2e6901c398e4f74582208000fc1dd7dac90a15b414de07b1942f99856f,1776981000.0,down,0,0.3950829902887816,-1
0x97ec4051b038e6cabbf1628415f1f22340a6cf4141923466ad6d48c252ffb25b,1776981300.0,down,0,0.15823125775328858,0
0x9c8339198973bc5971f82bfafb28f430f990e05203aba06bd6928da2568e7d06,1776981600.0,up,1,0.9994980718660427,1
0x8f5a6e1c2f6453867d4aeb919be96c2a9c6c98c099b9af0269551048f6c36d7c,1776981900.0,up,1,0.6089901277099525,-1
0x48b9698260174dc77b2d66491833377e18a3d62786371741632ead9edd3fe519,1776982200.0,down,0,0.3130972103848431,0
0x0bc7ffd7119336cafd52c80618ed853fe9a59853b791b0ec19a9f0dc3accdd23,1776982500.0,up,1,0.6680558199039934,1
0xe38956c2efa0bd95e938a2b1f5e5f436d208dbf36c1d763d0d7ea128c0483cd4,1776982800.0,down,0,0.19069856711490826,0
0x3e7b4f9ea1a5b673df729ef68e4d10f4b08249d7c750f1546447d308a3bd005a,1776983100.0,down,0,0.3165621285043643,0
0xc9d88ee9c02dbac5218119b00910c6d34c5944ed410f1cd6722e441d4900ee54,1776983400.0,up,1,0.7207464791818524,1
0xe2edd86dee10e0279f32569907081f17059bc4c35a7a3803ecb7727c6ac3a9b2,1776983700.0,up,1,0.7707596852150717,1
0xd6c813bf06d434911c90905a62f05807abe539045f8a1c135cee06598bd0f2ae,1776984000.0,up,1,0.6267090986947547,-1
0x7c1bf02dde79b57e81a3d4e87ca18ed8187c3fac160a571ab0ecb78f2b119187,1776984300.0,down,0,0.4422158207497405,-1
0xc45e3a68b4d7d0b9b98581da11a99eb5be3e92f7ce503aabafcd04985f2a3b29,1776984600.0,down,0,0.35402153421619204,-1
0xbf258859b70edd7609c17d121ad09ee72ff4f9b392121b15c5a05df60945bcae,1776984900.0,down,0,0.24508838768778043,0
0xb6e304d00e06cea69c806f907917767b4b0a8109f2dcb7f55094e7a90a5d9857,1776985200.0,down,0,0.4942564128521749,-1
0x0be9a56e7afa905ab07ad21c09c1714ab554d661a7635417d146d387e800c438,1776985500.0,down,0,0.6093786936197707,-1
0x25510b8994dc39d9f2a03dc9bc36a23e682db73162a437a1afcbd5c375d47bc3,1776985800.0,down,0,0.24904936952851175,0
0x9bf60f87453165354d2ed7f7f53a467bf0794be5ef3e89c16771a66bf6095fd0,1776986100.0,down,0,0.1558517803087252,0
0x5ff8ad616c208771171f2a2f4a4fb12193272e88f393c9c111b657f7eb55140f,1776986400.0,up,1,0.8009210669605324,1
0xfaf24db6dcccfcb4c7284fe5cb3d45336090382b07466e8ce72a46c30e4c4333,1776986700.0,up,1,0.11341944871683741,0
0x45972456276471fab6ff7f670be63e8bcef564bea651a168e949a4b50e19f1dc,1776987000.0,up,1,0.5276667942891279,-1
0x5576979fa3c69f5f5139ea72b19ba3e73eddef5973ec0a75f2cb0a009721aaab,1776987300.0,up,1,0.42354318781604583,-1
0xc7b051ce17785ef26152bab6d0cb7924b8c1b1aee45f3eac656b9256df361dfe,1776987600.0,up,1,0.8603079143479091,1
0x6fdd4d27b177bb190da3fb3593ffa5e555719b27c832c4576c772cdf8060655a,1776987900.0,up,1,0.46013496418888084,-1
0xe6d152637c9d86d9538cf07454033217ea7490581c0aecede9bfca12caf7784b,1776988200.0,down,0,0.34873459335792284,-1
0x6d43a12e9dba53b44ae94764f4bffacc760142a720cc96078fd24206063f9653,1776988500.0,up,1,0.2913565481553393,0
0xb936965a769225b4a941be2064cae016c273b840f591579c4fb68c41d0298f91,1776988800.0,down,0,0.5945064795390098,-1
0x05a83419673c25b4d095b2b182c199d4324e6fe81aaf1a715353b161fde4446c,1776989100.0,up,1,0.8390077695909515,1
0x3c0a9cb3a6f07de3e4865d7d73af95f5d7b376504d8a6c687d36fd4ad642a0ba,1776989400.0,down,0,0.18804675294701845,0
0x8fa012b6e09f27909c66b3f27f8573b7937304d25c5c6e30483bf6b4fca8b6ae,1776989700.0,up,1,0.3006586402054079,0
0x6ec1f86fdbbfa4f8de25ef7c2186fe2742029affb731a163f36ffbf66cd25ce3,1776990000.0,down,0,0.5653480417692625,-1
0x16eacfbcf49b57d9146789441f1a3e20a60a2eb120d5a34fa1ea512312640d22,1776990300.0,up,1,0.7910111563887653,1
0x730dd5387aca9b0553b8492712d6c8f7b8b750355b66bc972811c3b6f9b930dd,1776990600.0,up,1,0.6924185871854105,1
0x94004fc85cb23153e2b0a00bd40bd71789b62453d78f36e7ba460e606fc78be1,1776990900.0,up,1,0.6021919062033162,-1
0x07cb446bc9681b523b70cb0d5289661e52ba521a91769642ec57ff4b2885f2f6,1776991200.0,down,0,0.3855888630400365,-1
0x4a8c9dbb524ecedde96d878d59f91eae8287aadb2b4a9a663d9c1ec64bfdbfd9,1776991500.0,up,1,0.7951963138911704,1
0x888f4b22c0575def7e194e7b16b5c53aa151d31977f33bcf66c71bd9c686fbfa,1776991800.0,down,0,0.24850951022870119,0
0x0e2655fce2d596d2ed15ccb79e3512b014b6aac57d776e80a1ad24ddd9991818,1776992100.0,up,1,0.16495930729942485,0
0x361e0434f24f4fdd085e6eac20d8dbf1d9ea1932e633a23e2d1fd2f008185086,1776992400.0,down,0,0.07078014713522145,0
0xf7cc6f2bd55e94a3fb3b33f3f06174a231f3c5c369dd1824947bed51b400942d,1776992700.0,down,0,0.18902218677875565,0
0x5f087aadd135f3ef5789a3635fdcc2edf037c62acf5f9f29610f7d8eaeca1dd5,1776993000.0,up,1,0.608244074402046,-1
0x2fd1f603a2fb785ff212786a1b70e4eaff6f40e2bb15d8114e78151760ceccb4,1776993300.0,down,0,0.2064624409758571,0
0x20a31191940df6c6a97813293421e2c742ab6c4516308ee0d574350d55214e04,1776993600.0,down,0,0.29029426948056913,0
0x05639c0c74fffa8fadfd81650f8bac48a450a3f631b26dcffce86bbdccfee8ec,1776993900.0,down,0,0.6663177416128883,1
0xbb4faa2018b76d3af9e1949232f9d242dd1185ea21e9c7d8439186501707ce60,1776994200.0,up,1,0.5213933965851653,-1
0xafa4bf8a5ef10eb99cb52c5a0119678dc21592a0a6e22c11c19fc75abaec8382,1776994500.0,up,1,0.5010888019081025,-1
0xd50e9e5204e3e1546b898e9d2c8a18d8ef8c0462d98c9cb033433063278aa4d8,1776994800.0,down,0,0.7131463109264468,1
0xb02cc9c72929e135bb6e583b915af99ecbdb633405bf9587c50317093ffb3b43,1776995100.0,up,1,0.7170366318547069,1
0x805ea55a989714ea5839152b250fa4d4c4820777c7f16276a2533e168223b8c9,1776995400.0,up,1,0.954454729616434,1
0x5bbde8f76479cd0104fde80984f179816f031bc8070acc6fcbd696044cc348bd,1776995700.0,up,1,0.460875343266612,-1
0xd782f724190bfb1534baad73a6fcad88b0dc4fdbada1c739a1beb8102c2d928e,1776996000.0,down,0,0.4241649978050185,-1
0x5016090a7587703ab7a108eb3ff104e57a8656a5c6a3fb286923058b5c69adbd,1776996300.0,down,0,0.15767764186312294,0
0x16a8b873742914fc71a89a4615b681159969942516fd57b3e91a86899c50447c,1776996600.0,up,1,0.17540373331244247,0
0x6985545cbbf4a817cdbf84c4139b30be973954361d8e61bdf519822a48b1366e,1776996900.0,down,0,0.224928418538437,0
0x2baa9962fe823f1988d4fd2d0847f8bfe1bc3f5914fc879567a4d530e942052c,1776997200.0,down,0,0.14824219957834608,0
0xf36de48d445f9c3ae92370006c5f09f1d6ee81ee751d6b70d23d1404972237bd,1776997500.0,down,0,0.40360311401974464,-1
0x175ad6159acb3a09afdf802c17bd869a32fde0298fc1e721155339d6bcc5ab23,1776997800.0,up,1,0.739388470558625,1
0x8d949d324a395a52434da47197c8f7282e60a15bb7582c5a45d056e85a0de159,1776998100.0,up,1,0.505899810237552,-1
0x0f98abbf5345a4d4391dc222c45216e8ae4819549577e88413b10f7c67072b08,1776998400.0,up,1,0.6102155257523194,-1
0x83377e23750c15007e6a57c12ebfdf3368bd671580bb6752158a856c2423c439,1776998700.0,down,0,0.42278074896002227,-1
0x7647098228fe688da3748c52d3444c476aa26d77a9bdbccb15a6513d9b157697,1776999000.0,down,0,0.09671440357594728,0
0x2aabd3c197cc29a9eec8b09bd5b3fa53c566e1a6f75160dc5a21305209286811,1776999300.0,down,0,0.3352669633297282,0
0xc47d7e2321b65e80731e8eba1362c06c894899f39580c35bd8cdba649fc38770,1776999600.0,up,1,0.5792224149738099,-1
0xbfd9bdd7d77f43dcdacca231958c877da9af733bf7864b3f813a79fae99ed43b,1776999900.0,up,1,0.31341828597142457,0
0x76aef6dca4ae8346fadd7b5e825ea0b03eeaff14fdb76bc6c2d4ddaa8a20409f,1777000200.0,down,0,0.3534746754397676,-1
0x5c968ecc5c24c2c84d2bbc14f3e59dde72d5edea4385157bf62c224730805fe6,1777000500.0,down,0,0.10189947031553032,0
0xb57e1ce2bf2aee7d65a7328f88c7c326774c165095718ef0b36acf877423fbc1,1777000800.0,down,0,0.17870118563615156,0
0xb938c852f9fec49182a59318869b4065ccd982e6ad1f4f0dab2f04a59457a3ce,1777001100.0,up,1,0.9724343224397869,1
0x1b8d1c761d3307306e3515b41323e76300bedcf51c5dd0cc805f1aed9cb44f6d,1777001400.0,down,0,0.17587482025833703,0
0x8dfead2aa89a5c350a5dd9236abc2b0441d62a443f07b7629b7a1b48733bccc8,1777001700.0,up,1,0.8328311615233268,1
0x4cf2569a5da890ee0bfe336f25e71a279f6ea7bd33d7165d7cae194af724c577,1777002000.0,down,0,0.20487983287276743,0
0x43521ff889650215e8a841ae57b81fbb931ecb3a546a0217e9320baf3f337f07,1777002300.0,up,1,0.637804082617491,-1
0x624882187e82e23a6949358e1c17b45786652df148173462183f8773063611f7,1777002600.0,up,1,0.8248576805771779,1
0x5567084c2ad81494942aa5ce91b2bdb3359c8f9c2ff522d2438e8e9f63bf376c,1777002900.0,up,1,0.5162465541723993,-1
0xcef07bb7ec8c885d88b20c5a2a4b5d70bdcaefce729a3b869937db767dd67fe2,1777003200.0,down,0,0.1889422872079401,0
0xd288bfc5a5137d4e865224b4a4c868ee84db859107a9fa7df444c3564841572c,1777003500.0,up,1,0.450330375621635,-1
0x56d4f523a53653777d42e5f2d9cb2227bb233dd2e953af57d65184a2a10d59ba,1777003800.0,up,1,0.5336032151958271,-1
0x2a5e2333e62fbf1d1958f17af8499eecf711dc27aeba9ef966579c9c02dba0d5,1777004100.0,up,1,0.3420192805022662,0
0x654d08c5e6dd14f79c3c054f791709cc7e49e3810b56d29821d17266a8c14900,1777004400.0,up,1,0.872025270101071,1
0x89f8664ab3481244ad33849937c7bfaca3f8f4c2a45be4d46dad8a3becffea82,1777004700.0,down,0,0.1067710346025885,0
0xae83abf73355ef6575bba2c30df256f11db88604f5e9709eaf0a68095692d829,1777005000.0,down,0,0.7669849708894645,1
0x8aa3953a9b3fdca70d4400cd54f2c6d26fd529b8632a5386454d07286c305e3c,1777005300.0,down,0,0.7771175898933419,1
0xaa59122ea7ce4c16b6364419e67baf472171f2b53b4545f524216826b4437a4f,1777005600.0,up,1,0.7628621407605787,1
0xb885a021d7343433a4c7f490f8c6271fc994242d3aa7ee309034e3801be5f25f,1777005900.0,up,1,0.694320869732168,1
0x3f2e23591a1b7fd2a9e81b4d227fd5a8b844d59b12967377b722cccb4cca33ca,1777006200.0,down,0,0.2730625151538603,0
0x1fab80eb6f107dc0572264da72ac1a9b066618101f9a3fc2c64895068e909c56,1777006500.0,down,0,0.5354629929869439,-1
0x05c639e107e0d5cbd916f4c23019794ff88f10a35281e9bc9791ab86795ce42f,1777006800.0,up,1,0.4077689445942771,-1
0xbd044ae74f6704d9256d143443bfa0fed545d0ab50d39a2c5812ec0bc41fe78c,1777007100.0,down,0,0.19037953654612944,0
0xcadb236657afeef62eb9ccbabe9b5f7dd8ebf3d0970c824447b4bffd6046e27c,1777007400.0,down,0,0.24827413898117603,0
0x7be8dbd906195cc49f34b29a93aee3204235956c3572829d7361a45b2b989eb2,1777007700.0,down,0,0.3363588876140295,0
0xcc10a17d1a1e72b9a5a5d3706ecb620e82a75878e7e63b31e0a7c0938f31e5fd,1777008000.0,up,1,0.8505951145714346,1
0xd1ec1503edbcc2bd0c39e7f95a7f0365349d891fea27c0643d2140995854b35e,1777008300.0,up,1,0.706053855989595,1
0xe4a9cca9265781f936eef80287867976bcfdf9390e03f468d3ea810b215486df,1777008600.0,up,1,0.6448272416649286,-1
0x4d0640d304eb6909428b2b3b861a838f3728b14399c019e386ecea56ac5ecc2b,1777008900.0,up,1,0.28339511107197196,0
0x6fe8c1670e221c92e3e791310cf031706b3d580c205bb79c2a4f04691418d065,1777009200.0,down,0,0.41497831722139294,-1
0xded1e79fb5c6c775bbae842161993deae7f9b6e4d07fa7a62381123339be919e,1777009500.0,up,1,0.59768751648109,-1
0x02827faac1b6a71acbeb9704ee0ce5721868934e11c003a0cda4cd1933fb2896,1777009800.0,down,0,0.4568803276575697,-1
0x88fab190c579402f7a442cd33ce5f16f3e8607bd3baa6f3d246d8981211e007c,1777010100.0,up,1,0.9637366134599622,1
0xa871c71cb58d9bbfdeef395d69a5934b26227cc9c58b38b049ae605861e65511,1777010400.0,down,0,0.2949104191912077,0
0x9a9ee2a35892d99bcdfae9e61661bafd57930de639aa02efd5ac9aaf4b810301,1777010700.0,up,1,0.456362792287323,-1
0xe81b4df31a39e8075ba9baa9fe566f350dc6899fdf4c33774efcb544b1826e7f,1777011000.0,up,1,0.37749020501887287,-1
0x696879e1d7dcc9bb6c3da36bccc0a56eb9823f585b8b1996765c7b7baa1cd7c4,1777011300.0,up,1,0.4131174577406471,-1
0x032c5f69d66006583c01bc57b27d378e4869a84f56aaea646851079e94f0f8ca,1777011600.0,down,0,0.23710500083331165,0
0xf9934fcb0fc72068e968c1b350fa90ad54568a020a0a388e0659e83a45a578c3,1777011900.0,down,0,0.11428124347205565,0
0xde76e4d075f025bf3928e976a81ea0c846809d92776d0a960451ad07b5103980,1777012200.0,up,1,0.17010588562548815,0
0xa2e7a07993327d299a5922fd56ba40c0857d80628a2b64b1425175b430770743,1777012500.0,down,0,0.18242447432871628,0
0x7fcbb7cc1bca7d3cdcc9384dc56167514e0ab1f12170da6efeb7bc0ed8f63420,1777012800.0,down,0,0.7789300273706398,1
0x04aef47cd4140e2c7aa4bef25a2c1a06c4559c548c3c07e9db3a9f3be4c9b097,1777013100.0,up,1,0.3267722636144553,0
0xc1bc13bf225def183b17e628eebcfddf428d05a425e81c44ca57cb154fde5717,1777013400.0,up,1,0.7985592900612056,1
0x0e662c650027690ee82a69c48b2d7260b42f958c7799d4ff713104adcf81ebb5,1777013700.0,down,0,0.4654519684369984,-1
0xb59592404cb731c311dc29fbe567fdaedd81ad1fdc947331d78c13a7014e2c9c,1777014000.0,down,0,0.36244681742369267,-1
0x1e46b40e7546f698ad01140a7b59f96fd18c3341fdd82ff23e6879f76a1c7cb7,1777014300.0,up,1,0.606763486374071,-1
0x915c3842f9a2b85ee92263949b7cc13e7f505bcd0afbabfa3f69a20e21607d3b,1777014600.0,down,0,0.6286965418492529,-1
0xe4467adbe1439df4e5191a0ae5503996640916b47bc0cf691206349d33947295,1777014900.0,down,0,0.32502500066759527,0
0xa544fc4562e0745f644e73774a92c43065a58e094a8ff8d458350d6afa99ab35,1777015200.0,down,0,0.4096607627028823,-1
0x92f3188b04f34413d1437508225e6f9bf42703e4de1fae9e0f2eb83999f6df41,1777015500.0,up,1,0.6536196394729062,1
0xca80a30961f86c674420b3cb3480b124444c0908260484c0b5a6eeda55f19605,1777015800.0,down,0,0.22723552565641153,0
0x35e186d0c89be66dd5a4b481f5bc830dac02cc8002f4f9063b3693d955b0a8e7,1777016100.0,up,1,0.44121416514514145,-1
0xc5bd0838ef18e4e2df728077b590996eddacb86f12a2d7fd557f1734192ce167,1777016400.0,down,0,0.3516697847884882,-1
0x9f30fde71e7049b8bc953c67f34af9f95c227962bc43650f45784f62e8b4fbb5,1777016700.0,up,1,0.9021008493363174,1
0xbee49df41209a27dabcfe500bf3046dfb092894e3bbc28992d9db1018a1de34b,1777017000.0,down,0,0.5630474964932861,-1
0x64cf9001fb9844cf42289ca804d9038b82981cf7fa53f0e8140b14e5be889354,1777017300.0,down,0,0.13252601387639382,0
0x494bd44b90f62eda1add38985d29aa2adc6253a335f9e3d790d96c8e0e46cf3c,1777017600.0,down,0,0.18099606663884749,0
0x953158d59823b3171d519d8b78b375506764d5ee0e8023637131022b07345851,1777017900.0,up,1,0.34929139205540405,-1
0x98db85467880d07a9faf5a7cd17877ff7dfd2fd6f7eb9a0e482dfd86dee8e995,1777018200.0,up,1,0.4039713513133478,-1
0x5fddad61a7f800c78595b72ff5d0d992dbba49da79c5cdae6b44c31457d76f0e,1777018500.0,up,1,0.9984466186175431,1
0xd8a0b5c700f7fd48a7da4461edf833f2a095776a3239cf9726030db0af2b442e,1777018800.0,up,1,0.948334061760595,1
0x473d577a3176d7a5788bd454e036270a8e3534df588ac552994abba00f605032,1777019100.0,down,0,0.19200770973741418,0
0x9aa1f544041d926285872b67133f208b861960f8312b56c8a4c06c16f73c855f,1777019400.0,down,0,0.27540097863836366,0
0x38fe9e22d0d61e85ee94465e7d88c05642c56c7e2a507b5bf544262cde05bc01,1777019700.0,up,1,0.36246781480384604,-1
0x4828eeef1f27bf9b79ce554aa3730ef9a5fefc43e8b654dfa235e62e73c6f4c0,1777020000.0,down,0,0.23102768527212628,0
0x44645c92f4cf66f6320ef8bc36599f60e28aafb9b5e54f2a4785354f054e8cab,1777020300.0,up,1,0.7980299346650654,1
0xd5190b79d1061fcdba76f20643cbfd012a35493195ae2d780117f196df713555,1777020600.0,up,1,0.6244742330899358,-1
0xd08b33e214a31a2db25d3d6245bc54452bb6f86ed3d854c6629cf6f285d9fa93,1777020900.0,down,0,0.31593057322078116,0
0xc0911986a27635284970556ec4a81d6a4f561e16d7356fe77507ab4e488167e3,1777021200.0,down,0,0.15133667640357895,0
0x808f3767f96c1633187d6941db9ea7878a2a34fa6e740efe57037881a3d88671,1777021500.0,down,0,0.12310488686389087,0
0x0f0f9911fbe21306f637374865281af79298f4a9a69856959610bafaecd0dbcf,1777021800.0,up,1,0.5537926567430788,-1
0x48d1f375e2a1168528c0637afe1c353f12928f58110e8c214d9ca673679a9b57,1777022100.0,up,1,0.9599383568898692,1
0x5183b16380c086c098a5e189ec7bda20a99ad4a34a9c335d8dc0cfbc782b4fa2,1777022400.0,down,0,0.4419781902016809,-1
0x06bcedd2138df007eaf6513aa0927791178bad9df30b5c24851f3557e1af6c75,1777022700.0,down,0,0.4432922584277109,-1
0xed861b85f4979b744a7ef433924dc74aa10255b1678cacb81b9318965efb66fc,1777023000.0,up,1,0.7702781366253019,1
0x74c6063f2d08bc6e662bbeb06b8bddcc7872b7de3881965db2ccdf976adaca4c,1777023300.0,up,1,0.553123581341341,-1
0x1d403f4b8a4509d059c194cf8df261bd93d034b719ec35aa20364fa642f0644b,1777023600.0,up,1,0.7668026644013937,1
0x902fd233b76a016a5c18a8d29fd5c1b325167cbce9383ed3dd2d2e559dfe13c4,1777023900.0,down,0,0.17682093441226845,0
0x36ff7f99bce790f6e1c4d5dfc45224787032d556f595175b98d98c77bc4c7568,1777024200.0,up,1,0.2530055719796931,0
0xb2975afd6ed3c9244bfdff51b27209c0fe28cc6564c8458e67c0360a33ed2c05,1777024500.0,down,0,0.26091363347472574,0
0x5a704f558b455e6ff0d906cb5ae24e8c44943492a535c9632d04c35a07529884,1777024800.0,down,0,0.1133674959688159,0
0xc2d26ef5dbce2b579bbe13769b4274e7f7a478fa1af31513f5e18459087dde77,1777025100.0,up,1,0.36540815822370015,-1
0xb9fac83923a38d8d7650644169c41aadef0fdb7175751cdd0e8c158400077188,1777025400.0,up,1,0.25523257858440096,0
0x4f4434adb6234631cfb1b46a3fa31f0670416c42c1941ef420bbfa7799b6c2c3,1777025700.0,up,1,0.8737177835015878,1
0xa8eeb4ae4030158f1aa8dffbc6413780ea57efc8435c17443c76ff51bcec1cdb,1777026000.0,up,1,0.6360648524756624,-1
0x88902cc524fa49ee2cca35d4e59fb0d07a51b3fb5257ae75beb9095c4f0d5962,1777026300.0,up,1,0.8652125107021538,1
0xc1f5f3f5fd7a54506b1b943039e736cd8abc378e9a878f8a47694fb975aef2f7,1777026600.0,down,0,0.5402416210192856,-1
0x81067857de0647c0df162d51f42d24df4de7e19f10acd70f7841ed8146ef1c15,1777026900.0,up,1,0.8233352362711163,1
0x9c2609c29bfc934e6a148135273e01468c6ead78cab44df485a7e874483b3fd7,1777027200.0,up,1,0.5841103843819354,-1
0x546c6e3661e0350a10d9efc23ce08b5a9bcacccdb6fd67d6568b231d9697b680,1777027500.0,up,1,0.7492087300482853,1
0xc5cfc7a42534cc6fdd5f08766de23c547728184a9696ebe52af21ceeba750ff9,1777027800.0,up,1,0.6152904842954116,-1
0x1523067eb7fb3797b36e4da9d4e0c891c558285755e6917c78b72d2161004f52,1777028100.0,up,1,0.8197153317676589,1
0x7541d78c0a8f09a10efc7e73c0b37212d8ba28fea15b4fe871d5a6a32346a067,1777028400.0,up,1,0.9999173281340391,1
0x4c3bc9d8f215192d059a65caa15ab0483d647c9dfe20fadcb248c941f98cecac,1777028700.0,up,1,0.9707291085321046,1
0x6615cab0eed8cc9ae375679fc17a0fc16b7a7d21d36a1a3224d3ebc37193d3d2,1777029000.0,up,1,0.6430918067933312,-1
0xce3e94d58b4146f128914af6fe7d9a6acd4619dea81282571aaee8e5a2a71ee7,1777029300.0,down,0,0.09819738177603685,0
0x288045c7efb3a308406ac5740621239dec26182aeb07097e3b6a3ad3856f436a,1777029600.0,up,1,0.721555092358012,1
0x75a27943fda0daddebf1b2957ad1beb412824d09a4724793b6c6a8f5c52c596d,1777029900.0,up,1,0.6097407270174984,-1
0xb1da991aafe4d556d63e41b8aad45a45070f95add86f0a9705cbebe94d24ed68,1777030200.0,up,1,0.6317747870233106,-1
0x000667d9a617b0adf30e5f471f0262b95614e20f32817101267739a0a73378fb,1777030500.0,down,0,0.17448590440260278,0
0x22a5ced45f8f38cd70eb4437395887f889461dc4d2d06757caed943d32bc4eb3,1777030800.0,up,1,0.4716398336661605,-1
0x803f6c7be9acb959de70f4273519645eb109af87335eb45de39be097f0b7b2b1,1777031100.0,down,0,0.08483295531079338,0
0xf41d8de682e3dbc2590d33a783e50a14d87f2e8931bb74782d7c905837dd512f,1777031400.0,down,0,0.6775301431669905,1
0xbfe7f547ea218f55ee00b76a66c332fbe736f039aa612cc7398e160bf3af9ec6,1777031700.0,up,1,0.5492497885405228,-1
0x56ac850a75c3bda511899a251413bf74622c1dd034d3a3c175b6536003c75256,1777032000.0,down,0,0.6440623710755742,-1
0x86d0cf2a357bab166a804fabaa55d3230fe10ddf5b4e1f9a6f14e979fde45407,1777032300.0,down,0,0.7532470474850995,1
0x2d54f521fba3b71f2ab38275a5b17575ffe77ae67985e3f877887d0dab337895,1777032600.0,up,1,0.8107734492959812,1
0x54c5aaa49f355309a2b3f7a82f40eb708213c8e77988cf39cee2fca84366cdd2,1777032900.0,down,0,0.4524488877872138,-1
0xe5020727a68d5305d7e913089ad4c72ddccd99d66e659c58edba760a7cddf75a,1777033200.0,up,1,0.3731868905213538,-1
0x68039d9a30f92d461edc713a7db4dc2ff94e93ef887d55199c2762f7ecdd92fb,1777033500.0,down,0,0.18145572612319028,0
0x85d4f800924b0eaa45a7a7447bf51f0caae8e1c979cb30181716bde3e285daaa,1777033800.0,down,0,0.5328057269229383,-1
0x6908f059931c5803e794c59bc830c0b7cd6fab2b07ca09feb85d9e85f7a71831,1777034100.0,up,1,0.7264168587509326,1
0x3cfda1b9b348441285387ade59ace50b0ed2f125fcc1c023a22cdaa8118df149,1777034400.0,down,0,0.8137809441063828,1
0x388483a23ec49cc129d2a5cd8d5a242041af7b6cf1a2810e41323fe135d51c11,1777034700.0,down,0,0.8772005642287012,1
0x8db8909d2f3883989b767ce06bb344fdd22643458cd917e1dd73bd16c2fa7cf8,1777035000.0,down,0,0.370136026451548,-1
0x9942dec0d33637486285a741d65a89c60d583d7fbdd742312d18f61f3741dcf1,1777035300.0,up,1,0.8550608073919006,1
0xf5bd521512dd412766f550ae1e8f8d30db5df588ef9ff8d1499440619bd0409c,1777035600.0,up,1,0.8483688542215585,1
0x9cbb3564393b59f95a4845d56f5e47f019dbd0984113a5d4af7bf17ebee23681,1777035900.0,up,1,0.742731115157221,1
0xab349cece45729cff1bce97a929935ad32b3bf69d74ab29bf2c2238b11ac0958,1777036200.0,down,0,0.7368557996640143,1
0x2f893094705dbc4f6784361d9ed105cf1b91042939a67f5d0abb361959a9b87e,1777036500.0,up,1,0.38422033297416297,-1
0xd4fd1f07a92f6cf080dc4df24a64589103b0ba8fa9b9629fe4b1eb662314e3a8,1777036800.0,down,0,0.19517515983373862,0
0x8e301694ce55b1b686bb47aaefda018c57de3f751d9bcea8661396623106ad35,1777037100.0,down,0,0.13169126382517235,0
0x6bc9d3eec5f44e6f2d780344d576aee4221cd8dbdc92181ca44a77ae7bbd8811,1777037400.0,up,1,0.21018108851832112,0
0x51ff47871b1d5931ef800a39f98ef1d2866329ee06998c928ba12fcc46c85b35,1777037700.0,down,0,0.2034611972632244,0
0x3ce7f3a3e87ecf095e39069dae757c537a064eeaafb1bcefbc29db3ea5f429ea,1777038000.0,down,0,0.19203109169630478,0
0x44f643b160300509bcb9329bb13d311094d9d425c72ff49f424f964f5a1df906,1777038300.0,down,0,0.838811849433568,1
0x5518a0415f8637874a0c10ba21b97e8fd8bd41a0082bf0ab70d7783111056302,1777038600.0,down,0,0.4309054190699314,-1
0x776a76c2a5e219f24eacd9f34d805b2b899a639e92dcd8e422e4434a772f6119,1777038900.0,up,1,0.22938484952458457,0
0xbccc0098f148c6c3cbc31397d39fb4e9c32ee588cc7b338e14d2815ecb98b47c,1777039200.0,down,0,0.09724152137363043,0
0x47974e724add8424e3db9635ff990ab0c766b5445418fcd0e4147bcec31cc7d3,1777039500.0,up,1,0.5132172158520273,-1
0x2308e3e5c09460763ea96ff380da4254611ff006262babacf31604ad1c3ffafb,1777039800.0,down,0,0.6133529391039417,-1
0xf0a475d299184d020cd1386fa699668cf3d3ad77a744236ea6cb7895d8648c01,1777040100.0,up,1,0.7364259152796813,1
0x92dbe3195f3ca46c656be5b5bc9fa721ea3d29e7128902babd3249dcfb306f61,1777040400.0,down,0,0.21868242755081768,0
0x0393cb58446ef968f5f41b893364115e3dc9072c04ec5072273f6dd843046186,1777040700.0,down,0,0.1159483785551812,0
0x15618cd3068f742ed77bad91d6fac8d3e9056bcc86070d0587d774a7b0130998,1777041000.0,up,1,0.7999020528582389,1
0xe60f4a3126c1635e10e438c451d3916630d357c65b748aa5689f5903d47587ac,1777041300.0,up,1,0.6531451260470147,1
0x9db438e223f3091c9b5abe5ecb491d97f8f18caa37c2a11b5e059d848aee02b9,1777041600.0,down,0,0.1704249762958892,0
0x016f0d5632b99d98118368f00948bb63e18faf35e4f92645a44166b90da52c9e,1777041900.0,down,0,0.8667975781991546,1
0x8a25f1c03a6c13bc994a48b2914ddbeb472d224304cbe0c8686bc4e30fef61fa,1777042200.0,up,1,0.7552697258808556,1
0x09760c6017bf80a6d9e88616c0b27cbb8ff4ad806e3154d2245a32a5bff7eaa7,1777042500.0,up,1,0.7718837071627321,1
0x9026c2b26feedb72dc3ec171dcfdeb675fbd7c4504ada18ef1bc459f8d2cb8b1,1777042800.0,down,0,0.09749511609323705,0
0x442694e848c983bb06bc668f556d337659df00f4f4664f6e75b6eb508ea11e39,1777043100.0,down,0,0.05953964370016381,0
0xb764ec61ae5c1da3ee18d3e5143ed102b82edc71d176f805edad622a4d9c1003,1777043400.0,up,1,0.9720882489161087,1
0x6f7cd9aedab5310f571fd5f08fbc9a1fc6ad0f59b478eee0ce4bc25e4927f552,1777043700.0,down,0,0.7417024960763072,1
0xdfee7064e01b6cd9dfb8c175b7ccb34912741a04f74632ae185fcf4f1d1fa0ae,1777044000.0,up,1,0.7480260154834323,1
0xda836a4e89dcdd23a8c0453112946c8fc26e8a4e5eef573bb73d69206f0b55e5,1777044300.0,up,1,0.7414639361189425,1
0xd5736117ce47023210e3847d59ce412f4029c45df1c5fead37dfdbf322a5d857,1777044600.0,up,1,0.6201402001172489,-1
0x7ef3dbcaabab7f1d364b5306c77f0d6d8eefb7580a92bb249024b546fdbdb82f,1777044900.0,down,0,0.17479353747116222,0
0x4cb8e4368d08981191bfad3d7f020abc92bf6ea0d5293f37c8d7850353e688b3,1777045200.0,up,1,0.488196528476825,-1
0xe475e53bbeba1cb874482f71629948e7db1be4fce5d3b3a2334217f05bc32fd6,1777045500.0,down,0,0.7512108510704614,1
0xa202ddda582e31866ec72f54be4b8551082a87646d3312389df35f764e51c17b,1777045800.0,up,1,0.8178836120979045,1
0x8e224f8e33e5020064fcac7c65c46d2c6fce0ffa3e1a07eee9331698e8c3d903,1777046100.0,up,1,0.41815591217070897,-1
0x4d01b4681fc97427d36f2d5f27a6a15ab3334475d32b5c4e29cb7828d1956d29,1777046400.0,down,0,0.09790030953122533,0
0x9b8174c251e483c2a0e91c79fb74bb51e658479853906bb3c217fbe998aec601,1777046700.0,down,0,0.7790075518709311,1
0x79b63097e6d5e3b39504332ed61d7a1e4a542e256c3d64085eadd2425566c2ea,1777047000.0,down,0,0.8591335657196295,1
0x128fb61e9006caef27201e8e09ca611a77c4764fc277379fd28920b625dd59d1,1777047300.0,down,0,0.47186800983334404,-1
0xdff62d4a87ccfbd1f9fd476ac73cd9fe064d54ebee307e9eb87a85c548e8e9b9,1777047600.0,up,1,0.2767047666896576,0
0x7e88b3b1c434fbf54b24322b9d976179810941f098648540d207bb3f1e4d3ddd,1777047900.0,down,0,0.44406674833537957,-1
0x718193f557cef3281ae60c1cb4f315de055517276ce86959efcd8ffa7dcbead5,1777048200.0,up,1,0.917836467787879,1
0xf0e9150a9c21353ce6aa8f99d44abeb4ce1c9f7fb61b2e7ba5c8b8c1881b44b5,1777048500.0,down,0,0.21941303857614364,0
0x15731514c000b13feb08281f06daf819303ac73f2242990d8a4784518a8e623a,1777048800.0,down,0,0.032591137004088215,0
0x0a46b17ac330050aa89a2a9e7d938ff88989a5aeaf4cf662aca55eaebf2af791,1777049100.0,down,0,0.6591668837516707,1
0x13ac91fa0a698ae69f4bea47a3bfd5cd13132076425dbbdd7d2301370a1c89fd,1777049400.0,up,1,0.6125767770384283,-1
0x2f04f58efb4b10a042df7df984f9614fb58aa9015e0fea5976d82f23a3bf7e14,1777049700.0,up,1,0.37214901937494016,-1
0x56d9779b97641be7eb447a5449a8034f9f4a44d7e2b883db451a3df98ffd29c3,1777050000.0,down,0,0.1811923916713791,0
0xa083cf78f53c3c37c42ce7baf94570bdd027da2179e641074137b0861020e3f1,1777050300.0,down,0,0.35758438485151484,-1
0x68ea5f559b330e760465f376bc6b366889c07519f39ead73c7666eb2821c7d62,1777050600.0,up,1,0.9668535599414521,1
0xaabfc2196f7cb0bf9630a82466c008681c841d8681cd0308117fb80d17c1fb90,1777050900.0,down,0,0.27923978827188667,0
0x6602e099f3bcd8220878daec65e1352ac22833a47fd232968ea7577b68c7f3ed,1777051200.0,down,0,0.30279922947367366,0
0x4d8b4438df8ecc43c38deff7f20913ca7f8eb650b6400a6e15249b655d6b0b41,1777051500.0,up,1,0.5391596395512307,-1
0x247952c10f76013c3cc5c02dba62397bb9b61484b622465ff8cf7e9e30e0674f,1777051800.0,down,0,0.7783427981698607,1
0x204f005436cca53e60e3b34b5f2bf382814fb5a97351385d2c8b8c7acf56a210,1777052100.0,up,1,0.8939123153400214,1
0x2eb86a8299a69c0cee703f9027490abe7947c4ebd718b7f89002440f38c1ba73,1777052400.0,up,1,0.8062542003275389,1
0x557ccc608094c90f3d15cdcccdf6e5c11e94f3fbd0d16a8e36aeec3713c78107,1777052700.0,up,1,0.3138426522246098,0
0x39a3d1816b0c98e5339452ee51b2350db7dfa81feb5d403c5f54f6a7c0d3c930,1777053000.0,up,1,0.8342182951255881,1
0x71528176451a4789733cba6982b8e2956fd863bdb05cf21ba5aff50dea64238c,1777053300.0,down,0,0.6068129531253121,-1
0x1fa79cf81c12f63a01a20cb2a25aeac789b7e1b15f189c177e029141569259ce,1777053600.0,down,0,0.3187666629431546,0
0x58f373ee2791e7851be7e36ff752300ff347f3a6ede80d2607fc18a4b47aba48,1777053900.0,down,0,0.32774834449079415,0
0xec5e09b7b18137d066b3a46250b01d8e9e2cfe55a9f6c4081782dd38a2c03724,1777054200.0,down,0,0.7273365995611485,1
0x567cbb609eff16ccd44794e37d67ecbaf15485f9c4cff2a3df026b3dd79ae198,1777054500.0,down,0,0.0591730281171117,0
0x14857bc1d183196aebcfc88d057aad7dfb15f91152265ad24c1437cbea690430,1777054800.0,up,1,0.8689863792411134,1
0x15c1b29f2c1c396cdd43e2de868b715c99bdeabeee6f4c11f5bd66f89b64bdae,1777055100.0,down,0,0.7101982827556574,1
0x4f08a1f3c490aaf7391f03ced485b7f0b8089d68eb9012b6a0b36b300b59affb,1777055400.0,up,1,0.7730864410577319,1
0xecd6584611d40c667c68eae098afa22f6b25108f7d4f3795d83a7d46a975b431,1777055700.0,down,0,0.4513339481693879,-1
0xeb026927dd81b5ddd031fad8b3f46fa93b7c4cae8b4344bf0dbef33a1656fec3,1777056000.0,up,1,0.22703815423548462,0
0xe69320716d204d50fabbd3eac9f23d731079d135d3b7d9192ee771a3d8540a04,1777056300.0,down,0,0.785282679554691,1
0x03383c5bb106c87acf9b0bf1d608858e3ccc30e6ed25c935a45674499c60de23,1777056600.0,up,1,0.5227566658475657,-1
0x45116449a72426f668fa2c47d678bba3a1c2336343cd6bf039bd6297c688e2b4,1777056900.0,up,1,0.6294036422591661,-1
0x4f87e0d1b4c1c4498d562d27a3dd64646d3cfa5cd1749395d0e7f84efa1979f8,1777057200.0,up,1,0.9823280072479913,1
0x40d9b65852c44dffa8b9cf36aae51f1458dfe8deb2e53a9b9ed71a3634b16142,1777057500.0,down,0,0.12191969152851177,0
0x4980e5a5e8e9ffb1e827a57b57b01cf18caa14a8103b79a175850a454ad3da32,1777057800.0,up,1,0.5855270188207417,-1
0x5b656b2dad586bf8050d850eccd84404e8af044e7932fe07c58228fa27dbe708,1777058100.0,up,1,0.8125419479534063,1
0x957688721c4a72f414a52514dd9b96c6932df81fe8f6e7c4cb2b4e78f5ea3674,1777058400.0,down,0,0.201118067674686,0
0x89a27f762eb7e8d53e6f55f1fff370cc23bbe36bab215c2f375761e4d4089e0a,1777058700.0,up,1,0.11458133696672776,0
0x71c31fb860bb724c2fc4fa6627c645204e1d8bbf8cc2764c3ddcd3dbfd49f09e,1777059000.0,up,1,0.8938818166776206,1
0x2cb452b5de8e0e9832d866831ea28e3c2b384c53b819d6d06ac32956efa6c4f6,1777059300.0,up,1,0.29726482718393105,0
0xa945e631289b8e486930b6a1d8b156c3ef40c6f115c219eb5e944565ad15ab79,1777059600.0,down,0,0.5689756053183556,-1
0xe8f11d6257d3040a74fdf7d55a56da79657080ceba716242db0187d3276bb24a,1777059900.0,down,0,0.22349006219279452,0
0xc1d1f410b3817e6184ecb162c88202f5c643ace0a10082f81535c703cca2d4de,1777060200.0,up,1,0.765933254637326,1
0x0d8d69c9c65af4656b665d3edc10258d771a93e80d797efe9f31408a00ee2088,1777060500.0,up,1,0.6466362515330216,1
0xbbb71ea0fd374165413b4f3d0a9da41219b1937baa946643e84b8ac534e7f39a,1777060800.0,down,0,0.13096194520743276,0
0x60103f76b0a045ec3763123adb491d75d39e7f08b9e3863f0f991c9f2c144ecc,1777061100.0,down,0,0.6587401477253366,1
0xad44898bd167e1dde597b477442f89c921b34517996f76becb99ded2ea96dc48,1777061400.0,up,1,0.6533595368572764,1
0xc6f4565d474c5a94dab573b3db4943bb8a857d9475752c51e5fe3806bd2d7309,1777061700.0,down,0,0.37153248214497137,-1
0xcf14db47ffc078c28e2d762604609f483908e2e6006c3248b3808f8a575c6dbb,1777062000.0,down,0,0.16279041069205205,0
0x1e968b496d574f24a95afd0a987bd6243dff74e87f052def0222f0f5e57f19ed,1777062300.0,up,1,0.13687785128022417,0
0xfee2c90758beed6a41b5e08ac0eccb126a6a77210db6c25032b10aedd5ddcfd1,1777062600.0,up,1,0.5351352393941561,-1
0xd5a9e7166f30b6ad356f84d94799b056be3fcc9f8d99110efdc2174265084020,1777062900.0,up,1,0.8792411167552493,1
0x324e21835066e8648cf166026551cc14e84f66192e793af7468a4eae3a0bc63f,1777063200.0,down,0,0.28267759825607863,0
0x28439f8194473a8cae1a41ca3c6726d0f0e6f127db91b4fef88c02de83fd193c,1777063500.0,up,1,0.8135268344422136,1
0xb495dd695bb1af71f977d8205811d27ed9b49bef70ae5ad196d445c8783460c2,1777063800.0,up,1,0.5569823838104802,-1
0x1cb3ea42b0eae845fbe5782c36c273167189b050861e0090fc16ca5d9673ebf7,1777064100.0,up,1,0.8565447683171834,1
0xe79544c02a4c8b66b236a3a5aeec5c0a8e1fe55bbfa2d39ccc2259d067510385,1777064400.0,up,1,0.37596040185408697,-1
0x11af7758a87366f9d40216e81fb331e32dace3032d742a83ad27f9e5e622ccbd,1777064700.0,down,0,0.14187505923472277,0
0x457e8996caa3b00295d2a3c7dd1db6e7ee213259c945e9b69c24cd0b38886e05,1777065000.0,down,0,0.5007238390840111,-1
0xfafe192e47b401347a407655fc5a23db90fd1bf5bb5175898916c77dbbf61620,1777065300.0,up,1,0.41656442696819673,-1
0x6d35aa1dfb83bdba3ceb614dd4f0f71b6fe1732749e2f7be10a5d73ac5527594,1777065600.0,up,1,0.19335293945422663,0
0xd77fdecfcb52f5b5f1fa2dd689ebdf7cfa8edf129310cc90a0bcdbc1b0630660,1777065900.0,down,0,0.2585883463178876,0
0x947672af0db2decbf6637cecd5b2b89874431eaeca37eb8f5af604eb01f35c38,1777066200.0,down,0,0.198914337287016,0
0x5f67971b877d297a139042faee2873240eb26200245ee0478566afe28f53a03c,1777066500.0,down,0,0.17954995981013433,0
0x9e7423dc73d483fd02ff141cfe7bf9f1f1b341d8d9d6b4a7f954c1bc5c2dc84a,1777066800.0,down,0,0.5651520258976352,-1
0x8b3b0c607e3baa300879c2c9e092c76b6ba6cd1c271426af2578857b417ecd8f,1777067100.0,up,1,0.7055145244223094,1
0x58a5d2bfe957a7c3e50d8136cef0a30b6c9839c38b27fe625b546e25b387cca4,1777067400.0,down,0,0.6417448482749042,-1
0x6519aa124d335c577443dca5caa78d18be8ed091b3a8c0da036d1341dfc406e2,1777067700.0,down,0,0.5336364765479056,-1
0xec3691c1cd750e105bade2a2e63c113dcc537cb89a48823f1e38789b3653fed8,1777068000.0,up,1,0.7129424667765373,1
0xaef8fd81c2c414d024c94ba394be9472db1d1700920713bcc5008385dc572ebf,1777068300.0,down,0,0.5338822690678395,-1
0x4026ffadfed11b66cff94dcd4facf53bbd378034449e2c0016e79e22239f0101,1777068600.0,up,1,0.816300834624588,1
0x6bb0be0c30e41a67c8e1b7cf767b78c56ea48e4b2a8c1629eb8f3f56fa76a18d,1777068900.0,down,0,0.4792394591575127,-1
0x3850d776ee30e5482e5cc3c7109ff2d94f72a4f9cf667e49b5e68196f775d333,1777069200.0,down,0,0.4541045681247244,-1
0xf060fa443b8ba47c96d8489e8511fbe06cf0da55dde0be7042083980cc7591cd,1777069500.0,down,0,0.2620475895000166,0
0xee9ddb44f817428a2acca7cd62d8c92fdb09e4011bbde21b48e34c5d98ba6688,1777069800.0,down,0,0.10961168246492875,0
0xf005f40e3831c36b78e0653c06a017efc4ff52f8cd8a6b860b1daf9f80b5f49c,1777070100.0,down,0,0.5455697310127726,-1
0x6fb91d9621b0059573c9a7e37ce20ef84679e2bff97a6d844ddf9d46043dd3d8,1777070400.0,down,0,0.6419214738825154,-1
0xf6f74802db8eedae5df48fc1ef1c2049da930e17e7fa96d720be1bd8c4ca2f52,1777070700.0,up,1,0.936095380136362,1
0x47ddda99330e4e505a7c42dac8430a44039bf7e904e9d733b7c2ad8b1e46b824,1777071000.0,down,0,0.4413018724448363,-1
0xd91c0fe91527230ed484ac472ad443d483c6bfb1445e354c5a3d45cf79d30e3a,1777071300.0,up,1,0.6116636183601467,-1
0x3b95d1a2dd5689d2a84e2e09f4501680b125b4d230874929e3ec639e3704adb7,1777071600.0,up,1,0.7521122894769968,1
0x5060a90abc8f5bba59f9762fe2c8662775d57f58eedac247cfab1585e47bc720,1777071900.0,up,1,0.683331497334433,1
0xbceab30cf83626abb24c0876d27a158696d66f3d297b2126230d691c8b3354a3,1777072200.0,up,1,0.7008779596393815,1
0xb7816bebc358b4b262221897e5c7dde61ad0bc516201ff16495e2a2a575ba5fd,1777072500.0,up,1,0.21674473087003274,0
0xcd00a8ccfff0ab3ceddfb126c075f70ce63d9b7cbc10b2995428469a69e51429,1777072800.0,down,0,0.15663097366447468,0
0x424335524f3fe6746102704e019d9ea02a2a1419cefc0b02202a4a1549283a60,1777073100.0,up,1,0.8030718210578279,1
0x030a7e380211e8ccfb47392d0e6bdede79e3a682593e489ba7783c73b13e941a,1777073400.0,up,1,0.6187487709758782,-1
0x3c1370dfbb55476612f6aba8a7032f831aead4266c519042b5816117daeba1be,1777073700.0,down,0,0.3847268428579762,-1
0xbb3a35d5bffb0922d034dbcfbc7944ef5ee832634b100c2f54c832b4c9294d8c,1777074000.0,up,1,0.5437561290777504,-1
0x808edd8d59f0c5b3bf8108c204c288e5ab03643ca2df616d7e99f5339b0f9832,1777074300.0,down,0,0.42978052560292374,-1
0xd239dccc4c2b7b8953d52db384453938fcd74fe3b90572e052701c3109d4bc3a,1777074600.0,up,1,0.45171636288848704,-1
0xcd1d603205448f182fb8dfb944aebc1b7295694d485a2dfa5742bbc9c369a0da,1777074900.0,down,0,0.2532010923220548,0
0x66b190a42b9a02ec6a7c16d0dcf4a515c283a3b8d184d144b100a4399131efec,1777075200.0,down,0,0.6819944696816239,1
0x77f3f6d2166664e68dfb81dcdc2d678d170a1f0154c3908742cd8c4be3932c3b,1777075500.0,up,1,0.6300469311025502,-1
0x63a18a97d3d5148514b64c5697bbeb93891cd56a4efb712d5361de76cd491de3,1777075800.0,down,0,0.10104956690569192,0
0x53d8eeaba58d46f55fd762f311c3716360482294286e51ff96e96defc2e429e6,1777076100.0,down,0,0.363645993899406,-1
0x188e25324c49f35c2a3190b9e7ff2628d0eb2dc7c6a93c2f4a2b60dc6cb9a08d,1777076400.0,down,0,0.34713067144921256,-1
0xda0a10026e50ca3397d8d5619ec9fd630bc5d30aeba38c5af5ffe2626e759c08,1777076700.0,down,0,0.3420306139918775,0
0x3db8dec3b8761e97fa0dd4ac32c3971b40037f33fa3aa8ef174e9ca98c942f12,1777077000.0,up,1,0.5845603602339985,-1
0xeced791f8d28d19c74ac0a4ce1820ac749929c6c3ff08321505376c57c8de822,1777077300.0,up,1,0.40894036882867013,-1
0x0e32c58995740ddad53b8c12ecf8bc9ed37b2a40f1c80540c763e521b6dd0d5a,1777077600.0,down,0,0.7816943172434586,1
0x0384485ae784b9f4e9fc9d8416ecda50d2f5a87de9242207f5948018e114c7cf,1777077900.0,up,1,0.7595745723739827,1
0xd78070580b8c01677349317a59231fff57c5217ff3e11614a102ea3ac370bb79,1777078200.0,up,1,0.707163501569406,1
0x9a783d9f804039c3c5532a10627d1e52dfb13ce773eb120d206af8e1594298b7,1777078500.0,up,1,0.908282783492227,1
0xff70ec92753bf011519942b9c29f58c144afca5e24db47a17d0fa93762dbe32d,1777078800.0,down,0,0.7243629225813406,1
0x656d752f81e0aa5d6c26339dab920c0abc3be80e23523deaf5f06fd68d7d76df,1777079100.0,up,1,0.4929326695156889,-1
0xe776dff90db2738528e12ff2aa2ee275f9e9f00055303008a9180515eb237da7,1777079400.0,up,1,0.5040847767452813,-1
0x1d3c200bf1b848f6d69d2350959f71e1559211b74e4360979ac0bcbaf3bdb020,1777079700.0,up,1,0.4896610688921156,-1
0x0f39723ff047adc485bf40b8b3792483bf2133fd0aadea7f88ab5d11eab4687d,1777080000.0,down,0,0.19358021014402185,0
0x4d5a906c4d9a661378cd23b893130ee7af4f2d3a41dc29c2178d3a40899aeab1,1777080300.0,down,0,0.546790296687096,-1
0x0bab0fda446c97f1e50ecbffae05d599314f97526bec58eafd366a258ff325fc,1777080600.0,up,1,0.5947110361687691,-1
0xa022df80685aa3901de95f04011540183a5950f33b3a3ebf7277c90e98fe7c7f,1777080900.0,up,1,0.283487143912601,0
0xb8cab1be4ba42c963f1231f2ee73cff064a2cb74a936692c8a55a56a70d04618,1777081200.0,up,1,0.42131849155052825,-1
0xfb0306ac0c761c756fa6c108f6e6bf43cc8479730ff05d6ca067ffd90b07cefb,1777081500.0,up,1,0.3969939691209826,-1
0x094ca6e55ae7a7ec2768d9e8c840359edbad026c46db25a0eabb9c80c0b40ce0,1777081800.0,down,0,0.3899599565429599,-1
0xd2c50e41572871da617cce5ab90b59ca5ad4812ba657d033ff934ddf2898b1f0,1777082100.0,down,0,0.35046309532963554,-1
0xb9d168c05af9bf15cb56d7137e7b95532194e5d2647d3838d93bed025c07f7ff,1777082400.0,down,0,0.7255572019614789,1
0xa90bf30529f6b8c7a7ace8969191153c492e14302c189a10144c630221f667ac,1777082700.0,up,1,0.5525046452897586,-1
0x34f2297ca282d24fa814635777398cd36231dd76ee3e76f1932c53dc9d48a1c4,1777083000.0,down,0,0.4909118575896054,-1
0x9174a32b1c6cd2f442473f76e9269dc88be2b2bb859cb31f21fe0abc4f0fd788,1777083300.0,up,1,0.8083795110494181,1
0x976d47c57698f848fb6c6fc0b478bc78506d2bb4146c50176269b90780ca53da,1777083600.0,up,1,0.4309713494107531,-1
0xd0c0e1b494a47d868b9f1e58375afae2b3856533fa6c71a20db9d3d4fdfb3b81,1777083900.0,up,1,0.8258538605768811,1
0x50fdce8b73dc9eca57c747538d95a07e7a9abce373589cb6973ac5aaecf983b5,1777084200.0,down,0,0.6991367492967249,1
0x7469fbc61a996a4cd472717c78a07bdfc204a62725b3d27df70be049ac5a2d6b,1777084500.0,down,0,0.36046656543882355,-1
0xee7b0445b0554a2c46249f51e7128ef93f305ae1e4fd0f60c7f2025d931206bc,1777084800.0,down,0,0.34704471505884943,-1
0xd683de1a4019edfe920c04ee275848b2f23025bdb6e0ffd4aa132966113daf65,1777085100.0,down,0,0.26616013008558437,0
0x88ca9cb15a6de6b846ca56cb29b450c49b7f97b2b78571a565f253c16ab31b1b,1777085400.0,up,1,0.5673160780943264,-1
0x95489d69d9ade07f5373b0d4c3a963c0ad452f2e3d3c647b397fe79891606e76,1777085700.0,down,0,0.5360360027253586,-1
0x7389e8750fd095a4a5bcd53eb32bc272fb3bd42408b1949b288ec014d3ff728f,1777086000.0,up,1,0.4562335906821049,-1
0x00bb5694bfae93d1fadf15096821211e760de953d88f69b7e4e5e74a901a2b3d,1777086300.0,down,0,0.4074203551248036,-1
0x1d775b8b7e5ccff5e026e793ef28a265e763000d9c2145907fb72e1fd73ddf67,1777086600.0,down,0,0.5196977377463778,-1
0x628ffa9b8d165c4a144e58d008390048586db16b70609981f4499e4fb0191ab9,1777086900.0,up,1,0.4351920514584336,-1
0x280bb416a1c7c6c7c8138a538e149791842b64c851f5ddfd5e9a10b3455f1cd4,1777087200.0,down,0,0.6011217743679388,-1
0xb953b0f1749568c784c9d514240f2bdbcef6e1ab19c290c5c3f83dc8ab2c0380,1777087500.0,down,0,0.3339135174014909,0
0xfba101a0cd557507289d9fd743ce1ec1973b0b09ad397fa1f0d717ea99b6d88c,1777087800.0,up,1,0.6898221800657144,1
0x6426d3a1f736d5c7787739619c769e211a3f306bf37b16ebd7979fdf3fd3b18c,1777088100.0,up,1,0.6690304072231177,1
0x1576e220db720e6900eb8e21b0b5f2fae2f13cdfd93862b0695f385ddb950f00,1777088400.0,up,1,0.9162740701677164,1
0xabc917b0b2266651fe1cca799ed72eb4c28df3d9e5abf61f2e6cec876acb3c8b,1777088700.0,up,1,0.8010153438860937,1
0xce9544e93a511b4c91115be14a0d62ee4c7c07a14f24e8265b52d3633946b919,1777089000.0,down,0,0.26215820056761524,0
0x7ff0a3c169069974f46eefbfed186bfac7234abd6e53d5a55c7b396edad44f66,1777089300.0,down,0,0.13507350112815655,0
0x91150bc5213531f6d7f43b306984fe22dc3ea4d23f0d299e123c0a320634ae30,1777089600.0,down,0,0.21496720989720827,0
0x1eb00ef2d41b641a81e0817a26b4fafb5da6884d79097a5d4bd564ff8a21d59b,1777089900.0,up,1,0.27743310207323746,0
0x5880feb8d9344fbcb99a5a7b4232abbbbfa4e605bd79594ccfc9af15e3f4d7f5,1777090200.0,up,1,0.681974627138758,1
0x6045de61439f8ed2d85598d63cc60ece017defcda677702e66ecefc308df787a,1777090500.0,down,0,0.5107073397395482,-1
0xb08baed8ddc0651b35ac26c91f7d31f0fed974116bc026ca3ebddb3fd66ab037,1777090800.0,down,0,0.4631782049038373,-1
0x9000b656187c4ba9543ea1ccf4f04d46dd640088e5b174606b8eea0b0ae4f218,1777091100.0,down,0,0.3619400967936078,-1
0xe0cc6d53a784ad7b3e2d179ec95aeb96dc9fab50fd5c166b384659987ef60c50,1777091400.0,down,0,0.19151329170158557,0
0x3457991b10b6018276a293bec5f931bc7a5cb9d767c63bd61618ef8cb5b29c3d,1777091700.0,down,0,0.08537867471932414,0
0xd94ccaed1d825e9c3e60df6c48072a521d994c2e330b8835a5f0773d77d3b09d,1777092000.0,up,1,0.6003754996631595,-1
0x3e41dd4dde15eaa0ea3a889f15e50ca269a33c38aa71c14799113c121f16f1ee,1777092300.0,down,0,0.5355922173090786,-1
0x28631350435d3689fdaf89400fdbf7f341fe7acfdba3bc824d7b195051f1415b,1777092600.0,down,0,0.23850499284897225,0
0xe4655d26e40bdb84060b9741e9591f8ec33275f4c722d762b2f2d7e9ea5c0220,1777092900.0,up,1,0.8967938283502987,1
0xfbad9701037161aea484f778194e8fa22b4b275b6ca83a2b07b6feae9c1cd748,1777093200.0,down,0,0.06941548554177425,0
0xf3410428f199ad3305f8ac78bc686eff1a3b2d053e19f28413e6bbffc0c105af,1777093500.0,up,1,0.8863471001213774,1
0xb8fe48c1de17b275e77af936eabc8ead40f234d3de1e3ed36c34e9c1d306d908,1777093800.0,down,0,0.1481927710680907,0
0x91868b25b34b07189678bd5ca3293fdd10400d0c9beeba45ba10a03eded87108,1777094100.0,up,1,0.5348956921722776,-1
0x6f17b5230eb05de6b3fd19c711739a6d90d7cdc9b45dd5dd3212f732036c753d,1777094400.0,up,1,0.7438885617889752,1
0x9b5d5886bf342f8b8f1c72f66a89d3d37860b92007f00a6db48b2056e07ec07e,1777094700.0,down,0,0.2601730308565878,0
0x314ffe9dcb49cf0b9fd3e7f8eac695d987bccdca5a3934ab4d928a5a57d5fd22,1777095000.0,up,1,0.7233311035891006,1
0xb7ac80254b4b9ad78078091e2cf927860aa5f3de2f9f0179fa591ec912a2e7c4,1777095300.0,up,1,0.7541334574514362,1
0x3abdc71062a96bd0574e7b06a46278fcd8bf86b28c979322eb5cbc5ce2965a76,1777095600.0,down,0,0.6457820459008003,1
0x5273aba06e1028506d0afbf31aedf3a06a1e1d7d6658182650508f86b8621f10,1777095900.0,down,0,0.7849627292864574,1
0xabf25b9127ecf2714ed28e1f3abb8d50cb27e5a6ba54119a7d1354b3d9c82e41,1777096200.0,down,0,0.4355309511484323,-1
0x2666c3200eeeb7ca5f7b50eceb38d99caed4c69655b84bf57013323b7019f3c6,1777096500.0,down,0,0.3674082936408721,-1
0xaa4585c4ba5033c77f8c63d342cddc9322675d26900572db013d1ff8b115e6fe,1777096800.0,up,1,0.8886864763067049,1
0x7b84b9d41d000bfc12e5b99c3150c6d8c1fdd0fa9d78cde45b49ae8e00247f1f,1777097100.0,up,1,0.822859830296243,1
0xf5cbf0e9640f261f3c0d19bfad4fc20738ac186896d7bbfa5cda568902ec963d,1777097400.0,down,0,0.3820135253434328,-1
0xeccfb10c1e29a26324b957ae5be04a6256335b5ac7000b2bb873e4cfed9f1142,1777097700.0,down,0,0.6502059910195452,1
0xbe2ee30b1db43c724c5a410a1c6e84541b5a0661b1f1e45fa6c92b4142aa9261,1777098000.0,down,0,0.19157626903399005,0
0x0dadd888b239143473a3506b6a1254c2bce272c397daab065ffbd1f556b481e9,1777098300.0,up,1,0.6345907891724708,-1
0xcb95fbd07723081a99735b3aeec5900d687f2b71c13105355c9366ce3fc906d6,1777098600.0,up,1,0.9313298117768329,1
0xcc85a7af2aa5721c902e3119b7cbfc2940917a0ee3d94ec789ab6fca20a9be4a,1777098900.0,up,1,0.17543744421508697,0
0xcb643b1cab4e1d257eaddf94cdd777ff5cfe33189960815a07633d8db0450ded,1777099200.0,down,0,0.35239454438828066,-1
0xfaa57fcbb548d7295488cc07f98ff68a9ab77d40de94085fafa13bfc24eeaf2d,1777099500.0,up,1,0.41539870457487893,-1
0xf539f813d05c4ed4312df8676e972c369a340b6026f0646d33942b8c51c5ae9b,1777099800.0,down,0,0.7599412395713824,1
0x24be75e8d185bb0de5518514369542186b0293c9c2ac962d2358f488be3e592e,1777100100.0,down,0,0.47618194741509834,-1
0x00d075baf95d92b9d1de3e717bdf36f8b3cbfb8a6ee6413b9cef1c3cf7892d5a,1777100400.0,down,0,0.12871649597797005,0
0x3683700f8590a3d974c6c7cf7caff98db29566153c6756244c447ef50236c117,1777100700.0,down,0,0.7554549182479724,1
0x51c8a401be1d1507522df7863e271802f4cb18e8971920eee4ba1f151f36fe82,1777101000.0,up,1,0.8695241828800677,1
0x3faabbf5bd9326470b8ecb05053c4854cdd2c9cbaf371c4f94099428e34e6f52,1777101300.0,up,1,0.42352835480183304,-1
0x991cae95f0f7931edbe7f3104a1ea7feddabe7a6c8d098aad704264bce095d56,1777101600.0,up,1,0.35180436830761275,-1
0xd653b47f4469614e8b3e131499d5f75b1cbbe227e829db1f851a51dd32e47f65,1777101900.0,up,1,0.15938161256504063,0
0x5b10fd5cfc6e84354d18af3d0dad9df708317fc93a3838be4e60c75cfed25c5a,1777102200.0,up,1,0.1262726230780482,0
0x3030d1c61a8fad14903c7982074f84cc34303da6e77501f761f5a69b4e194b32,1777102500.0,up,1,0.6108828534411996,-1
0xbfb4ed70f7c2942431979037d71452fdcf43334f840004853ad219b936dc0bd7,1777102800.0,down,0,0.38396781304531774,-1
0xf8da104547cdb78c998000d3d9e13cdebc5ae84f4785cd0da3aeca77701182ba,1777103100.0,down,0,0.41919618142562415,-1
0x4eb4868d8c9acd79130df9c6e032e661d178768d4fd7c178342dab5d5a5b4a5d,1777103400.0,up,1,0.802896108479226,1
0xb041a53ad82282696a1e1803c8f49680418e9e8356ba849e74a0cacbff00d74f,1777103700.0,down,0,0.4390084606314551,-1
0xd675e6a750e0cb9f581926f649cb506b4c7ab504814fdab11dc43b43906e26f6,1777104000.0,up,1,0.545628083389156,-1
0xe344932e88456b6cb6dd841cca3d7b7067b700f701ae7322200d00efcb085cc7,1777104300.0,up,1,0.5820338599430599,-1
0x0a73633bd700884eb4da05780420d1053a80ff0ec0486b40652776737ee6788e,1777104600.0,down,0,0.43951221036453486,-1
0xad37a13af1fced9df8d5778be96581e3cad31dbec2c3f6e7cb2880a241e8a41a,1777104900.0,down,0,0.543474827379603,-1
0xb2a66b88ef9709e78ec2157cde3ec7a0f28b5d135bc80677760173c755a7b1ed,1777105200.0,down,0,0.6878026824651977,1
0xf911e0514e9b29597b643405d82377bcc7736b79e5cb34cfa6de50386c827537,1777105500.0,up,1,0.752230120304808,1
0x77039965807b0fdb9176d4368a353712acd2f916b2d59c70a871a8640120f74e,1777105800.0,up,1,0.9513380280497805,1
0x3de69a20d15923501c4ba79a2c8a3e6960b21f7cf4d4e9169243b96734bf849c,1777106100.0,down,0,0.37450373319360375,-1
0x30f7eeedfb5681aa7e851109abf1c2e8f1cf2eb1cf244d6e7ccb273b8cfd3105,1777106400.0,up,1,0.6697746400021211,1
0x14c972b3b922d7e674793b4293868096dab70066138cd0ae090e9c4fc2198bfd,1777106700.0,down,0,0.2844027763528073,0
0x46445e46f0a95ba17f0614e67fab5582d9fd8b4dccf4e46c374bc8a7ed9e561d,1777107000.0,up,1,0.6142644870844778,-1
0xecc348b1f691576c99002b4f8879ea9e5580f11e9eb05566155c38097dda1057,1777107300.0,up,1,0.5329031726023191,-1
0x51ff808ba64ac085a8c8494faf0f3c5baa409dff6eddbf72a33c2ba83daa1174,1777107600.0,down,0,0.19250832799794865,0
0x70bc421a06b89e22760f30e5d3e497212759385c657ea25a337dedae6961e661,1777107900.0,up,1,0.5034203152001375,-1
0xcffbf64a6d450ecb5df720a448efc2266afccea5f8b0ff264010ec3ccc0ed9c1,1777108200.0,up,1,0.3915308652699618,-1
0x77782022562647c247da42213c0b6826c999167ade0df7b16470f720f21abe56,1777108500.0,down,0,0.4929574462682974,-1
0xbc24e31b1ab0eb33480f6a7e2a3f2193c56e383c94e1d779b45b976953192280,1777108800.0,down,0,0.30649498599812053,0
0x0e863c4c3e9c66ebbec60a77d69c562b86c4322f9b0a69a28ea6b2677ac18da1,1777109100.0,down,0,0.8564184904853271,1
0xab034b0eb6d280cd31c1f9bbca4333951910452203b075471ef496bfe0d4c5c4,1777109400.0,up,1,0.7648033147261806,1
0x07d74e8b6554e8fdcde9c15610e0a7a39cecc1206ab53fe8527ea31d37c243e3,1777109700.0,up,1,0.7188254666389613,1
0xc898098de8b909d47f745f3a11eb4a9e364f2bf3d5b3571af509d8f6f4bf975c,1777110000.0,up,1,0.28285231283722106,0
0xc33ce878bf46329911ce41c78fef16f80a2b0ed69c79acdec20e6d303a1ccf64,1777110300.0,up,1,0.2459368425536609,0
0x75ada0a11717c47bfb9a5222e6a16c8f57f7a0b3597bdf980043804a406c1a35,1777110600.0,up,1,0.20504214585990238,0
0x13e865959a85f264e450b8296b28c5f2fa3a2f96d458290a59c0e37f17bfed2e,1777110900.0,down,0,0.46278740036006394,-1
0xe7bc9bb9548adca3ae4967bf576baa832e2b21df6c69e0db83c76b4ea3142e5e,1777111200.0,up,1,0.3501471937717794,-1
0xbc27119445aab9751768066ea65cab3d09be75e38a4a5a47708e2a5765ed0181,1777111500.0,down,0,0.48467092498817216,-1
0x3e03e0d5ea86a8f3950f9d8e42b0ffd4a43969e1fd3301b2e584c5415fedb24b,1777111800.0,up,1,0.40968319444845275,-1
0xc781182c0bedd46b4f1a29b51e300ff22e253040041dde03ee6a34cf925e44d8,1777112100.0,down,0,0.7611281266852346,1
0xb4b0da6f7f096a45b19c4322483cb060b50fc2973b7a2675d61a490c75e44e52,1777112400.0,up,1,0.41976953258370303,-1
0x4176441337548b0875c215307913399fb9ba317f38459b507a68e376fe248d31,1777112700.0,up,1,0.49494004962305543,-1
0xc0eea65306f4ac96d2014455246e77b27d5ae1f242d04917464d7248a72fc463,1777113000.0,up,1,0.8028603827639147,1
0xb3d2c798398e4112ab4d498d8a2b3ac1eeb380c954170a8ba73368541a0e960a,1777113300.0,down,0,0.24113148277800583,0
0xe629c36653ca6c05512f316794cdaeb6a015a3f3f4bb5ed28b498a5023434d61,1777113600.0,down,0,0.13198107383172852,0
0x1d51ab50cd9469f23392527b861edf534bd4e5f33f6c2ad4c52c8f383089361e,1777113900.0,down,0,0.5136018527743623,-1
0x3d7190cc3108bfaea5aab40375d6b7c36da4cb6cc9575a94b4e5cdab5855f28b,1777114200.0,up,1,0.7661399728165565,1
0xb9f0e2e854c79b907097e964e9401ed781e2563d691fed2a6e0fc7ff445fa2bb,1777114500.0,down,0,0.46626478835714885,-1
0x7d6ca1e73b20a7c0db53e9fe4f114e11bb337e792cba3c0ecb1a9dee319dcc39,1777114800.0,down,0,0.17918447106781965,0
0xaab0a0ee357a0b515c5679beac237189e3cf7ddb9c4888bf08f273bb614329f9,1777115100.0,down,0,0.28502378428793596,0
0x7a504a9eb70eefae2258e4e4251c6e0f0cf2758985e4a2d9d26c05548ee394e6,1777115400.0,down,0,0.6752935868470138,1
0x9f3b1e483fb251cd3cfe0f356d2903cac24cd8558c4aac119dd8d1f4655c3165,1777115700.0,down,0,0.5668602547431971,-1
0xccedda9e6f89ddb9654d8274e68e9688a3b8107f406c0026cc9f718032c743ed,1777116000.0,down,0,0.2550620722790713,0
0x4f4aaea9c4e9b747042ee26bedecfc6b3bc4c3826c4bc32916e003241028dfb1,1777116300.0,down,0,0.629829756125325,-1
0x14ba70fdee099c18b2cf7d852440fac8de4e193bbe018f2a69dc68ebb261bb84,1777116600.0,down,0,0.6519328698873549,1
0x801f69078482e958262791e5d92759fb9992515dddd388ff328bc12373da1cd0,1777116900.0,down,0,0.37133631776739434,-1
0xbced553ba08eec32289836afc16bbe5481313a4b349160e12593655e16f62831,1777117200.0,down,0,0.6399721662687867,-1
0x654db13494aade0944b2d6a660a83245b94eccdc71bf4cb8bc8b16560f105217,1777117500.0,up,1,0.2913198773779836,0
0xf6f0c911794182ddb9806bf42a49ee1ca191ef3c8ebaca6eaf96dedb7c066bd4,1777117800.0,down,0,0.4516330379683137,-1
0x43635b5cd8dfbca3835d0fe3e9ca43a7bd7b0957e704a66cf045ab2e4a4ac47a,1777118100.0,up,1,0.7399350848303229,1
0xac803e9272752826dcef9c5091d1b03a585991b793f9d0e9422cf8d214ac24b0,1777118400.0,down,0,0.5019762523070445,-1
0x300ea70878aef4e738162a05c1f1c004e20f8eee9bf17774c2ea43165bd803ca,1777118700.0,up,1,0.8663120924752867,1
0x1446159549b255517661a8a903db71ba506c77575fd9255bf031124b30497b81,1777119000.0,up,1,0.7736010201551832,1
0xbf8e672ed87f7fd15c215325f235cf6fb514a652d1a116a64d1214d590223838,1777119300.0,down,0,0.6840150365862117,1
0xb1e98caaa83bd9252f92437265229d96c9522cb3627c53e1fc47233c5bcafdca,1777119600.0,up,1,0.6997246775151954,1
0x90fce8afec31e1318ff4dde1a0bd0e17b8f542fcc1c2b67b312fce3f03c33708,1777119900.0,down,0,0.24262667631160362,0
0x6d5fa54e0eab6880180f33523ce477fabc469ba3a4f7339e598873a44399f9d4,1777120200.0,down,0,0.34673426393984486,-1
0x56020116922ed2021bf97dbd249e6d2670706146f91b7270f2803e2261034662,1777120500.0,down,0,0.4967179245670795,-1
0xb4903bf0f3587c2d0f069a685f9b1295c0b7183ae897e6263692b6a9f5bf7ed6,1777120800.0,down,0,0.43811945085338083,-1
0x338cb02785450c36a84a716e716e790ea9256a3561577812c4aa77a42f3bb4d7,1777121100.0,down,0,0.4224638598136609,-1
0x217c8b06e38c3aadec3e95a8e62f8c28ec5577626b4bcfb6a424a0de552d703b,1777121400.0,up,1,0.7114580634405007,1
0xab0c8edec4f00e7ef44e2bb3bb2411bbdf84622d74e65efd248f6e18dac79534,1777121700.0,down,0,0.3101756207412283,0
0xbba56d3ac739b0e7c90fb47155976ad3dcb0aca2352be92c37471dcbe058f2ee,1777122000.0,up,1,0.8477169114248783,1
0x0ce4ee7fc179bcbb6518a9368276e9340547bf408dfad96730da7bef12cd298f,1777122300.0,up,1,0.6586653964754564,1
0xa9b8f880a8779a6391ba7bacbeda58f07b6ed0ec24885ba7363373b457eaa53b,1777122600.0,up,1,0.6072440358803338,-1
0x88e9e12b6e3c5a4271cf32aafc5a0c00b42f16578545a3bda96f6970152b97da,1777122900.0,down,0,0.16063422062851734,0
0xddfb8608a4b1c46baf11c415da384c89861bee2376e522b67d0f1c23837dc3bb,1777123200.0,up,1,0.7903177011265938,1
0x11edfa1928d4251c50a584bc0ffb519a9765562d1820edc0f4b0dc67852d0c58,1777123500.0,down,0,0.35111457627377934,-1
0x5056db4b5a3643e249b2582eb0087940aed21befc3f6ee30bb7d2e8a7cd48286,1777123800.0,down,0,0.4218785463244174,-1
0xfd64ac860a9f09e1f866398286f545dffedc8feb08976882667f0010a4a7fb28,1777124100.0,up,1,0.7320890938214111,1
0xf32b3264967437abe1d1388cc386a20623a1271e31d3cbdb9818bae6a3c2aeee,1777124400.0,up,1,0.7679626153272909,1
0x7eb065c4bea8d73592d0c8c829de85c5f847a2e8ad3f3e2cfb84818d301d8014,1777124700.0,down,0,0.34331268958352607,0
0x67aded631a64d2084f2bf4d8df6291bd5be9ea68d63fc3cd0b41bafa70e4af69,1777125000.0,up,1,0.3415723256012688,0
0x5f7bc590921fc60c5185fea9420d9e631b33f776ddf360d951ef6d99605712eb,1777125300.0,down,0,0.6558483601535725,1
0x209be9238faec4db07ba1572ca8d474c36890eced07047143fabf040b4a3b299,1777125600.0,down,0,0.5258561969992858,-1
0x31821e466586fc59765b6a35fd17d103ee14d4b182f1007027fac8fc30a9c391,1777125900.0,up,1,0.47815344034304064,-1
0x1afd117c23f67fcdb555c6470ad515eca0c32d3354763a187082ee47fe147c8d,1777126200.0,up,1,0.2781402413346475,0
0x5eb7836f3005bbcb18007ea25a8666d3a8abc7ba43076c49728286d519a6e01f,1777126500.0,down,0,0.2596402809624337,0
0x669cc3d35c8d7a58c780198e0beefba8e2628e0c4d7afe957a46d5f6107d3cc4,1777126800.0,up,1,0.6032166001231768,-1
0xb9a871f38ae3e7118076469c6a5669fb51786a35c87bcc3318f995894ecc85a0,1777127100.0,up,1,0.8696679553710915,1
0x303e143bd4ca96ed989cab086c9eb47aad079cccc85791e352ed89e706ce6f7b,1777127400.0,down,0,0.5428543671371316,-1
0xeb2cf5113a9f7820430503588d59ece19026d13ad11e2adc6fae8fbef1826796,1777127700.0,up,1,0.4116866357059698,-1
0x2e61e6ba28cb799f098251491cbe64f949e4749ec39d4c74d03915ece7555af7,1777128000.0,down,0,0.446866811934657,-1
0xaa234e05706f12fe3d30d3ce81666e3d6d77e0d750e3be716b08ede2c38d618c,1777128300.0,up,1,0.2994663466842366,0
0xe4b4f441198867dce8e9f802e7dc4b63447dd4818f458595974038dadc404274,1777128600.0,down,0,0.2560637754553866,0
0xe36e96b2050facfffca95a1cf58d2fef0e7f9df6c2096ab33e6c828e56cefde3,1777128900.0,down,0,0.1726944285361644,0
0x208a67fe64dcb1384973061d41833d2f1b40e1ac7f0421d42c1a16696c9f1d20,1777129200.0,up,1,0.3619176287372274,-1
0xcad7c5dde12f2d8dce6902f60c1affca10ab02ed025b9d013fc1f971c30c931c,1777129500.0,down,0,0.7556011519931574,1
0xa8d217439c112423fe8028092ac1783501a0282fc5e2c2fbadf058fa0f34551d,1777129800.0,up,1,0.5464482187520366,-1
0x1b02d65248fccc07e0884e1a4e0472219da27eb8a102ea3c0495274cba820d58,1777130100.0,up,1,0.6695472327672696,1
0x34f6b666bc16c9b7d82ffe0062615152e79f6cc459addce274a096bf4f1e3491,1777130400.0,up,1,0.7111605721823169,1
0x0c9f73f4191c2fba2a4e15bd8b088d97c49d59718fa6e3a1b22cbd47e736b95f,1777130700.0,down,0,0.4861190593419948,-1
0xa8b8e030e9e552e1dd5ddc2c3b80ca137626ff76026d54402e8cf79c77ab3334,1777131000.0,up,1,0.17869022297483453,0
0x3f1c5237ec11a0168d459e595d8ea46b7729f7d82da5785bf575e36097505be2,1777131300.0,down,0,0.4377626688143493,-1
0xd108f7b6b335299e01d72b48c53925e9aeedb3f6019a0789276781102024b846,1777131600.0,down,0,0.7053971169799597,1
0xc8a325c75eefd8c3b642b3ffa3f513e75bf155b974606dc6ac4bf72f245aeb0c,1777131900.0,down,0,0.05778373916797573,0
0xf5dae3883eef512597fb485e0d9b6b28ed74e96fe81dba5d5f8afb8b50f1f4f3,1777132200.0,down,0,0.2349419499444566,0
0xe404881971a8d0ce1cd1e6a867c4eabeb785a011c838ee1003bb9de5af7973b4,1777132500.0,down,0,0.6266525520131837,-1
0x54c8a96baeabb967d705454f1d8c141397ffc737066166e4065463e24bec14d4,1777132800.0,up,1,0.8910668945697648,1
0xa0c185c85990698f5f342f3bc7a84c5b88512d440825e4fd11e6e892b32b0b27,1777133100.0,up,1,0.2783098918216601,0
0x91cc95d47f7e61155e29c171324308b1d7b22933cb9827da91e5b7ad53df9196,1777133400.0,up,1,0.5946078577162653,-1
0x400c5fccec86e9b95e5c10bfaec1fabebf99042a1fb7021e4474447e04ff6ce9,1777133700.0,down,0,0.4411205113909143,-1
0x85fe9b83aeca5bf5267174c522fbaf0efe6a1d77c6bc24a18054afb7618ea8a8,1777134000.0,up,1,0.7212494373080943,1
0x451ae02e1f86cdcbaec471b7718a9944f36d641d6a9e8fa3bb0c9475fa54fc2c,1777134300.0,down,0,0.08942863332051185,0
0x648af3952d0b45e6ee8181522e3c91a73345c9eb1b565d223e183e1314b66c5f,1777134600.0,down,0,0.5576710724779566,-1
0x02f1eec08f7cf4576a207cba1ce9a51e0652b2995619efc70113e51d3ee7c68d,1777134900.0,down,0,0.49926146414545486,-1
0x91f92abd3ceac7d966f478445fb0f8ef9099c4db952aec1ecea79f5981c57c7d,1777135200.0,up,1,0.8147041858235885,1
0x9ea8391663147b736ccec36765cadabd92ec40e1b023ac5cb5c245caa55e34a3,1777135500.0,up,1,0.5197888839381126,-1
0xd7d6f0c1c27305bbac405beda1e631710dcf5b320d3a9c80fcd76d2bb93807ba,1777135800.0,down,0,0.6236769699880894,-1
0x459052e9ba025aaa678445456ebee4df24a8624f470df298a6ef7f8d447702e7,1777136100.0,up,1,0.5765250632378016,-1
0x4aff6acd0ced4e88d353d4c11bebeea7a05ab9a5378555c31a5fc17a2b09ea0e,1777136400.0,down,0,0.21838933802374003,0
0x12d399eb1837d51e7568dfd06f784efe6f9a55f94ce1ac700d7109c8e5cced91,1777136700.0,down,0,0.3485717008377673,-1
0x829da5330d3c09f006d9f8beed97eaa6f1eb0cfa13aed415c75d8d681f15cd66,1777137000.0,down,0,0.35739969827141665,-1
0x09834dde1cc26bf909a9d6131676abd7fb25957200396672cc7d77469160b6e2,1777137300.0,down,0,0.22365395802766755,0
0xbc70b8242918bdc815864deb4695ab33cc01250e834a59660a0812b5b3495d24,1777137600.0,up,1,0.5569148885264829,-1
0x802f0c75d9616a5afd9bab3dc54b2256d2bb5d8920044ba34a8114ef464a80ec,1777137900.0,down,0,0.5213257774226633,-1
0x51e3800e773ba108974613a6b615986f1ae22a4a01782648837bae97ce0aad51,1777138200.0,down,0,0.670195026620517,1
0x9bcc55ebeea3807eaa800cd9eff15360d59f2e90fa5cfac20889708b8458929b,1777138500.0,up,1,0.782697433119079,1
0x5ef483540673af52755f2d88b2c5dfcaa9803fd880cbd26c1f5296baab29e019,1777138800.0,down,0,0.47629962067079545,-1
0xcaacbbce87c1bf7ef66f04b78c4fa3db1400d7cd025a2d93a9d5d5b502f6e13e,1777139100.0,down,0,0.4578790429114798,-1
0xbe3c811636ab15c2dbd8e9c0e1c902b862941a43ea6e3d75c10bf0cfbd252af8,1777139400.0,down,0,0.4842095117585656,-1
0x0feae4f7f20852e636681dd6637e698679b62cd858d4d678757088172968e110,1777139700.0,up,1,0.8717200856514992,1
0xa3f432b9535a66a16376553dc0850597e570945d008a03096fb98928a47f2922,1777140000.0,up,1,0.896721078700199,1
0xff573bf795f1a44955e96254d5f787a442bdbe1b0767edce2b40a3f00c05eebf,1777140300.0,down,0,0.29740023097534213,0
0x61b431671499ab0b41d95703e869b92451f8417619fc05dd59a7e1e1b29afa64,1777140600.0,down,0,0.42546522487752436,-1
0xd5054ae628520fb50c02a8a70d012cde902190e37605ec3d9b7b78b4c51f368a,1777140900.0,up,1,0.6790378304059056,1
0x7f214f1b6815bf8198f471d5d3ffd89e659fb371bf825c8edd438b4a579023a0,1777141200.0,up,1,0.6083590080736905,-1
0xaf647ffa047d693d41bd1bc2b359e2948ab6c66c742291d1bb7af5b124445f01,1777141500.0,up,1,0.6562665786311799,1
0x3ced7dac61159074c3c01d7b1d3eb432fb63167c0f3fd6b1feb76be1f83c823d,1777141800.0,up,1,0.851028134548456,1
0x3b42ab5e9e0af6f806eb4047558533c1f23e677f3cb971529533b74f87bffe97,1777142100.0,down,0,0.8193394491703087,1
0x563f93f1219d961e66cf83c2d1d06807c0bd8a07f440c85fb4b257da89e1df43,1777142400.0,down,0,0.4599180301530064,-1
0x1a90ce38b916b1f5d533c7408c0c612d45502e228c7de5b52c781ed18b2551df,1777142700.0,up,1,0.5736458760243595,-1
0x4c782008ba7cd99ab2628ad2d673dfa75f820d857dcfcdd0e392fd977800db91,1777143000.0,down,0,0.44690215581569226,-1
0x3815f969c4604b2f757db053e27f5052a0513303cef27ee07f0f4004d5c29022,1777143300.0,up,1,0.7250391154281897,1
0x9b42d1b423a69b433a2c5fec81e01fe14df4de12a4ed5904516447f4a3047fb1,1777143600.0,up,1,0.48131118173964177,-1
0x7b635341e01ece2a7aa3a033b34c0399bc1b3188d318fe442f5b282072c31625,1777143900.0,down,0,0.14652680922033276,0
0x884d364581be4155fb2d31f1cfb11f2ba8f0935c5219e9b810df5e9939aca1cd,1777144200.0,up,1,0.37461768975921056,-1
0x8c74e5602ed2a35d2dbf385f3cdaf96ede3723794b838b575ba8a411904069e2,1777144500.0,up,1,0.31254058766838455,0
0x9c51b2844a4193749186a7e5456dff1ed0a646f377005fd94b6e6386223fb9ec,1777144800.0,up,1,0.32294939756165014,0
0x3ca8e32eee7099259515c9f0b442a00e108e0962cb58fd6921253170293e547d,1777145100.0,down,0,0.18581172732087325,0
0x62d4b6605b3e4dac22bafb1d7ab2e0a9abd479783462b535b37728b0c40988b6,1777145400.0,down,0,0.26837603219214434,0
0xf6db3355a2ef1830448d23afbd7f4ebe142929e6e81074205fc100811e326971,1777145700.0,down,0,0.704345704556422,1
0xab59a5d352f993d51c5376dc2c4d4cf30db28347f56541dc5ff00b6d0fa3fe6f,1777146000.0,down,0,0.34240217130895123,0
0xf2a8fabf3110f960167cad30c03e943d9588a26f389984bbe8e4338436811903,1777146300.0,up,1,0.41865597204321425,-1
0x6bd6419c943e87214a568ee2da9c32e0f10f4719903c545eed624c0c77d49892,1777146600.0,up,1,0.7041590657041384,1
0x2ed919ad47941ba696776646f57425b59a34f8c9710ba9369642cf534065d49e,1777146900.0,up,1,0.6572795337207857,1
0x6e1006b32d40f80e76d78c4e7f609b363db42585a9e8e184e273df690becc854,1777147200.0,down,0,0.27265848828786904,0
0x36c1e47f3489d84130785aa3b675325795eaa720543db23db68c12e0799bf134,1777147500.0,up,1,0.4769269360984582,-1
0xfa52c8d9efb1b5a931f5770b9fb70499015311f008d6ac8e9bc128a67769a38a,1777147800.0,up,1,0.7665162220748798,1
0x157e9834cb94de204d8c6bf98e9059f76988cfc2c8affbe77495435bfe8eb610,1777148100.0,up,1,0.4519080250452396,-1
0x4814657d8242b5db1b08920a93f4a50e10f04b7b18ceae769c41aa00ccce1ce3,1777148400.0,up,1,0.46421517163253867,-1
0x6ed4964b06450e4bca1a247eeda9b17ff4612ceca088ad3ae2cd916d615b9e07,1777148700.0,up,1,0.5722689037813314,-1
0x43bf4b3eb0d832dd60648d37e2bbdf80dc6e2e6dcb75e22bffe193a2a7b605d4,1777149000.0,down,0,0.20375823467771714,0
0xbcb15fcef38577c6d36c855b9ecca1e6e65ffb47faea73c5f2ea6cc09a13fea3,1777149300.0,down,0,0.6894688763315534,1
0x09afadb6065d7515ac1e04705e68df7730347b5844ddae1b735a58ed4cf984b8,1777149600.0,up,1,0.7284773671790036,1
0x37de046e4ce6cd338971ac7dfb0ef3c943c6bcb5699b18ab34b23e174d088f2f,1777149900.0,up,1,0.5034826412129321,-1
0x4af87dcdadff0b91a0b3c774d13bc05dcefc80326e8895651b645b5db89a3e53,1777150200.0,up,1,0.6285239298471702,-1
0xc18232138d9c0766c7de82e4ae671dcb2315fa7966ea95a7115ffa4111f7cce1,1777150500.0,up,1,0.863866024677734,1
0x503ae1568b1f7483d2cf4e880c76c27fb1cf7132298f8102c517137ecdb13f01,1777150800.0,up,1,0.40041813957648936,-1
0xc60edfc2d5ae6a31fc6f0f6bd5210228fe27ca9ad0ed377c7dd03becc31a265c,1777151100.0,up,1,0.3638722112881785,-1
0x5ebb9623799d9b3d6a210c3c1516166df21cb9174a64f958fd94f297f0066238,1777151400.0,down,0,0.523128364943561,-1
0xe6c02601de97bdbbdbb7494c431ec7fda7e4925c2d3693a07e8141f51d0e6e49,1777151700.0,down,0,0.2912956862966202,0
0x18a32f569e145f8dc069814f380c85e15b0db4eb6d998135e677554ab5878003,1777152000.0,up,1,0.5450547738330631,-1
0xd385b6db68d401a75fb51fd2ee9668b5ceef55dafb84e9ec39d3bd35e78e3e3a,1777152300.0,up,1,0.3560285564549007,-1
0x979f0cfdf9bb48becf2062b7a44076efe880985057a4baed8567d0d6be3f307c,1777152600.0,down,0,0.42513159675630424,-1
0xcf65a042298875c091bff1f2213918d46c19b4db839561dc7da20771d42f053c,1777152900.0,down,0,0.4004552073481844,-1
0xb80da0631e72e87a6a9749ff4d50cf6178f631185c612627c4c10841981102cb,1777153200.0,up,1,0.3667713043378655,-1
0x6190ea11afde1a5ace1f277a84a83b2d3512d0e45a6ab1e53fb51055d98932f8,1777153500.0,up,1,0.7209259488308863,1
0xe353d2e586e55e19ee7c130ae13dff32b6b8e6e0822e68279040290e98ae0004,1777153800.0,up,1,0.8249093041859827,1
0x138afe4d78c79c7f581b38c56065f32d60f1b5cc50cbe3ef5f625ade91c68a37,1777154100.0,up,1,0.28772463565430867,0
0xb1d2e07c02374198a3eb7cfe8848187695f3f2b99c28e950ce9518219700f3ab,1777154400.0,up,1,0.4025314640303117,-1
0xcbc504cdc771fb361d6536b121425f2c73bdf344e0ec2f32913979976662ee59,1777154700.0,up,1,0.4029249557957542,-1
0xccccbbfc0fb964141cd08d5a870d09e137dfe15f04f8a08b22225d3326ae3b0f,1777155000.0,down,0,0.20147028231322067,0
0x06bafc492d4ed5bd1e5111a4dc8663ec91c558765c33aa19ffcd79fdfa3baf48,1777155300.0,up,1,0.49181286722126827,-1
0xa90246a53fac2b848ef67e74f7a180e8cab17cc93133d42cf11bf1976b8a2ed7,1777155600.0,up,1,0.6370724810184462,-1
0xfff37ee47176ab0b30c9f4391151b7955c3e0357a00ad64b10bdff214a5bb7d6,1777155900.0,up,1,0.6338197936542741,-1
0x002f6c9402ca3cac62cd99933bf434fe7a7b530b90fe347256073a90b5501d8d,1777156200.0,up,1,0.8857980250366506,1
0x527c5e9bc82852879b7a2b685c908d722bb055a742082e36e37ccf109ec0645b,1777156500.0,down,0,0.44659565095558407,-1
0x4271796de7fee6163ec6116e161f0419ee0f5315387be0fc91335fafbee763e9,1777156800.0,up,1,0.4675018163983721,-1
0xe59ce15d8672d4c5827b6d9e27de40670a25efe301e6b9058f49a5caff7ab6f0,1777157100.0,down,0,0.24448660288991592,0
0x38bef0a8082fbd01f93755e7f1580ef88148513d39903f44be8d45e97924b51c,1777157400.0,down,0,0.17236543696722906,0
0x1825b353bca2126d53525edad5b629d0dc2e56c9cd24b09f038b114ce43d8016,1777157700.0,up,1,0.5097520219992071,-1
0x9ba670707d3ad925b5f93326212f48efeb743abf65a1d167cf8b22808243cbb6,1777158000.0,up,1,0.20024023249485595,0
0x5788fcc000159aa6a2a8b21a143a47a43eee2502190c649e23259ba2ff54041d,1777158300.0,up,1,0.4902117097792167,-1
0x594695b2c5c184675eee48b779e761ec26ec72b720cd6fef625fd0dfeb5fe06b,1777158600.0,up,1,0.4455703316897191,-1
0x5e606673273e9cc4cdf21c4e7bd24c56c79e6e534047792175f6840addb75b50,1777158900.0,up,1,0.4437003769140424,-1
0x863dddfe6b9e22eb073fc233e2fa2f20419f36511503108609703a24b5ab097e,1777159200.0,up,1,0.2653236680933664,0
0xfa7e214eb689cf695a8df723a6dbbc6ec1d7969270e53347cde5b5acbb02d481,1777159500.0,down,0,0.5251020061266819,-1
0xa6cbe70604c3f4369deaf257f6bf831d97ddccc82ca974d986b7400ad30e5ae7,1777159800.0,up,1,0.5144870191893535,-1
0x96be49bdfbffc6c6c60fd0a3c75ef5cc6be5b0ccdae6540c82a1cc83a3986733,1777160100.0,down,0,0.4936604735862316,-1
0xb2fbb85bb6680505436932e32b9b5a501069f6ea717d50231c16f9e770bbe88a,1777160400.0,down,0,0.6964323432779906,1
0xa7c5ddc0017849b8610b05d8cf061fea65d18e254f041b33f0885307032dd9df,1777160700.0,up,1,0.6090824198647893,-1
0x731139306eed3de198e93e426a6ef7c3f5485ea77237fa90164aa3f3da6ac049,1777161000.0,up,1,0.4176569317081134,-1
0x27167ea860659caa94bcf0e6cde14509ed1be77e351edca287309ed3afdab951,1777161300.0,up,1,0.372743771854446,-1
0xde4179300f7ed2cff5c8acddca42b0d5e8b634c3c9a4bf1da23aebb3de4954db,1777161600.0,up,1,0.3196443362083238,0
0x86583b216c0278166a8895f923e1ba4f63a27af7402ba5ff3a2fa43edc50abc5,1777161900.0,down,0,0.03469679734611056,0
0x20fd93bf8278201d5a9bfbee230d999ba93545cb7bb9d55fd400518557cd4e4a,1777162200.0,up,1,0.28031228751058135,0
0xc597f0d959ab24b6cc9ac993d28ab0bebf32ecb09a6aed7e6ef46d52a477a1ac,1777162500.0,down,0,0.11345949355351621,0
0x21b99c8fb6a945eb7c612fe9c59240f2060cf352146705dea040e71cba32d083,1777162800.0,down,0,0.48347552600078925,-1
0xc729eacf177ccb12b0b103f7990305c420a5d3f2e327ec324277a80496fcd780,1777163100.0,down,0,0.21511921236299594,0
0x25b2c17de318e338d813b1e090b596403a4fbde9bc493cfc0886016a26b90870,1777163400.0,up,1,0.7450274816143482,1
0x2410f0332b2a09bbdc56e09f98142d32f913bea4d9fc82ca6de1902d1f38e5aa,1777163700.0,down,0,0.10882980603629605,0
0x1d72a5bda8eebe63094f4669c8f13edcbe8e87e2eb15672926927efc7a5410c3,1777164000.0,up,1,0.7036646333075598,1
0xc94d7403358eba601a405dfbc77a2850506c4146e2f699a5538280eb0ee0dcad,1777164300.0,down,0,0.4500097879526143,-1
0x79200f68ba450567110277d9da4d27d2c1eaf7084758445b568efea5e3e54bf7,1777164600.0,down,0,0.6225800888426689,-1
0x29331105289058bbd558a8cce31d2118331fc6ab68b4c6adf6c9c830f6578a85,1777164900.0,down,0,0.15259870923227262,0
0xdeb92ad6a4a60815344e0a1705c0de6d121a6aa57e5331ebddcc51d3d1fc5934,1777165200.0,up,1,0.13915128801876073,0
0x5db99e0dd536550c79d6ae35833bcb50fee217697c530618a5b4bd471f000d72,1777165500.0,down,0,0.4168155835535754,-1
0x83dbec26694b363ee700030f30e5af663780af84924eb8ba6e36b07684cede67,1777165800.0,down,0,0.3164864087891691,0
0x354b1c8bbb58605e6a7ef93a8f51255cfcae515e14aa37da14d16d4beb624db2,1777166100.0,down,0,0.20313256513075442,0
0x7b3b55e3d641d47384cb9bace4f7aa86a1dd37bb0dd5a3c746e5e3835965c515,1777166400.0,up,1,0.4756097770089977,-1
0x2f048600740cc4e713c69fea0c5d1b0b0a011097eb349fb5588261da2ce57158,1777166700.0,down,0,0.2118019736617664,0
0x9ab5dfa7229afb5249ad50b292340f59e032e0040d74afcfe1b7630d97f5e081,1777167000.0,up,1,0.4220740311417206,-1
0x645db394b4dd2310f04694dc1882b47e5d67b05adc0ba062fc325918c409a333,1777167300.0,up,1,0.7560050604616597,1
0xdfb5b42fb3aecf2d8965c42a90a1cb4cd1a8bef1ebd7013ee8e726c977321c3b,1777167600.0,up,1,0.5228853074149316,-1
0x1f8b345ecd5195d4a5ff4951aea2af0f1f73aa33f24f7746f5a06c3315fdcbfc,1777167900.0,down,0,0.2638206313914677,0
0x0be3fe9788e321df582e21724bf36ee20b865ff8d76481e682effb5a82f79a2f,1777168200.0,up,1,0.9023078297201482,1
0xfee96ee3062767090a4f2118f2dc44a567afb788acee8bbda607de298514b6b6,1777168500.0,down,0,0.027666319890130464,0
0x1041849da9b4d7bb8f18fa0727374d31a6f97b3c1ff54966bf46d7ae8f89b3ff,1777168800.0,up,1,0.6059055074880424,-1
0xac0ac094ef3502605c46e1e4ff97af044df3228c438fdf1d23f3653d88af5c1f,1777169100.0,up,1,0.7888118449788462,1
0x3487074a92a60c186c948d8d9b8c3150bf177555fa0c07de9e1b534c7134c29a,1777169400.0,up,1,0.37575096501206595,-1
0x65cda3e048737a12e60510e311fc0a526e8a57899c36d34739aa57e4429e02e0,1777169700.0,down,0,0.3226371699346931,0
0x63146e19641ba545745afbda2cfa8338a7831c3e1b7dab10910b330e8b4a3126,1777170000.0,up,1,0.2823904226447383,0
0xfe322175a8220f56edf5f9f2f336b5bf2e99652fd67c168bb78a7fd1f553e0c6,1777170300.0,down,0,0.41442378691250753,-1
0x3cd83d35e7970075a3fc2fe3106769b322c21578d7c4e080dbacf73bfb589e78,1777170600.0,up,1,0.3987817803410041,-1
0xc59d4bbc1e867fcc88b9333a80ad97553bca7fd9548a50c3db36de4d08a91288,1777170900.0,down,0,0.374848129966847,-1
0xd2da8ee019c1ad9e192d8aa38d79cdd5e0ea45dced19f4242fc4da942f6d8a32,1777171200.0,down,0,0.09349071857362456,0
0xbbf6ca3bc72b37cd8779c65e36be363a06f0a127319ca032724f9429bf9b0dc5,1777171500.0,down,0,0.13375720685400533,0
0xffe7531b242f52023208f7dcf2ad7c527f0d9b6cce04dd49060d79d2b5f30dc0,1777171800.0,up,1,0.4267662649800778,-1
0xbb5e38cee1e97789f1abd23c7f822b42147e0386c89c3b6eaf4a62a2d77a98f5,1777172100.0,up,1,0.3506605870435512,-1
0x3e30177ed490c891d3612b375c56be0ac6a14713d7f610876ae1868ef3386c61,1777172400.0,down,0,0.3285051575807368,0
0x470dfbaccd83be00a0e0857ea7e050795ab1cfd0506a527000b071ee10b0df26,1777172700.0,up,1,0.43157502125513153,-1
0x7fafcfc5f411334616ea78d91c388e0ca3167e46b98460eb776dd5d096c9c5b5,1777173000.0,up,1,0.40892134716748096,-1
0x3090ae2c83c107fd8f1f9cbd6acccd6f738a8feb2ddf7a362f81f779087a3be1,1777173300.0,down,0,0.3945570698291806,-1
0x9884b50af866dd78cba49885caacb717d18edac074ef2e3fbfb88bc01a385281,1777173600.0,down,0,0.29788523277412726,0
0x1edd94e0ca25223af5371cb4f0f7caf9de3bb272faf57e5cc18801ede2fd1062,1777173900.0,down,0,0.5230056876157397,-1
0x99ba47da8dc0f9e9e01979d18427607ffd03eafd803f06f0df33c414322a59fb,1777174200.0,down,0,0.3706054969977999,-1
0xd59575f8b8e7878dddb27392a3b586ab8a3e7b9b3d60eb3b97da445733890427,1777174500.0,down,0,0.3110713090872302,0
0x43840a0f6839cd54b15878fcb41df4fa9eb9f6ca0726f5418537e043d8759c98,1777174800.0,up,1,0.6960335417602934,1
0x0897fdc52a3c3ee5a3fe13ac2c39328c7daa2c6112401225bce634d16da37a22,1777175100.0,down,0,0.5994877307776445,-1
0xdc099fb8272d20fb87ac0962489d1ba114262ce4ede44b105fe5b517fd01ffd0,1777175400.0,down,0,0.5447227727021525,-1
0xbaddf48cc1ce84215481d784784c52df7540e1396b24aff6a6e3718eeea06ef4,1777175700.0,up,1,0.716160451646532,1
0x270359d86a546b75eb3f1cadadffc981ea9d5f54d57c3b2d9417b8681d46bfb8,1777176000.0,down,0,0.4451091372066808,-1
0x564b63651ab68b6870d5535f28aab7fa94f30e3878d5ebd28bef6177489d94a0,1777176300.0,up,1,0.532743672634837,-1
0xce65c35a18679f1a766b33ccdd8bda2ce7b9650ff8c6a6334a6346d84d5bd0ca,1777176600.0,up,1,0.4123750169410136,-1
0xa3af28fccb1664f91341d29f0641bf3daed395133d50db6f23972096ba4c920f,1777176900.0,up,1,0.4613046021559938,-1
0x07c5ceee1f53236f5f9cffb779ae3bd213ac454004b42913433da51737049928,1777177200.0,up,1,0.5319647672813917,-1
0xc4dac1169c087762e128656438407d5b0203ab27c809415bb0174e76cfb939e9,1777177500.0,down,0,0.20491281404305847,0
0x7dd4bb0eb6530b8e72ef6a6f998d3db081ece85398cbbc7ce682bb9ad1b525fb,1777177800.0,down,0,0.026484669783306984,0
0x7c3bd7ddb361fa0dbef61c95cdedc2e36e3e4e4c80cd65a3eec65438ba1dde6e,1777178100.0,up,1,0.6642618539685129,1
0x9c9c670052f14f92407e0bc0e004efac1fefe63d8f60fc8a02640f3db7990818,1777178400.0,up,1,0.9489298453979634,1
0x78a6c63d1c87f860ef6eda5442bbee499889b19cfb27d63dcf39534daa5056f7,1777178700.0,up,1,0.6856999130746807,1
0xa7ae8a4119fe00f231e693ed717339dd1e13da4617c79f3b1522ab1aee3965b6,1777179000.0,up,1,0.5601630853821663,-1
0x1f0bf6af9e8e9960525b9f93c04bb79a4ec68e91c91f0503fb11a1c8bc421bda,1777179300.0,down,0,0.11225853420726549,0
0x7e5221a8950a1c087587597477b2cd1eb58c34e90bdd1282515249e4b46b2688,1777179600.0,down,0,0.09811515306033573,0
0xb904f497d0791e3138f03e96fdec86aa2c7e8b3ef5a437dc0dcb41edcb955272,1777179900.0,up,1,0.7602590695095697,1
0x9429281fc65b2be6b710c52549c38440a744e2ce41923985c5710566ade7d328,1777180200.0,up,1,0.6912739444304448,1
0xc7b0b8994228264f586a410690dae696b7ae59524f65709527bdd79046d59947,1777180500.0,down,0,0.12508490986651655,0
0xbbd0ae7802f92e7347bbe6b4b8a7b4c811ed0578c65dfd2af92254de1c63d0a1,1777180800.0,down,0,0.3107399009800968,0
0x12870d2d941369a2836cfd05350bbb5fb3725b7de767378e86612d0f3e3cb8e0,1777181100.0,up,1,0.7813504251391835,1
0xab56217bc906f46791de3d6756cc7be5aa05c955df53224294995cc1305943ae,1777181400.0,down,0,0.2740641875266306,0
0x7a64908cf392e76543f6f0ee81fc2c5d82551d8ace2dcc5e41843c1524382e0a,1777181700.0,down,0,0.11682675448597026,0
0x94d0762a30b965e153f500a8384bfde3fe046a61d418a5932d98a557943954c0,1777182000.0,down,0,0.28961001368496053,0
0x1e424cd983cf9e908e1bef7c8b33da8da7f051d0e4eef586407057411f1eb246,1777182300.0,up,1,0.19626693476328413,0
0xaff0d9405b9a3fe7afde4a59defe3e0bebdf62955b747792ab74631dc8459680,1777182600.0,down,0,0.2452805106035282,0
0x23697c18c062a5295d726c7fb9433feac19341108b5b7401034ee19efee2df73,1777182900.0,down,0,0.32767093603116426,0
0xfaa3e4443622d38f913eecf12645f06da4ef3f63ae7345b52a4da7fb83a3c402,1777183200.0,up,1,0.7954526769982972,1
0x958b02ebebe5cf646351b76374d0aa0ee70d13978c8bbc4d882807f59ec3b96a,1777183500.0,down,0,0.2170273478894014,0
0xa8517b87de5219f463739a14497956afe7c3a25b38adb915fd7d1465c12a6193,1777183800.0,up,1,0.4986891901166277,-1
0x076db916e2ee9f73763a366c94605ef229db26876bcb8052e893cb0fdf38258f,1777184100.0,down,0,0.289335935080876,0
0x8ba40af9a425557bdadceb2b3911d6d83578422e6abe1f9a1126d18b725c1144,1777184400.0,down,0,0.3683704690667123,-1
0x9b7071187e61323ea046e31e4d14514f6853462b3a651fa62671acbf2b60f042,1777184700.0,up,1,0.7204739940502486,1
0x0b3f7f03c369c8b86062225ed60ddd5dcd2694b43512e6aa7b480145095f0ae8,1777185000.0,down,0,0.4883303314862096,-1
0x670a5971b5ebbbe9c4a62efc0692a407224af14f08ef99329fa98f7eb06ce24a,1777185300.0,up,1,0.42603954831494184,-1
0xec82cc020b7b943f59dc9467180e4277331e59eeb790887edba1950ca7a5630a,1777185600.0,up,1,0.8215630981772746,1
0xbc4e57ebc00cc93618218c8867247447ac75038258bfab79502d605f01f83d67,1777185900.0,down,0,0.40408149324804055,-1
0x4c54bfd67dacf9f6e1285ff463e8318a9a290a9b8b4a0a6bbfa5fb4749f6d05d,1777186200.0,up,1,0.2034104966211426,0
0x6414815744b0dc314f0e0badc214d564599a135b8786d9c5627c1e0c88a4faf0,1777186500.0,up,1,0.7800634197576075,1
0xe9ea07cfc4b66e76ba695288481bda5b5ced08723918e792ef0188565e229f04,1777186800.0,down,0,0.7667184118672292,1
0x610a24ec72f9e79b0a81707ee73a15a2be20bf9b26cd470186b18b3b8bc55ff6,1777187100.0,down,0,0.5296177008849029,-1
0x6ff353272540f60df5f6b0a999e7e70325ba2a4ce2a0741f7020b4b210fb65d6,1777187400.0,up,1,0.8207851170998974,1
0x262e9ddfff7bc8156f489c0d5aaa4496a38a6006d5475f42c04cea83475f2146,1777187700.0,down,0,0.7104223199065592,1
0x0cbcb753e7dd633c51af5bd6b7bb70d2b47216812f661852882e55e3ee0ac3c8,1777188000.0,up,1,0.7309370563168525,1
0xd2c4dea8c4a1f65f9e00938c5f082875d4d92646436ea5b80e1e1e7d08935ba9,1777188300.0,down,0,0.27445576306118613,0
0xedd56468b2426d714c9864864e1efdfda3a62eafe1ec511a06b02245788ace61,1777188600.0,down,0,0.2119818055816799,0
0x560cf6d61535cf0fbda71e0002d82218c4777a51de361375ac18d791db12beed,1777188900.0,down,0,0.4782723305754722,-1
0xd5dbec6fa5316ed67d26b2288101320a05e15e9e00ccd6327b096c10962e9a85,1777189200.0,up,1,0.6418980139632676,-1
0xabbf72613e65f31e4b66fcfbcd5a5b9c6eecb13015542a39450dbc96964cab9b,1777189500.0,up,1,0.5922351537873921,-1
0x73274adb88c037ad2b66a5280c452524394f3290ae2c7866ae5efac3f74734b9,1777189800.0,up,1,0.8976758384605594,1
0x9f6fb2837d539d91bb07f4b3b9f352d70e988a013aad9ea85056f64c24ae5ab4,1777190100.0,up,1,0.9179284271346212,1
0xcc91f1c529189b24d03db9dbed274ff829223fb6c66c622b90308f0d9d6d81df,1777190400.0,up,1,0.5650819708481088,-1
0x661822fb5936049b22ffd6f4d7de3dacc4c01259df9fb7bae4e3dfa712311258,1777190700.0,down,0,0.42040183758070493,-1
0xbfe54f24a0d1e418d205782ae8de3666b53840cf1a57d80874b110a79de649af,1777191000.0,down,0,0.21086994480945911,0
0xd60f1c0b5d84f21625beca9b3be015b7303f51499f9beb030e22c3aff97e0a67,1777191300.0,down,0,0.2592333468793114,0
0x5aff992e1f3f81048323188f344b23f0e326a8caf55f304e7ef438ac44398957,1777191600.0,up,1,0.3404199240212044,0
0xd2eb78b2815c972fcb345ba3332ad8eb0949031bee058b3905dc72162311d75c,1777191900.0,up,1,0.7459921366638321,1
0x099d3219af06263542871e7dcc924a18aa96e0248411649a8d888b802228d01d,1777192200.0,up,1,0.6636482525316747,1
0x995e381e9d3679538aef37c94d11ab2078dc4d7d482e9f5406ea932cbc70e8ca,1777192500.0,up,1,0.9544984513767047,1
0x2174f1e5a2b1d5d765dc698b2f63012ab5487432a5daa50aa028c728418884d6,1777192800.0,down,0,0.2581354479132278,0
0x3542176d7b5775cbf25ad16ce1dab31f47fa9fa3b0af1024f5b52c7cd5ccd936,1777193100.0,down,0,0.26098771006924676,0
0xc8912e3b3250df0f8490a4d43e03da1ff4d7c2ffc07c0900a56c26ca554456f7,1777193400.0,up,1,0.4810268198297683,-1
0x8c716707c33c9daa983f91ee9b941c1f50081212f7d5f8bac792e9fc19db7d1b,1777193700.0,down,0,0.38903416385508927,-1
0x84bd49f8656dbe8b8c9330026b73f77d264cf4a91f1c183c93ab495a12e4ec8f,1777194000.0,down,0,0.21248470527726557,0
0x94580e505769172395eda1fb157165f6ee02f2c661df92fef41982ae0cf14332,1777194300.0,down,0,0.34558465518433124,-1
0xebc4e4e7519a312e267e591325a0c2726b9d29d52fea88fb7c631db7ad9920fc,1777194600.0,up,1,0.48138981711042944,-1
0x76960dab6089e2c753c70a791f857f54bed02d3219de0b571cecb8226e5ec095,1777194900.0,down,0,0.47106417835721637,-1
0x7a89804e55091ccbdf63b741f59ba662e7728891f548447de29fcfcb85bca6d2,1777195200.0,up,1,0.8370908066830114,1
0x47c8cd4e5c84cbdd2d872ef18726c2f90659a8b662e4c78ec11d3ab1fdfc78b1,1777195500.0,down,0,0.6448327197776542,-1
0xd08d77432b646034590da4930ce5bae15ea297ed26e99496c0117c5bafe3dc47,1777195800.0,down,0,0.13096838645184583,0
0xc550499e3fae430934770a39b653871040422e510c33e7c911f2b3512ac3564a,1777196100.0,down,0,0.5946014719685488,-1
0x1603a8c23f16d95eb2e9dc5ed6ea4ee8ba3bbc3a70ea4c5d42429a327224d7f2,1777196400.0,up,1,0.17739198193912653,0
0x298a5298aa83159835c602f4bd600b78bf9748354da33d0721835e4d448e8182,1777196700.0,down,0,0.27494905596406827,0
0x5fd8d3959f0bae8693b507bae56eda2d6ea459f0180cbd688abee18b8335f2f5,1777197000.0,up,1,0.873766655017777,1
0x3579fb8db4b7c14136fd535f67c68e03de5d174ffabea70ba8c420021ae36885,1777197300.0,up,1,0.6051171267479794,-1
0x85ecfc7775bda968994134f4f0c1244fa4993e04bb5819a9f6103e6da17d23a4,1777197600.0,down,0,0.11703878270448986,0
0x75f78ac38eb8e04ac6ab6688f1ea1cdae6296d190b3b80a52e8b751cb0be59e2,1777197900.0,up,1,0.8701241329057955,1
0xd6a140cfc43d9c37a785c6a96fc4d21c22986096d730ac1faf711374fd29ebcf,1777198200.0,up,1,0.4654775092922318,-1
0x0d69dfe22fe2217704f0a24ad3bf8a8f3741730f150464d49e3e5e2aca37bd46,1777198500.0,down,0,0.456002774870671,-1
0xda10e4d6c7072ed07b212c6b283de5513e772f56ad38c6acc2762b8ac8b8f18f,1777198800.0,down,0,0.2901980871583704,0
0x54755013eb812da45b412501afabc340cc29acd7cd159f1a85b37a6b42ae07f4,1777199100.0,down,0,0.26007118288485037,0
0x6358f2e0af42b223bfee82fb91e0e11282fd54daae24a61d3967497c24410d08,1777199400.0,down,0,0.14546563558456516,0
0x3089e6f9bce18845306b4bb9344a26d1ed36e8e486520ee08d1a596b1c7c41c9,1777199700.0,down,0,0.7854042199009468,1
0x23684ae4d0decd002bfc0a2cd1978eb6329c76a984712daa5302a9f1a19cc138,1777200000.0,down,0,0.18402106426154766,0
0xc77c37518293adc8fb61885a03552f73048f920cf7f7be1df518c1278ae741ef,1777200300.0,down,0,0.7290269620380513,1
0x60b5348ac099f28addbcc908b7e4704191d3d8c22bc39dfac317695452366d53,1777200600.0,up,1,0.6217719948039223,-1
0x7ed881126c95f30ba34224ba158931509243aa4af43efa7f3ff05883864e2fd3,1777200900.0,up,1,0.4840035479309697,-1
0xec386296c3e170b931a048c10c2e5de6adaf4c6670dcd82aceb0bb2524d64a64,1777201200.0,up,1,0.9804240562189794,1
0x91f7039b53f50000c6785f6be0242ca01822fbf0fd0d49a53c898912740e13f4,1777201500.0,up,1,0.8202263454285925,1
0xf01114a38021e71fff1565c9e803e733df7888f687f257740b2413d038758514,1777201800.0,down,0,0.7710511463808047,1
0x564ee224fb328f5a592fad7721be98b7f148e166921ef8e185277e755fbf8dd0,1777202100.0,down,0,0.18236102287430833,0
0x5b5c3dedd50fc17fafea78ba47f8195899b439ddb7504c8924f758ef9a36714a,1777202400.0,up,1,0.422335765945305,-1
0x80d72b8ce081ce3d1a5976ca05ea5e14de6603473e423b5e3965f92076d7a8d9,1777202700.0,up,1,0.8815194989860947,1
0xa1f4f6378ce49837725c22ed416e05c4945bf2832028ba919aae8aadf2794e5a,1777203000.0,down,0,0.35140352609171527,-1
0x28bbb8d97313db465066c28e13fa6b77fd0e220035919ff49065bf7aad3e4b4e,1777203300.0,down,0,0.17982441847284214,0
0x2a02b8f1e73d049296f84b44a22565643ff44aeff3b21e08aa27ad634e92d3fb,1777203600.0,up,1,0.6566885809420969,1
0x613605c868eff19a087d4cc13985712a33015c9d3eaeba9c54b97d541425d342,1777203900.0,up,1,0.3069649721775605,0
0x3e2def58ff1f7ec6fc24e6eb812c6d0e09f1126212618713bb0fc90d9a63fe0f,1777204200.0,up,1,0.9197790410123284,1
0xfbe77402f86e4b60ca40da65126ea3d4117436bfa25bcf3a650a66cc7c04fc84,1777204500.0,down,0,0.5128305205917563,-1
0x3443836c6cf3f05989738d838a7c5b6e14475054879788d3e60f49e59520bf3e,1777204800.0,down,0,0.21114998013568193,0
0xe1983e68f1db6098e7d7e7a204060c288a76d8432f7812dd35afdd844c000cf3,1777205100.0,down,0,0.7343765432741586,1
0x77ac06b678252f942c85f6da5df47c5c7879e213a5936fff8faf219f965661c5,1777205400.0,down,0,0.15008983407249243,0
0x274b9cab6822f2568355663b807aff516c6bff6f0f62ae03c8da6be8d0764a7b,1777205700.0,up,1,0.39176062387387456,-1
0x45e110488647a131dcc05887bbb58079f6e468ef7376bf963287a3a9a28ca12d,1777206000.0,up,1,0.7946699552318403,1
0xfacde4287e42625aa3ecef6e7bc9bdd8574e5d5be776161029b3af508f09b536,1777206300.0,down,0,0.5992879616186616,-1
0x46df73899c0b6aacecb1d33081f22a06fb01d4132e56622cd9740f675b143b60,1777206600.0,down,0,0.5495086961562177,-1
0x71ca794ce74f2200040afd9d2c1f580aea216e6fafdaadf2d58ced0038c21b3a,1777206900.0,up,1,0.5479754497041817,-1
0xce5ba1fe77fd4ea18c717e2a63ab9117f5f84bcf33bff2355e67654bb9e38a19,1777207200.0,down,0,0.18542841174059907,0
0x23fa2c718c4fa9424b62bb501ccb0c02287dcd48ab4ad172427b435b6ec242d8,1777207500.0,down,0,0.005206053697638836,0
0x9d09c6b1f3d6328cd33d944234a0a508e81f36d015476c98cb75a6a21a75e7c2,1777207800.0,up,1,0.8575670788652892,1
0xfa20cc70afc317e69891c77af7045948d4f7e19ab6a39c2d5dbd8010dec29e25,1777208100.0,down,0,0.3592965059885129,-1
0x9c1cccfe5e41d50274f1b1e51673871fdc2e9dbfb0a2233087f5d42fd8f8f52d,1777208400.0,up,1,0.5688740097015899,-1
0xc02879bf7148f21830e5e0442cb4d737ead47a9971e0729aa695bc3641196753,1777208700.0,up,1,0.5468473781505474,-1
0xec9df2c535e31ae7978da2a4e30e19e2fc5206ede5a04172f8f96378501e78d6,1777209000.0,up,1,0.4707187810908881,-1
0xa659274e3f2805357bbae3168d257441988c3bd9b822f0ab3004352dc04c4696,1777209300.0,down,0,0.3699319284809972,-1
0x125ab6520c3901a1f06c020966c2e486d85aba523350ea680650838f81097401,1777209600.0,down,0,0.3433171106063454,0
0x5831a78828b9441dacf11b54f0ab1651431e841e8752e69f3a227cb1e422a80b,1777209900.0,up,1,0.30635036870756166,0
0x2f04071a272e2d7c4de1faa160c7d6217e4dc7a74276683dddd617701cebbd91,1777210200.0,up,1,0.3769130363785854,-1
0xc88bc035c04aec507be6e4d69b2f7e9ad4c964611b1ed68d0d422c754a4fbf4d,1777210500.0,up,1,0.18506313908141273,0
0x426c71852089c240918c41f650a4e702f937cf3365a02654e6888584a96d8c91,1777210800.0,up,1,0.21744617884743464,0
0xd2bf1f6f64586e8e5069d27fa37780b8679f10840df4846384d5aa0e0d06745e,1777211100.0,down,0,0.12802044827933926,0
0x01dcd15fc511f9a389b520b03f303912a253cb5a9a14eed48fb75ad212d73eef,1777211400.0,up,1,0.47686535436034333,-1
0x35b43bab23369acad5d41cce14027ac18b728b5cd3585590b6287bd6c4b9361f,1777211700.0,up,1,0.5288695584150216,-1
0x0e509383fc2eaf8205d2c6c418fd8d359f10aaff371c5c8f46c5f9a6ce1b22b8,1777212000.0,down,0,0.13398612777349708,0
0x397c7da630216802a59cb313c7e7c7576ca160ebda388a22d9a8b46b83614f4a,1777212300.0,up,1,0.09206637739644918,0
0xc10f3c2660ef13ed494498974e046dd637db3bff3f9bd58bf5bb7b6c3b382a41,1777212600.0,up,1,0.21077605840416003,0
0xd12b3b70a749c679c3bb11a09c3ca5ac873656da3403ffcd52fcdc2e5b26558b,1777212900.0,up,1,0.2324912501121414,0
0x1f9d68e14e9a1f225b71be91712414611db22004d229876198417e289f5076e1,1777213200.0,up,1,0.9935839666185703,1
0xa17923da3e7e1d46a7dea09256f352764084f8b4f3abe4b8b28d768073578bf0,1777213500.0,up,1,0.5582419457663261,-1
0x6b485e04e295cc9e42e6bdc42d137570f001a4c7aef422ecb2f56b6682a321d2,1777213800.0,up,1,0.2726182202873386,0
0x53c84c3ade0324cb04a0bdd65b85177c7f3d31146256a9dc8e8e99f4d8f6d31e,1777214100.0,up,1,0.2437285233459839,0
0xaf1f3f928284655820d3cbfea3b8a20f75bd86f04ab599c1e29de82dc7cd6f5b,1777214400.0,down,0,0.8073642762280907,1
0x7ac72afcce3d398906c15b0d9ba0d3a7e03777b1b4a82a78d644af6382e76a91,1777214700.0,down,0,0.1390939343255446,0
0x9b3bdde5520151a068381a5faf36cf2b2a397c616a00b3dec0b71f551247a7fc,1777215000.0,up,1,0.9968594932893661,1
0xfaffa505fc7af3b3c94c1a7d8853ddd5ea893fca9b9cdea47ff8bdc1da4223b4,1777215300.0,down,0,0.28581670651009894,0
0x2e040478adcc42fceb1397b871b220b105c77ad46e2275831d99d8719af7ada6,1777215600.0,up,1,0.6180429770718051,-1
0x54c732536e1dee7692b605ad55e13f411bdc337566bc445b2f77eabf20d22877,1777215900.0,down,0,0.0902868686518476,0
0x7c92fc154071c4a495015f09b8ba4a9205f484deb143600c66c9ea91fa026c4b,1777216200.0,up,1,0.5861427527837743,-1
0x6c9f1beed8d4cad9dd7b4061666d09b22d7515f0747b2d21070c2a07253ce15f,1777216500.0,up,1,0.7777434058015104,1
0xc055a38adcc03b70fc69322237fb01840e16c34d117cf502d8b16ea7e313bca8,1777216800.0,down,0,0.15738562707767403,0
0xf75d7bed43195b02ae3931d5892e37b89ed5484b7841bd9f1605f0f62e43cc14,1777217100.0,up,1,0.8834880380436428,1
0xc3ee6a2c2548ff39e7d5809e0a49ca12cc5a116828d2549507c09e7177ec5796,1777217400.0,down,0,0.31448558452642267,0
0x4dd2b778dc3260c6c3bbc55da39c32ac189121b7c3dc59bc802e99b1ce38beb2,1777217700.0,up,1,0.7112536534428001,1
0xd7dee31e8b4cbbe530b5c687cd115def8e6c46e6ba854b51456c25ebbac91553,1777218000.0,down,0,0.2124365566051216,0
0x32d1938766ba7afe00df6a1f8a74dcb92b0cae171fc17d3ae3feeeecc2b1f7ef,1777218300.0,down,0,0.08210837145204644,0
0xbb3103368431f762ec0b58666ddfc97a9d9581c370ba58a56843b3022eb3a200,1777218600.0,up,1,0.9204120322690016,1
0xdfe2606dd333bcc4d06df7c4094ff5f55fe993fc7ed4eec4ab2e5db11fc17655,1777218900.0,down,0,0.10681151520692304,0
0x1a98ddbf5438f0130650bb88ddb1822b2e34489198336d4a34c19b820d89df97,1777219200.0,up,1,0.16701658278369289,0
0xb45b1839400f65954fda6d9381ff61c33f14c9d250e6a162f5585af5e1fdf51a,1777219500.0,down,0,0.3234697978953903,0
0x428030d95db555cef224ce2b7df35d85ad2a14ecaf6ded4c772cc6fc12f88183,1777219800.0,down,0,0.393296410691489,-1
0x5978325720bc289a204293cf503531316318dc414f4479edbbdab66d3263f416,1777220100.0,up,1,0.5867442180059592,-1
0x03afe1150b8ac576d0d54c1446102da2f8ccf1fa50bc19599cf7ba038f917703,1777220400.0,up,1,0.41863304295678166,-1
0xd086c7465e0c5557ad0168af8092b90c1be527f5a29bc9ffac4e10b243e80ee3,1777220700.0,up,1,0.6334537066329704,-1
0xaeba560332ca983c517b919ba559a3c7ed3be49beaf12e7e9243ace649e5edaf,1777221000.0,up,1,0.23165783895313385,0
0x2fd65827cb9236a220a37622228bb977d5ee43c10bbe08af2ab4350c3fa72a7c,1777221300.0,down,0,0.5067434360375485,-1
0x633403e32dd7dca17630288a64be781542c98771c222c0d5435749c76db277bd,1777221600.0,down,0,0.5726301810434367,-1
0x35cd19a3da67cd7a7793cec0841f10559b2a8dfd74d0c4d06341b95e459bd52a,1777221900.0,up,1,0.5300317722637357,-1
0x6a9ceafb8388ec596b9cfe348fc6c800e1d7507ca1c287a9361989b54dddf88c,1777222200.0,up,1,0.29814713398960435,0
0x514e26f947ba8ca8c6374f007a12fe4dc5fec9012e063969eaa581087c52cb00,1777222500.0,down,0,0.2671723630673141,0
0xd389b61ac5f78a7e8ccea5e5e152ddb8f6fe519a750ed87749ee20d86fd983a7,1777222800.0,up,1,0.16163224417971375,0
0xb70f16e9a0004ce769460e764c9a1a7df553e8f14c666d4b15707ce96dd552d3,1777223100.0,up,1,0.773365082759791,1
0x3fffe5934c9b8e1ffe515e70427981ea5f9603efdaa3369c485e7b0be79ac298,1777223400.0,up,1,0.528099946523589,-1
0x3f0243606ec8cd9f802501907d42cad6f86d86687606b066285b23a84a82c15e,1777223700.0,up,1,0.5780391446544253,-1
0x3b7f51647da855805f543d4f5d15ba9d2c71d0c90e23f4998161aa3012c64bf5,1777224000.0,down,0,0.5544605895476863,-1
0x2254084397d17bb4a366e21b7ab89271bc57f3a7194c7e8b3a17397d78f618aa,1777224300.0,up,1,0.535527069465323,-1
0xf5cee24c2848d2e03b721924b77def098163bf25019a4d1ccdab3d5a912ed5fc,1777224600.0,down,0,0.21255774698355803,0
0xa29752884bbb3e0848f9a135c937617812fcb6ca7589d20d90b411e5146445b0,1777224900.0,down,0,0.3544021554642162,-1
0xba6c099a2ad9ce9d7a647207cbba081ce6b8c7a47eb597d68d47919f77f3f966,1777225200.0,up,1,0.8737719436978109,1
0x5ef05c8685a7cc3f041ecf68c9cbbdb99f6c5af17943140565b9cfb4c47fada3,1777225500.0,up,1,0.30179694909938715,0
0x23151e873e70ca258b872bc4392af55a5110266deffc983948b4541c372e2022,1777225800.0,down,0,0.5977044188082276,-1
0xe39bce06ef504705f7bb225bd5bc9aa4609eb2d7b85bb486697d05a61332ac48,1777226100.0,down,0,0.2932995935135964,0
0x7a777ef460d1211995f8f8b92ba0e952a3cacfedf8b1998e721b05cc7a8b4580,1777226400.0,down,0,0.608361635445858,-1
0xde02ab4536add5e63cc35fe54ac52c36c02471c7714f2211e2be3d1479f64be3,1777226700.0,up,1,0.7918914480028115,1
0x26996e98e27b3fd60ff646307d20ae6dfaf6f27ef6a8adcd83dea4a308236863,1777227000.0,up,1,0.11705333719171503,0
0x3fbd4494c61640fb3d2e9ba30d9debd7c8734ef0cc1a10852157625ea20c7eb2,1777227300.0,up,1,0.6663566410493986,1
0xc0e051dbb0f4c93305ffcc2d89a238b3895598347dd739afd8e31620a9b903df,1777227600.0,up,1,0.6599692891246541,1
0x9ffcf55b66f433d8203b2fd1db572e2b176b9302003fb67c700d456b077a2323,1777227900.0,down,0,0.14477888847206685,0
0xa43d906c253aa24f74e7f0be350d9d3a3abd0b8405f42b261c9aca3bda3571d9,1777228200.0,down,0,0.7123174701017688,1
0xcff775790b23aa3b49542a654175ea60cbdcf3a1b376caa05977a3e75a771fd7,1777228500.0,up,1,0.6636170079052429,1
0x3e09d8a4eb069623c0e076ce795d11ea65644dba17a2e11e0751a3a9a84e55d9,1777228800.0,up,1,0.48230320067367444,-1
0xf9fb97dae36f3645ebacb1ea6daa26dcf39293a4e1fc449293f721f421998f90,1777229100.0,up,1,0.6544368842146119,1
0x823170a34a2ea8d6eefc050116006310a5c3f48db9286cbac627c37affc55312,1777229400.0,up,1,0.33128073189623425,0
0x11c6f8d9eaa058945586f53f7541d5f3982dd63dd464585b197dbf654c0ecd8a,1777229700.0,up,1,0.46781327323332345,-1
0xe1261a8c794a7d96dd5e04ac6210ae073bfe72e0d2f5cb14b45472466bad9404,1777230000.0,down,0,0.12447473715615366,0
0x7e85e521e323bc20200a0c6541f49b38817cfe805283ca68a0212ab95e2f895d,1777230300.0,up,1,0.7111905798667892,1
0xb55f9a86cfba3955e5640a746e2b7115f17c4b60d7047ac5fe059d6be6bc7be4,1777230600.0,up,1,0.7353587883727456,1
0xa2c7179400f5fe2ccaf7812682e9061a237c2b9fcf78ce7621cc09998330b83d,1777230900.0,down,0,0.8901465405444228,1
0x3c27744c06e7fbb21ab95fbe1a67f5c1e7f3ecd3f773910d2d18c3e8f936e655,1777231200.0,down,0,0.4837022395267367,-1
0xc6cf87e639a5bc05cb8fdc5f00e7862e53f2f0a6c72700c8839c8c7eef832661,1777231500.0,down,0,0.07393191077132925,0
0xe352566939b2440de9fac1b6bb1da3e76f7f5724d0abb21c4b41ca8b624ecfa5,1777231800.0,down,0,0.3887082509960192,-1
0x5620a31b1a307e53638dd5c5a4ed35f2c07119be11589aaf2a0ec3bde91b5ca3,1777232100.0,down,0,0.763641231269621,1
0x114a921ac0b4968feee5502f7e4dfd8b19486c9f511e190d1bb93dfa44a271fd,1777232400.0,up,1,0.8788270033678143,1
0x1f66b21f97ee7591c757b0a9718789ce37a255e277f6d38cfd7753e226e1707c,1777232700.0,up,1,0.6060658849859781,-1
0x63731c088b159bdd1218ce8d04cba0a4ea4e3e0297da347c100de773525892d7,1777233000.0,up,1,0.47153769019863473,-1
0x5d24eafcce9b0861d4678cd043d5b3ef35318bef4cedba22a2483b0bd233dd35,1777233300.0,down,0,0.40102288867058394,-1
0x49f7ea93202852197faff846ed5e0f5390a3a5c1c418d15b087eea938e8a105a,1777233600.0,up,1,0.22643913294631923,0
0x1f78c64b53ff92a7c43810ca32a354042e8bb6ec6f54fefa9f1097930f31c325,1777233900.0,up,1,0.6946294286407,1
0x44487569a3aa8e8597b49e140c867c1d257f119475cfc4076400bed4f725e03b,1777234200.0,down,0,0.4659011662770748,-1
0x271133b3d1fea798c663ad452259681489aeaabb3844fb82d87de329410c2200,1777234500.0,down,0,0.4702394714604649,-1
0xecfe99323cb1dc1fb965bf1f48546ca7327a290240ee9aa0ddb17fe202f1559e,1777234800.0,up,1,0.7256928817518297,1
0x95272e9f372740fbd99c97b0fcda56b4a96de6a71dec39b7a958ed54610f9e35,1777235100.0,up,1,0.5802057330637053,-1
0xe59a80b44193998b36006e64195925b9cac1f05ee9f471d08f82be18af5b1866,1777235400.0,up,1,0.7439100062663914,1
0x5bee98d95bd6c80c8967a07ff736db6cc1adfde16cb8b703a676eb2dda6e4e24,1777235700.0,down,0,0.263079272972547,0
0x8c20ec51ab4dd22bb0e712a008ae692f9635ccb330e270223af8f482d455fc8f,1777236000.0,up,1,0.48686149754575314,-1
0x46316913f9b31faa42228b605fda50ff71baa5f888dc96660ba9838549d1151e,1777236300.0,down,0,0.8836686119135301,1
0x8d55c01ee9a7c089aae52ddf3df56aa834e7fd41ac906ed827904de05b293379,1777236600.0,down,0,0.31853842237881597,0
0x9de24876800d1ac003c58729f7a062150be3f341d6d82425db641bfc9bc9ec7d,1777236900.0,down,0,0.5244685963651639,-1
0x4e8a19a616fe6fd1d0839f50e82c2c23aed676c798b7dead5db3fcdfadfa3a7a,1777237200.0,up,1,0.5889483509026329,-1
0x3c42cc5dacdfdea3f62a11345ff4d455750ab0b81b176f114f76fc8ffecd022a,1777237500.0,down,0,0.5057230673539993,-1
0x2ba3b950a772388bc6b6576a3ca14e21032997aadde1f81d98e0ef1dac714555,1777237800.0,down,0,0.4363764218470949,-1
0x5efa1fe3c2479a0bc06c2fe6fd22879da9311e7cfb7ba6c2dd8c37a789c90e74,1777238100.0,up,1,0.7058249583045978,1
0xf9110095d89b1c68fc1aeff5f76ce3ebd436abd0a73178b64cdba3519a4420da,1777238400.0,up,1,0.5191665181459779,-1
0xe2ebb6f90726ef40231405b930bdc59b54e7d5a50be340c6e3b668e39af64f84,1777238700.0,down,0,0.5849100506317054,-1
0xa440e11fba5d16a8a46d92569bf86d6a37fdfbf6f7652f25adb2a6126192b8a2,1777239000.0,down,0,0.09039914996358944,0
0x5cd9fc65c5a947074cf63d146089b78552abfe0a3522e72a1c826dddd8c43af6,1777239300.0,up,1,0.4880699239003635,-1
0x00c70256ae1bb67ff38019670d60a92958750153db06018c93fba06fd1783beb,1777239600.0,down,0,0.24000185679644878,0
0xb9aa8f71ce1e84000596f0632e21a58c72314928514c1d76f5493841629702a8,1777239900.0,down,0,0.15923396456704483,0
0x67ef1d8db923535d142e3e2e897f2a7831e247a3eb62cff141c9faa017711b0c,1777240200.0,up,1,0.47574710947403254,-1
0x961a454478df616578a6ca08c3a50eba53e7f0df08dec8acfb4a5fcd07bd561a,1777240500.0,up,1,0.8479566546162476,1
0xa75ee092c59cac352dc31894a6655767ae3f3e128391cf0b6611b8562855c600,1777240800.0,down,0,0.7792320092223369,1
0x26dd6672071604a66989f48c2e2f81a7e1658cdbd64e602e4cc2998ad1a4c1c0,1777241100.0,up,1,0.6003486836337181,-1
0xdf49d71966b4a588daf88733b0fa26228e7e27095d9dbb947b7fdb8d2ccf32d5,1777241400.0,up,1,0.29245533162648796,0
0xb99c244bcf561c6840999e87d72df29c03db3035a1edec0fbac0d8f42023cd08,1777241700.0,up,1,0.9035295634661041,1
0xc97b9b16474d770bed80cc0b06d7e3e5d5e29f36c29b7f79de982c3d6bcea6b3,1777242000.0,down,0,0.3988166046199181,-1
0x8f76de8f1cac762ae3766f1f56579f91f57b4c57bf76fb04509472a6fdfe7ad9,1777242300.0,down,0,0.5240467168913109,-1
0xda3e24c5062f9cc2cad40f07efa186c2e992b6f36441ac1c7a7bcc682e327173,1777242600.0,down,0,0.20892533245232692,0
0xd5da42b381f111f4be49a03ac8621d8061b9ad9785b143d4b7dd1e1ca320b638,1777242900.0,up,1,0.9117547118255376,1
0x4ca0c15c6f582d9340724a191e93c8d8070cd03dd413e2a93222f1be5129ac74,1777243200.0,up,1,0.7565701661898069,1
0x7812f2f239bbd1e3be221070f4bd4925d171655d4d97754b5a6d0f1b3f2ca187,1777243500.0,up,1,0.8597586273731392,1
0x4429b512ba228b8da9f92857d8345eb35c8d22613276834b1a9559aa13f8f236,1777243800.0,down,0,0.19742830738739178,0
0x8638fd8e579e83cae3a23a137242d9aeacc8ebd0e9e00cab2eea20fefc80e9a1,1777244100.0,down,0,0.4004454658621831,-1
0xe9c0c61377a57b3c914845e5594869b29cd9e75510e771f104fffff24129021b,1777244400.0,up,1,0.5399260568880969,-1
0xb7772b726802c663982fc50a7672acc2590555736a0b6bacf82e992197fa1bc9,1777244700.0,down,0,0.7187611699751754,1
0x1c2e1eef0898a589a1f4098fee566630876a23544a68b2e9bc95c866513399b7,1777245000.0,up,1,0.6733739121010496,1
0xa1cf422d640493670e670873b13da30fa5332f6487f53e33036268ecaac23f52,1777245300.0,down,0,0.3493020978472528,-1
0xd9645066177a3eecf8c324adab40df942be2d4daf7f68de9ba209a897a512eee,1777245600.0,up,1,0.8623514067295603,1
0x80b92f084b4a2aad69ee5e452ed22fb8e78635a62515c96c9229be882eaefb27,1777245900.0,down,0,0.5525774807918896,-1
0xd8e659bcaaf09dee2da21bbde4819ec896d10e9bd352c243d4291a9c89edbdd7,1777246200.0,up,1,0.8996447330023734,1
0x286490a8715932e33a74668ccd2eef536ebb27740012909d2f8e14beb056b22a,1777246500.0,up,1,0.28747768422121,0
0x83d85634cb1fcd84a64baaa53362dedbc50cb9e89da7c29ef0212cd6a9b0f377,1777246800.0,up,1,0.6554550742854955,1
0x541ee2559a16ecda5600cc74ba7d62559e8abe444253aec7c1c155441358b6bf,1777247100.0,up,1,0.5584687952635955,-1
0xe1e2855631614a54905285c25e51d6066ae46100dbddbfd6091e10266cd90130,1777247400.0,down,0,0.42014456272406947,-1
0x8188a3e341c2b3ae1daab7683f0ae7e1f1b41c9c22d4d71c464f14563aa99c61,1777247700.0,down,0,0.3668614300494375,-1
0xd39bbcc8c9a7e573ef962a506386277c1ac8a690a81182ec8a90958f35e854cd,1777248000.0,up,1,0.9124341738203252,1
0x570e134beebb383e8a4e9dd1149ad26ad6be32c44d2b6f1f18759cc470d21b11,1777248300.0,down,0,0.2743856707414767,0
0x79851e7327b1ef28b414d27d4ffecd33e7568d2d599a4c2e9310585529394e5d,1777248600.0,down,0,0.09004864284517454,0
0xb6c7d3e4fa5bfb79d49e1f2cec26712bbaf6e8c69a286cf7ec7a7c0aefdcceff,1777248900.0,up,1,0.4616359491752172,-1
0xd56bd29e7090a772e9510535d2b7b43881cf9df35028ad2110e308d17a7faa22,1777249200.0,down,0,0.5386287596425299,-1
0xcdeaded3780e547fdee34301bf1e1503bcfbc21d9c906e002c1c3f0b9d908851,1777249500.0,down,0,0.17033005491375217,0
0x6d7dcb85e99a0a8870315cf7950ebfc8d72614954169b55c0a28beb61d872c3d,1777249800.0,up,1,0.2784775397356274,0
0xc3eeca29b10f1a2fd25a49a97dd46be317a93dec116d0a559fd463b4d053396d,1777250100.0,up,1,0.7389929916303188,1
0x62646a3620ac873f9934911817717a70f7bb897589cf3e9e59234ba4028a690c,1777250400.0,up,1,0.9432055370276713,1
0x488d53d5c51df89673f4da7eed03eab937b322ce1c12661f9a57aa211fc460b1,1777250700.0,up,1,0.6090551533979384,-1
0xa828d25ea6aa34b260f0e4113c767470408337b2b5ff3da4187973897e8de7a1,1777251000.0,up,1,0.42302190076044377,-1
0xdbfff9ca4d8cf066eb762bc4f43d603e3255b685b665d9820bdcc5623b50eca6,1777251300.0,up,1,0.9956380935732546,1
0xf55836d42683b68b4ce4679548c545206ef93b54a9a4faab0530f61565569ce8,1777251600.0,up,1,0.937677026245218,1
0xcdde3d92bac95dfc6f2e17cbff3cc8e12ee278404f6e94f542f6fe6181aa0781,1777251900.0,down,0,0.4299115617436494,-1
0x899e23dbea47db8fd6613d3b0b05a9202f7a4671cfa8dbd26f9485647767ee9f,1777252200.0,down,0,0.7707020663229837,1
0xd7cf4d4c586e191910b0aeb01aaf20320493b24920168cb296b2efc27d28244f,1777252500.0,down,0,0.10557748761779276,0
0x61cd3b1ecc30dc653de54ff86da9d9a4d6b4eda4aee36d909144606919777062,1777252800.0,up,1,0.550649994055384,-1
0xa14cb67d2e2b35318959640fcaeb250f64c9a5a56cc1607035eb3ace84bc08c7,1777253100.0,down,0,0.12279405745506082,0
0xa491b9f7ac6aaf2da7f18501de10ba825eb0df60727fc563899de3e27eaac7e4,1777253400.0,down,0,0.6655130409860455,1
0x561e18b16c0aeb64225e03ce90394d07bc57f8693aaea9cc4061531b25ed25b4,1777253700.0,up,1,0.717862450015472,1
0x553054cf0bff931b1ce72ad13e34fdf1a5c09cc607019b0690c0a1e5f4a3c949,1777254000.0,down,0,0.5650017863533991,-1
0xf8ae2f2aece546eb794d813bbdd7e7dbf0be22ebb6b926a2b407d224c86ed66d,1777254300.0,up,1,0.7803128992574717,1
0xbd91c81a433e989858bf72e85e186ccd040108b8f6f23ef1e626942ed5881853,1777254600.0,down,0,0.09549659295787793,0
0x44ff3f0559805d6617a75563d4ee51b8ac014d859b6acd159509b17d9d3ad755,1777254900.0,up,1,0.19180126975425993,0
0xd1e33c5a575d568967a1b2500e6c8809c4f8ab926af899cf3f116c0b515828e0,1777255200.0,down,0,0.11798596713971077,0
0x86fbb32f85ec95113118d69abd967b753821b0bf09e3bd010c9eeb4ccf2d3f11,1777255500.0,down,0,0.30386180735397494,0
0x03127754efb95cf8090ba7caa66606c8c595cdd6395c1e4fadf92b0553a7d99c,1777255800.0,up,1,0.19631366175179313,0
0xec1fb3362859d550d48c2eefc4699266ae21f66a7acfba24be8a050995a1f70a,1777256100.0,down,0,0.6949812326584942,1
0x271ecae15b7bb64d2f9715dae8570d2f69c7019d6a0c0ce3bff66ff848fca6cb,1777256400.0,down,0,0.21605848254732624,0
0x58610abc51d5f976ca768214229d018e6a7214f6e537889aa751e7e1e20185d3,1777256700.0,up,1,0.25071998493633973,0
0x8e6fa3c0a17875e74a4b62b8521fa0757326a85e74452b199735e42d78247015,1777257000.0,down,0,0.9645087072818161,1
0x1eae81184d1bcee367f43e2c2c5e1b1629aef55bc452702ede4e18d559524a6f,1777257300.0,down,0,0.22382379783114387,0
0x336b42fce471f0bd65c46c9c1da3de01875933ff53d68f232b7578582e6e4e4a,1777257600.0,down,0,0.5628282180030627,-1
0x4f35322b04cbf80059110e3c69cec315fc7e0a3aa0a764a9ba44a7d7fa055d5f,1777257900.0,up,1,0.7974204589953002,1
0xac3b14918d1437b1af5f8969efd7a4609c3dc40e472c8d80a56b5521f669b6a6,1777258200.0,up,1,0.4666663239563648,-1
0xf2e8395f5e4688e13820929d13dbdd449da1456fd59305a9cc88ade6face9367,1777258500.0,down,0,0.4095889849578886,-1
0x489c4cdf83dc3fbff6b8f7e3aaff6a9e02b4a885dae1f74876e111273bb589bf,1777258800.0,up,1,0.21663457219836407,0
0x2b67e3f027b424458a2eba92c2e50921f962657da58393504e240a6116643304,1777259100.0,up,1,0.7023476559171971,1
0xf229ace584335ac08b39cbf2b9bd65cdbd9b1fd5f76e89370e29453bcfc57df4,1777259400.0,up,1,0.289838158360407,0
0x6bacd158301fe11d9c1537ef05c6d65d646c70f505a847bdad85d8df2eb56392,1777259700.0,up,1,0.4383388959752628,-1
0x5ca99e34678da9573a104c2dc90a19af537e8c47ee12813776fb420e52c83a2a,1777260000.0,up,1,0.3487127980248355,-1
0x43e4e34f83f38f4c0c195374d5d18672f82d84ece379ccbb54a9bdaaeac745dc,1777260300.0,up,1,0.4889186360985471,-1
0x68ade0655648ebaf52456c0671a5469fede0a42a3d174d9bf102d92fc64acb26,1777260600.0,up,1,0.6565769269881992,1
0x5b78975a471b5d1533ef91450e66c542086189a8b5b1b946160ccdc544eeacdc,1777260900.0,down,0,0.43017335173313515,-1
0xb52d5e8c25e29a3fafe7b9bdb254ece3027e5573d10a2828e0c06b6389ab98b9,1777261200.0,up,1,0.6399474811461147,-1
0x115711bb093bb238e66f68205bc6718f3c16215d2804ce35700b8309b83764aa,1777261500.0,down,0,0.18267925138048002,0
0x7615245e44e035e6eb0593731477ad33f4c9b96ce61bd9a35e30cdaf4e1517d6,1777261800.0,down,0,0.13272309428831133,0
0x3c78aec620b59ea24c9bea836fdc7dc43fcfd40c39fde10066e0245814db4fda,1777262100.0,down,0,0.20665424979405628,0
0x2ae70a3335b52572188af1e32404dfc4e60dd5ee6cbc7181ea2cc7fec16e5299,1777262400.0,up,1,0.711760546971578,1
0x53e701f30804f02109b6a78091e2349686b79b4fb4d93ecb0107652eb35b4544,1777262700.0,down,0,0.10654958256563611,0
0xd5e42b82840edde1418ddb9e0c8d3d33c28ffeeb8979863b8ac776528fbb8b0c,1777263000.0,down,0,0.09763893707210987,0
0xf4cab8bc6fe5c1617b002a64e2eb5bf37763af62cc4291db7b590d73ecea4f0c,1777263300.0,down,0,0.3980966779333128,-1
0xc31ff26986799fa0cf4bf99f9917ebac45d4ee236d79539858919c13e80502f7,1777263600.0,up,1,0.5541807995623069,-1
0x3bb5e303d1f34bab26624b3d645f2ffcd0356b32f66ed693b982c44b4bdd8683,1777263900.0,up,1,0.7016584505607902,1
0xfd81cd03536a6319f1b644b23f7cfb99df868cee0c20b0047ccffad7d846284c,1777264200.0,down,0,0.15147483440557769,0
0x183e0509959b95d61af9f0f5a16e672e71a617156d0d6ffc84b63f301070df90,1777264500.0,up,1,0.7521488093603188,1
0xc0e185f5d4717392b43943145e35a48be78468cfadd6470bbea7545f8fb5bb0c,1777264800.0,down,0,0.2771004769715079,0
0xe601758788db8352de915f25b9aa1e0cdd4af052993042d9701d3c9addb52710,1777265100.0,down,0,0.22780395200594084,0
0xa54575313c6bd9022fa6cb4e8124c324906a0c0fad8205821572df9da7fc920f,1777265400.0,up,1,0.11422622654256177,0
0x1e7c7bac43cd010821d2b9a708d7f9553bde7e18a4dcc2bfbe8d73beba3fce1c,1777265700.0,down,0,0.03459275726008271,0
0x1cc71ca1a94a6f5dcbce9b52247faf48431de390a82447f543621708622f3d22,1777266000.0,down,0,0.0844016487150031,0
0x869e6ff71140bb95b8c92057f61a0c4f30f579d80ae6ab872582dbe1a3116813,1777266300.0,down,0,0.2165291653239488,0
0x1f2c5847e24c205018713e8a6a74454330eb75557d0cf586b5558a103b680bb3,1777266600.0,down,0,0.10278152164311388,0
0x42a0ca46364969df7c32a9d884ffb391c2e671f3f11b122a3bc84e1b190450b5,1777266900.0,down,0,0.015452209455731261,0
0xcc703397117ed76524ab0cf4ed91c8e5e547e100e6efe46100183726490d6cf5,1777267200.0,down,0,0.42478557706634346,-1
0x0004c5ee53623b490344539c8ef112faf966c64dd5210fd6cefe67e9769b7fc5,1777267500.0,down,0,0.18429611591636846,0
0x6410343222d8bad9e2fb9579b22d8945c29b4db63e0203a85eab1d60ef0a6f27,1777267800.0,up,1,0.5749895122781142,-1
0xe2fb9b3d1325a629f00d273bc88b5b301d3551eba43abbf1a0acf3d59c835439,1777268100.0,down,0,0.0591381022755992,0
0x27c0d5b569d3e7b869944ed94ec282947662273fa388ceab234c0850a7aa992e,1777268400.0,up,1,0.5722332795664117,-1
0x06b288dc9c25fdc036f806095c4dee5fc063eff6d50dd5944189f6de5fb6dd27,1777268700.0,down,0,0.7067334916569815,1
0x216547f7730274cf0b86d93fa65ee9a7b1d0f480501647c39ce6b8af272d017d,1777269000.0,up,1,0.4169200285321089,-1
0x54871ab8d136b8fa7cec179dc20b369a8bca11a4e711a459febb10605b27f513,1777269300.0,down,0,0.2992058179194984,0
0x0c938c1c692960daf491a61d5e12b6629379c87e6e368dfcf112fccd200d1326,1777269600.0,down,0,0.5111475326610228,-1
0x87efb2cf7bde4bc674d426f9bbeb81991e730b3c28ed4fffb1b939003c7ae9c3,1777269900.0,up,1,0.36623081038192035,-1
0x2693e1ac59ce2338c20965de200e87ef1966817bb33e6f47853b60107b8e4ff6,1777270200.0,down,0,0.2513191226037748,0
0xb19c401823bfe9acf868a40637cd9df5b24ff064c7a08bf27c1c582df3e13ec9,1777270500.0,up,1,0.39944505185499246,-1
0x3021c7a6a15c0ee4d53b9fc47fcd4b7249ec39bc98ceb6482d557df05c1ddebf,1777270800.0,down,0,0.4244920544989019,-1
0x125d62aca90e96fe28fda01e7f9aa6cdafc44ea453f3ca9aee06ca782f2cef54,1777271100.0,down,0,0.2829798000550408,0
0x34ac1cf1394367a86c8b2bdc7f924ad560b14521501abe5c553257107f994236,1777271400.0,down,0,0.02954050320630429,0
0x9461fb42580c0de32ab60f89eef0d692f50c3beae8d3f4adfc85444226a6f2df,1777271700.0,down,0,0.44157513547643645,-1
0x851712ae131d238a3520141d1b99375e0468f1ddca7ec4e8b8e53ccdae411d77,1777272000.0,up,1,0.4770173816788205,-1
0x63d3f96c98deab59feaed4a6d2074d806a689ae9455f12fdedf9b73914778f96,1777272300.0,up,1,0.793443674593389,1
0x6995e8e099bb32c0fbb6df1a9a4b4bba9fa90c04e61b31d73ce2848f7345fd58,1777272600.0,up,1,0.26358832032049206,0
0x04e2ef002221ab62d84c961a9fe5210fab444bc9c38ec0b1cdf22401415db670,1777272900.0,down,0,0.5661531278889881,-1
0xd19c6089e819795523f8b4dc6137f9c63fd3b9455bd8bf1e71b03c9d6a3eff92,1777273200.0,down,0,0.5573575189035738,-1
0xebaf7247c96dbac12098b24281eef58c476559801b0d92f7837e7f07676d88ad,1777273500.0,down,0,0.18810269540496644,0
0xe6fdf85d07c214515986a38364511ff6adc574e0e07fb0a5ee60f9132cbe09af,1777273800.0,up,1,0.29801448887113957,0
0x6fcffe3bb85f072360a28798c1273af33cbfda49aba83eb961500f256048c56d,1777274100.0,up,1,0.5891167141239968,-1
0x91c0729fc650efefc9f30a22a3a8ccfd7fb9f443c6d355239010ae8ebb71c3f0,1777274400.0,up,1,0.7342921749996387,1
0x84a50156816ee62098a31637e62b8df4f0fe77396b57155c2cecf96fd7f9cca9,1777274700.0,down,0,0.6471226311476489,1
0xcfb501bf707aa35fc86e23673a2ae46825c61eeb8643dba4ad099b6a3341dbd9,1777275000.0,down,0,0.17346866700764282,0
0x8ca4393f85a22d70da78b77fc4ec3136744b6cb07d20e15812dd455ef7e3b39b,1777275300.0,up,1,0.6310865005929477,-1
0xb7f48be94e0d5503b78a2d1362a9b6846c27ec88553076385bf6bbbbc5c625de,1777275600.0,up,1,0.5612397496743048,-1
0x090b9579ca7e9b301322451fc0eb5dd5aaa81a7d9535cfc391f5035b033f3ded,1777275900.0,up,1,0.4037068876913898,-1
0xf88b6aa48997c0eb62724772a07789f08c17a589ddfaa22d27d832057a91dec6,1777276200.0,up,1,0.6751105890263221,1
0xefc86d84e954c910286bbc9c4aa21302c6de839736d763028ca8c6cf67a9b385,1777276500.0,down,0,0.7486247385374764,1
0x6af4b29d4a3bb734c1952a0178cb4dd8d4e27c7d9784e490e6b45698e1afa6ba,1777276800.0,up,1,0.7125525361663234,1
0x0cacf201406b53843f811310686086699d8a189ce5bd5a9122c001f55c1c4021,1777277100.0,down,0,0.14545053793128318,0
0x4dc52e5f478cbae4addaf8ded2f70c1d8e5f66834b947eba6c278d99b7a3fcea,1777277400.0,up,1,0.45630457670000957,-1
0x28cf8d53d4b646f6f008b1034dd5a8cac27bd51788170464a26d521393978945,1777277700.0,up,1,0.6304110309676124,-1
0x30eced75e80e153cd87b75bc71e48783c60097a4acca078809f307d79eee01b8,1777278000.0,down,0,0.23014749647121613,0
0x06e36724c2d27d0bcbf0486eb3eaa383790eb4a422305a695ab59cfc8451e306,1777278300.0,down,0,0.18319005461205487,0
0x85d393271caa1134a2acfd01d28d197fee412d7bfefba35dafba0afb76bafa0a,1777278600.0,up,1,0.4558019903058695,-1
0x05839c487306eb69617f4d181d0e74762246b96834f504ab80ba26627312f721,1777278900.0,up,1,0.4643092175879717,-1
0x47ad3cb57048d50e173236718662c7f14cf603f5b4a2059104ca3e845affa372,1777279200.0,down,0,0.4526989188350281,-1
0xaff88f712a4e357cd4c4ac530f6abd7a35edc93c73775ad5e9ba2e0f6fbb94bc,1777279500.0,up,1,0.9245317978719283,1
0x32708a0999a82e8d8f7b79f710688ea17604743729c1f8c8472eab1f440d56f6,1777279800.0,up,1,0.7663730936800928,1
0x86c9f3180e7e16b38625c83f740c18023ff903bfa10f859433a06a606c3005c9,1777280100.0,up,1,0.7887941954454851,1
0x9fa7f263caaf8dd74ea11847e871829cc7550ece015dd11a56e6bd9853d4536e,1777280400.0,up,1,0.4923000159668183,-1
0x6b89253f2e4a848376214aca4803a28a3729a65a466dae456fcd9d68d15c58be,1777280700.0,down,0,0.4308721080944339,-1
0xe49d83601e51768ff11e09c78e87370b7e99aed367602528e02a82540e808ae6,1777281000.0,up,1,0.7066769960129473,1
0xc5f3e7d9cb111feeb1886c01e17562430e652a99ce886195b27e0b8b2e0b4ebf,1777281300.0,down,0,0.21640886241826218,0
0x3f0a9809c2cbcefb321a201df9b95734cd67294889ad4a3cd43b8c451e1466a7,1777281600.0,down,0,0.4731379547498677,-1
0xa7658a7d0dd52feba175a0a6b9943c9776899fe1d321c98e8d89edf15e00ebec,1777281900.0,up,1,0.4652050298321355,-1
0x23a897c2bd1f6fe602288536546c1b04a7a550e60efbe0ca5cf6fa80bd655396,1777282200.0,up,1,0.722645249255747,1
0xd11dd4c6937f2e603f4838b296a45618a9343852fea68dd38b1fdfbc74f4c2c9,1777282500.0,down,0,0.3812739724404127,-1
0x613c8d8b397080caabab147df2306b21e1049bf58975874f9f60577428e2865b,1777282800.0,up,1,0.7903763430868421,1
0x22dde7fd4af2fdf940bd4daf4a9cfec95274a8cdd77b0921e5ddca44e601893f,1777283100.0,down,0,0.6559910516080761,1
0x5f17ff81ebcf7583655d65a8fbb6b61cb48bc6eba9e27af155e13fac78811c99,1777283400.0,up,1,0.45377640604924796,-1
0xf721e2c015364eedf1803b81ce693b5e701fb287a105bead5bec7f1736c6352e,1777283700.0,down,0,0.2891214700916657,0
0x72651efbe9d79d959d3d13d1197f103bcdb7eb68d780b9815d900272b04d3e96,1777284000.0,down,0,0.6838239263014416,1
0x2154109953ebb2696d5d22dc487a2d31c20b2c68435539533f167af6d1b9e811,1777284300.0,down,0,0.18930330210627133,0
0xcfaecf295c7703d03e4dfab98902ca4e8db1186f08ab38c216958ae667339fae,1777284600.0,down,0,0.6211926581589021,-1
0x3037878e9ffe444c7c05209d2f591536727d36c22ea339b740164eeecd896cf7,1777284900.0,up,1,0.3926342136301165,-1
0x24cf36060bf76fe1e5a23caab1ee25292cffcd0d4ba0417c516614817fc7916c,1777285200.0,down,0,0.37668582773993897,-1
0x5ad249ffba265f65e4d9244d95da17931ebad76c261993c4a98d011145b1b8d6,1777285500.0,up,1,0.462563154993537,-1
0xe4eb80511055c78191066746059106f6767bf5efe3be5023c25f416a7930ac0b,1777285800.0,up,1,0.7446894177808354,1
0xf69bdd1bdd43932770cd24ce2d7b754396bf2e3ee0b2cfefb37852e8975bece3,1777286100.0,up,1,0.7449152764346101,1
0x0257f8aa1275002efcfaa54d4fd5732a9f2957f4859e92cc8672bff4120a5e1b,1777286400.0,down,0,0.8388155882903373,1
0x5cbab9513c292c966a24a2f7c4244520e5d09003783066243b2c1af28d9c0364,1777286700.0,down,0,0.48437978424541556,-1
0x0af3c23d531bdc54cebacc67f263c030c22e1001306e265ec986f6c5bcbf3867,1777287000.0,up,1,0.8883313445508022,1
0x328008e7ab024a31ae38deff5df049de7aa28033d2aa86760a423babf32030fc,1777287300.0,down,0,0.6937312933926272,1
0xa4150b17e0e9a13c9685ecc5c0d9b7b5e75249cd726c232aa4d718a24642bbb8,1777287600.0,down,0,0.48325440396946995,-1
0xb32cc0711da2b3f7c4afc3621ffda7adf2c374a108f505f99e1713e54ff8461a,1777287900.0,down,0,0.32202838395919947,0
0xf6093e15f0acf6bd3d57f86667fec238ad1c8fcbf9e2ec2204a4c2f3a1b77632,1777288200.0,up,1,0.465382111458424,-1
0x998b25912c0bc4822654df145d6d7db435157a4c36856427a5229549b4843858,1777288500.0,up,1,0.25692491003045337,0
0x8fe2c23780a4a7ad179b474ec89e74ace27da35ca56f88fa180bbad417c2aec9,1777288800.0,up,1,0.8137331348562196,1
0xeb377116c4c760ea838275a218a9128e385ce7abbcbb0049de43aed16fcff6fc,1777289100.0,up,1,0.873645249482204,1
0x4fb9c853f2fa9b0a7cb3fa643a15da2ccbf79c25edc8928227d6f1e0696af932,1777289400.0,down,0,0.6504034935169826,1
0x8d25757b4cee9c40b51ec0f5c234575e522a8c63600593d7cc5b43cd42c40c47,1777289700.0,down,0,0.3137950448279076,0
0xb631f6ad3ad7f05098629d9681de0677bc08616036a2bb326a0c42eaef63bb2d,1777290000.0,up,1,0.7551244923705811,1
0xd324838eb62fbc7218926995054d1abd371eb6a0a83d3825eb64f36604098eb1,1777290300.0,down,0,0.36236904415317583,-1
0xe75f9b9aa19dd8a74cc7dd5e3ef23b17891319e98fa346013458a406faf18461,1777290600.0,up,1,0.5295455719230899,-1
0x1eaf6156001d26d2090dc8f926d1c0aa917c2d5f938253ed4ebcee22baf90904,1777290900.0,up,1,0.7682692147212394,1
0x8a56d5c7b3874f3847fda06e2a32e8b0d47cc4b40cf1ffa5e06eae85b2f45ea6,1777291200.0,down,0,0.1613364777150889,0
0xf5afc8d2b39df2d4a12cd4ef01b4019b11bff85d6e52359ae771c1cc537c21fe,1777291500.0,up,1,0.6105544027126248,-1
0x558f74ffb60297d83eb578c973bfddc0b3996eb3903981d1de1b89bb3756d915,1777291800.0,up,1,0.9274216156366688,1
0x1943b96c2c8075307014d299c22c29758d36b7ee074615e1704e2702678181b8,1777292100.0,down,0,0.7001061138465731,1
0x8489786e3c96480146d364b7f3c217651d7023d03b6a2959903e36a634f1dbed,1777292400.0,down,0,0.5143836879557128,-1
0x719820c8997762ac4d8288d78d6b3d17bc4b8342ea273cab262592b01a0bb9cd,1777292700.0,down,0,0.2677196170966249,0
0xa6ef60c61674ba72f2d7725c369e81372dd5f30eb9d5432c7227164d676cc8b0,1777293000.0,down,0,0.7833142771154104,1
0x29b5c17190691a0a6a4305c7d4d0bb2dbabe10e2961962b7905a820cce41e399,1777293300.0,down,0,0.5037617112638734,-1
0x51b384f88baf5133d26b818e5c5b24332656c9a683570c6ec9ab2127d0d929f9,1777293600.0,up,1,0.45314051934037675,-1
0x4f51dcb040b52abfba48b9d60b769a9db6a57db8bc03ada24a73cfe1bfc4cda3,1777293900.0,up,1,0.4828317392121474,-1
0xcca911761645aa1bdbc5a3a90c34be0fd339dc8664fbd4293e060525bd49b37d,1777294200.0,down,0,0.4046482204372199,-1
0x5633f6fa91ac12c45acdde4f5da5df83fe0e2a293ce338ed862571abcc4c966a,1777294500.0,down,0,0.2780647699817493,0
0x0a78570b294ade8b78c8ff484d2617c1e6f1dec133648d22d78d34d57b208c45,1777294800.0,down,0,0.4841408376426028,-1
0x80ec75140fb31e059122d990955cf4856bccc815ff13044ba82b84f418d46f19,1777295100.0,up,1,0.5933472835748744,-1
0x7d7ae55526042d8ff4a1061cfbc7ac866550855152e130c0d181189275a995da,1777295400.0,down,0,0.30794176432777315,0
0x397dfccb8d0dc1dee8f395cbe3a6d4dbbdf791a2f18b3e9947a53f57e9b93fa3,1777295700.0,up,1,0.6948824098162681,1
0xc86ce09d8f0528a3edd69f8132ddf96d0f18dccfd614f75644ad6ee10d015068,1777296000.0,up,1,0.5524210474221962,-1
0xf2d2300526971cf16991bd1f552378de080278478e8b29a2e091b017903a6c86,1777296300.0,down,0,0.10992112268386396,0
0x6ca2c4ccdd71c0bddeaa0cc3d3248dc9c4f64572232070b257a22de56aeea08e,1777296600.0,up,1,0.524316746392443,-1
0x36c4ec2eb1a411c3cac739d7cecaf12aa7dbaf39078c98a3e2aa1f36b2957ed1,1777296900.0,up,1,0.8275622859135041,1
0xe040cad40c03253d6fc3ff225b0718b5f0f9b6177eb1bf7d6f1297b8a20aa6ec,1777297200.0,up,1,0.883219608824534,1
0x12f6fd5729207189c2e5f384ec4da458839503a2efb01533be798ee8cf89c89d,1777297500.0,down,0,0.1692736740249739,0
0xf79255592be3fe46479b95ac3454209ffe89e9368f2dc0a36249b32bf0bda4c5,1777297800.0,up,1,0.27599383078688006,0
0x301e4e3a0d327332edf6c0fd77ab28081333ebf52e1207223fe1df3194deff21,1777298100.0,up,1,0.5459940993534627,-1
0x860143d1d0ea854b14f951408a7cb1b521ab84d3138f030dd5396840eafc6af2,1777298400.0,down,0,0.5548980999819377,-1
0x69dadb295f59720683cebb59864ef67f04f638b1885820b46727ef3f0c773145,1777298700.0,up,1,0.8948173760419929,1
0x61f93d0125322023e57d9a5cb3f23c5bb0756b2c70cb928ea3624923d3d08147,1777299000.0,up,1,0.5902367609843426,-1
0x8eafcdd21a9969629c29e69ac4fb30def385328325b103c6fcb8ea7fec0fd6ae,1777299300.0,up,1,0.584817791131241,-1
0xc014d8f7e66c4b1f59a6aa798258383835cd6c35ec02bbfd24ad6d70b9679576,1777299600.0,up,1,0.4942735190203209,-1
0x22ca75f15e8268f1ddbecce720c947e21523584b1b6fe9212ff995e859c8ce59,1777299900.0,down,0,0.2557869802124896,0
0xcacfcb3436bfb04ecb50cbb64a41ee4444ec193906a5e21e95200d9c977a6bfd,1777300200.0,up,1,0.47837230915387674,-1
0xf212fee83e4a46b02dd475bbc30558e8bfba92cc40a94c88bcd73a5ec0980d59,1777300500.0,up,1,0.9911497293765783,1
0x06460d7ae58138110b846a025e2b4be2f7df37f15da337829f274cf851426fb6,1777300800.0,up,1,0.2888482196347928,0
0xe20c5297b6ad7981c29facc4f3c74561ee5ebaa685fff1a1a44ace5b0cb9441a,1777301100.0,up,1,0.4297929795506754,-1
0xdf8ee16ff6b22335d74943ba2abec8c9f95a11a2b81fd95f75e229d72410fd26,1777301400.0,down,0,0.22085307875658916,0
0x1bf8342d4fd6417043e4ca126e06343284eed417281f59ae937c655f41c444ae,1777301700.0,down,0,0.24024690819048783,0
0xc610cc33e3823aeacfcf9f696b0544ddcb1ec95c7d5562b42a7e75575d0db464,1777302000.0,down,0,0.41491025735995407,-1
0x3cca51c47dab6fddbc5a54921df71705f744d9d928f80385d9a0423321ee2aaf,1777302300.0,up,1,0.9281681029829774,1
0x4a88a0efa7d99e483dde65d07175d3d392da91b61700589a5bd1ad10ae8dabec,1777302600.0,down,0,0.8252080259180551,1
0x0befd1b522766881d5adac15ea886f50fac21f27d86cf37a7ba7d14fbdb40eee,1777302900.0,down,0,0.36013726353061704,-1
0x40d04bf526f0726c0cb1c04c6ccf0a34648e72bf89f96de9669b3e9a131151e8,1777303200.0,down,0,0.13200840746034362,0
0x2451bb40b54f45484149233d449b1243d819d29613c51e6cba553c38ef42f125,1777303500.0,up,1,0.9056440604086148,1
0x96fdb3d0838218bcbcaf31501d4606854866e1c578f6d39d42469c2aabb53099,1777303800.0,up,1,0.9108642058649304,1
0x7cbaad35634d3199fd3fd774f14e093d46cfcabbc010c0b44702e578fbcd652f,1777304100.0,down,0,0.255152006759422,0
0x3af312dca0cf6e81a96e2e147cd6bbb25984880a581a60e3c78b4ee827acb208,1777304400.0,up,1,0.37832016048200207,-1
0x075d83e0bdc5f36ef3e0c53a7cd2aa81f107e2d37713074aae0af779b4b46e55,1777304700.0,down,0,0.24564100471561268,0
0x38affa19ace930bd69858f32f0a5a7ccdb0749664645e7879b2d765b4aec2aee,1777305000.0,up,1,0.8158760073515208,1
0x5f2e8ed14f40883bd6cde5af7a14628c0a86dbbf3706535f77941edd129956f0,1777305300.0,down,0,0.21502228737265555,0
0xd17c9aae3ef9ef7b5e06981e4590824ea69ca1adeb4cf3b6fb959cbb71b10013,1777305600.0,down,0,0.15171763475453937,0
0x1739b06610b638ec5b66a5f1feb610c978e3d1e1730fd07032e698fa307a4b5b,1777305900.0,down,0,0.7722363126582119,1
0x9a7cf95cd14fc5d9baaf546465ea4149c1500b675c072b1b94ce956c9a7683a7,1777306200.0,up,1,0.5401089812219374,-1
0x992523e21e906dd6d89494371e2fdfdfa63007b63a8b1ce7d7cc0fb3a357ae14,1777306500.0,up,1,0.8813457926519344,1
0x130b21f6d8d0fc813a3aab1bd26562d0ef0d7b56a5dba4dc309c4752b0333181,1777306800.0,down,0,0.18360725295423333,0
0xafe3e03bafc4a58409a4c2e425103935061e5967e23b685ca5dcf0a396d26a44,1777307100.0,up,1,0.6393463455926864,-1
0xa753ada87b84f472ae9988e891d949f64d89aa13bb8643134cff67879a9c3041,1777307400.0,up,1,0.8204324590523352,1
0x3359824820a34fb20418392b29610e7bbe0741e3c67a7c39d410205916397547,1777307700.0,down,0,0.13718590449001347,0
0x2157b3c6310c800bc3e507a7d527f2490d6d2e72ecf6cb97ec877cd0e84f5aaa,1777308000.0,down,0,0.1480938658790002,0
0xcf0c13e2ba8dd513c4ba397cd3484f6e7e2e0a836369d2e1ff1352a681871dd9,1777308300.0,up,1,0.8378458298889078,1
0xc414d6020476078cc388097a0e5aeed569b931d183e79f45dd2c27b045dee39d,1777308600.0,up,1,0.6051839156186715,-1
0x456a482a8d95cd528e531c9821ce22e632f2224ac646be21282dd426dcd0c103,1777308900.0,down,0,0.4671268999502758,-1
0xc4f263457c2169ac7a379a96d85d36e45443af351456027ecbe9429519212cbb,1777309200.0,up,1,0.9097985809465828,1
0xc9f840ca98a87832a5b331d028fc497e58336b1d26071161fbce6f428cd10f1e,1777309500.0,down,0,0.13456689867506993,0
0x50187a95a792b68fa3eb034fa0fbb78372cdca71a3528a9c4438342788398ee7,1777309800.0,up,1,0.5700519028944844,-1
0xa7b59855d68ae51919dfa5dd84651622cefe0c7e1c955255d413dd940d85705c,1777310100.0,down,0,0.7375054339657825,1
0xf694d6b1f3f7574f5bd63fe54884d5cb58fb589d45764fcd8ff4df225705da6b,1777310400.0,up,1,0.2889679066046022,0
0xd9dff642825bcb83f4c73097686ee0bea9d7f1d297e9523fcc0aca20f52605ab,1777310700.0,up,1,0.8173237340578494,1
0x7e7313c2cb7293fbf545f48878e018d6bb60983d1f3b5c525a0f8e04876aa11d,1777311000.0,up,1,0.6461088586450267,1
0x5bda9d149f9d4f7408e3d7492ad839624453f991e90800543a7573e747db43f0,1777311300.0,down,0,0.3424283573555457,0
0x4a48645f41c650e65982a919cf6f5b3eae99d09ecf9fc8324f3079b5c715650c,1777311600.0,up,1,0.1165594325624443,0
0x1c2e46a2de9b8ca2a118f8d2d74b14d54bc02cc07b78c1a2dce88f7d21fee136,1777311900.0,down,0,0.28821858408703727,0
0xcd930990b4e62bf061e7aa5ee09fe16c6f53f855633f1d0bb2836d36d2c389d0,1777312200.0,down,0,0.215650894594672,0
0x6d2b24fee7bbb56497c79beb3a9fcd7ac5191b9ea4b7eabe14109e721616f356,1777312500.0,down,0,0.4195036926720903,-1
0x874c41eea1f0be489a3085eecf99c2d44111130d201313bea9b4723105cff254,1777312800.0,up,1,0.7742953100017208,1
0xb65366e9ee6b5d625cf69fabaaec8a9e675bd29f7406892eb27b1b3fbb77beec,1777313100.0,down,0,0.7163481282416547,1
0x66c607dc19f55711cc9d08a512d8af3f904bb1f8c965b1079f1a2bd34027bdbe,1777313400.0,up,1,0.6777269849944032,1
0xf770c0154ae7731101fcdf96eb391934e9766f88404fb010c1e77e84c22c9b85,1777313700.0,up,1,0.7699567785904532,1
0x8f75db9f36b91bc438caf6349ce2dff9eb5583188df4fdffc3dd1e43245937f0,1777314000.0,up,1,0.26438752600228776,0
0xc6f446ed31952b5e023319aa953787c4d8ed8c7f5072ceca788c99454356790a,1777314300.0,down,0,0.14692568592719757,0
0x560f4ea8b730b710a23882ea35fe6d1228605b2cb657567905a3c1dd3d9c9f2a,1777314600.0,up,1,0.7728304080368037,1
0x3eb65321cd152c526e4ad4fdfb42c4bbd144697fd855e0cf41c867a62e31e2b7,1777314900.0,down,0,0.6326143484990338,-1
0x1f487b816edf3e84b9a59e20945465e8b3b03f44374c521d33bc7df7a4631f4b,1777315200.0,up,1,0.660741588893161,1
0x5f4c80f99ea33d3ebb1208cfc94a97515716326c0f818c56c757d2bfe79791f6,1777315500.0,up,1,0.8766784862190955,1
0xd7b76daec8cf894435d895875693ae6fadc1e664aa049194a9225c32be2bad61,1777315800.0,up,1,0.5804972272352694,-1
0xaf07de563e6c8877327247aa7da99596a24567aa00001553b76b2a6e8f863714,1777316100.0,down,0,0.49633934554208675,-1
0xce65d5c9516061ec4383ea2292443a851f4d790a0ba2af7f9a849f5a299c9b31,1777316400.0,down,0,0.743451997839408,1
0x221d3a7dca66344f94a1263070239727f05429526eb2d432350b2d1735edb053,1777316700.0,down,0,0.14742561293713913,0
0x542375c2ec6e25d564c454014f4cf4c58344f55790adb67b71516129ba29b547,1777317000.0,up,1,0.4134963262360419,-1
0xe9a76d61256b0c550a03229f89150a0f4c65849783fc4d22a0f5a42b62ed69f9,1777317300.0,down,0,0.5627443138348851,-1
0xdab753de369b30b6b4ec3a5870ec1cf47425afe372522cf4c54f0f85b9ffa3e5,1777317600.0,down,0,0.3605548940872044,-1
0xaa4fd31f58da9eca73b05de76d2886b788a8ad0a4ac6a9e1198ba29cf891f94d,1777317900.0,down,0,0.14337875036138584,0
0xddc74c14b57a6b8efb64615e747eee068c7c4ac547f2ca3e84d19ef5b5d33a7f,1777318200.0,down,0,0.36365407548839584,-1
0x2b9f848e27d530cf8b45ceeb05ccfa73de4330dae6194776b8562b97c7b7ff9e,1777318500.0,up,1,0.5572003636609889,-1
0x120dd3698d37e2c5fb06488e5a1dd4aab36793566a342ac005cf78c24459d3cb,1777318800.0,up,1,0.9918555315774584,1
0x7b850e40d8c021f567a39e8ec92e7b28fb79fa8080ad4aafb7b440ac1d14f63d,1777319100.0,up,1,0.8448652393291202,1
0x664839d9d6ae225e21edbf8a734ccf5dc23c71a81b39a45c96ad0c97c26e6acb,1777319400.0,up,1,0.6891372845226305,1
0xef20458d8d95946304cdc777e623c32cf2d6eecbaa23fcfde159286328a945ab,1777319700.0,up,1,0.39894349963349396,-1
0xe254e786d98823531382ade3197a91257b2923097411745533687f395ae4fd87,1777320000.0,up,1,0.4342886666169873,-1
0xd980d740cc74b51ff966b67b5e68ef994f267e5a674714d5e15aa8f9a07ef38a,1777320300.0,down,0,0.8413785452796263,1
0xd5baf0a814db9ea45ee2c8f0f6702b95480708e605f1a59db701c75e4b0d941d,1777320600.0,down,0,0.25852191288471865,0
0xfa5e05f02e9100cf0e55cadae53e7839b3a22100f4e806d0c1d952ad63914039,1777320900.0,up,1,0.800052867420014,1
0x775e2c54b6c5362412b4d0c332f2990de5c41ee759652563d58f933723fdb569,1777321200.0,up,1,0.6288515741333887,-1
0x7221036f6c8e3ea10c92d2b6807a9e95c7385edcf8b668998c75c02afcfe8c22,1777321500.0,up,1,0.20445276758117256,0
0x675cabf9d38af90c692a86f3541a8f4d5f005b4ab74c2dc0d85e64557ab9faab,1777321800.0,up,1,0.5668884703851848,-1
0xf6b046f023b6233867c0ec9f80e859ebe5cc91c1a273ade2d0342588135618ff,1777322100.0,down,0,0.33066086933910865,0
0x54767e4457ec058f31306bd8b85ec483a909e805005977497fb8876f1abc3b39,1777322400.0,down,0,0.21564139367208476,0
0x8dba45314ff1efbc0109bdb367a4d76e924eeefc6759755ea674ada6ff7341c9,1777322700.0,down,0,0.16406801001222904,0
0x5153222e96d815097a583c7224604b04b1e5e7237bb89b98106313bf2c61259a,1777323000.0,down,0,0.538343425084085,-1
0x2cce0ad86b1bc430a4c4dac1bf3a2653391d986c6ada68cd15f240cfbe2c9f84,1777323300.0,up,1,0.564881338154502,-1
0x7c2bc92be7caa3b2d5ab708868b27a9c3bddf1be70ba84cff8a8cf3b59dd4442,1777323600.0,down,0,0.19498223647417662,0
0x5cc3738c5bff7088c1318823c8bf96e4ebd467c87c8e24b0fe7eceb0abc4858b,1777323900.0,up,1,0.31194537453208493,0
0x138d000f23b407e4adecee785a29ed261490d672ecfdebc1c58a3fbc470455e4,1777324200.0,down,0,0.20644905660882007,0
0x4122aa5c914fe599fee06e3e110b8cb02c4249bbb188f940f6da18cf8d902ef3,1777324500.0,down,0,0.5210232081692258,-1
0xf912e092311c40b68878920685922aef7d5e0ed2b2be97761d1a5f58526a23cb,1777324800.0,down,0,0.45587196627537074,-1
0x1be0756bfbfd7ded457829c7bf3e16dff05bc54fc73a6990be73fe896a4df816,1777325100.0,up,1,0.6533749484425548,1
0xe95cb2a199f32ced6767866f4c4034980de516b600ae72c8b5991aca8075cc0e,1777325400.0,up,1,0.54368176922456,-1
0x9f03138525db3182c0d4d7b65692860790ca158f4d13be1fdb5e50d752b33200,1777325700.0,down,0,0.5444619620803987,-1
0x9b39d0a5cb65a362cf3f5e60136ed7f5fcf12b55a7a95d6bfd57de7bbd464c3d,1777326000.0,down,0,0.27359152744846377,0
0xe4e768eac0403da5a213359e161c97991805bfa71d9152eddbffe5354c497de7,1777326300.0,up,1,0.17314142032321123,0
0xf69531c4aac0afa286f2fed3ade68e2a7ee1a9605f15584705354e59eafe3249,1777326600.0,down,0,0.41544466811998926,-1
0x6a98abf3cfa34d53d56b190a0a05314f032bf048647bfafb17667ccf979b7eba,1777326900.0,down,0,0.11747112014264152,0
0x392ef019261c642d7092435d1c294ccae7670cfad7240e2b19b97fd587e9745d,1777327200.0,up,1,0.6374200185474861,-1
0x854e0e6819dcaef4a48fdd0e71f4179477b59e8eedd87ce34312d9d67f349e84,1777327500.0,up,1,0.7847152230452685,1
0xc815db9874d72a23fd1ed2c90ab9ec421ec39e9012a4defcbce76a8b2d257d16,1777327800.0,down,0,0.3406176913519662,0
0x1ae8ddded16b1c8bf895ee36317e0fc31961a99c5cb3207da329a314901481ab,1777328100.0,down,0,0.2984660472492007,0
0x7c3be0669f80cd1528ae875ec8d5dc90d989988291f097ea5145a09987757ca9,1777328400.0,up,1,0.6197034426089326,-1
0xa6ea2425477bb6a321b14c3bf2aca109531e3e2648c6f9e4502d8dd045877a7b,1777328700.0,up,1,0.388688530950906,-1
0xb6f50d311e3dae1d9ec54c84b2f32f969445fb001dfec1e8d0501d589616fd99,1777329000.0,down,0,0.6327594651915178,-1
0xfe74e62e1ae9e18b9af6db2c81751dcdc8f1f8f8001d57003d58bbb05c021b69,1777329300.0,up,1,0.5368879528716511,-1
0x3004c028bf25441dacad40fabe7e189a94f770b05e5d599382a887de24cde07f,1777329600.0,up,1,0.5780733595796191,-1
0x147024cacbc28ec386b43acbb9b2e06d58ac34030bc7a56102980dd4a13bd412,1777329900.0,up,1,0.7028874421868078,1
0xd5ae8b54bcb61823eb85ac0bd0b0b5ee4daab4c59cc9d00b5dc3a419febf346b,1777330200.0,up,1,0.23383036668386015,0
0x52a01ab3ad3356aa2c10f9f735ded5742eccf3e68d35a4f19afdad32a7fe7325,1777330500.0,down,0,0.3075045663483386,0
0x08a613cfa93a77c066a435f93105efbc093bee26579be1d801b10bb82b6e2bcc,1777330800.0,down,0,0.42139336951432865,-1
0x1013883b322d83a1b84b08275071563b82fca683ab769d3ef2b34f600324fc04,1777331100.0,down,0,0.4142977001421468,-1
0xd81ebed8f1c277f5a79d966ddcd64c67086544acd69a7f4895af4ab1f8110821,1777331400.0,up,1,0.7421988150980195,1
0xf74b5424d94bb942739ecb4adadc0bef336edc96e0fe4fc807689c0591b0c897,1777331700.0,up,1,0.9131126944903183,1
0x76e3b450a68bcbe4263ab581e1e61a8cb46744cd49d39757a961c95fd73552d8,1777332000.0,up,1,0.4541052761594296,-1
0xaeb0e6e58749e33ff85b4c64a555b87baceca4e774c692e6a6825ca74978c802,1777332300.0,down,0,0.25965295917738884,0
0x6a26d037c69ad9fbbc9db3297cf56c0668c7345eaf43210563515624c9a53d5f,1777332600.0,up,1,0.6518689396549008,1
0x255da457b9c2cbd8e8a09c2dec6ae2944e66c2f4892f9400943f51dceb046f8d,1777332900.0,down,0,0.19503288350736836,0
0x155add1d1a7eda2e33940a3fbdec0ed0c596e9caeda393e63bdec956aa686be7,1777333200.0,up,1,0.586893913848172,-1
0xd2b24374e1376b6b476d56b6a8958cd552531279fac38694fb2580c28c8b8918,1777333500.0,up,1,0.4358804961475088,-1
0xe261032a80bcf728ae3fc69de818ef538014a2ac2972e0cc797a248bacf4e933,1777333800.0,up,1,0.42877744032596676,-1
0x20894e8197b4c8cae242bf94e6fbe41588c00edc70dcd653d485565d44f462f2,1777334100.0,down,0,0.1345349196188478,0
0xe6f157bc96aed64585cc1f4f47ef6154d96a8d070c6b7c3a3f6ccb6713b955e6,1777334400.0,down,0,0.208171952984191,0
0x3a0e21e1545aa7bffdc5f061d95a1c31d7ebe22e0840801d7a50a72e0e4c0fa8,1777334700.0,up,1,0.290558864837031,0
0x356bfdf4e49dec7688428204b3e183144eabb781e98ce5fe8b0cb236504109db,1777335000.0,down,0,0.7620226873136027,1
0x9a679650581a7097a94c39d5bfc136efda487a584730e8eeceb25b3250fd1cfc,1777335300.0,down,0,0.7999207875536947,1
0x9dd5f53c5215847f5d63b2a2217dce3449154e49e215eae81501eb754013b872,1777335600.0,down,0,0.4510866070695349,-1
0x2a3b3be3289bcba358d18c3b147c452628babe4200f4300ff29337259ad01497,1777335900.0,down,0,0.6422422756769817,-1
0xb2fbc03bd613cd7dfcb1a5e629f94e2eacd75d8cb640d15cc3aff3e880151d2c,1777336200.0,down,0,0.7304465787628427,1
0x04220500328dc547747f72c0a766fd34b1c877798524b1869a8ca2822e360026,1777336500.0,up,1,0.7527866397740377,1
0x0fd52c757fa98c197f5b5f0495bf9c246d3e170732a49a0cc29f696cf0b9e7f7,1777336800.0,up,1,0.7650796433396476,1
0x675f372d006b46563233e64fcb1c09aadbbaa7f4dea99c8901664dd2d8ae9368,1777337100.0,up,1,0.6091244553511077,-1
0x3064f96ab3e3f77c220c5a71008bcf7f29d4cbf2701518e28281a033667e7c14,1777337400.0,down,0,0.10229532611275693,0
0x876c3f4baf3c960b05256067907eb5cf7d0fad94e2b06f3f3fd43c13c416655f,1777337700.0,down,0,0.41952887259222976,-1
0x15f6a798f09b1b0f6bd3036276f7eab3b319fecf1bd7c093289f16476bc10471,1777338000.0,down,0,0.21543797857551553,0
0x9c77893602b1dd64a16c8f3928b0357e79de81bcb2716321fccbe67b572ce135,1777338300.0,down,0,0.48637347057831787,-1
0x74ad7a53ac405a5c27cf3c29c20bfcc5a0223f93871c7fa267516c289bb23d6b,1777338600.0,down,0,0.40659046439937047,-1
0x36d62c6b419fdfbd14e87198097dd1ec3932e97bf92042f556ce1814976f1c12,1777338900.0,down,0,0.45049717477257223,-1
0x8f2bf7412a77f8b63d5ec28ce5faefc31cce3b3818168249842dc734a392255c,1777339200.0,down,0,0.36356515100403247,-1
0xe36d7508105ffa399c79d8ba851066b3b2569c7cbe8eb4437ee99e30e5b4a9b8,1777339500.0,up,1,0.7001691103965013,1
0x1b3c23195057c92c8094d71d39425e1ccf7c93e5eb3920addd481c4d039589db,1777339800.0,down,0,0.2725662588342239,0
0x2981bbd76157280d6161a7cded2a141af40d8d2f94a2014c4561488079bd89bb,1777340100.0,up,1,0.9125645117373481,1
0x010cafda56845309210eb591e30f3ea5ffbbb51f551c6882813009c1dc2470cf,1777340400.0,down,0,0.4353369026906808,-1
0x802f0def6475bff41a79bd99abe4a0bf66112b6d5f1d63b9759bac6f4ab51cf8,1777340700.0,up,1,0.32377408876614105,0
0x903ce3d3946f96d5dcb636a47bfae04386c2c5740abc626c0b3ad865f645fe41,1777341000.0,up,1,0.4621789381016503,-1
0xbed6e93be76f264ca3755e1001e6e145b4f3b67494902376bfb6c07e9dae8556,1777341300.0,down,0,0.5891575045989526,-1
0x7407e37ee420210791646f63f6f1502376b25a725ebea0ddd22aa8120bb60119,1777341600.0,up,1,0.48928014343131815,-1
0xf7d435a3ca98196772dcb2bd4563c206d66ceeb78e08b1eded15ef614dbb91b2,1777341900.0,down,0,0.32749549623405205,0
0x2dcd1a32328e99a9ca2a39d849bd5255157f227d0b850a5193169848f6c7ef6d,1777342200.0,up,1,0.7407962410411866,1
0x75c73716f37b2977f65e0c1c031fdfb8479115d563d29a99d9f19ae046563a0c,1777342500.0,up,1,0.16607421448241677,0
0xb8673bcfd49a6436f09a7ea93a57156e6255f2a2bf9da9a901040be061d48517,1777342800.0,down,0,0.36146151087151074,-1
0xec23fa05013735a038cccc17351dfb8858713bac9585125b20cb2a65222fada8,1777343100.0,down,0,0.04954048526354584,0
0x37528e552edfb2c9d6c95adc61335eedba6bea2d74e8150080881c57ac219e0e,1777343400.0,down,0,0.48901141957296357,-1
0x28b5141ae10fd7529ea840e4ddd46b214b1a85be3651ed469ed79ff45ec5533f,1777343700.0,down,0,0.3971423472134137,-1
0x04c5b5067652d6a77bb8ec06941c9c5088e418e6227ed2d891a2103538648a03,1777344000.0,down,0,0.4991981016801634,-1
0x4c49b5a7cc99e7d0844b5e688db2dc3ab0dab6f5c36b785f3f722ab2f1d6ec13,1777344300.0,down,0,0.5793381643024513,-1
0x6dcdc05987c58a8be07babe31b5c9a0fbfa6a7c90ea5120040a34fd0c6d9bba2,1777344600.0,up,1,0.9446376993695774,1
0x749a2f654ed6940508180c7a2495ae0a8a524583707e7c21df548b7c4b457e38,1777344900.0,up,1,0.33966934804293036,0
0xc8c4013294b64bd3a4d9fc52d84ea5999fbc871843ee787ef62520894a3d3aa6,1777345200.0,down,0,0.06124277366627232,0
0x0625cde35f435d1e614d4b38700b35b58c21d51b6260171ad1bb7579765275a2,1777345500.0,down,0,0.18989374871909817,0
0x4a6d002aaf2833972500dabf6c9840ca7f0c70ffe307b0c9bfb9ce718cd5f082,1777345800.0,down,0,0.24840826172115235,0
0x1d12ba12d99b0694d44376fe6cdafa085f462b7c0e23d04d5e09c2ba06bd9ba1,1777346100.0,down,0,0.47311169219836,-1
0x13f1ab73de80f9c83ce78fe51b2801b78afaf032b18ac07fe87d211228427c0e,1777346400.0,down,0,0.30922721492224003,0
0x5df15cbe620bf57c6ef6de49559de789754addb01152b9d12763de9db27d6bdd,1777346700.0,up,1,0.4593093797106459,-1
0x0d55efe4c84d54af56cfcb0c890e122931f1745f6f455227fae3bca1e080186d,1777347000.0,up,1,0.3926584895317398,-1
0x53b143ce1be22d605b67b8bdc14264024f1c5ce5adb229779496f71b2871570b,1777347300.0,down,0,0.6397586039750534,-1
0xb8746a4b5b12b9d065c6d104de5d05a32cc0fb933451c7f7db3545110620f796,1777347600.0,down,0,0.37794427170392436,-1
0x5fcd212941c5bc22eb201f194f8961e06ab4068390afb19c776e79d9e1ead4e3,1777347900.0,up,1,0.6317903574557665,-1
0xc5e0136763f13b8a73fefe2c308acba75d26969dc05569264068b7a210c88bc2,1777348200.0,down,0,0.2290215308245747,0
0x75b4148c82c574826fd1cebed66037010bfb5c89c32d62ceb3b7a1af02be45b1,1777348500.0,up,1,0.7198097864500862,1
0x6dbb2521adf3395c3718577bc24571903b53b672cc99c537e9364016cf2f46c4,1777348800.0,down,0,0.14509032365838925,0
0x4c74335802753d331e265bc5180275cdd00d828688ea6fc75ec66bca72493f87,1777349100.0,up,1,0.41995026635433097,-1
0x2d53361a3dd31a1aa6e8e2ad8ba2846a08568610869147fc31edc660fd26f849,1777349400.0,up,1,0.8280402954957251,1
0xd8acb708f9ecf19a3cb1f6b09c05fac444e6dcd00042099f5d944240618269a1,1777349700.0,down,0,0.8100792908987149,1
0x742175bb505e1777989d4c0dc1318344e9868ee4e68cf939528d46f5d7de4b18,1777350000.0,down,0,0.4845969378493661,-1
0x852d2d24bf142012a218f34c107121359dc5c276a435f2a85549c028bffc5706,1777350300.0,up,1,0.23027887008118839,0
0xa304cfb7e22e3c8cffccf84d1fbd793a3e697591b76b304832d627a45ecbd539,1777350600.0,up,1,0.4943198965722797,-1
0x654a5f6988479690bc9c7c1984fa2c69a80a1d55f296246c308d5d80fee2670d,1777350900.0,down,0,0.16816905719359435,0
0xe15df7f205f1f6d93c6c14afe77aab093b7af56b4c9b9df1665cdd9b96a3dcb7,1777351200.0,up,1,0.9377633670167633,1
0xb240b29c7ee65b36a58cd544b132157883612d4e2a527ce08ea79d8d701f6865,1777351500.0,up,1,0.7854787646762176,1
0xca89b2ee4cc5a948990bd0dbb8e5b69252c2b266925e3db8651f847e184812ed,1777351800.0,down,0,0.22114569308334514,0
0xf0bba7433a6bcdbb17807ea2ab9b0aa98e278d1992827722706a22c96c0b2d8d,1777352100.0,down,0,0.4467448937502283,-1
0x4330f0e183ec2315e88ecc52ed4a1f36deba8cc84e4fefc74e9ab3aa003534b6,1777352400.0,up,1,0.805303210737455,1
0x58660cc17742036d1991614765569ead5aaa4fb6ea96bdeb338f7253d04507f8,1777352700.0,up,1,0.48368991461585636,-1
0x4f01ade3d7d5583026db9bbdc2bdf2bf078bdea7b9bbe3169af6673444d4cb23,1777353000.0,down,0,0.28808387094675475,0
0xe2db3d70322dd5d67e52eeba5cf45acb719107497f59855690c29a05d8c3c0b4,1777353300.0,up,1,0.4779454981149372,-1
0xd0f08a797845771990393928d1c8542089f2ac571de1892ca26a453bb5149afe,1777353600.0,up,1,0.5894767454186985,-1
0x0d31b92865ddaea80e56af06cc773590670e0405bf27ee0f60668fceda0ab28a,1777353900.0,up,1,0.7727331168187561,1
0xfbf0af69aa98b4662b95ff5ffb6dde560ec2e3da723a1980a6ef3f919cbeddea,1777354200.0,down,0,0.29403656027505437,0
0x1d217e13bd13a8d574e11e5fdbf99bb4adbe4dc2946479bf0e4a36e65780a4ac,1777354500.0,down,0,0.17667912674073982,0
0x1b06123bdf7459d0410432c770f23bf53417dde112e2df1cdd35bb3460f7f504,1777354800.0,down,0,0.21243982303677877,0
0x3328683a85c3a3c0622fa8d482083405fdecb50cdd9366f0451a3c878d68877d,1777355100.0,up,1,0.699696623689049,1
0x600d1a5b0e17d59c0c921c039ed6fbf00087f6640e4cb50387611c0f14862e87,1777355400.0,up,1,0.7287655363202046,1
0xf41107c8c9a351307b01c92fc7e91eafbdb594ed8848dbf1b8c9d3383be3117a,1777355700.0,down,0,0.3996562474484384,-1
0x4928f482b8e71723369867d543c358ddf8941ae5a2cfdf2528ba788b8246f44b,1777356000.0,up,1,0.9034260246349736,1
0x7622b70eed8a22beb8224497af41ccdb60317fdea455c8c6e0e60f27d67feabb,1777356300.0,up,1,0.6044049704286341,-1
0x8b98d17c52f819024f182a43f3ff4d791fd63df24ae25f8fedd7e9d6282c0b04,1777356600.0,down,0,0.3391080281623593,0
0x45b8ecc11656321c8057de22cab4e01d26dd1238c0bc20a7f53611507256782f,1777356900.0,down,0,0.45174613807062347,-1
0xe81a33286cb57be7b5392509a077366d577211ac2c4966b50253a279533ae405,1777357200.0,down,0,0.14630119906471495,0
0x998c68a72b7f07782db7aad7bd4570b0a0452ec749c55a354c3b0bfba144add4,1777357500.0,up,1,0.8601738018868367,1
0xb9fd093f9428d88ac52d84bbb80bc9eb817f4d7725d215083c00dd6d15ab914e,1777357800.0,up,1,0.8597449642209337,1
0xcd8219d88c69c9096f852046919669b3c6832e0bea55041c67745f40a14b8ff8,1777358100.0,down,0,0.1589673584910126,0
0x5159125bb6508db6f3f07711a4a05b5b348f57ef18588d0df702a682093b5b6c,1777358400.0,down,0,0.32094368907070625,0
0x75045728c024db87940888b3364b21cd10e6080b034fb45ef32cc060ee671c7d,1777358700.0,up,1,0.9173674105824454,1
0xa20d7ea9da0dcc2333c33d90de9eb5e886df350930a88734e91bca44cf39193c,1777359000.0,up,1,0.8120054248800415,1
0x506b67ecf62caedbd873128ccda69fdc585f94b1a83564b7a30be4a7eb868ea9,1777359300.0,down,0,0.7747501661807097,1
0x3384f1cb6922ec04dc6986e2ac0d58d95f5d8477516611f3a94b320e78e444d1,1777359600.0,down,0,0.15263591967694212,0
0x0ebc260353e611cef2e0a41380c471e9ed283fa3e43bacb730af79412c712b58,1777359900.0,down,0,0.5868904884714459,-1
0xeea8ec8add49107667c851a6fca225318615486318b71b5be7039c4254c56b46,1777360200.0,down,0,0.5028993790849444,-1
0xbca4f5ad87097de49187b7b843933fe1ca072e4c5a3a65ad424306e0a71ad4f0,1777360500.0,down,0,0.10261397324782587,0
0x47117a582a138afe4350386a27f59f777a8a7f6550ff26c3b3692245772c0219,1777360800.0,up,1,0.9511294455912838,1
0x3725573f1c3186e5f26bcc7c0da13728db6dad36db02da603fd5cb891966836a,1777361100.0,up,1,0.4398825395111231,-1
0x50d676c657e37df1c26617384254613680f99d3d8e3f6c1d677633b7ea3c7e11,1777361400.0,up,1,0.9007751591483877,1
0xe593c29fb5c687b101f7155dcd3474672e54586148d538023d2fc4e420f06291,1777361700.0,up,1,0.8705117591841076,1
0x029614606bbad67c21ee4dca1754c10f27495026e43e600a790e56284bfd2e86,1777362000.0,up,1,0.5252118497625944,-1
0xce7f61727b78700e872549a54f973570581875e21678fda63d89b8d47d96d628,1777362300.0,down,0,0.1770296664770338,0
0x51460dfe6f18685c5b1ebb126ea714b9939a7e41528b527ad7ccaf2b75300563,1777362600.0,up,1,0.8914678842447156,1
0x7508407b8c8cc770696b4a2b18339d7753bb82e72049210660bb4f097b976c55,1777362900.0,down,0,0.34662841751576695,-1
0x9926970d5c00647432d5d0343a455ac7eda8a481343877cf12de06d572febae2,1777363200.0,down,0,0.40338290800386445,-1
0x2c2a98ccac6e418fefbd0eff34db466268a0be4edaef88eff3d0902f6f7743fc,1777363500.0,up,1,0.41279036716151846,-1
0x1c4f29f26050caa947502c9afd62f562220752df50feb5913fa9e30c0b5f680b,1777363800.0,up,1,0.47280786868214003,-1
0x108e80fdddaee0b23cf5c5230afa1e15a54b5776c57c6ca642d53d4c6d46fedb,1777364100.0,up,1,0.9028856249225735,1
0xda24788a7604cc195cbfaba29da85f316c4ea4170a7f265b5f4ac0c66a14fb44,1777364400.0,down,0,0.3556299184732543,-1
0x09afa07311b8f9bd1304542c915e190f2f81986f8ddf8b8c1daab41c6e5a57c1,1777364700.0,up,1,0.6101638607800765,-1
0xeb3e44bd635febed378355919e87dfda5fa3f8ca1a7f794f3e6b24a61ff26022,1777365000.0,down,0,0.557147877535732,-1
0x6cfb3f2c799d2a77d3107951e48e412bfad4b0e29d87f9125935bdb2ef55d175,1777365300.0,down,0,0.2529260466359832,0
0x4a3cb04f9db8cfb5a1a3ad046bff019b74a9c60701162add252a40bf19c042dc,1777365600.0,down,0,0.16830174064696443,0
0x153ee6c26f0635c1d93892ef7d1a0fb25e23af0e35c6bbcde73a682fb3de3c11,1777365900.0,down,0,0.3285836345344275,0
0x34a2ab832f81aaec307bfa8b6a534a82f070247668634566809f4150f0d6b181,1777366200.0,down,0,0.2596724899117958,0
0x2a3ffe8c839acbde7f258a1dfa820ee63c14915fe49beeeff5cedbc2023ea35e,1777366500.0,up,1,0.8066014600994252,1
0x5835dcb57e1a7b06868ad3ff0accd45216cb2b5580d8051df89ddaa6e4b60597,1777366800.0,down,0,0.27477077622292695,0
0xc3bccb4df7a233bdd9362d6db09dfc2ba84c27d444aab838faa4629b728ac815,1777367100.0,up,1,0.5889399481197154,-1
0x8e1b09834184b05ad2c894721b50f56c00f67174db8448331223679e724c1486,1777367400.0,down,0,0.17670489393571948,0
0x45cca40f2ea2449788c10f6098c9e7ee33484979a785f79386ebee787e14344b,1777367700.0,up,1,0.29735181292931295,0
0xd7d91c2cc2e4a93781a22281451ee2d9f680d9bcc849bd3b1b46cdb3c6a8f77d,1777368000.0,down,0,0.1947259623465388,0
0x4a65de8243846c7c16d6c86331234651591937b5eaafd4a67a2a886399e4b21e,1777368300.0,up,1,0.12344587079874825,0
0x616762e664ae751488e2978f60faa4a2a2c9dba79098d5c205ed9cfafdc00876,1777368600.0,down,0,0.18856246762584178,0
0xc04349531e1b6be10e98b568ba5771208e9b0c71457d85839cbc080e8241a67f,1777368900.0,up,1,0.46073066626817566,-1
0xbc5b1f28188e489027bcdcfa98d130427934217838ddc5a9cf2622984f64c9a8,1777369200.0,down,0,0.600333143567479,-1
0x6e1df8bb810dcdcdd57c4d5c43262f45967bc7ff170e303a90915f1c9200aeaf,1777369500.0,down,0,0.18617368826824512,0
0x392dccd94003281a10ab1404ef4e210f888239e16744400a5bdcfdd13e4c1bb7,1777369800.0,up,1,0.1657108593234276,0
0x238dbca6bf7ecb24926a8cb2783b684f5ebdea6ef21dbae5d9ea797434417ed7,1777370100.0,down,0,0.578894542913881,-1
0xd5de1667578f5de75fa7e64f61628040d5a40b56f8bd2852147c546d8fed92a3,1777370400.0,up,1,0.8937455642223899,1
0x201c469b156537d249e75be2eb000251c5283c6288ce261a6d568ab7e6c71ab4,1777370700.0,down,0,0.16787472637210848,0
0x33512790621bd1514c4ea8f8011dc4f23a8fc1091846b573c1f6340d5d7b5071,1777371000.0,down,0,0.41320008355955473,-1
0xf5047048b50728420efa3afd1dae1780154566387cdaf057abb86561133eef27,1777371300.0,up,1,0.5631718532466429,-1
0x0ea24fafd1af11e7c7083e1aebbcd29af01c57a655dfde5493aa9b40412e60aa,1777371600.0,down,0,0.3384306325248823,0
0x8fe30d4f3f81fdef3f6dbfd90edf15e367bd805b09bace996bf296fecb8624ea,1777371900.0,up,1,0.706839502054122,1
0xa9ac7976a86dcdb8a6c4384a9a842b1c7a2a2e22f3cfcc64f5089756fea5cd9b,1777372200.0,up,1,0.9019653858022552,1
0xbd5efaccac30bf607a931e607bf263e243aa68196e7af3bdce61d32c0372f673,1777372500.0,down,0,0.5544444837398812,-1
0xecbf01e0f3a8f87f6de7e92fcbbb3903950654e3af20fddb2b87ff5de804e8f1,1777372800.0,up,1,0.9571662017211366,1
0x6b125b7699e419c6175cd94c07d789610fa8d64d340280c63a893d4198f25f5a,1777373100.0,up,1,0.4943320307448346,-1
0x5fdf44240b200eac39a7650993dbd57afe5d70e164f4cb30375ad899a7c458b5,1777373400.0,down,0,0.30058589520721446,0
0xe122bd7dd26b620fcd7b898329728c7cfd82291936c239bd2f515427d9d69854,1777373700.0,down,0,0.16997564294520798,0
0xe1a36a2a67923ab83d07e3ba12ba4a9ecd03780049f4983d5e199bccea574aa7,1777374000.0,down,0,0.12660858584731915,0
0x4d1d3e9627d1a6de90254612d6e8f422291e24f9dec7bdc4bfe65f8eb7ebd479,1777374300.0,down,0,0.34762360050639185,-1
0x50f888a1a7a00b32793e1fd2c92f417bdb398be4067e1d8eca9aacad97cffaa8,1777376700.0,down,0,0.36460248976555115,-1
0xa8755d4f158c986fe49562a30cd79a933ba59e3aecb4a86788963fadae8c1530,1777377000.0,up,1,0.46553404609783405,-1
0x98c52603fe437861fdf0c0a821f6665beb900f1626e785ee97ea5065a3e89354,1777377600.0,down,0,0.2794973591888426,0
0xa19f99a453af4c922414ac498753df504de623d77eba5fe5efde65db45be2431,1777377900.0,up,1,0.9775977874251525,1
0x0412fd2a5896e5ce6d9ec5fd320e37ef12245410351b168c1774f26bf08f8e60,1777378200.0,up,1,0.5596394580716602,-1
0xb928782dfc0c12b60b8804e11bd42d44a1412ca5f5b3b60f11e00d6182a41bf3,1777378500.0,down,0,0.45188574047985774,-1
0xd23e4e15e0cc52204c9aedf25f9f6be9ffa3b174e900c28636de525d528900fb,1777378800.0,up,1,0.9815417084028399,1
0x000a2420cb35a6c69022a8ee7ff45bd565ede918b9733cafd11fa6576679ac63,1777379100.0,up,1,0.5043733008041642,-1
0x91106aa532e6739e9b6990a71447765100016ba7101b0d006a5030079333d45d,1777379400.0,up,1,0.512579807430328,-1
0x7a319b743f977966c53108e2881a1f373215c8a834358de1d1ac0db35db30c83,1777379700.0,up,1,0.21220916747788987,0
0x033df59a59f9e860c43cf07a3cf6d6694702502d36a7d46517c0b3f340b62dc6,1777380000.0,up,1,0.4901789306745909,-1
0x7825301723b17222927a479053d47d53856bc9f2d7cda215a575b561f2908ca7,1777380300.0,up,1,0.7157025454415344,1
0x6200903144131420c88465f4a92a2f15c0b95e33c6e3f768de5e972888054a10,1777380600.0,down,0,0.4413067520508805,-1
0x1539ce8dfb340c1fc8e473628e8b0380da5fa99fd60471e8a27596923484e91f,1777380900.0,up,1,0.5588092343877705,-1
0x72946552fd2393ec94d76879791b5e7d9dea4ca12bc23a05bc357936bc66f235,1777381200.0,down,0,0.23633739433361836,0
0x63eeea491e4bed5edd681e5f0537b32efc27d82f8a0587e8e9d647df2f4db876,1777381500.0,down,0,0.18073089607456058,0
0xb5aac6808247f68f47d23f86e7a46be5dc3d14ca92e74e3617471844d1d51895,1777381800.0,up,1,0.8445956057051214,1
0x74d56fb087c3538138769fc4300a414f7c2fdb749920378baa59324c5a04ad90,1777382100.0,down,0,0.16279363914741252,0
0x5c12e6998cacb7ea3592b1382a9540484e883cff735d6a84d5d31d0c9b4a0bc3,1777382400.0,up,1,0.50598239044076,-1
0xc2824f610214bf752e577b88ebc237ed68389e503cd005ea3c33d1c83bb86375,1777382700.0,up,1,0.5190994432489325,-1
0x7696a6a1565aa6813f3b1339a06462be83a4a376787049b603ae39058058284f,1777383000.0,down,0,0.1475435696641755,0
0x7c337158169921e86941b94bbc78c6f054b7252dedeb570ab5f9ec68933225fc,1777383300.0,up,1,0.8599374043303376,1
0x2a06b98b0667b734c8d91feb0cc9daf403b2ae3f9b0ab997bfee77c40f920836,1777383600.0,down,0,0.13974587340090994,0
0xaa0feddc4bfc1f9e38d006694a23a0b6fc5a7c67c89885bd189391f8849af3fd,1777383900.0,up,1,0.9087575375140424,1
0x6acbc6bb4ec1b403cd06c6072dcdb2da303b4c6b6c64bbdbf79a4b36e7453bd5,1777384200.0,down,0,0.21074918514992236,0
0x7bd0ef4d72b7a72e879dd515927aacc9c0027da8a6b11b03b0fa2c68cb2f289b,1777384500.0,up,1,0.24046545724420298,0
0x2739a12dd6857ecbd343fdc1d9ed43d630139168ec2b6b4ebda2246f1732e68f,1777384800.0,down,0,0.17924272535240915,0
0x540cc76134293d3a57e022b63b1af141de6929814c875348bbc6a0832e321027,1777385100.0,up,1,0.7759854260086738,1
0x557a5fc0bbd75e1dc196d6d046cd90f179def9c25b46cc60855c597c217091ef,1777385400.0,down,0,0.15510347524975823,0
0x2785bbe08341a3f1db32ee7852afa140440df5dfd4290ed395db655eeec31fce,1777385700.0,down,0,0.2749368595871199,0
0xf3eb9227564ea848dc5d95a577c06e11b67d3223046ff2decf53c63144d14908,1777386000.0,down,0,0.6236328856077289,-1
0x3293905e663dd7c0de2215208c48cf1d176cc97517e4181f2f4301abf8e0141a,1777386300.0,down,0,0.14092514626656166,0
0x7e603efefc2c1a91b362b3ad0a1aa950e53bf145441fcce2ec27ae37f446c043,1777386600.0,down,0,0.8474341753341885,1
0x6810ecd5f3109df29c10106c72752cec113c897909ada57143caca3f97fa63a4,1777386900.0,down,0,0.2065978444842805,0
0x6ddc485d8faae7e8ae14c9a9209d08703d2544c53bd4de6ebe0b2e38b3e5c22b,1777387200.0,up,1,0.5529871699101672,-1
0x1eb2c8cf7edbd477ad48e33920fd1e1db96e146658981af119148d862c957e41,1777387500.0,down,0,0.15723216422658098,0
0x75a12e8e6cd16adf2bee6a8fcbdb427a1f2a1c3582e55ce8815e51af18fbe952,1777387800.0,up,1,0.5339739470810977,-1
0x62b645da1389670b0cb0a660bbddbea5ce4aa8331993f9bbbfcbccdcad05a4f6,1777388100.0,up,1,0.773355598632665,1
0x4e6578c111ba8b5dd7c6fa8379b669b2799325479feea4c41cddb18238004728,1777388400.0,up,1,0.8299180827766947,1
0x698ef7aa90480377d68ff5d085f1422c55318d0829c170a16f08763a9be106cf,1777388700.0,down,0,0.08763882833726049,0
0xbfcf259ee2ab6a78c33b8ca7d62da87c100edb80222b1602369076740bd9c6d1,1777389000.0,down,0,0.4652662423778425,-1
0xe6a2d144c204410cd62605e6a6c2f558c0a7a9e42b9ada540aae23e0c893ef00,1777389300.0,up,1,0.5618354589831186,-1
0x5ac4dd61238f638681eb49e683c5fe733f7872e4522a078cc65aee1ff3f0bbff,1777389600.0,up,1,0.80738860696933,1
0x2df89457be4c64edf483a67be8f45fb362c945c6e21c14b88ef8588ec7621725,1777389900.0,down,0,0.44407248437748725,-1
0x6523fb89e17772b3c2c315c32b8f4a2b169b6e4ad736601ef7eaea68bee2b6ad,1777390200.0,down,0,0.09157097484633236,0
0x6a22205484f2cbe39bcb2f350b8daf45d8c32afc4488216e8ea89351f0ca7af4,1777390500.0,up,1,0.41986429887024856,-1
0xf9fa5923b47c63bf22fee7096e7b620252fe8c99f6e3c61d67ea3723ee77006f,1777390800.0,down,0,0.4593572054084251,-1
0x4ddb98746dade613db4b99fab19e5af370f75d928b1be5a9b00012352520c3a2,1777391100.0,down,0,0.3323010780052818,0
0xc56b6850553e4a1c26199837f1c90368e6e12c814c571c7ae6da5fd98ee506e7,1777391400.0,up,1,0.863665619915446,1
0x7df545dabe5175999d68e6441bb59991ff1dedc6778751e3522cdb75a3940bca,1777391700.0,down,0,0.3592494550514493,-1
0xf99480a41fba9f00306b2bd9fd91619259c3ba9a9135b5cbb0317af58647578d,1777392000.0,up,1,0.6545895054724544,1
0xe2f6925fdca33bd16adf69e664b14233f6ca7576eca7014c5770c98f020f9c88,1777392300.0,down,0,0.1764123475425588,0
0x59c28e870096f125b16079718293167b8a259a749134da67a35b648eb916fa8f,1777392600.0,up,1,0.7239769604521195,1
0xf3c90d5d9013172ead1ec0b8d84598ac23c82fc28c0fb0cb90f29e8dd53744b4,1777392900.0,down,0,0.3800545668372272,-1
0x0ae25b3474f53bd42344037f509e64463b35d01bcb094fe4afb8d19c23e216e8,1777393200.0,down,0,0.679950859224981,1
0x27e779f1c7fc02a74325f13efc8dcd2f86bb20989aaf3685dc46627c73f41210,1777393500.0,down,0,0.6609291233376299,1
0x3f042eb8010dc6c61b51d3ad8a5ead671a386a2bb299e5c9ca03f704e7d97f30,1777393800.0,down,0,0.36595602221408435,-1
0x6685f2b6bcd44587af75a1f67e6f05811cef5cbaf1b6f8e092b31c27b4427963,1777394100.0,down,0,0.3112461064526651,0
0x2fa47abdd12acc5359a00231ca2ace65ff9c8d95f0418a63ac709f60dce6ffe1,1777394400.0,up,1,0.87914535880125,1
0xa6667ce58b97feda9ae8aac7708f43b1829c3a6e4080a275997f1c7248816b7b,1777394700.0,down,0,0.7020849013404865,1
0x44c89b536bc92cc5dcb8c96f88a7a5a14e6ccb88fc6bb324eb2a0ad2bb84fcba,1777395000.0,up,1,0.8723654799821268,1
0xb516384b956a5b8385188117148aabeda5b6feebf301e1c24695dc8d55e9eeb2,1777395300.0,down,0,0.20758643451458672,0
0x5fb9b8844f2a50da9395fd1399f254e2049b33c20f3283c609ee6e1554f9ff12,1777395600.0,down,0,0.7604772838451421,1
0x759783c4662761da6ee03d6971b84ed8690d6d56d912ce3e3a28b68ce0b5ade6,1777395900.0,down,0,0.24992177358682482,0
0xbf392934e14e42185d4bcd4a3df99b97c3e203ba65b733d195e692d8324a9231,1777396200.0,down,0,0.32317365406494114,0
0xd987c855a04701f351e2047546da194890dfc1998af1a8c83deba712ef6b3776,1777396500.0,down,0,0.13297065617894377,0
0x60af07ff027d24dc4a8479feada3cbb7647d32f07ed6d424245839d406e605d9,1777396800.0,up,1,0.756199588112732,1
0x4be51fc00b5e271b3699fdfb8e75bb1e23c04509ca98ae185a5d3ac7e433d89b,1777397100.0,up,1,0.45993406150052385,-1
0x9078acb4c61451ae5900488876fe47a7d371e78d972e1db966bb3035ca1bd0ba,1777397400.0,up,1,0.6601481791696581,1
0x6b0624884412554f19fd36b4aa547cd22ccd6833887a9f40dd134048f22d00fd,1777397700.0,up,1,0.8658165090997,1
0x8cbe7a67f5da1403a207d4c18aba066b17b4ab57c564456be331039eb536da30,1777398000.0,up,1,0.7668553788557259,1
0xc671de1eff725fb96391655abff489e4a7275fb93a87e4d324aacec9f56fcc3e,1777398300.0,down,0,0.35168643968732427,-1
0x5e1d12e8014c99323b47640c1b5026739d60913caf594e1aa7c4b33f8d3e6fb1,1777398600.0,down,0,0.5154782066363836,-1
0xcd554295dcb2f3af6d096066c9e4ec46a43c908bc58f42fd3461992f91a54d6a,1777398900.0,up,1,0.8723285025851244,1
0x8b79b56b732aaad2e240dccba562acac01d25b8e41a8236daffde552bc0506ba,1777399200.0,up,1,0.6887786113051181,1
0x5f9ee9d8d051d9ee5708915219410371cfe477b09567b1585a5083270e969f2d,1777399500.0,down,0,0.2847820970693345,0
0x9d913f3fd9e80a663d89512a7b4044e87f0d7f188ff37922aa4ab0b9743d8533,1777399800.0,down,0,0.20633796769062515,0
0xfb04b40894b43ad326be88f91e66cfb5d65dd31bed8dd85384404f8b2a23fe4f,1777400100.0,up,1,0.8322762198500918,1
0x2d23fe3b873be80aa174499da865012a2cc7366dd74b2e41cce3b07a3553aec5,1777400400.0,up,1,0.49755212006680566,-1
0xec2c3901e6c2c0f66c249b4d4dde226fe70d2081d8210270098eb4b7352187a7,1777400700.0,down,0,0.12145812389323134,0
0x773fe9e52b2b55b9fb4fca4d09145b753d48636b47000cbd83b141548b45dc7f,1777401000.0,down,0,0.2732160808112092,0
0x8349852c602b58bf7ac0cf3bb90caaa63fb7289cbed81c1abab7bb45f3b9f004,1777401300.0,up,1,0.8396319539584524,1
0x884afc14b88dae3cbbbb4c4908d01467e72eeeb36c9a10979107d88a89d95103,1777401600.0,down,0,0.4973014603387939,-1
0x1fa7119a82716b2d1d0ff649612c5fb4c6342fb6bdd7839802d63a0bd45cf556,1777401900.0,up,1,0.7040423717660185,1
0x350c07fae895b79705135d7e01d6adcc74d8f617427920955633d6dbb4b424a4,1777402200.0,up,1,0.7162736972031041,1
0x578f1ba8e21e69f4eedbeb4b0f2539f503bdeb79b78103b9149330a700dc447c,1777402500.0,up,1,0.7755648749003352,1
0x05f695092bee1b3223c793e671e1aef9473d29b02a3c242a357d8a01fd48e4fd,1777402800.0,down,0,0.2816941863010234,0
0x587f2e1907fa771adf801e5ca523911d28825617932b0f422f1c08d27109cc3c,1777403100.0,down,0,0.5793580979443279,-1
0x9d21d96a0cdaa131df54d453f050104863b9d99a90f9c1efe860b0767a5f4fa6,1777403400.0,down,0,0.23279497067633922,0
0x34eec7693d5f35d24ea9a01dfd5ea0a7ea2ce23a72ea7c6384abccae7754ba8d,1777403700.0,up,1,0.5313595505346373,-1
0xc0ccbce613768c4e0e60b7285d718928858b13a0dfdae311f9d41507fa507059,1777404000.0,down,0,0.25733779113845917,0
0x8ade9783de7585ae2e5d88a49304660a484fc35d219e9272309b11c18b62301b,1777404300.0,up,1,0.7521816952823398,1
0x4eb720466d16854871b5fae06441f24cee8605b86d1add7bbdb5f2989315f53d,1777404600.0,down,0,0.43077084881026595,-1
0x72bfe6ca8db66f1b379e6566a871447c6ca757f894cffe8f981096fec0f2ae72,1777404900.0,up,1,0.7858932418092743,1
0xb4eb5e8083cdb623dbe58e88e56cabb1c117849d9d3324783ee6ed380ca26f97,1777405200.0,up,1,0.6681742323481927,1
0x86dd7d2b489b7aaf620a50e2dd8fbc46090a591185cd2c03da65e87e8a3301db,1777405500.0,down,0,0.23932542750580663,0
0x2a448b558984524328349e2af7ecd1ea8ce77d0a9d9d94977f59545eccd7513b,1777405800.0,up,1,0.8709371671254474,1
0x9359cb404b553685fb771bd4e6ef17b56aebeac18246ef37a9299558436f19d8,1777406100.0,up,1,0.479835995095506,-1
0x4f3c4339f4ab3e64a526ee1cacd9acf48841ca6760f175b30dacdb0e6d712be1,1777406400.0,up,1,0.8164311120379529,1
0x5b8413d67d70fef02b604d500907c6f9dcf51bd00e253d4a7900b09abe136e1c,1777406700.0,down,0,0.04649092433297091,0
0x79d10ff1e422d316baba7c74dd301b4feb777516b4895e91af24eddcda01422b,1777407000.0,up,1,0.6935927935861316,1
0xa10d9415cc65021017d5317439b99730e43715165127cf374faa58a7dc868f1f,1777407300.0,down,0,0.21227174288603326,0
0x8cb082a431996d4500c4b7315889998f40f3ef793b607fd69524c3591eb88f84,1777407600.0,up,1,0.6984187563791945,1
0x8591d82e856d07e51d20279322213368d61ed7450ac2d3b7c9952ae1a0dff99f,1777407900.0,down,0,0.6970412279771191,1
0xcce4696eda7056cf674d9c366bfbe6eb2749cde7b8e2ff11fbaf3bc1b5145834,1777408200.0,up,1,0.7349148580771024,1
0x3c0b4aba7f40a1b3a4e62e4ffab0867f1cc7d218ba907b1132981baf11acf1b5,1777408500.0,down,0,0.18712568111473576,0
0x3c6de218c7b44593f85ca0af1c82a3fc86ec81da7c3485b6e9fec50704fab83a,1777408800.0,up,1,0.8784751141471515,1
0x81321a969f50e91b5ff6593e7d3339c71373941a28a5430962214e132473d1e7,1777409100.0,up,1,0.7009323442112128,1
0xb0a7c5786ddfe49a7e73bcf500cc2ee7999e44a76eaf392c948daf23f0845f95,1777409400.0,up,1,0.5773184631083562,-1
0xa7c1e60d914bed3a5efafbb3ada965fcc3144f61de397df471af86dddd0a47dc,1777409700.0,up,1,0.6867032606644311,1
0xf8a82006d697c046798a467a5755171e45e051e2e095dce89b727f0364efb23f,1777410000.0,up,1,0.511873346904823,-1
0xd0edb210a92c0b36eb903ad1a2459bc9204ad2ae9264eb0b01bacb221d06b1c3,1777410300.0,down,0,0.3545145881159954,-1
0xac402d6c4c98eabe657807c4f944eb44eca140bc0de92e35302fcac38b2c6fbc,1777410600.0,down,0,0.31640291045867136,0
0x9931ef80708e0527491815677b6914a9aa33aeda9da6d732b049915671edb7da,1777410900.0,down,0,0.22646536289574457,0
0x0846bcf9115aa6d018af9c1e9323abbfb39dd4afa70902d1adeb55b6a8c5dc7d,1777411200.0,down,0,0.5572130063801921,-1
0xe4e8a3e37ba977def2c9dd9fc1bacccc561c4f789c3ed6e7202111c558e49f9b,1777411500.0,down,0,0.2705460120808232,0
0xbd301cb8eeefe0551541e045bc29af5c1719818a3ef74f1e446768c6a42e5483,1777411800.0,up,1,0.7847303640078305,1
0xdfbc89379cd9bf2c059f326904f31f1b0dddf03229a1a21b9998d7867b0357b3,1777412100.0,up,1,0.9723563614417189,1
0x1de12b516cfdbafd152ae44e7b3a6d76c4b95d78d1b3071c08a737fa3cf64af1,1777412400.0,down,0,0.548061592275473,-1
0xcc601cc498e1005f570409311d7db582a65e3e309d5915a11255af2dfe65760f,1777412700.0,up,1,0.5676288661194084,-1
0x5f0f1697ded8959ed337b42d09abd7b0a563db7464d44719dfbfa598da780d54,1777413000.0,down,0,0.30573958022143805,0
0xaa9a1a410aed93554c07e78de1a878a4fa62d93fc7352c1879e32cdcc010ba26,1777413300.0,up,1,0.9629113534694962,1
0x0709760f51e7f512b1b47d704060fe9549ec490ebea54ee344581a5187f20055,1777413600.0,up,1,0.5934756045982724,-1
0xe3a4303046758405fa51bca6ba4a0c955aa151554422ffd64ec57067c2873b6d,1777413900.0,up,1,0.8148838322797697,1
0xa111b43363bd9029927d1d877a9da077608058ef78dc3c4cb18fb3f1a23d073a,1777414200.0,down,0,0.2693156389332685,0
0x7d81068b236512caf42ebc07f07c8795eeaba4ec6734fb1abd2f95e5bf42e141,1777414500.0,down,0,0.2333852895920511,0
0x63b6cfb338976e3e450aaff6096931138ec27e81b10d3efd0b9eb931192624bb,1777414800.0,up,1,0.7317890177477315,1
0x2977d500cd9c8177b338d2793eb779808fe4b23325d4b984c9097b7cad8ee8fe,1777415100.0,down,0,0.6257090990166215,-1
0x3f911422c311a6451e0c9d5a609099c203c611a4f2dacac55b731f08bf498271,1777415400.0,up,1,0.5387715913485485,-1
0xf1855d47c0f70732e3d51cf9b690139ea24d31fed71552c8d195b1c60a1aef82,1777415700.0,down,0,0.6295469244268418,-1
0x856c5ae1736a08d357beb3cd31cc6979b4da34b3a321166005c27122f232f005,1777416000.0,down,0,0.6213571512787971,-1
0xf8b3c850acadd4716eba192241c3c22a05bd9e47dd303b6455ccdb508d036cf0,1777416300.0,down,0,0.648186484881569,1
0xd69269d7745293afc7a93e21edaf46511f40c66d0803626e45a8c8c186d7bcc3,1777416600.0,down,0,0.20578311483760126,0
0x33f53846823d826ba7b9ccc4bc094e38262651b8e7026e8d032c441fe8c715da,1777416900.0,up,1,0.7486089467063579,1
0xe44a3ea18f53fa6b16bc08884c0040d439661c6a4122f660ac3a953aec0afe6a,1777417200.0,down,0,0.10119022601898923,0
0xa641d3902b084b55498556402a8c1b7ece8ec8db58e6bc6f5534b6d938d60c3d,1777417500.0,up,1,0.6283643041205405,-1
0xc669d3e8996c292f5bc652c9a9ec63f2cffe4a05f2c9c3865e76c0bca1ecd4ff,1777417800.0,up,1,0.7272492439295702,1
0x91b23f49b8d3e78ea474cde6f6ffcc5e09e1440c53b13abbd280f3e1800eafad,1777418100.0,down,0,0.5302355549038377,-1
0xa66af938e28999efcb9e2b849d16b78acf143885a52063c1ccff173f178db3da,1777418400.0,up,1,0.38571541627911016,-1
0xc86f88c2b53727bcb25f401618f26170940cb092aab361a22381f6e0809b1614,1777418700.0,down,0,0.07297668291177692,0
0x671113cdb16fa7d9945c5b171c42245fc323c6830d137a14038d759e4bea0075,1777419000.0,down,0,0.5892951589105597,-1
0x373d1a561a55a223d8f38766fa47f0e611b3ef61e9ea727037451c4b1198aed3,1777419300.0,up,1,0.4937166871992707,-1
0x164b162a845636edc857cee4333b4321bc20f8f239e785a754bbce3f54ccd2fa,1777419600.0,up,1,0.49692876641026823,-1
0x459378f64df1b2fcbd5cf092c9469a76d896e8e879dd273ae1e8d839e85e3999,1777419900.0,up,1,0.9915569432497344,1
0xefbe39d87df6aa0992b83ca05f2c78bf9ec8fc8673a880291c0970c95e0411db,1777420200.0,up,1,0.20595313548169594,0
0x28359384d25ed626c75bfb7c216edbbdc8a2dd1a330b5fb8f6b6100a72af7623,1777420500.0,down,0,0.09591432731206385,0
0xa647214b44a16aab430e01b9f3a212239fb5b5f7e7905ba4be92b5f97377205f,1777420800.0,up,1,0.5608235727261661,-1
0xf404989ec2daf704931683ccd3cfcde2ea94c5d17a991152cd8a33fd4936e10f,1777421100.0,up,1,0.3989023281854327,-1
0x155f7f3a93a48d32e378cf637e72ae7e723c3d9b3e1c0feca953d4b14cd08efe,1777421400.0,down,0,0.1453334580186434,0
0x93a3145fa455c6bcbaf32fb63e5911c0759c309865051be3e0da05466f6fd916,1777421700.0,up,1,0.5809568680639016,-1
0x2533ac13185eadc9bf06e1bb8d44b9f1dda127d5dc14c73ffcbfbae9282a5d64,1777422000.0,down,0,0.12739460542202946,0
0x87b0628784a2aeb5be24715095e2fb0e7c7c45329fdd2d8f01ca2b0d507ca307,1777422300.0,down,0,0.05953367858448367,0
0x584e2e59e0281f6c6562e794f980404c3ba74be23834074dc07e0d6e078491fb,1777422600.0,down,0,0.6912014618595284,1
0x736d664b1efb836b43d16877a612d96b27e988c660cca8ac732dc02a8ffebfa9,1777422900.0,up,1,0.6300748081940568,-1
0x3010ff781fc9ce04f7a129077c1e7510ab732e55fd1a48d68341a6e59cb66a23,1777423200.0,up,1,0.8236657063160395,1
0x9dd532131e5f526105712d9aa9c522624054800244e721f429aaf29b5b701a24,1777423500.0,up,1,0.5007406658038407,-1
0xafaf8b1aa79750358fa7783f8e7f88396403720c2938c1227c54c5949ed6a2eb,1777423800.0,up,1,0.6010475458546737,-1
0x39667e83086187ab409ccbd7f7028c9413dcf7c289b09d0e4af02cd6602db59a,1777424100.0,down,0,0.13454075915565641,0
0x9541fda81dbbe75b1075a27d5c112dda904d88231040212bfb5a1f2672adbd06,1777424400.0,up,1,0.4841338901172323,-1
0x5c8ffc603e050978ac0d736e82ace3ec8aaf10a0f96b7951ce897f662ad00392,1777424700.0,down,0,0.12589417978658368,0
0xb69dd507971748a007fd0ae93bd9bd88c4350c14f2b1e50bd942fb09289dc61f,1777425000.0,up,1,0.8400284040966695,1
0x00139f07297e02d7813848ec9086a7202e7cf2d87cbe95636bbce2aba8f16c80,1777425300.0,down,0,0.7105150226019273,1
0x20e728c558a8295d4ea833b10fa5a5363c3c5b3278491b2234a125061c308c50,1777425600.0,down,0,0.1727596695867355,0
0xe8f2deac4a188a4f2c8d701fe6d56a83282d382a0db3021b4fdbe28e1c92bcda,1777425900.0,down,0,0.6357158738194846,-1
0xabb3fa579766cb6a2301b7e71262c5d21fd2a660848b12187b851d2f661091ef,1777426200.0,up,1,0.3020547259128329,0
0x575029ff3aa7385e7c7dd80a22cd31af1e132fead8708bbbdeab57375ddc150a,1777426500.0,up,1,0.7475627964813643,1
0xcdbd453000b00fa4e41a383d75120037ae0fa53048d99cc286a3f7fb2b158e86,1777426800.0,up,1,0.8168337599260748,1
0xb30657d366e775fa4bcd39a2819f3bd337a58054295c30fc768855be875fa411,1777427100.0,up,1,0.6031707100756514,-1
0xb327cd89d7068b0c6a421028a9f5fa2a0c43b008e01a20e4cce80123bd56e96d,1777427400.0,down,0,0.5637952062236875,-1
0x441a1d86290f5342202967617b8044a7e94c0854234907e77b20695f3c9a16f6,1777427700.0,up,1,0.6162830788639221,-1
0xb42f67b954f54239165fda16c6ccf099be594dfe4392d39fc597743e6eadc642,1777428000.0,down,0,0.6888768406510624,1
0x361521e062a58de3400e4ddb88449aaf21ca4d09307a663d87d93331501d301d,1777428300.0,up,1,0.7201713307507522,1
0x7ea216ade9ea6d7ba4c027e5cc971153cd3fbd7587d65fc75d463bc91f9ef7df,1777428600.0,down,0,0.29987081153257483,0
0x228ec8d812f16ed14478014d9a344e61c25c48b310a72b5d1347a13125f908ac,1777428900.0,up,1,0.1959671882828569,0
0x490e7452e3ff0044a9fe085d5254d0b7ade4b6db4e8106744cad1493327c5901,1777429200.0,down,0,0.12121339139675931,0
0x2849e28aeb740afc6d1d6fc66b8478329c045c19e91669d8f2aa948aebeda7b4,1777429500.0,down,0,0.3216083684560772,0
0xe9a2bdb01fbab5591fffdc9c23b22b5c968bbb8bc7108429b21db66649a2217c,1777429800.0,down,0,0.14156329741360138,0
0x82fdb141c6045fbe14b342dcf3e401da28b614c02c395cea3e2c194a2dc11637,1777430100.0,down,0,0.46733695952169274,-1
0xf0aadf74854f3584a616495cd237ec7da585265c7bb92976e06cbccb321826bd,1777430400.0,down,0,0.5669238049733484,-1
0x35c346d4596c9e7c6f86e386277c2b445235ff620c893de4b71c8b6e69643516,1777430700.0,up,1,0.6934394975413145,1
0x9fcf453e73ff08ab5c63ac8eb2aef19dc865197ff01e2c1f1d470762839ba47e,1777431000.0,down,0,0.7204020136346567,1
0xe96e0f5653cae503c71c246b054fe7ebee19fc671b2395605b9f27d13d3a4ccd,1777431300.0,up,1,0.5673418946157988,-1
0x041d9804a65b241069793a67f17150bccdfd7a6895b35e5716de8d87094dc32f,1777431600.0,down,0,0.7758403147597036,1
0xb940008beef446a8849799b1b888c9cef28aee573e8a138650919cd6893df20a,1777431900.0,up,1,0.6981161181310901,1
0xc0bbdd78b9efd763d970dc37cb32cbd796f48d11153b4ef94f7d545a203676c0,1777432200.0,up,1,0.7751076337321691,1
0x71fba4fbf76c39fb0ee1ba6e2c5666f15ea5dec79b8b111649b4064ba4178b8e,1777432500.0,up,1,0.8190451883015804,1
0x7df97efa423c0a3173568a06499f8a6de7a1fa548f855c5ce40f72f839cab324,1777432800.0,up,1,0.7253752771302574,1
0x772bf26776211419033161e491deb7bdafb14aa7eec972caf48dfa3b26338119,1777433100.0,up,1,0.22828303499395103,0
0x364c741392e396472ac7fc0392f654f716d0a99da08767ef5c2831f8cd5056d7,1777433400.0,down,0,0.14271441567282306,0
0xb265acf1dfe071967609158628674e6ceeacece112d2e9aff3c71c2a659bee84,1777433700.0,up,1,0.9195196358849226,1
0x462588e7ebddbc92905fdd3b5638e0a98ee1c1993cf9d5cd1a7b2c2cd7757860,1777434000.0,up,1,0.3562945710918743,-1
0x15ad28810a58af5f1a017745b824b4d8bca94e48bfd9a20cef64a463fc66fadf,1777434300.0,down,0,0.10113428610335222,0
0x288f8dbf2e283c9b1051f2ff8b1c13969ca01b2dd2fa742437d84a6ec960a331,1777434600.0,down,0,0.10964490534461792,0
0xf1c20f07e8d9f54fcba76fc7361f686aa1b739c063c856a3f7e55341e0e97792,1777434900.0,up,1,0.11211178235875396,0
0xd6067c1fa5af391f6c002b6fec566fc9c1b02c57e3f27056793a489d15f1d6ca,1777435200.0,down,0,0.19027778678873347,0
0x3409b0e6f1be0b067eb1c55b65de9bf04ee592b46836254ed328071ed5a5cb4e,1777435500.0,down,0,0.5412730537076598,-1
0xf6fa454775e13e656ad0c5189290eb9bab69e84ef64672ada36232860301110f,1777435800.0,down,0,0.4881566172299265,-1
0xf5e22b4aa800f506ebff07d0104b1df6046caa25f7566a2832a5a49ca9625035,1777436100.0,up,1,0.8741972247241582,1
0x211fd2610fe933cc763f566328e31e9bc81cef57d9a51013d6029b7114c2a0a2,1777436400.0,up,1,0.6247531079012187,-1
0x6a6db6a8be1bf85b56b4d10035140076bc25d83f5a361d7c68ed530c727921ff,1777436700.0,up,1,0.8489593440547408,1
0x7230858a1183db920d7e3a5d9e8af6d9f9c3a450d5b75d5c0c078ec78e7680ff,1777437000.0,up,1,0.7140426973019556,1
0xc65321a5f27fac39e0d7390988da857af05ba3470769c1806141fca79982259d,1777437300.0,up,1,0.8793066707584636,1
0xc3ba7c92fed5ebb221cbad99ec878b227209cef9227eb86ee4fe7ed96bd888fa,1777437600.0,up,1,0.9248095303503308,1
0x5ef01f06a776d82b3770ecd1ac423ab3d706a883829fe5fe3d1f210926ad52f6,1777437900.0,down,0,0.6365652360707469,-1
0x14bbd28303f18b64dfdfa4b009d9362912fe423f7f17c4aa7891702dc07d7f72,1777438200.0,down,0,0.8264974858871631,1
0xaaafee29350daf012b8505ceccc69896ce64b579b820c6071bddc03e696beca6,1777438500.0,down,0,0.5623513047863166,-1
0xe6f9c838c8c2c748076d8e7d9aebb55e0856b7c539b12082191685ed944448e9,1777438800.0,down,0,0.10469680217038627,0
0x341038c444eb95526fe1b57f67e937412654c1afefd7e3a2799e43de8e4215cf,1777439100.0,up,1,0.4183271705645547,-1
0xac082d4e6934d430598411234ff2db74e7a4c7914fee15f3ccfe9a141bbb60b8,1777439400.0,down,0,0.536409612683468,-1
0x8600c256048d82e4cf7cb2a7e77c081886ed9bf325526862238549fe56d05356,1777439700.0,up,1,0.28284153396267747,0
0x46becbd50ab5498dd1ac88682222ab3b99e2cc0e480d01d5fb7dcd2e36bfde76,1777440000.0,up,1,0.4926572550507896,-1
0xc40242f98ea784809e24f1a1d4cf86ded47a8e21992e8735e610be3917feeb1e,1777440300.0,up,1,0.21428113342274877,0
0xcfe074c896a5f871f4254838f73fdb6a4d61b524d3be1edc1e49219f3ecfbc3a,1777440600.0,down,0,0.4101888510106821,-1
0xf4646d91de7ea2cfed9c8bf2e902722edf972a19f712f5a86d1accf09be8c683,1777440900.0,up,1,0.5188482130904761,-1
0x956ee3ab2e4d4ac619a3b2624764ef4f74530b691c9c5f11bf686ae31a635516,1777441200.0,down,0,0.21940725916040726,0
0x368694a3225e2490e2571f80421e87528592cfef0ac429c2267b1d2994f40f39,1777441500.0,up,1,0.727729835039703,1
0x4f44c6f62449ce115bb6e53039bc2d76f697d1fc3000dee1c22a8218f2be7a79,1777441800.0,up,1,0.6687804884844996,1
0xa16c1d99862201ee04de9e296582ad1cf565a0e74be55a826a19463864e1cc43,1777442100.0,up,1,0.4209153281639256,-1
0xd317e41c9686b772e597c9858291cc9a8356139c5db706294c7fdab2ab68f22d,1777442400.0,down,0,0.18543595318109324,0
0xb149f9d88b7df0b3352ae2e0d526db16208b5613916b85a57b77c7ff41965d20,1777442700.0,down,0,0.21806642303509957,0
0xa5967013eb8984f96e7736b850aaf75965d1fd0484ee9eb8a539200c6b499ebd,1777443000.0,down,0,0.5024710616567818,-1
0x8ad6670285c69500c2a0563117acc860c464d59aec78566ed845705f7bab7d65,1777443300.0,down,0,0.14001307668343083,0
0x104f27e82a923cf3832854ae080bd8838ad288ee719e5cb1ac140e3b982d8f3d,1777443600.0,down,0,0.34202720646426116,0
0x725d49504ebb3d7467baa1b442f14fd1ecf31408aaa55c2d0aee5279b8d28719,1777443900.0,down,0,0.14087039435322984,0
0xd2edb61ffbc70375b77f0644e50e2da3d28336ce34b8d2206c4fdbb9a2618918,1777444200.0,down,0,0.5162465563229515,-1
0x8805ce10f305f3eaa638e0dea49ea3a222a88f097d28fe70e776a73df7b2346c,1777444500.0,down,0,0.38300977624035276,-1
0xd8aec9e97c446b58ec13cff35a38785f98e74de39117d415ce78cad726931c2e,1777444800.0,down,0,0.48876581751716036,-1
0x3321d198f056a907c2f488270d487ca1ae80b46301636d9ff1003f1736aa296c,1777445100.0,up,1,0.6998810242865983,1
0xdf0c4e578f3289bf7e4f27b62da7ef8d4d4822c289c702fb7fca977b0036f173,1777445400.0,down,0,0.17099631920555272,0
0x7912b8f98a10a396c60249712b8fcd678c07947185121d8f5949bc49fd316ff9,1777445700.0,up,1,0.6089733801580124,-1
0xd3d33bb0672ba42421ad74179795edb8271f2f272d79c99fa357d8e5745b3896,1777446000.0,up,1,0.6481198071435053,1
0x6f1470a27db536c8856e4de0d22ffe5b539bdd357138b5a674cbb35f261a3d52,1777446300.0,down,0,0.4047011943164962,-1
0x6588e7e97871672b1f956d5e7ee610801ad03b719dcda157fccd9e72d7a1cea9,1777446600.0,up,1,0.6095845360767781,-1
0x96e7e986dc33ac77404a64f85034cf65983be9265dc1ccf251a410299277397a,1777446900.0,down,0,0.20332738948854595,0
0xed8e3554913cac7fb0b131fdf5ff3b23bd23ed368e0d22c5a84c48e0537257a4,1777447200.0,up,1,0.4733982807067664,-1
0x07432411fdc2f7479ec2ac7f2b64d593a57f3ca3df6df933622cbf9242cb4317,1777447500.0,up,1,0.41879687116027053,-1
0xf5a22983e6b9f21c143319fc00fc27b7afd1bf9f62bca312ecffa3049a382cc6,1777447800.0,up,1,0.9678636511728179,1
0x5525c37bc8613d7ab630b55d34d7899d8d3a5300e40136fbee30647de1dff43b,1777448100.0,down,0,0.6225525550741707,-1
0xba9a62fcf62830d8fd1bca5803b822cbe97e6cf940a7d4d7e18e11e21ea4d86b,1777448400.0,up,1,0.9098527260144568,1
0xb049ff07fab5b1cbd9d131f889e3b1845985b6fc3c9f2bee9529a3e4841c9e77,1777448700.0,down,0,0.10282398816677482,0
0x9d17034e74944c6f9fc8ede7d0b89ba3e2464c6151da2a22221bb0f2b580a88d,1777449000.0,down,0,0.2402111346683595,0
0xd0790131efaae3776d5ef7b8fd62c93f19467f26fcf5d9049983928ce86a3c81,1777449300.0,up,1,0.3383573633141711,0
0x0ef17ee1b5eb1b90383f4e61f492241541d4793ebdfe42b307d3bb7ecb1c168b,1777449600.0,down,0,0.7925208739123788,1
0x4736b6263b675d95592df604a0e65548ae70b42fef770a2cfb7b92d222f3d6e4,1777449900.0,down,0,0.198067374462171,0
0x642b756348cdfe70cfb9587511067554476d3c9f39e03bad2c6db1815bed3a2c,1777450200.0,up,1,0.6896685252634548,1
0x60ae7ac26e3c7736343eb155dfce766a7030326c97073ba8e7326d86d58abea7,1777450500.0,up,1,0.7469632301983764,1
0xa2661d0da873a08eddd686a76b34055ea6a0c6d64f47b9faf23282982390d15d,1777450800.0,up,1,0.7651126767953418,1
0x9b7c160f2050c415cd3bfa8a9284cfe6513854226c67858bde0f7d63e308925d,1777451100.0,up,1,0.5715510689965402,-1
0x8923449ade636fdab3550ba7e53b77c5a75a287dcc2b519800c16e7dde41de7b,1777451400.0,down,0,0.1446633942559604,0
0x650dda4d875b6a2985555cfd70bf60e6d2857f923a861ad2e42911bcd010353f,1777451700.0,up,1,0.717234822789839,1
0x576ef88f32245d4fedf4afd9d6e22eecd1b25937f74a8352c2717ac52e1e2e1e,1777452000.0,up,1,0.7533630272642117,1
0xaf028022c245d2abf8d2b6d199bf447f30aa8320afe56b6af51034141db1c793,1777452300.0,down,0,0.6669967951530422,1
0x1f3134dfd7d3e211da289517769c0acba1a6fe06db939cc0f7d7e84ca57d6cc3,1777452600.0,up,1,0.5215713279481005,-1
0xe9e91c2e5d8e2ce50d7852c32c63c2407adcd0c9e7633a953c0ed49a291712bc,1777452900.0,down,0,0.6260015213887374,-1
0x4ddafc08bd1ab17e4fa1f1da2e4683f231830bc89ac79e20c50c10ba001d63f8,1777453200.0,down,0,0.40090664369887896,-1
0xf678a3fb57e4c974147b8ee75ace78d27d1460147030e133b64f49a4d7c8d9f8,1777453500.0,down,0,0.3316609075634059,0
0x6cd487c24681eeddc038d65b6320b305065992042bf8410645e486d7b0bd486c,1777453800.0,up,1,0.4834506286054953,-1
0x7102873ec3e329d92d401fc5d51a1f2b201924ed5981d258c7a938309d7e3315,1777454100.0,up,1,0.46670549047354526,-1
0x7fd4b93d32b6c041dd29c5dd4959f580c5f0267e91a7aeb9a5969f7d8e6e6d81,1777454400.0,up,1,0.4996739178229123,-1
0xfa5c14ce4a89c6c8a11425c7732ea52e92398cdc90b50da3269d1d4108bc2aad,1777454700.0,down,0,0.5117387371466083,-1
0x6857e3089da791de9340e6967f31493ea03e21442bead7ac85a8238bf6f89e5a,1777455000.0,up,1,0.7008102304056916,1
0xa8c01f061846911a76b642ea863d4f83226c2bd5182c169912d14825fd040962,1777455300.0,up,1,0.8317270269736992,1
0x3bd157793db5b5e8e590cb0d6dcf0e9a4d1f288118bfa2f4c1b0311e2d017b6d,1777455600.0,up,1,0.6884678923614926,1
0xae797e11a0f32906a4fffb28d2f409d29e107ae637d54b80e79e2f83b66aa957,1777455900.0,up,1,0.9043046470839362,1
0xcc8e9dab5348d361f0c978d0e459f972864c6c2c3435af1c7fe50bde4a96e6ec,1777456200.0,up,1,0.7236872350116687,1
0xbf31833d71eb7c41242ce2c295930b50d01b7f46216b38d4eab57c921714c4f1,1777456500.0,down,0,0.15046018141896716,0
0x111bbef9da90323f04c560986f788a20277cfa7e9f1545f50b4c8041bc97fe57,1777456800.0,up,1,0.458913865808079,-1
0xf00e252c2965a9514c78a9e135eeeb48dd60fb785c773e3265a55b4acb8f75e2,1777457100.0,up,1,0.7666749341873471,1
0xe5de6c7187a09e561b33d58261035e981f8fb95c16fb1f3001718c277ada8458,1777457400.0,down,0,0.3564520501377507,-1
0x930547f2dc6bcad77a5e9d36517ff1afc85b9c3a98579bf6e8bdf4d3e4aff382,1777457700.0,up,1,0.466699998387321,-1
0x42752af9851c5a11466f1ec382e8dd2c5a4eba541878091119bad04fa44f80e4,1777458000.0,up,1,0.365651978739905,-1
0x2934539a51a3d6782cb79911b63ed8a2aa38e23f69d5354e0c5a96209eb497f3,1777458300.0,up,1,0.5483595636415546,-1
0x0b23e342fe0edd4c1a26a96965603035c3ad8080fffbd5424b1f4d7f40e92f9f,1777458600.0,down,0,0.11795833729619672,0
0xef6539de53488040173e69c85957b2670391dbe61749ac99fd79b54f0c14e91b,1777458900.0,down,0,0.09858925309316664,0
0x5cc13ba4d5db7d0554907e0351e0dab1feb1e777864b5689c4b92a164021cd87,1777459200.0,down,0,0.11737517008422971,0
0xcab3e16fb9533bbff99311eea48a9ea53ac0fddbe35de50b755340e215ce2199,1777459500.0,up,1,0.8420153564996601,1
0x517a6900d723b9010e326a39eecbab86c6bdcfcf7b04daa24e87b1104ba7fcfa,1777459800.0,down,0,0.24280676955725053,0
0xd57edcc4aa79499bb98baa74e35edd14456d5c761f532939859595d74b2a839d,1777460100.0,down,0,0.16211114919351394,0
0xbdf83a9e94df7f7694b1c3d3ccaf072541f062012a54066be66e6d0e133b5280,1777460400.0,up,1,0.14271017244312767,0
0xcd9a8cd4ebceb2ecdfacde16479ed4002bef8aa4b9cef85212a9f840ea3b0737,1777460700.0,down,0,0.18011939907261243,0
0x2caee0b382ce1edf49666746a86f67c584e35075002c18ad89908fe360125cd4,1777461000.0,up,1,0.7451531763481849,1
0xd582e73c932534e60574ac3c80023a055fe88aa4c3fc25089f51a21b72b73f14,1777461300.0,down,0,0.5281215262544977,-1
0x9020cdf659f06964f39769a689768f65a980ff9f4d392f7b70a71902ac1b30f4,1777461600.0,down,0,0.4611309395927151,-1
0x537594c9ccdb29d340d4813465798ba87f59300dcb22d3ba75b7ddd6e67a9d86,1777461900.0,down,0,0.28449875184692663,0
0x1444a73703ab5f133f04b59ba516b149b89f8b81b46d62eef619147cb047ef6d,1777462200.0,up,1,0.6495836301033874,1
0xf1aa1a56d623d1678a96cc9c2b6017d9ffd46c44d0cfbe61858f3faf43b36a71,1777462500.0,up,1,0.8876984806456526,1
0x1361f7be9af5921244f55ed6d71ea0701ecf0fa2b63d959d5c31bfed23f5ab5d,1777462800.0,down,0,0.6956940338029339,1
0xf20607a873d2a8141e4419736b29e6e3e7c5bbde2bc736692150d1a12aa43e0b,1777463100.0,up,1,0.8968772890785777,1
0xb6cc35bc76589fbf55a9b27dbe5b43dd1e082419cbbc23f52d3a01d5c20518fa,1777463400.0,down,0,0.11754989586990376,0
0x92a5b0d767c7ab0f06a7972a2659db2cc95e6dfc0daad2c344ed6f830a3118ec,1777463700.0,up,1,0.6840230844576373,1
0x33b20a12231a74cd45b6d44da46034a653613efd8ffc76b93e18ef0541a898a5,1777464000.0,down,0,0.5457498224833641,-1
0x0265836d4e8ef495ef27fd07d57129cba297406f798f198b01ab1b6d88eee237,1777464300.0,down,0,0.8888002762899487,1
0x545d0a72e8cab89ec41c6637111a67ec623902d34f65d497ec9a91e2be5a179d,1777464600.0,down,0,0.533471217872002,-1
0xcc2ddc5fa8d05b0987d9131a0fd4c5a4989bba3152ff6b45cfd4e26e36f491aa,1777464900.0,down,0,0.6905431770879922,1
0x9744c9c8059e4e265d3d2861aeba3f3eefd408a341b1c4394a1d252e29e746a2,1777465200.0,down,0,0.06831549589185572,0
0x161a2c968a298e5fe0de1fc0b00a8d6834c42e0e165a7f801a061f0b50e5dfcb,1777465500.0,up,1,0.6850951262809372,1
0x2910189d90d7479fff076b28f2481362028c837418bc50cc4be68c40911520fc,1777465800.0,down,0,0.5090012647997847,-1
0x1e0673ba9c433121a0cfbe8dc35df2b2d6632866e1c3dd1a1444b3eeb8d75ee6,1777466100.0,up,1,0.43636066479512586,-1
0x06bed156aa0a9a8205338f93049bbba7a806bbcceb16fc2ff7e5f7bf2a778ce5,1777466400.0,up,1,0.7765514051488395,1
0x2ae1a7993767117baadb0c1ff8e2f44a1332b782dc6094c1ce98aeb5e0c7f6b4,1777466700.0,down,0,0.6168154452261754,-1
0x5f025a018ec1f1d961061fcd3db7a81f5e413be17644b3567840c5f39de19971,1777467000.0,up,1,0.8556195668069854,1
0xad4f1b0aef2bb6fcda0f5074c442c175503b53c3273697def77da3f511b9b5c0,1777467300.0,down,0,0.29604150664941986,0
0x1a977b34ef4bd4add03ad7ef4e05921b80ddec54760f45d75f0bcc3eaea76d21,1777467600.0,down,0,0.8611682603333657,1
0x676411b68841113d6dfa2cfd94e232462b41eb1bb4153ea59a46a82e5f753f46,1777467900.0,down,0,0.36645039248217376,-1
0x02c8ee2b47351ada8dc930bc4e3a82393b8808c63297dd0ab5a2923aa2c5c5cd,1777468200.0,up,1,0.8033996629621489,1
0x2f6c7beae662fbe31ae94510816691a2856524ccedca1bfd15d64b479507d2eb,1777468500.0,down,0,0.5553558039353289,-1
0x84839ea341251b8e5c0a0b171782b01b3723bb7bfccdd7740fd37d1558c06669,1777468800.0,down,0,0.42882412199160475,-1
0xaa55d17433ca8be3f5bbac94c9e7bc56ae182bee96975b35bc3d4eb3b63f22c9,1777469100.0,down,0,0.16369024799591814,0
0x4188a67688637e1956f046aeec977634617f809e2af932ef4d946c63b8916fb9,1777469400.0,down,0,0.16509784888379123,0
0x9b09a03dca1fbde8b6461230a04f4be7fe4d1b03bef54821cd0a7d583086a794,1777469700.0,up,1,0.9138984309301788,1
0x46155e29cc7aa90baaf74f4b9252bf0ca660e10367e8a81112e9c121bd3c9349,1777470000.0,down,0,0.6469062887661999,1
0xf2244cb6d4e476a331037cdea1de5428343751fd6b6b27d0b50505666b60e9b1,1777470300.0,up,1,0.7050640357205422,1
0xe0041ca96d7292e017aa0e84810a2957c1842e50570158e39f8c7720dd9bb760,1777470600.0,up,1,0.891228107429772,1
0x249c211aa1f7fe9258c90708e3f5eb81e8fb174d7d4edfb263cc8196170d3c31,1777470900.0,down,0,0.867809912241083,1
0xff166c7c72ee0bc324c1adcd144b960417e73535f57fcf55b5c7530129fab461,1777471200.0,down,0,0.1578762630944388,0
0x463c5fac91cebdefcd8b60369863fa2a4f705acdde395300bc4a22cd924c2435,1777471500.0,down,0,0.2056820208269011,0
0x990a60fe5fd2b1da96a3bb0ab925a06de40263faa323d3eb3a0bf08a8bc1af2f,1777471800.0,down,0,0.401432589145635,-1
0x83b5839f3bef09b643106ae786ea85d4c3c1d146d34c0005d36adc420e38fdf6,1777472100.0,up,1,0.6942990977395521,1
0x172d0185f4d4f04fb3d039fcd09542f44bd6d12e9a91715ec5880a0f2645c061,1777472400.0,up,1,0.20138396451815604,0
0xc4b94e010a9106bcb81601828119b0a731656d32fe7d33aa7f2d077cb69d953b,1777472700.0,up,1,0.8264656389946494,1
0xa26203cbda381d5181cc7ad02dfe8d01fb4e0b343549504e125c3ff842e4ffb5,1777473000.0,down,0,0.15179750934056468,0
0xdacdb365a3dc97cb8545c2d3e9fe52ea9e79e7bd9d49ad8b5dbc22fd0029dca0,1777473300.0,up,1,0.9566094598758131,1
0x0e68b8ba6dff5ceb0b73f545c51e6deee951c42d8b77e003a5165a284748913c,1777473600.0,down,0,0.07666036867240335,0
0xaa6ac6e0c8d39d55cd7e1de12a1e05931a7cafae58d2f815eeae64cc45eae930,1777473900.0,down,0,0.30541177785913615,0
0x7b743420507be8ac474fd3b1e6864e4a1079f4a3ba76e9081a7c53d199742325,1777474200.0,up,1,0.448018135004908,-1
0x73895137ea273e5fa2caf5c3612194863888450b597be29fdc60a667554c79c5,1777474500.0,down,0,0.3941654558595021,-1
0xcb49a7c735f57857ed579f9e4a027d09446903533ebc480a481fb7589e1b3be0,1777474800.0,down,0,0.6312034840585387,-1
0x894b7bce267ccae854bb749d1b8fc1d17a9fd449a96d6a24576911294b489a5c,1777475100.0,down,0,0.11621878987826097,0
0x154c24d5e93ab6b9e6926a48c3d74720dffd708a3b91fe993c77eb377e071509,1777475400.0,down,0,0.2723601220291316,0
0xdadb7bbd608b23fe7a2d11d7c13c9b54c823ff73d3d0f084bd2d3678b06f53f7,1777475700.0,down,0,0.8092911823610387,1
0x2b433e19508af7db6960b0603ed4af4e361e9db272df762ae94206ae0722e5ef,1777476000.0,up,1,0.30432454484065086,0
0x5e830dbe9dd248c970a0301d3ab9637a94181b58fd913eaabe33cb8837c30c13,1777476300.0,down,0,0.6853959291428879,1
0xd73a024eb2fc47d2f231e003dac4c81687927973900ce7f5c4b7400b0788615e,1777476600.0,up,1,0.9022745747010487,1
0xaf6cc3fbb21bf7372676e407130930a76d0290ea18dd6e5e37373f4df73bf697,1777476900.0,down,0,0.12161293061120168,0
0x56a208b2cc5fd14a3b1b8881e3663b9f49d79f21c0e265b00fe2791f4c1f5db4,1777477200.0,down,0,0.5294540185988701,-1
0xfcf16f215dc84623836b28f1d4f99fb8f1ea0eb363ae7c22447a8cb108864878,1777477500.0,up,1,0.6166797183400791,-1
0x1279ecc4ae1baf209249d83d1ee22a525bdef7e99b76a8731f3dce0a67d55e72,1777477800.0,down,0,0.17785540762227692,0
0x9a97232cd34c334663092451e0791f3344bd25a647a17f88dd7304b926fefabb,1777478100.0,up,1,0.5769938049513913,-1
0x66aa9e1d2f2adf2dd8ec0bef89ba1a453833f01fd390470b6feb85d303f9b1e9,1777478400.0,up,1,0.5707606904973611,-1
0x5088405df1c0984855f4f21caa589935ea4ae4cc2336700838e90da53e48b5e2,1777478700.0,down,0,0.4234874203217429,-1
0x501a52ca62af9f730f832f6ee7588ef6b45a2e678da69517f2091750bdbda183,1777479000.0,down,0,0.3637759591915461,-1
0x76bf8ab677ccb0411ad374b6d808b8c3cf911618637fa784ff2bc334e76be5cb,1777479300.0,down,0,0.38807414771881543,-1
0xd631ea9371c22069deb5de0c4d75564819e0b9f37649ab40fbeb8d8f38dc3816,1777479600.0,down,0,0.6251730361261828,-1
0xe7454ee6aa399a2dd9b2d7eff072bb2ae88a4305eb19d620c47b80ba962e8ee2,1777479900.0,up,1,0.8115618479430743,1
0xaa8c315dc2e91d28237208dfd8f5ddf7ed3b08df804c8e45c90f7a84131004da,1777480200.0,up,1,0.4342105279864556,-1
0x2b0b69fc80a0c2f987f4daf8ecf455241720037a7775bd4762a2f124e68499fa,1777480500.0,up,1,0.16479532980697856,0
0xc490adae84e53187f7f1e857b1d12d7bf59042bfe66280cbae961f1dba0b1c31,1777480800.0,up,1,0.3355736930465762,0
0xb8b51c5a8256b8f66ade768e6d94e97e2f0fc20026be4c261d886ef1f713825c,1777481100.0,down,0,0.6855983957584884,1
0x7bb9fabf8b7b66c3d5a4c4451b287133a4de54420f917f5e1d37d620f3e18d1e,1777481400.0,up,1,0.4469367556633818,-1
0x258650612c521e782d9c9b9db68236c6c75c9b97481cb063a8001e20a24204a2,1777481700.0,down,0,0.6458958302209434,1
0xffb2bf4cdaa28cd31730826da1073112394c2c5941ca538f626da956b827a8ee,1777482000.0,up,1,0.6956081484382574,1
0x30e74e3581898264528ce4a0fce91a3d0512dd66dcf4499bfbcdc10578ca35cb,1777482300.0,down,0,0.11694264823694338,0
0x243fb602f7f5e29dd31fee85442d0782682d6c657f898f170963cb93590b3073,1777482600.0,down,0,0.6800124025752562,1
0xfe1ee321edb976e603a5e041d98ac96e1a8c511e620539369364dfe8ef9c85df,1777482900.0,up,1,0.23109217100863982,0
0x60385b437d5d66a18cef3187584c27b9e3578446a2cba84788bf695ab4597336,1777483200.0,up,1,0.8968875251869441,1
0x38e8a2926067092969256f1b25574268221f4a57c0deeb1e9ba42e88edb4398c,1777483500.0,down,0,0.08862490849513828,0
0x04c8124a4f6622a9e7781aaac734100fc95fa99d5a92bc0d731cc832af172a26,1777483800.0,up,1,0.9209037037050314,1
0xd90de42cbaff2e0273ac32bd9b8aa4dd0a062d1ff8d0bb8f6813dba4e3f7abf5,1777484100.0,up,1,0.36889582924361614,-1
0x0be02923ef6fa6f9e1872491375431a7d4630ff629526b50a7e7f034ed7b2d1d,1777484400.0,up,1,0.39390752308967497,-1
0xe5a53bfcbb9e0a2789aa2a0ed13b7c2d92b3aa444b893710755c0552903f8f47,1777484700.0,up,1,0.1449752792376783,0
0xf83cb4a19df28d14f88cc99789b19ea0ca7f03a64d46cc6a6f6adc9fc287b2aa,1777485000.0,down,0,0.34079126203753174,0
0x03201bea295766ec586804dc870a37122ea2a8fda32d06f98868c888ef9e5d0b,1777485300.0,up,1,0.3924518941066605,-1
0x56194c4a2f748f8fcec23150ce02f25a4bd6d87b0c2bf6d84a59b0c48b44ecee,1777485600.0,down,0,0.2659113432660461,0
0x7a4b747e71b47f5699dad14340ce59996af3663f4f23ff2eb028f159be34a8b7,1777485900.0,down,0,0.4606395978909443,-1
0x05d102e11cfedb7d7cb9d87effc24b66039547325cc9621ca53ac5981454b6d3,1777486200.0,up,1,0.786675776896947,1
0xe488d7c50904f69fe64710184bc08015decc5f61c47036b667a73ebcec679923,1777486500.0,down,0,0.6968485157761222,1
0x90ce65cbd09e66162495a505b71c5e976f3aeab551eabe8e14586034059ad2be,1777486800.0,up,1,0.9373148305597747,1
0x352d84983fb699ce7a39625a787d846a0aeadc0d2b6c72d6f40fed907f905198,1777487100.0,down,0,0.3180251173695637,0
0x1caf1e86377b926519ddc6f5905d526541c7ead55f88cee9107ee11f2b9bccca,1777487400.0,down,0,0.21411256047048166,0
0x9086a0aa12bef39c94888d514f09228ec34ccfe6f7ddb356c17ea56c4efea749,1777487700.0,up,1,0.8982996979141279,1
0x0b5e14faa514b06da7d4d32be306da162a08c1afad69ef5ce10de25b2f973383,1777488000.0,down,0,0.4735734536123899,-1
0xca272c9a8590cfec796462bc36d82eb8d37f34ebf7dee313645073bbdf99b703,1777488300.0,up,1,0.7102187239028024,1
0xb96ca7f8b8c21f257d57a2cedfd246826c0dbb7008f5db1432f19897342f7a34,1777488600.0,up,1,0.850387408078898,1
0x967445b9bbbb6a9b83184ef16482d6a7a77c362938c73e9e1b2e606c78f32ea3,1777488900.0,up,1,0.663510991597595,1
0x7034451218f1ddb03171f4d000f270174849e3c99bc77c7f574478812efd4540,1777489200.0,up,1,0.7635022578844248,1
0x06d32e5fc371694d42622f20e6760d90a6a72aea8a654455ea4cd5cc3ba38c07,1777489500.0,down,0,0.1904871814181239,0
0xce7d83411949d3299f83fc6446fc91a8670471cd6431d9eed0b7d597c4e0da64,1777489800.0,up,1,0.5374984740087903,-1
0x1813b8c410b9a231985766e19c082ac696d4234befb586484cf5c1f1ef9e215c,1777490100.0,down,0,0.46431373193993825,-1
0x45de837aa704241ee16793c47d00107fc2bec85c61ca9bd318b5c351fabb128f,1777490400.0,up,1,0.35046604891051486,-1
0x996300eba1ff5680b28ebeec2996338c5e0cfa79a6516093928d61bcf2c72415,1777490700.0,down,0,0.2618277361002309,0
0x01b918ce7fa7be79f8edb04c4e9753097ba0ecb20031e94710881b69615c17d5,1777491000.0,down,0,0.03994422464229434,0
0xbdd2bd27a95070d816c7b0feca54c3c09c73bc7250725a2c253aa3ac8036b5cb,1777491300.0,up,1,0.8704183654858254,1
0x3bb4b4685bec171c12cec7edb83b476c7909caea9a6270479ce7393dfa01c238,1777491600.0,up,1,0.6413856246263265,-1
0xac93771878c7b0a607623e9a3bba4824db1438f9ec60d1c5314a8495d142bf1f,1777491900.0,up,1,0.7198407607331191,1
0x09075be64e60981760a73c0fbe7fc113f97f0024afe0b8c84227825c34db723c,1777492200.0,up,1,0.612219022435552,-1
0xd820b78d711f1a40d3b871655d7920b2ef75cfcd821b4b50b48405f5d160a6a8,1777492500.0,up,1,0.7027903118345191,1
0x81d0fd0d1516c9567c783e034697fbd5686323519d2840ad430fd7c4d9f8e32a,1777492800.0,up,1,0.513422871769063,-1
0x852801546bc91bb950fdd6cc26e3626efe0123c8a1d24180724d2f4537153f8e,1777493100.0,down,0,0.44555068236803946,-1
0x3ee0fbbb9f12faf16da1b072d1450c22b3825fcc68cc71bf99369c3c2cdced53,1777493400.0,down,0,0.18681434454258278,0
0x3f0fa74e7b365452d77d82a10cce2467c033a8a2cb698080c26ab1b71bb52168,1777493700.0,up,1,0.7148825023467549,1
0x5738f0dbbeba41fd1a7aad3f3639701934fdfdbf944d2fb32a8e16bf2db4e808,1777494000.0,down,0,0.39949343027710177,-1
0x3bdedb0658cf82ca0b0c4d150f1e04170fdee15e381de6c012a697761e47fbaa,1777494300.0,up,1,0.5999287465759553,-1
0xa7d1adcf735e33f1efd90049ff404f9b76638f2db170de14c5fcf1b7c98f31c8,1777494600.0,up,1,0.33303673341766743,0
0xb6228de1fbe093069b065392e3caba97df3149873c7bbb9c3bfe351915becdde,1777494900.0,up,1,0.6855237745905876,1
0xf2db3cabd65d7a28b39c9dbf3d56bc1abf83ccb677865f571a52cc08366d3326,1777495200.0,up,1,0.2821015342730808,0
0x0e3925978f20f0bd816d8e85a7a26489a4c9d9f5c801264981a61e7b376d228e,1777495500.0,down,0,0.7992764731468197,1
0xb7f31ce3ef7d254c6ab10974ea685b7f6773027dd9150feb019bee277fadeb2c,1777495800.0,up,1,0.7588975228315271,1
0x335d128fc573b1a566e5ed5cafd4e7e045709d89d7d60238f143604b6b44dc5c,1777496100.0,down,0,0.5400824541936506,-1
0xadf20b53fe363b05753b937d1b0f4423792efb805246ad32654dec407e6d282e,1777496400.0,down,0,0.6122185678992179,-1
0x46fac30aadd12e400626f5cd4e2adad63be45e6d95d2c371032824bc59af51ea,1777496700.0,up,1,0.3577235213068279,-1
0x72e2641420195920bbdc63fba79c9e9ad23207ba9fd698ba459e3ababa0947bd,1777497000.0,up,1,0.8471008124171223,1
0x9189e1e0f0be59ed6b75f4360757b10f148b2cfe1d0dcd4bb1dac20dc9c83eb6,1777497300.0,up,1,0.8709088311562416,1
0xf5fea4f14092fa5be9ecb7cb4e0646e4d6157c4977dda2834dd89b19d8b31f8f,1777497600.0,up,1,0.6209269573850164,-1
0x94a4ea711d7a3acebe03d6a672729fa5466e7af3d7661a3498e414d26a63612a,1777497900.0,down,0,0.40226262730612034,-1
0x7ac38d3af30daff9920ac01df6fbcc84f5950a843867325242ef02fb9805ade8,1777498200.0,up,1,0.6969315103844707,1
0x3a18fca65d3463bccb3f11ec20a4e0925b2d3a8d67f26cb42df83f7447111d1a,1777498500.0,up,1,0.609474121366253,-1
0xa05617704c6c248cfa03f846a34bd5fe98b9518e1b12e17cb5cb6403bf109f66,1777498800.0,up,1,0.756531360795019,1
0x49330b48854ca8182eefb7415a306087469beaf5ffa7240bd85a13d67465e28e,1777499100.0,up,1,0.5660543033700971,-1
0xf27417bc24097bc29194b865852b2097a81445fa6f5877e88ff1cda94c5d065c,1777499400.0,up,1,0.7041334929749236,1
0x9cecc8e39dc74c4a26f9eaae6df5a3820f9e1b196ba0668b709d1ce4a5682a84,1777499700.0,down,0,0.3780711620519323,-1
0x4f549442e8bbf327935f6c9ea73d8ac1fe96a2b37480ece8cba31a01b74cef97,1777500000.0,up,1,0.38380995997718337,-1
0x03ce0c49cc00b56bd7fbf25a20ea7aaebcbb3e3f5bce036b94e2cf3316f143c7,1777500300.0,down,0,0.49838767703104947,-1
0x9906ab1c585dbcb4ca8f30e1c014f77f730e9a38b163831a2d36a58689d282be,1777500600.0,up,1,0.7913448401309242,1
0xda4c704d2d5baf668c248d5a2b13960aabfd3917881f10c2946cbc8cf5fad6a5,1777500900.0,up,1,0.7983571418192619,1
0x2c7f7bb0a673ae3446346b15a508bdec9e30cc58d582d62b2386c0344c6b704d,1777501200.0,down,0,0.4773100384183532,-1
0xfa379c2788def44866877ddef2f025f89916c8463e8e295a9ce91f6de3d9d371,1777501500.0,down,0,0.3541283498912161,-1
0xe6057cef3d1af2e00c434ca02f41e4061e785f28850e9eb70072d17dd207fd35,1777501800.0,up,1,0.8134826495856975,1
0x720dd66fcaea2e0a23dccbf4117346d9d632c7b73f8a5432384a1c7f3f4c07db,1777502100.0,up,1,0.374340571394211,-1
0xa7b1a9926a4d1e5b03ffe1cd8c58ebccab3c8f98f29232e836a4c001e2a9bf18,1777502400.0,down,0,0.54094154188688,-1
0xbd2376530912f39921513091f769b0ab25ff3b5b8f72b6f75726905f0f90ae46,1777502700.0,down,0,0.6268432645835008,-1
0x0a7a3a6ad809e2a8b73ca98d19ed07e2a1b4e4e10081d362fb550fa9d339ae21,1777503000.0,up,1,0.8553546247483135,1
0xf5606a2a7892e606201b411c7d9a4dbc7deed55f6e28900c0c908a014b0bd949,1777503300.0,down,0,0.5889218604576051,-1
0x6a2f899d2683055f5f0a4cb50f177e230fe3274899600be68c8ae9c7f75f9a12,1777503600.0,down,0,0.510119264217342,-1
0x5ff8d8aacaf5ce1305488dbb26963ce276dce935a20beb244ed08312a0b5098f,1777503900.0,up,1,0.7142394674457626,1
0xadbd87644ef62296111b15326c12cf6a46ec70b542e8b968592d27d989559f96,1777504200.0,up,1,0.6366507533826004,-1
0x112e48d8e59aa30e6d5cdb65d1b9edd2526aa73e6a7ce86c6e8a66d68c5b237c,1777504500.0,down,0,0.5425809515675568,-1
0xc2a69940dea0423b4b1ef2bb4d9d7d877726ed808e5ef85bc8e32af8c8d85b13,1777504800.0,down,0,0.6147118420650215,-1
0x664032f08ba5e6845a7af16a5627af3de84f2e646e0ce25637f1ba6f19716b75,1777505100.0,up,1,0.7544836808472013,1
0xcdabc4a831ed91b4773881cce854fa05c0129762dcbbca66b5d6c87d5595e29a,1777505400.0,up,1,0.7169492023359327,1
0xdfc2f96c67d9a99099d6c4ce69759a8d38c856a890595037c33bfbc7a6864259,1777505700.0,up,1,0.47036050969708265,-1
0xaeb9f8bdff6554e0a975de241eae1b7bed8092d2b793bf2e810bb224fdb10cdc,1777506000.0,up,1,0.5162129918427645,-1
0xd2ec0afdbdabe0e4799bef2a73ac7bf5bd7a5ef91b780ca182aafa639af2a442,1777506300.0,down,0,0.24056697206842625,0
0x5618d7d5ab0bf17074deb047ba5aa1b7b8e9cd8e4b5ef62e55b517dc791622a5,1777506600.0,up,1,0.5236103122153174,-1
0xe6dc52d2cedb19854a01600344ed607a8ec1ced2b46acf1398133e766e870a1c,1777506900.0,down,0,0.4668883768184558,-1
0x80b8e5e55c86bc4452c02e9bcd5a321a6392bb0a83dc8ac1f0491a6d26241804,1777507200.0,up,1,0.670644577661779,1
0xed66be15bc5ad95073469e46f0563b465da21cc16735bf45dd5e7c4ab16a8c40,1777507500.0,down,0,0.18750534061162724,0
0x4c516f1b3450544d2e4a6a6c673079dea4e43fc062384099afc1df0b837a4fbe,1777507800.0,down,0,0.22320828613243857,0
0xe5679b0e079552c6c4a3edff9dbaaed8bff1a3dd38c3260f7e6ba59b628b35b8,1777508100.0,up,1,0.7332530700199663,1
0x25df21cba6c856e13821d9a13f652e11140aa989f2e4ceb3845818a01ec7d31c,1777508400.0,up,1,0.2845292058219052,0
0x04d1a729cc960022e60207b03ef64e65ff8c8bbe32c423f7234c710b419b88ab,1777508700.0,up,1,0.8981620443709692,1
0x4943a6dba96a19e360776325a350bfffd3c8617996e9766539e731b90a600b2d,1777509000.0,up,1,0.9556733080429572,1
0xfed7f27d06f8502238941cd12ed5e8339b5331d315c673c121a234f2e2a76f17,1777509300.0,up,1,0.7823695769182617,1
0x6ddc75299b7bb5f9f2b322dd240ad410e9e27f210b6f618a02c549b41b27d7e0,1777509600.0,down,0,0.6000405602483159,-1
0x19f01f7bde8a9b9467380803b77b4f9dda843d5c59448b7a1284dffbf43b8822,1777509900.0,up,1,0.8620058072557333,1
0x45c86d911335783b74b7055aa9877b0508ed3ce39c42d83aca475429ec503e4b,1777510200.0,up,1,0.7316418184382902,1
0xb694f6fe5b37cc09c00afd7b3ae18145536f6dd386fbba5bdfea2509afb1be4b,1777510500.0,down,0,0.4451876938735902,-1
0x8c70964dfbfffdd9c5c56358e50e7ad716225ad67ef5f55cfef718a8c5267791,1777510800.0,down,0,0.86064796263399,1
0x3df7f0650c2fdff8acb061b01e30b36cd628eda3e943e12d72e8ec0b3443f498,1777511100.0,up,1,0.5515790943853645,-1
0x61da97c6fd724a27f9fada2c28ce422001265648bf1e6b157135fad4f8ef2661,1777511400.0,down,0,0.32699651034027205,0
0x28ea1012236892bf2e9e382257004669246dcb570cb13041f5c607f6b5bc1f46,1777511700.0,up,1,0.4464949495228559,-1
0x5248ff4b9e6dd52531b78d86f043647e86b5a16d85cc7b16baf773fc18c2126a,1777512000.0,up,1,0.6084896945792468,-1
0x227f40fc72c457b7462e441c2e768047dc65f816791017fe68bf9a2801eb5f46,1777512300.0,up,1,0.5794237620416307,-1
0xa6aa2716b3be88f033bff7d73be928f2a1d1206a9cbadb05c49e375466696c84,1777512600.0,up,1,0.7786710987930074,1
0x54cfb3e5b858387af8b20e6935baffac5333678b067a7e4c15c3e82157204b6a,1777512900.0,down,0,0.2255603005617305,0
0xa7793b4f050eabde34701b519082787d9e2d7d9df4589681c84180ba9c6a7636,1777513200.0,up,1,0.7791263776593661,1
0xd057e28658172829984b0b56ca88c4f48b857ca30150b67e3d21e939437838bb,1777513500.0,up,1,0.6585638941591082,1
0xa024e4a3a978646b71c9ccae1aad8f3f36f987091329390bc63a09d419609655,1777513800.0,up,1,0.45292417700896886,-1
0x7e4e561d7c46ecc16522176bbb72099e2e0b18314d86211f295f63cc6f2c498e,1777514100.0,down,0,0.15796096994831946,0
0x4235f513a682402472ad857e72e9d50bff39b6834ac18be2957ae1f69b5b291b,1777514400.0,up,1,0.8803880411791334,1
0x71b8c527cb051bb5a8782d79dbf898ba65561d8846da05843d33d6086b4db89f,1777514700.0,up,1,0.7872743898665017,1
0xd12a22161fac26330a6439771909699d29d2fd9a3cf47c9dbdb4cf5a4d6bbd00,1777515000.0,up,1,0.8739920661233705,1
0xfe32741f550ddf176588f3294076ffe8fe010d2037fc6545ed96e12620b7e55c,1777515300.0,down,0,0.5398015671870541,-1
0x77ccf6963e419bb96fbf92a9766f7738e50e149aef60ea23d76262c44052d421,1777515600.0,up,1,0.18008453597846175,0
0x034d4d2fb8db47e0b32e9a8544ead7452c1e7caccf8f3cfb669ad2e0b6686afd,1777515900.0,down,0,0.28462112658776917,0
0x4fc40812bf0abc620bf80cf902658c1c7e4d46d1bdfb6f59ed0ccdb64cd1410e,1777516200.0,down,0,0.02351038704492447,0
0xa2abc4de1062ae53f89685aced25b876b48fb74c0c27faa59a2e102dd4ed889a,1777516500.0,down,0,0.485755822015038,-1
0xd6400e4acff838bf6f62940845caa23bedbb358cf95e0b92bcbeec56b8dc1327,1777516800.0,up,1,0.7752698866357757,1
0xf7a28e7ad5ac0625096f9abbc95b81dca963c98a722aa56a7f1bb9c8df034553,1777517100.0,down,0,0.7361522812810254,1
0x22cafa3e19845b7a602d69036bb04c90ce832ec791c9aa29ff002b34de641a52,1777517400.0,up,1,0.778019120857612,1
0x4652c6853b581a5b16cd2ebf24d9f8b304a41ab4c8333efe654e32538bb26e2c,1777517700.0,down,0,0.5193077928312123,-1
0x8ce01ccfa24ead660a104cf2e2c4d8496dad59723ec964fdcd03ef5a54ac1cd6,1777518000.0,up,1,0.7327062443030896,1
0x7f4b4d196c1160a86ecdc08ffe99769117cb16f1e600155c7d9bcd993ec6e71a,1777518300.0,up,1,0.5019010402507473,-1
0xa051df934d0532bef7bd56d9e71cbb1c410be62b84490f5d012541d821e41d0e,1777518600.0,up,1,0.7035864309524466,1
0xb59104c5bb7af0ee8d082c3ba9eb21e045113ce9b0b4d647dccc563e3a0f4fed,1777518900.0,down,0,0.30037048523981363,0
0x97708f6f7872602ce4f5afe647b5afa99e21d0ef197a4ad4ede6aae8e1136605,1777519200.0,up,1,0.7585595782176202,1
0x6f2d370b8f89c123341dcf272a3b48f774d1a34469cd2e03807d1aa6d999e888,1777519500.0,up,1,0.37873089204005755,-1
0x398908e79c2fa9f25f8cc9c8883f89ca34160b1e5f549c5c31d99bbdaa071954,1777519800.0,down,0,0.3961793473234593,-1
0x3f4fbad6a8d6629c104f2dcb8797d43c61fbc82a002a7f98bb6ca97c2c642ca2,1777520100.0,up,1,0.7626216098548259,1
0x80309d50791bd346c8e731d93b534e4a1b0f883e36009527f5e3d7b425adf1ad,1777520400.0,down,0,0.4551327626017152,-1
0x82a08e75e6cd0dd9da4c2c4882d87e5aa11123ea4285f86f91bf085cad8607c3,1777520700.0,down,0,0.3709539056920169,-1
0x6901c9c590b3f159e6b047c513f3b3f50e69f1b0a5dd242c57609841b60e5158,1777521000.0,up,1,0.562843449260297,-1
0xf64617557f21efa120f379d7bbb817c866e29ef37562436b81f5bcebbc5d7c05,1777521300.0,down,0,0.35730932147624644,-1
0x7bf60241b44d6eb60df027b2104fca318045b2192de9f85086e2d4c599557043,1777521600.0,down,0,0.47619470659607643,-1
0x4a42f05a6c5ab3407ef7339b89eec316dd7c5b8d5562bb944ea099d3ca13910f,1777521900.0,down,0,0.07981629427350775,0
0x4b969335c74683b802fed505b4a7d35c869607cde2a6898eab836cf3c8dc285e,1777522200.0,down,0,0.3869919592511124,-1
0xc77e7519466ed8c41ae944dbd2560c1e826597167fd41ba66e33910130bb17fb,1777522500.0,down,0,0.21888989323506172,0
0x44f7a39cefc5ec880a9e45fd31c3a3f6bec085c8bd6194fd3e1534df90124b34,1777522800.0,down,0,0.3419232050941599,0
0x531bf286f33e9a846bbc12a740afca59cf5dab718ae90b08d7181933491c025a,1777523100.0,down,0,0.6385797471613263,-1
0x9d6d66150fc8d77d3982225f32f89ac92fd39294dd4af6f9a178ed99f72cdbb1,1777523400.0,down,0,0.1224823764158885,0
0xd44367d535f47bab1ff3f510e31f5d4856ba6097e5713c11df200e7400e0c0b3,1777523700.0,down,0,0.6471734261441788,1
0xbd63d313a01319dfff7b8ab1e8fe3270885262e0e1dd4d3babbb0bf5b71b458c,1777524000.0,down,0,0.6169253627225202,-1
0x22097141e9c07be630ab6bb58ffa4aacc180883ee00e1e1d109e5407a5edb1d9,1777524300.0,up,1,0.9300880961022072,1
0xb8624ff9fe267b47be5dd5b6fdabb1215b079310b59ce7363bcadbf69d320b94,1777524600.0,down,0,0.38502587271137684,-1
0x9257a33f6b297371f9f43229a8ade31b4292337fc75f0a24994639bdb4d0c4e5,1777524900.0,up,1,0.6441207619864396,-1
0x9695fe07c152f8996c22d292429608a3243b28b6cc71f7a8805656a5c49af849,1777525200.0,up,1,0.9237513470227462,1
0x8b8bd5125be7fea04bb90b81c5eb4a95bfddb2f340f1f051a54858ee9cd83d14,1777525500.0,up,1,0.8635788052091994,1
0xb31ee5e07b03da1f65db6aaf382f3d809280730eb3dcfd795342b3192ff7c102,1777525800.0,up,1,0.6753435408134241,1
0x2cef855bf088913f7e6b3beaaaccfa517a06d1eab92b1c7fa5d9572db5b5cec5,1777526100.0,down,0,0.1537178736267885,0
0x571813628c0a6315d5fd784e760eae2dff801906fc857abe5a059694871c6049,1777526400.0,down,0,0.4751469426879214,-1
0xd0ca9f0d9755b5b2312e43b28c1c9dc37f594ccb5217c9fe5592adde358fbd32,1777526700.0,down,0,0.07254342031922993,0
0xef3b1d3a60350f21e88ab88a6ba5cb8e24830963bf504be1962950d31e578e6d,1777527000.0,up,1,0.9850137457976689,1
0x1763bd61907d07907d76caa7765876d2bbfdaace374c869d8328f0ac6e12b262,1777527300.0,up,1,0.8483976351691398,1
0x68ee9f2d8cec76eba34c8eb694822da57e4a27b46db9008abc838f31a780083b,1777527600.0,up,1,0.8233927825349989,1
0x32950ab05db03826bfae263c2d580497e02fe20ccd15572f2fb14434bab6506e,1777527900.0,down,0,0.3159968048634608,0
0x9484718d13331519333df78a38db18a9282471567df0c90bf997a2fe40c60810,1777528200.0,up,1,0.704187772565951,1
0x1f5ade0f6855382d4277cff96ac10aa023c2698f64965626344ebe4dcb1189eb,1777528500.0,down,0,0.3125808079287611,0
0x9f2c97b894ac215531089e780cc22f1fe9a923af8a4afca09e0fa023d83cd52a,1777528800.0,up,1,0.5128284704320635,-1
0x5fe1b6fc1b8389604b802a92fbe084337bad6c6d752291176bba79954a187fc2,1777529100.0,up,1,0.7829968372534329,1
0xf803219ac352a0c136c97d2149477479d990e1c62c75b7c7c9d0ead54b08d4bc,1777529400.0,down,0,0.1113390539607245,0
0xcdc4bf587cf69c1131f380d563d6f5ae4c4a9e2ef2528b0da3a7a4320ea6344c,1777529700.0,up,1,0.7541239290079669,1
0xc4153adab367d34007a2703b8c01f8c612e099eb8b7124ed9a48b30a486d963a,1777530000.0,down,0,0.2543734748722097,0
0x7f2b8ed54df27198b5bb0b607acd69a36d3ee234e429e3b036af785474296701,1777530300.0,up,1,0.9000637897919522,1
0x5058b08eb401cd11bfb585fe90aedb1e3c5522d95edf73a66d05bfe3f00b3b48,1777530600.0,up,1,0.781534259881687,1
0x886250dbe76b43295d0e97cf56071cadfb22bfaa5c52a04e80b5318f5afd3866,1777530900.0,down,0,0.39732546524875695,-1
0xd6c5eaf0120cddbd97eb2f2dce2af8f01ce9fbfab40b0eedced72cb6e0278316,1777531200.0,down,0,0.2511530256454188,0
0x827ca5c87eb7f5ba17b4c0eb9db75095f1d466f6b242643229370b9316d9007c,1777531500.0,up,1,0.6240582873207023,-1
0xdfb20a7ddd2fb449764dcecfabba4153252ca236c30f0e17298eb4d9e19113af,1777531800.0,up,1,0.6958654972610643,1
0xb214cc936983f2fb27b8d78251b419be6d72a9362ddf3bd4d93c9d76f4089cec,1777532100.0,down,0,0.30558523222406436,0
0xe4d40fb41d0acedbcae8592f00ec3ac0f6e662f89260c11a65443385996537a3,1777532400.0,up,1,0.8039229401138417,1
0x8223156da0317d1192c1e5ecd10896de29e045c0835a0e55a2fae279a84b0e17,1777532700.0,up,1,0.3995196609068516,-1
0x500cd45fbe9ba85c68645a35fde47450d1d7afe7db89ee8150c0e0af5d4114d2,1777533000.0,down,0,0.680843385922657,1
0xe360ccba6eb0cba18a507f893a9f7eacb8f84dc0630b1abfc2dbe96aa171ed42,1777533300.0,down,0,0.6718786053137055,1
0x7424176c8c0f410caeb89cd236f5b582f03ba4e26c8c0f4f6274143e3e6f7abd,1777533600.0,up,1,0.7532606363856182,1
0xa56f3ff05b32c92edcc5bbae4e8c4346d836bab6866d6dc664c5683b4252a00c,1777533900.0,up,1,0.8380485400431071,1
0xdc6b8c5eaf6dc76359e5d0df53a965d91ad3ade368d32d5e6b853f5513dbfc10,1777534200.0,up,1,0.8346013778806902,1
0x0c7213fd6f9706e624962d30c05b0ce6291ea97f0bbd6419a56d6b6aac3f11c9,1777534500.0,up,1,0.38676306046535547,-1
0x1f077ddfafbf6f97758f24e139d7ea9404e0dd69644d6aedf4d2ccad0423286a,1777534800.0,up,1,0.3408565909178279,0
0x04118aa57069b808576ba7e42641f4af56f4c7098a66fb042a9c8f10320d7ff2,1777535100.0,up,1,0.37441765158332985,-1
0xe02a9624d24f6e9ecf78186c2c433e8447d836b8e78be7d8a697dc9829835f7d,1777535400.0,down,0,0.21177371235948966,0
0x5ad02710a597ef4d49c18f87dc119f2055813673780c6767f0c8a5d41cd56caf,1777535700.0,up,1,0.500913737789887,-1
0x0ca3851744c378261fe2a861ebcb4aa1fbcce65ba66cfa90386dd25e9c872bf4,1777536000.0,down,0,0.11370769363502067,0
0x186f82446fec769b3d45a381d079c9ebd4854e0ecf5fc889e2dae7c8c519f3d1,1777536300.0,down,0,0.2750177944812505,0
0x00b7edd4366a384b3b8cb43f4ac2e3baa79e3f14546c46c37ab20f4cca19be43,1777536600.0,down,0,0.3686387187216841,-1
0xe7fbe33112f7b49f5c7104d176dfbb29f2f7c477f69b1904f4e045167b129b8a,1777536900.0,down,0,0.2859894648767129,0
0x1a99eee894811074cf16403a046aeba566fff9ce65ddf3fdc1bfa3b9bbcc2f0e,1777537200.0,down,0,0.3453962655853952,-1
0x4eaa5e9ee9a60ea833a925be2404ea7612e9656489400b70902c010def0c3707,1777537500.0,up,1,0.9603110607305754,1
0x55a8c84b23319b904875954b93401539280ba67898bb1e3239556acc51be1869,1777537800.0,up,1,0.32747823101261603,0
0x7c7b304a85a5f3ede1df72b1da4c2ed406bebd4fd1ee20dc47a683fbacb2e2f4,1777538100.0,up,1,0.3727180124932623,-1
0xef5f80429e179b9f19a4a3e3f296625bd3b7953ab8ca32d75c926a7fcf990822,1777538400.0,up,1,0.7140917787601688,1
0x09e4e0a20ef28b10e0f02aabe755c7e429af5a32c2df5cf8c8aaaf0773365f44,1777538700.0,up,1,0.669157724261681,1
0x7cc88745ac5cf0369c355891f1ae39f723eef3d581acbdc271e90125a5ed526c,1777539000.0,down,0,0.44491034575451804,-1
0x658fa636a7bed75a189a3bc29cd234b13ccdb5887475801776b24d4f548f7b64,1777539300.0,down,0,0.23597252945015348,0
0x8d3142044c983af75507cbd7bcd68714ceed31ce75961df643008454dc6b4ea2,1777539600.0,up,1,0.5081070533744309,-1
0x8a6298cae60d3ffb996d80a993bc1d5bfe803d3375eaa78883fd508979363d8b,1777539900.0,up,1,0.6196757252448991,-1
0xbb262e9449597cc53c570cae7a985994db632a0ac52d11a640bb8e9fca316d2d,1777540200.0,down,0,0.10323949060258418,0
0xd4edaf5bf056a0787f7e39201afa39be984e5eb58babd802758e5bcdd7eef47c,1777540500.0,down,0,0.8468362040824124,1
0x501eb3c0ff2b69d11be692400ea33c54ef39ac7d3c84501bb8c96c8d3f5c68c9,1777540800.0,down,0,0.28161755179799597,0
0x4f209a0767db54558c93830e680a3e91e209149939f2ef45dca31d2fadef4efa,1777541100.0,up,1,0.52222240418701,-1
0x8d6e03c71c3d6b85d58e0d3f69f72f9acdd8063c86f115bedd8d402884f8b4d3,1777541400.0,up,1,0.9375186412380971,1
0x97b9db5a4749fa0faf8bc072f50a65b33d23c04a8b84a77fc4c346ce4ae42b32,1777541700.0,up,1,0.7173437708120612,1
0xc6e0d25716e551c4629ccc353684ff972c7aa3c14d12a07f45a54fde68b36fd2,1777542000.0,down,0,0.2263908482744492,0
0xfdc414a308ce66cdbbbbc13d34f7938d8e0e589b64f4735e24794f7e7d42e0ed,1777542300.0,up,1,0.7704004773126817,1
0xf29ef41438c12397a6b271ded466cdc10cdadab34584811c3803c1322c4d3f5d,1777542600.0,down,0,0.757296102573218,1
0xd2e3f22f9ba8526455a61246d9f4befff853a37bf3c6433dffff10b00573b8e1,1777542900.0,down,0,0.5502132577332833,-1
0xfc20c6e5b500e1ff7410100223c5fb3c902099d58ed2d03633df42cb94186cf8,1777543200.0,up,1,0.4635257091131374,-1
0x4e8b6c8cb34a59e0f98ae10a0319c89c701bf99253079401651cba69b3d28c1b,1777543500.0,down,0,0.34635360986313024,-1
0x9fa8410099538bb871d5c69899f41559f72ce2db2bb34896498eb3461d5a618b,1777543800.0,down,0,0.36891737782662104,-1
0xce1a9144ce3012536000191ca2b64a1709cebba90869d30b8ef1cb950be5071e,1777544100.0,down,0,0.633901561157206,-1
0xee0fbc22636d363035edbaca708c589af356d3df2a84f8ce68debbc5251462dc,1777544400.0,down,0,0.4684011631521836,-1
0xbb833c454da1a8ecac35fc733469a7214757494cae7586c6af7962923682e129,1777544700.0,down,0,0.5881103580781757,-1
0x6a704d7f607ab8f5ca57035b9d1b13f3efa7978eaf16ac7bf2c52df44fcfe9de,1777545000.0,up,1,0.967339750621668,1
0x0225ea892b4dcd32718989aba8db8d62b4a3b6256ba52369b19cbb2ad23eec6b,1777545300.0,up,1,0.8199497392455837,1
0x6373b03456cc43b20cba5346c4c668fca6ea4b5e09f465665cc2da405175496b,1777545600.0,down,0,0.14778480752266834,0
0xa42127d81dcaab635ce5dfc66aaeb6d746ce1e8d2c7afd11d3105af608f2b6df,1777545900.0,down,0,0.5923761681001072,-1
0xca0703a4e898635dd485864d7fe1b2edb4ea41ccaf838b67c215c4c35cf0e792,1777546200.0,up,1,0.6628470079659325,1
0xe56418e07ca0b0669937651e3b3d9090983f5fcb3f661acf27ad732889b80adf,1777546500.0,down,0,0.19787489977389186,0
0x6f7ff7ae979c03fed160669ca513bb653f8691e8fc6db57d37d1d61dd747f339,1777546800.0,up,1,0.6712076602997336,1
0xabf5ca12967484e00f8a6a45f9d6f4c0edc34ad6294cc5d0fec0936601f66f9c,1777547100.0,up,1,0.6411630684620416,-1
0x6fef323ae542d176178fbd3f5bb2f93b8da35180e861e0411af6fc8dbfec2404,1777547400.0,down,0,0.5643366122994653,-1
0x8f935fbaecbd4288ce3d89edbc83594c334a1c532f684aab656704b984132e57,1777547700.0,down,0,0.5303085559664504,-1
0xacc41caa7331d81c024d3131a6a08f888a58d8fd51de5af5eecf09c48316f2b5,1777548000.0,down,0,0.20823961985854234,0
0xd340b320c2ac02e5766cdf7d48eafc159f7916453061799d16f65a9cceee09ef,1777548300.0,up,1,0.5816014848870132,-1
0x22e4a57ca17662e0484c01d35e708604b47154d42ce39167cf755d351868a99a,1777548600.0,down,0,0.296619795868682,0
0x104d16da377848acc174416ed99767b74cbf56f292ed2d58e4acea8b9784dff3,1777548900.0,down,0,0.7010721892725926,1
0xa3d876d8a94e11852efa20959390f4747358e916f256aabd5bdc11963171b1ff,1777549200.0,down,0,0.07037497526047767,0
0xf7a34d116b34db9227c2190451e053e3923ae06bfcae3d2917a409dbce18b6bc,1777549500.0,up,1,0.633866048271394,-1
0xe2428275d35cf6b5664ffe79fd517aaefa195142ef44b948d137262cd8397e19,1777549800.0,down,0,0.23224128452802312,0
0x6c39636d44956e33eae8737271e9bc716a691aee860af2a4c9d79c87be8403b3,1777550100.0,up,1,0.6416345347242262,-1
0x613ee04cd8f132ae9cd1c39f52274fb0f367aabea61c3b30a4a55cd372ca0209,1777550400.0,up,1,0.8726543313130697,1
0x0ef392b8d6f355f3edc5a5bbb5ce568b74a1ce3932ba9bb7b222999f149c847d,1777550700.0,up,1,0.7937470402349137,1
0xa9ac3c24250e8deba740bfa6abc5b08d94f8d6d9eb2aa37255d344962442107a,1777551000.0,up,1,0.7544031004067737,1
0x54b91480afaf726d9fdf055c1ff619936869e5cac823556be6ca7ea902acbc80,1777551300.0,up,1,0.815400855121689,1
0xab3939bb1532456da2138570af59fb5c11b9f37c83baa849efbbf9c4c5bd4318,1777551600.0,up,1,0.5494003576725071,-1
0x86ddeacb2732afc228c2deb00e2385a18106fb6b9449335dd888cf1fdb09ca6e,1777551900.0,down,0,0.290492088002487,0
0x29bffeffd7115c5ca5ee1d80db433173025831c43559a24b7a2fd44e1ccf9dbd,1777552200.0,up,1,0.82564865179771,1
0xaf12c7de2862ab15f8ae6bc9743bff33b96f7869f9e7a175a6c9dd3acaeab07d,1777552500.0,down,0,0.29849879512419236,0
0xc033dc9dcc972d1955ba27887d40326597b80cf3d87738f17c00d1840fc82e27,1777552800.0,down,0,0.14761106861255374,0
0xc18b67f7ec891750bc29be61a0c52c6e5cd61f7dfcac83fd065a53352b0c9949,1777553100.0,up,1,0.8637397142508485,1
0xde6e06c88fddd8be09298df3de5754f91296aa808c49dd95c13d92a9a3fbb7c0,1777553400.0,up,1,0.940779734582716,1
0x928104d7deab5ed311045c4484850ebe1e4b009650ad3a7a5034dd4f3ad1d583,1777553700.0,down,0,0.5522167807547904,-1
0xc1ff3d4194f403ef32e1ef940c4bf7891df43ef82642ac9c19cf47957d879f03,1777554000.0,up,1,0.5743058884009412,-1
0xc29a8e714d4b7f430cd003ddc961815244b6fd5c05008f2d4eac8258006f95fa,1777554300.0,down,0,0.4527409646527796,-1
0x9c9536be03688887a05ad71ad6875a2f722654b1e6fe06e2c7de6ad724071607,1777554600.0,down,0,0.14566092617363444,0
0x3113cfd8982adde7c8c36fb45c24eaa05f4dae684ca542d9196a8404457322af,1777554900.0,up,1,0.41957982685019624,-1
0x080548fb677e5cd7a8857ad42af5738fad47145041551881b2a0b2f09e1c3f62,1777555200.0,down,0,0.46368622242680596,-1
0x4c92bff839bcc510ba7777a9a1d3287ed9a43c093d96673fb403d6db6d59f423,1777555500.0,down,0,0.13636818294818775,0
0x0e4dcb04d55c314655aed9c10a40f5ccc8083e0197bacfc9e93fcc83cede4d88,1777555800.0,up,1,0.2564290285715727,0
0x9bed8f25ee5d8261875c36c84416b1a01bc576437a3370753d337692c7c70920,1777556100.0,up,1,0.7786569487861594,1
0x279f5f503f1434c476502c115001aac6aaf40967a42e77bcb759698dafcd3853,1777556400.0,up,1,0.9366087181667986,1
0x996e744c080d27f1e2c5b5ba81fadf447116c0d8397a878fe623b1679f76bac6,1777556700.0,down,0,0.16788412063393346,0
0x596d521137b40a3623e4843bf10700fa9069c5fd49a6551b3c9087b70602a74d,1777557000.0,down,0,0.7494305973357768,1
0x10bf6c04762fd6662e55ad3182a6a46c9035d157dff7cb8b45dedcdd777496db,1777557300.0,down,0,0.9410886071168837,1
0x0fc0467e1a3afd70d10ad2dbbff2c053c9bc8aaa0b6098524fd8498abc351eb1,1777557600.0,up,1,0.7624571843331428,1
0x19dda1e017dfbdcb10bdfb17bd3ced5b68ea55303f0f518a355a7ce1b0f2161b,1777557900.0,down,0,0.6441566359386336,-1
0xe96967de700b77b46d1fec7238b45f2c8ad955026eca38287bc000235a43378b,1777558200.0,down,0,0.05960695485153453,0
0x4f5d086a9ee18da48157af7d35e349cc9ccb206d7ecf2fcf6e23356dadf2272a,1777558500.0,down,0,0.08753583709727338,0
0x4e4b6956ad86335caed03661efca1201f06d817266519efb0214754505a66e3a,1777558800.0,up,1,0.4820502992845003,-1
0xb87a2cc134fdfed7c67c0a7632a0fd8601115f976e128e14f09e402255cdfbf6,1777559100.0,up,1,0.14580245725266694,0
0x60d6a9fadf3b9e3fca53d460fc0ce2e02f8052eaa0e5efb5dacccf571aa7cd78,1777559400.0,down,0,0.9039195308351197,1
0x723835991925a3bd95131ee638f636e89e4a74fb6261f61896bf058fd301cf0f,1777559700.0,down,0,0.40378490910431986,-1
0x6edc32e3dcb391748fd4ce33f91f885e6d6310e076d9f332e64916c515698752,1777560000.0,up,1,0.8510101359026999,1
0x665029daf1a4f81bdf0c6e3c28f4337643fdb416746c6943b8953a72241b8f3f,1777560300.0,up,1,0.8546178008415932,1
0x2e4f9d25e1ab2df73b58ebf4fa2239513122d503377089e3aef1f12fbdaa8e28,1777560600.0,down,0,0.7857354588229378,1
0x223fe7112769ba7fbfb9d385e756d7f0ef8dc1c4718fed03a55790f93839eb79,1777560900.0,down,0,0.2510020115674383,0
0xcbcbf909d256d5014849bcb9b7c08316e0915cc79947b7b804f0725a7f6a17d1,1777561200.0,down,0,0.7839280257000062,1
0x63d5c6e487b198069b2e75142cf792014812dbe362a7cc4a2fc954dfc4ce9a4d,1777561500.0,up,1,0.6919104922802987,1
0xf0cb90fce94218321fa9ab3a55db3d30b5f9fcdc14ce0bc5370141f08d4eb408,1777561800.0,up,1,0.6547524000214745,1
0x8c00838924c3a584342e3d9cc3163bb3f437fd20bcd37770e50c0e15c04ae5b5,1777562100.0,up,1,0.6718903400191879,1
0x2bdaaea2e148838adc689771f269ef0f7bf1fcd92c07396eddd9fd9df9558bf1,1777562400.0,up,1,0.40317364210377693,-1
0x7a2e7bc5d04a7ecefe55d4f7cdaa7632fbb6d2822ae69d9f27177d2d9da7bcd6,1777562700.0,up,1,0.4781584451185208,-1
0x8a1401e89872736d19fc8cf16000395eda8a37a15c0954ce1789c07e384c718a,1777563000.0,down,0,0.7780401607478086,1
0xc8cdccbdeea85fc3b05c7e351d0f1dcd6fcea92c47f39f3afd9ebfa2ec5c96b3,1777563300.0,up,1,0.7268555576771984,1
0x5278c24f4593f64757899b0f8ed9b4f26c8b3cc004879ef8091d43fda4f62a02,1777563600.0,down,0,0.38950183590426174,-1
0xaf55da455e13b7ea288c70ec1c89005eb21d6e0df968b881b6023cc92360a8ad,1777563900.0,down,0,0.2114627608422264,0
0x53255804ccfe3b5f239bd1ea4e205e5ea6839f2b73ff108aa9c76e6773857b24,1777564200.0,up,1,0.6613756200391003,1
0xd1187be676253aa5f4502fa400a7389a8157984eedfb18b59d30b3a8f6401866,1777564500.0,down,0,0.6800945541708655,1
0xcc3b5c8aa51bfe0d52d228b0b34a6f6a9ecead36dbbd151f842c77b0936f2a7d,1777564800.0,down,0,0.11049494175872512,0
0x0cd340d547a5f8e61685d95b2e3bcc9dd491a0a927a728eaa512832cc97bd925,1777565100.0,down,0,0.340145474428206,0
0xb53e29b365eda861491c47e1dcac2a498cf18e876b950736780b0d513c95e455,1777565700.0,down,0,0.34431322230665984,0
0x43886182d611ebbb4747a064f099e853231959d3506b29f5b472c6c54940ac98,1777566000.0,down,0,0.5495611289541463,-1
0xb4a74f591b7dd0c689cefcc3c848d86ca028cd72d80fb55df63f69c86eaf6857,1777566300.0,down,0,0.6194321062177713,-1
0x8fcf18902d7f672595c88377089fbd61793a490e3917d445cadebea547420e6b,1777566600.0,up,1,0.3419302021596665,0
0xcbf0a7df1d2c66bec0000470ac84056e4008e2cc397df8528044f065d4329409,1777566900.0,down,0,0.698675732750343,1
0x57c3916a3ec5a478ad15c806ecdf04da46bea62c38151dfe9ce0934003cf8804,1777567200.0,down,0,0.20550558598443602,0
0xae691cb6078c511a878689f80c93601a19df89ad0dfcfb908ef8bcb74bd3f15d,1777567500.0,up,1,0.6530121751330725,1
0x39d57cca8de3ea79692c198dd0fa11c5e8ef8fb38aea8155ccdeb0778f5739b6,1777567800.0,down,0,0.22810664261411995,0
0x6a6add2fac61acd0d20185449ec38af261533eaa96b8656c19fdaa3e6a50c468,1777568100.0,down,0,0.2836439245224154,0
0x5296a81d1668d4945a678d36b5430803f22d3d6dc108e2c2a498f95cd470bfaa,1777568400.0,up,1,0.7882092793089119,1
0x52a2a0add4f2f2b5b03911370e6642d2ee9d6cb3da782b47e8b7381d33486e30,1777568700.0,up,1,0.41281984605954564,-1
0x80d36fd6d21a99badc813c21b601051f3b254bd5eee6079c8f8d904401661611,1777569000.0,down,0,0.05382651918136723,0
0x6c0853b958c41731cd5d03d73a615379f1fbc891639ea5d480110e0ae17f7959,1777569300.0,down,0,0.4332659441414787,-1
0x565f8fda0d4304dd3ca65d524096477d627f3317cfa037bd68c2061b464204f2,1777569600.0,down,0,0.2781502424806373,0
0xa0b75a811e300d82ea2dc3ebf54cafcd263071565103e5c3e9c199decd1ef67e,1777569900.0,up,1,0.34963984930169273,-1
0x223fa92c2a7e50f5326747ff8162c935ea3c52d946af7f6593087f287b80a954,1777570200.0,up,1,0.8985683184332866,1
0x22669a01b9e3c72b66fda36931c67d44436d49ba6074c13f209c0f33cc1f21f6,1777570500.0,down,0,0.7251066191026592,1
0x50efb8fb558e9d43f11bc8451c9df469db7e2a66d43fb08271faf176eba88404,1777570800.0,down,0,0.5327025884007143,-1
0xd5b0d040eaac21018934fc82f3e85dd4f4523a8a59819f9efc28dab2a04a0cf0,1777571100.0,up,1,0.8548422680554175,1
0x7aa5384f3d62b732185547b6f3696afc5cac22e71190eea98343b48609bc6b17,1777571400.0,up,1,0.41837007217086725,-1
0xd777d4af1c5179d0ddb6709a91eac7c8609926fead9d37231a80413c722d6363,1777571700.0,down,0,0.6157040523495392,-1
0x78ef2dbbfa44fa24af1fcdf0b298aa5eff48fabe36171d075041ecda5ecf0ac1,1777572000.0,up,1,0.9806099687906809,1
0xd0d545b161c17de87e1017a7cbeeca3db8e7f50c4d019ce6ca7e1766184f33a1,1777572300.0,down,0,0.48769537130301666,-1
0xb897bd7797b48f16d782083900d6c6d48bb25630614c6323b41a6598586d5446,1777572600.0,down,0,0.40247804078595173,-1
0xc03c3f8acb9b5a61421f2bd0187b2c45d1040aaf0e3c31e1b08eda90c241ac52,1777572900.0,up,1,0.9810703331051099,1
0x920bbb935cec1ce227be73289b8315c26a5c92fa7165b5b60bf23d07184d4377,1777573200.0,down,0,0.29751980212117685,0
0x5d5de487248a6933f7fc43d2471472bddb9dd6b50128d84721244848ab69edfd,1777573500.0,down,0,0.16700241940720775,0
0x5afa6707d261aa5ec704292403715158e348af8180ff06f3ddd575f158eefb0a,1777573800.0,down,0,0.44240590880785047,-1
0x6b3494887f73cf5622767e3c809eb908007faacce20584de8ca5c6da84abe9b1,1777574100.0,up,1,0.754441988741485,1
0x19f10ad4568a37d189084f6acfb074ec7b8c562dedf52a782223e38b3ccbcfc4,1777574400.0,up,1,0.527475011826509,-1
0xc81acdbe080d85ee2064ae66230a09d162e82602cf78fc6c055907f4973f4814,1777574700.0,up,1,0.24700419574622212,0
0x6fe03c3c781f62d456518a3a6b2b95c0d0bee427243bcef06f5b37b3f1c395b7,1777575000.0,down,0,0.7563098381721363,1
0xf19bb5698c68ac73a2fbdbb6c2bc6e83c93dad2479629f309d9f34d6fb173037,1777575300.0,down,0,0.20112832410592382,0
0x0f037b9817a08fdbd6591494683c0bd41b70484413c3510eb8308c86e12deaf9,1777575600.0,down,0,0.6537469548689138,1
0xa90cdc5faa57e8f9480c76897f61d3ed3be36b34c5832571326e08b56d4462b6,1777575900.0,up,1,0.8771520844515199,1
0xf29aad0160ebe183c518117cfb20f76f2239e2496f1847a123842873aca3fb44,1777576200.0,up,1,0.8766249112708328,1
0x0b7e51b0ebd327708b1d5247f55713a50c428162f8e661f21f9b6752077cc585,1777576500.0,down,0,0.32573168072219244,0
0x864cf26ba565674c8c4b88a0e4f6a3a102343befb630241ac99d42629f1f2785,1777576800.0,up,1,0.4551009458193823,-1
0x2c0567beb0bd8605203bd8cf1bf528402e0e93d4da2cd2ca2c3b54c6b6ca77be,1777577100.0,down,0,0.24541781270117383,0
0xadcb2c9885429f1e584798fb7e1f7ccb907f949a88cec6ad14538ab2b3ebe429,1777577400.0,up,1,0.8378728500458579,1
0xbea81e79848840c0981903e92998da0001c32cba7261bda7159b14bcdb000f92,1777577700.0,up,1,0.635947153353414,-1
0x2c5eea02a7a2fb6ba1930128746fad1e68341491f528190fa5316e07abb26430,1777578000.0,down,0,0.19065022771807752,0
0x883e3ce7e7f232ca22344f30e9899cf5fab7e446cfdd1cb7d0855816b384a310,1777578300.0,up,1,0.2265718104589873,0
0xad3bc11032e0a10dc9a1272a39cfe239be06e81052b789ce52c29e9327fddfb1,1777578600.0,down,0,0.396107972416778,-1
0xb396ed903addcac4ed0ef6d5509f475d4442cd74ea11fc68c461ba0edd27156d,1777578900.0,up,1,0.4715849250095459,-1
0xc27cca5db30a4be28c008849b5c1e0cab0d8e1f134e2b40f982ca70fb5786b1e,1777579200.0,down,0,0.6215160086847316,-1
0x6d639cf0d97aa9408c0692c354366928134b24e7ba05f9f71fb76ea19d041a6e,1777579500.0,up,1,0.432028647484112,-1
0x3be50de5355d504e082232b4aba71f77409071753959c9706756eb2debc78e4e,1777579800.0,up,1,0.298026697042815,0
0x9c6085e7c8197dc3311406368403ad5e1b3d948624e89e173f1923b958c04533,1777580100.0,down,0,0.048064236334739066,0
0xc79b10bac358e1c26f47d53c3be212315d692fcd7c45e8950eac82289bb450e7,1777580400.0,up,1,0.9097955707009991,1
0x6bbcc23eac41c73da3a3c8c1500e3ee68da842b95afcebb497efd1ce5dc82616,1777580700.0,up,1,0.5116383240534715,-1
0x928a2e99797ea6cc6a40cc22805547ec8290f63425fb661fc8406fd6bbf703b2,1777581000.0,up,1,0.3993219710007392,-1
0x4bdfd1778589d1bb44cf9b44409189decb883ceb95cb151a589611c2778936c0,1777581300.0,up,1,0.7315382712202866,1
0xd86b9244fdf0f7edade16e09c76e5c76f9ae568126d7c158499950992d8282b6,1777581600.0,down,0,0.4554200450842987,-1
0x9a43b8636ebc95679536c7efb2f93ffe87056d332cf0dd0bfd4d54505add3195,1777581900.0,up,1,0.36160611371097484,-1
0x427cc23d3018d94287d351ee35904dee026f9cb6e89188d0f0798697f9992f0d,1777582200.0,down,0,0.31782542749329945,0
0x5fef57ecf727c9d985354d20d72930ac80c53407f087e0d2d6b2f764f15592a5,1777582500.0,down,0,0.4676527276029425,-1
0x1f3ceb71d63d740a4a65eb8c12c6cd66145872978fb1ab514a558bbb8aebcb88,1777582800.0,up,1,0.6716815332523093,1
0x150851b6149c4c94d8415d493bc6c81cfe0906c2483f4dcf0399b1a1bfa09739,1777583100.0,down,0,0.4678403026478512,-1
0x7dd437d4c74909b8df5a4144b405589f93393bfc4696e6f1ddbb24327e600e37,1777583400.0,up,1,0.3873530782510772,-1
0xfd7587da43675da79a38ee054bb62f6da0bf76f70f1c61f664ebdbb17ff45aca,1777583700.0,down,0,0.12613985036338182,0
0xfb8549061303fdf387e68030b72acd75a6af5380361db1532b72858f4f2f206c,1777584000.0,down,0,0.13094550420095838,0
0xf93a6c4961db6a3296c22d5a1fc7476e8931b08125eebb859766e23fecf9e2f9,1777584300.0,down,0,0.4679814327803189,-1
0x3b9502c54f7206590db2589ac7c08c973254d9366a566d94bb6fd8f77316747f,1777584600.0,up,1,0.8331555773975698,1
0xb84ec8502c24883de8e499beecfca2b14df6425c7ab7ab5710a32d1e3397325b,1777584900.0,up,1,0.8123289328373717,1
0x2e1c2e0ce5dcc393fd5cc872dae4692c3e66364e261a8bd3fda0ac2e6203e17a,1777585200.0,down,0,0.6206076174161963,-1
0x72e8611464606a407600f9f334b77cd48e7fa61c1f919f7a81f3409980ee030b,1777585500.0,down,0,0.1710463646625001,0
0x1eb24bf3b30bd0b3656e94a608da05de71735cf52ef04bf64377bd1b9e62a772,1777585800.0,down,0,0.5028253942771237,-1
0xe84ad8053153687d405cf84df154af9e400178b22c6d5ac1a5e8bf61ed948215,1777586100.0,down,0,0.6864297124611185,1
0x5f25f6d61f15b1d125fb14e85aa138616c093b0a8db84bf6ac11029abbf7936a,1777586400.0,up,1,0.9123621550770922,1
0x71f9d48b1c0fc5d8e4cdc1f4bfc3928cda4121c46ca75f481face2bccae752c6,1777586700.0,up,1,0.8597506689725888,1
0xa991f0e35da582e1b9d2aae7d36880d0d1faa9b4edb572b1e1da69bd4f002497,1777587000.0,up,1,0.6617298504168586,1
0x6bd136a448af1d9de73769ca82fe2cf591c68479c831c8c5a206169722b343ce,1777587300.0,up,1,0.6642450280885491,1
0x5cddb838c7ad4c78b34abf0e2c2df6e0d25aff06156783c60d86b4e84dddf1e9,1777587600.0,up,1,0.530203820188621,-1
0x7058768cd93d80a81f22108b3f98898ec9faebe37ead3d7694c5ed9612d47b72,1777587900.0,up,1,0.576390313525613,-1
0x2ef40ab4c20b953433b1cfefcef83dac19cb5a169dccefaafefd3aafcc4d9584,1777588200.0,down,0,0.34911360213554965,-1
0x615bc35aadcab64f14f4034682a25391aea377ce8897a7ef20ebcdadb81c7546,1777588500.0,down,0,0.09963225261908781,0
0x59ed77449abdf8c2e8872d0c87998c7fcb6f1fda18a94ba9ef441f622b01a937,1777588800.0,up,1,0.5461670414663046,-1
0x624f3a457d74109387ea16592bf59f79ffa53869dbcd132ab2908aa9ab3d03c1,1777589100.0,down,0,0.31077408931685985,0
0x4647207a5e8f39512873a1fb91008b9204bc729845c2cf2345e1e06d5210cae8,1777589400.0,down,0,0.8116665471226351,1
0xa287c74fe56a4b83c3dd581f7bd237743342333355f1f499be4c2ce56f7a3606,1777589700.0,down,0,0.3828827282971672,-1
0x57a299fc5650626bcf479d32ceacb89bd6bd42aad989c4649103cd60767e3161,1777590000.0,up,1,0.7094488327353189,1
0x86bd38cea3b434f48e5ab0926a5b62de6b43c9e2f8a604ad728b9db89dfd8700,1777590300.0,down,0,0.8136722592226897,1
0x0961f8ae0b564d8ed1acd78015a8d7f63c15a5e6ba5f34eb2e1951225aa8378c,1777590600.0,up,1,0.7765470658817057,1
0xa6b300ae9a8065197263be5eb7a4b9b7ae91aabac89b4b3b25e19a2ca56e47d7,1777590900.0,up,1,0.7577530556618661,1
0xe96e7126f62d8cf2bc52b9b45c6d73742ea7144e64ab63672a554458a1516c2e,1777591200.0,up,1,0.6450248003768937,1
0x5f0457fc5b7c8d75f5db1f4c368284c624826fa420439d794eca66cd6eb1ea55,1777591500.0,up,1,0.1702129798088146,0
0xfed77752f17973b85926e06c9276c65605920b3f49e8ed37e75655c6b1ba9536,1777591800.0,down,0,0.31594288135862025,0
0x754dc6450eef5fcef30e2d8016407608553f6bc3c0567203d707e46d408c5298,1777592100.0,up,1,0.7274909891345789,1
0xefeaa19b4e4fcf4d470f0ea797f704c65cdde7f644104b3292d600efd1160bc4,1777592400.0,down,0,0.3464555849569858,-1
0xe434b761370ba1fb95f17179abcde1bcc16a128c995a6400fbbeaff170f724b2,1777592700.0,up,1,0.4223950103840921,-1
0x62fa6e3ab6ccba3f00617296eb6ad5a72c542795bdcde840e2831124fb9ea54b,1777593000.0,up,1,0.7890634669660586,1
0x56988bc6f906a706f6716b1a3b9c6e71a2ac35fb076eaf967f1c451745a9592b,1777593300.0,down,0,0.5106918824062783,-1
0xb454f6b9f5d2de08565443c100db97ee47688796446cb53dc6005e1b0179b6e9,1777593600.0,up,1,0.8794653490118615,1
0xee974912ed98c794f2606f3724ad889f018aa2afbe409e49df09205e61303701,1777593900.0,up,1,0.3520908964107248,-1
0x72e493ca1f32d196d84155a1bfc1f3902faf286e455b9b219ce5b72d309c01a8,1777594200.0,down,0,0.3210286810744383,0
0x8da53ac4f07158d17a2c3d78e1a3c874427e491b15423ab512bb68f542bac0dc,1777594500.0,up,1,0.9304199912600319,1
0x01f075a527fe98b6ac9d6748ff14bdb51ac71b77714ec63fc2ec4cfb7600ec28,1777594800.0,down,0,0.2160318494191139,0
0x8d884c5b5f78dbdb83df9cbbec2c1ef2304dba7cd69ef7f3a93e6323d9a5c41d,1777595100.0,up,1,0.6172451080324052,-1
0x175319d6d67fe6d1919ac419af302dc47626790d4b97bd14f14404cd84b9e9f1,1777595400.0,down,0,0.6138482353694568,-1
0x30f62b052eccaea428898738516660194f1704cb09d2c7217ffdaa8fe9561764,1777595700.0,down,0,0.3070621892546953,0
0x2361b093930d60b3621017781d84cf159059e9a0d327fbc0d4d86a022c48f99b,1777596000.0,up,1,0.8255242394702791,1
0x599c8516542d29f68fcebaf353ab39da3b018049cd26e764c529cb383000d890,1777596300.0,down,0,0.5952723420118757,-1
0xdfb7d7fc201ad66b72c2e51b2d2544e798ae638001fc7a4f7618e50d1f661baa,1777596600.0,down,0,0.27078758750496834,0
0xc258a6ecc832a280af6c7a536ffa711cf33abcb9f068999f38f0e9115d2acb87,1777596900.0,down,0,0.2653829119146937,0
0xfbcc6adb5ec5148b6309ca8090719ea8c42ae3f54579d57ba9a532bd63dfa050,1777597200.0,up,1,0.45741033906442435,-1
0xaa752ee4958dea7dcee209b913d078b78b1e8f01fe8edc3480f26ab3f3893e14,1777597500.0,up,1,0.7531080955712327,1
0x8b7891217aeeae9295f8c214e87f2b97df96868f2601ca9a757bf43fe8282a86,1777597800.0,up,1,0.5208975046845362,-1
0xd60a883fcc9b75ba3d28649291c83baad00b6eb75a87201e2e2862f86a82a593,1777598100.0,up,1,0.8902671219450286,1
0x12d5296add60da9d3a81799e8bc026cbf9ad26f43184eb8137462acb5ad43201,1777598400.0,down,0,0.585795786923138,-1
0xe4eb779e8e2a4e347f29d1b4c95d57e8601b116baa4c1760e789f945c2550a76,1777598700.0,down,0,0.20408446535802974,0
0xb2a06b2bdab4750fe0601319dcf55a17438d0390e427033e319378c5096814d3,1777599000.0,up,1,0.6025125811423542,-1
0x04889a18fc34d0a49dfd971ec6d0e7173b1d0d218f572a040a5a1ed388922e06,1777599300.0,up,1,0.7149912551401473,1
0x02ce70493472bfaedacf96465af64b69ef3639b4ce58b77c6a8f47563c8ebb8e,1777599600.0,up,1,0.6043698335969339,-1
0xa56b81ea537a35e5dce0022234f57538c273cbf83205901765762fd41b178183,1777599900.0,up,1,0.6632326355804599,1
0x6d3fd61b6f38192fbc0d460fa881908e8be3fc193acb8bc846a8a75afa889060,1777600200.0,up,1,0.5642389263029436,-1
0xcaac40483d20eda8602336335ed32d1055d1be14599e78be89b775a3daea4f95,1777600500.0,down,0,0.5281082183067148,-1
0xd1c19872442c54fc407242944dde336c5d38ec7c3bdfd0dab6d6a50a3392671f,1777600800.0,down,0,0.33799143214155275,0
0x3ce8a374a2b8216258c0adde4fd4baaf5765e95b50a5287785c8298079a27cc2,1777601100.0,up,1,0.32401814434539983,0
0xa7eb4471ccf9d7e93b6813171918bbc6e8e705fa862bba707b3aa33f733118ea,1777601400.0,down,0,0.4536747551319447,-1
0xca6dbb43e3ab70668af12fecd4ead7ae3f76315e8e33e8fe78456277d0f96386,1777601700.0,down,0,0.8865179493729772,1
0x5f2ad2e1303581307e7ca4dca6f17d95755ec40f71b2fd0b710e14fec02c8795,1777602000.0,up,1,0.48754744034915537,-1
0xa6c8da4799a397999f16d4fcb4ae0b172768a17607ac013ccc68dfcebdc3f55d,1777602300.0,up,1,0.4776361995617735,-1
0x4457464258a563f533b7efdb0f27da7981bae695b4afc9abccaac74e73dd1235,1777602600.0,down,0,0.14553398289901365,0
0x342355a3b095730799d00bb865c8fafbd7b53e3147c7d0f61181ad97d17504ff,1777602900.0,up,1,0.8073376585879468,1
0x5945b981b3368351422972e50ba77cc28b2880bebf34244631bd4bfa89000f74,1777603200.0,down,0,0.23087828611273808,0
0xa326847c0888bae72e6a6ae76ff65a8114f8f2ac3fe7696dda52f75f6555e1b8,1777603500.0,up,1,0.5467477697160988,-1
0x8d609e67e1872037b959e44230acdd645bcbc620a50620ac48e4199c761d6856,1777603800.0,down,0,0.778091340179264,1
0xbbb3d437d6a4204072dbce4d16f0930d3472347f4fe66e38a9e38096986bb643,1777604100.0,up,1,0.11635529512904755,0
0xa3e62684fba733ec718d930766e6d396cc9c7a62d53e9c193028014d9cd46507,1777604400.0,down,0,0.16824040276961816,0
0x286285ab9d7defcc5f6135fc7a46c091dbbb25571c2bcfa2edcdbf399b75aa9b,1777604700.0,up,1,0.7532032008827748,1
0xa56ae142ddeee10e5728788a629acf2a433771d069bb3365ea65d05483bc1bfa,1777605000.0,up,1,0.6849800820503482,1
0xdd32f63ba59998561ccdb1b0997291f63d8e01497563e59fc4d0b7d1ef1f103c,1777605300.0,up,1,0.8678360834680487,1
0x9407cae7f05fbd58a158af60ae16543da2769bdb68d7b3964b73d74f00cdcbcd,1777605600.0,up,1,0.6848145221359097,1
0x3a0ae11781774ba49bbbc304e012456ba8dcb9636562a29598a4aa65ddd80db9,1777605900.0,down,0,0.2184143254989451,0
0x612de4a0df138c83d40a862bd48af474eccf38aefe94d4072297858721ec272b,1777606200.0,up,1,0.5971120031340659,-1
0xae39508e0132406c5de929194ceb005f89620d88ab7b1201a5fb7697a30737a2,1777606500.0,down,0,0.6511748794186035,1
0x6dd36cd62e4c5df146a0443550273497d4fff6bb3a2d2d1735cfca30677107d7,1777606800.0,up,1,0.6691050389535964,1
0xd5c449be7e6bf17f8213e415dfb6a4791bda5d106963518814dfa5913aee2b3e,1777607100.0,down,0,0.6599266988227928,1
0x2f605f1178f551758fd36066f78b6f0e6784eb395153f2e8ad11a8618620931b,1777607400.0,down,0,0.7688085677039831,1
0x51843c7dc9b7dcf58c1be53f65eff0bebbc50aaa8bfe40c1a6d73f3a7dd30c73,1777607700.0,down,0,0.07122444718625767,0
0x9a757d1561d06adc9cbc832fb4b8523610bbcf4553acd0d4681650b64f9137e4,1777608000.0,down,0,0.8003947086888299,1
0x2f61c5b7716276fb7aed56e13bb2c1c3390ec5c14510b4dd21ccb1e60d2d56fd,1777608300.0,up,1,0.730194945290162,1
0xd008e9557d9dfd0d0190c653ff9c6da05dae5275cedcdce576fe41c7bbbf7033,1777608600.0,down,0,0.5046203141706749,-1
0xb277af8fc09805e5a3ebd072b8e7a651885b96a9b6b109a9e35fefdeda434947,1777608900.0,up,1,0.8032974973084237,1
0x81700a55b97859dc15acb8727b893d481284c9d7e3aa386a5afe9005685ff3bc,1777609200.0,down,0,0.1684922337501245,0
0x080f95611548c55cfdf02b8a73e82dc6bddefa31b58a48925766d60d3abd5339,1777609500.0,down,0,0.6548316363416904,1
0xf99430fc0abb8208890b00503b2c82e6cec6b7cd98b70cff98fcd43b34708178,1777609800.0,up,1,0.812338712933502,1
0xb41717ca8638665a7d431c5208a19f476d8833c3f2266e5d8eda96f0cfe32862,1777610100.0,up,1,0.7030807829199133,1
0xe88c50ce7e9e553e258cb8b72a7b4ed78d3ac36c49aee891d33db3574bfbe0ef,1777610400.0,down,0,0.25354655847994784,0
0x31acf6bf2de9a42d7bcd036cd3932ae86176d5e87b33af8c79962847cb09c029,1777610700.0,down,0,0.2787412280883198,0
0x552dec2e3b69e948bbb2a8749a0bb4e4445f2c5d2fc21b70f50d2f9f2cc69c14,1777611000.0,down,0,0.7265515351243143,1
0x095b9bcb070b341ceaa086db65d8b48b645659c11372ec3ed6fa9749f0528b6d,1777611300.0,down,0,0.5391342119101188,-1
0xb33dfafd200d80ccfab7631617368fbc2ee6ea78606ec48e84835daf068f484c,1777611600.0,up,1,0.4933566502560906,-1
0x73afdd5f266289763c3f835540c849ce00509dd34bb006d82dea96d088d4d9e8,1777611900.0,up,1,0.8297792082172185,1
0xdd19205ab2c171f28022d666a2118dd2c60b9c54c0a8725b5b40553fa338ea7f,1777612200.0,down,0,0.6926227607459734,1
0xe25a164fb34f0eeb7bdaf7e0166da44b215e29152f25489d90c9f4ad35b05911,1777612500.0,down,0,0.15391251444754878,0
0x3ca82bacb8d59f3a9b8026ac49cb02547e903db32b739a72efecefa0c5a6ecea,1777612800.0,up,1,0.5015270322640787,-1
0x718c35aeabc3e1a65a94eaacc5e23b103e281174303d79697df6d1632bc439af,1777613100.0,down,0,0.5792102197047372,-1
0x8c4c739b235bc1f9af80b4837d8b706b735ebd6deac77397f091555c59796051,1777613400.0,up,1,0.7332515265795783,1
0x5e46686af36077d6dbc154c6e6e5c579ddcb91ddec4ea80b27358df36afc3a78,1777613700.0,up,1,0.2516088011085289,0
0x2c6b0a1130a40b7989458f28e1f7340990ab58835a16a6595498763b21fd17a7,1777614000.0,up,1,0.4960062586760786,-1
0xcac3e3d61f880059188284a016b134b3b66653f2c583313f90a83b89363ec8e3,1777614300.0,up,1,0.7860478803143417,1
0x10fe6e0a77c5f6e3eb8cfc1efa7a950a53588c00d890ff302c11804cee2300f8,1777614600.0,up,1,0.22463561606538282,0
0x3ab4aef8886b77afce464732979a536e2b91a7223afbcdfb119287d32a3206f3,1777614900.0,up,1,0.6451314610973193,1
0x6fc198d5e9c4747326619d83243fc48821f73302b7e0716e442d8f7b8048fecf,1777615200.0,down,0,0.375360878431845,-1
0xe9f6a76c91ce47e596d75abff62b8fabf7d897706badb669bd5b8ad457828f07,1777615500.0,down,0,0.7748146061741044,1
0x4648491f6d04f1762554ec9c446590ec913750b330e93165b43c2363dc000876,1777615800.0,up,1,0.33497355702175946,0
0x504276d8b92c45e71a7bf5e8e8041a792054426ceffe3ad3bff113220b8db1ab,1777616100.0,down,0,0.6322076463913227,-1
0x46a4fc232a9c2147834fd63b14db40f2b8c76701e7775ad8dfb194e5df823d61,1777616400.0,up,1,0.14156729180321484,0
0x8eda39d843cede04c7bcf8d76b332ca231f339e864df91038123881812826ca3,1777616700.0,up,1,0.38161833827041497,-1
0xc38083275c2e56e41870f06ade78cd1d90a256c3bdf96e3a8400ca9b2a35d485,1777617000.0,up,1,0.38399546114383065,-1
0x83b2f4edb9046d03fe45e245465d854e92c2969c5d1b7627cd26ba46a5b1ef4f,1777617300.0,down,0,0.14977475201901064,0
0x4843c5f73f7369950fb6bb101f9e0769bd8bf7e676b64a88dabf8d13b7d44110,1777617600.0,up,1,0.7419878940691885,1
0x7ddf48c9ee184b3c50c5b1ac4eefc841d5c4475ad068a5d1d52caddcdd5966e8,1777617900.0,down,0,0.19197269402182696,0
0x612b2ea066acc95d91245855ac1b6ff5218d360e04ab6e2cee27fe8024e39b93,1777618200.0,up,1,0.12480603377476458,0
0xc73caa95159f5de903ffc56bd09574f8c22a3ebe89582bb3a5925fc8a98aca23,1777618500.0,up,1,0.6149295878409753,-1
0xd4d5804205def961bbd74cd47fd85596cad7a648b9e10fd108c30903b36c89e5,1777618800.0,down,0,0.32237571775031115,0
0x68fce97cfb64121895336764b47ea8a6bb5bdf2e851ba4b801a3e05d31106592,1777619100.0,up,1,0.7455049337381189,1
0xed1b24d1084e9ea6b19839566d8797647a8b77e929135348ffdbead638ef7196,1777619400.0,down,0,0.3319354396734156,0
0xf06d43cfb5843fd7a3057b5bc022138bd9285c37166eb1b049e8f668c0107269,1777619700.0,up,1,0.47952527205768763,-1
0x41c1ecc46eeaf22b8143945917c786ee5157a73c3f6d23766770f164878ff141,1777620000.0,up,1,0.8432557893418003,1
0xe25543ba5be417920f50333e8c96edef6e7f6b0ce6248b3abe8198ec487beb4a,1777620300.0,down,0,0.16292806044697072,0
0x34639e89c42d7d2b92c51d98b387f219bdd77528b591c2cd17e035a4df866210,1777620600.0,up,1,0.4725046693239345,-1
0xdca9529de488b04ac9da33ab3a1185a957a6a3b6047531c3ec0f7568ce3053fe,1777620900.0,up,1,0.5380423676421112,-1
0xbd67a3635a2f289c37de4845ee27558814bd479de6b4415627fc22394e0a72cc,1777621200.0,down,0,0.7425115238446569,1
0x9e1f1a2f68802700962a071f4d0418b81b9cf15e5fb40702762e6ac44b3938dc,1777621500.0,up,1,0.8297217624248298,1
0x2ea9074bec29f40296aad0640d3455a82bb1578f2b7a112cce4bfdbe6f06b32e,1777621800.0,up,1,0.8147382281717697,1
0xb2367a1ddf73c2986f1db689172c888aaa7c28a5b27b9ddca9d31553710f524b,1777622100.0,down,0,0.30348015407407575,0
0x52ed489e2c1869beaff8efa12c4ddda6fd599aa7a3e05432d11f9402f1691bdb,1777622400.0,down,0,0.3894372251492987,-1
0xa23f693a8d25748b4db6f4747218c0b4474dec9d39926b26cb6bf4217c1b3021,1777622700.0,up,1,0.7559709834781798,1
0x7db17833104d56e0e86d04a6089c5ca80d5cd8065db93fa672c63f4570763a36,1777623000.0,up,1,0.8900788071698186,1
0x8cf23d2d5c6fe3639f70650cf5c22f1a822c766dd47c27760f6065ff27f750d9,1777623300.0,up,1,0.9884145292603046,1
0xed31319c2f68d0681fbb540e775dd0f8fc39add084db4409893459c6c02403ea,1777623600.0,up,1,0.7272973158885843,1
0x1c914c07adc3ac684fac7c05fa8dd5da557161b38058bd76d38acf2ddfa551d7,1777623900.0,down,0,0.2379734601559967,0
0xb28781891bd9830222bfd0d0d8377d5567e56128a72fc66e199efde42361bda1,1777624200.0,down,0,0.5235394037296005,-1
0x75198122b5c87ddb761385d0f3b4720e25d9f8ca7a472ff6679ce7852df03a09,1777624500.0,down,0,0.17800156102973683,0
0xb5740cd45d3e758aecc52efb950ecf9123a9b5959688d63e5ea8610ad3a29ee1,1777624800.0,down,0,0.5292762459579662,-1
0x0cb88af694933cec8906084375ee4d77d76c60681a2b17704b77a31a7e66f5c9,1777625100.0,down,0,0.5251584976283374,-1
0x53d36621a6653bd4ea98e5b29729c110cca80d7a2d8987e3dc580be7b6eed8e8,1777625400.0,down,0,0.6060328856340379,-1
0x6373b360e1d3e08ff04a52e421706b44e772adc8f1a4e91ae55a41bafd9e4a58,1777625700.0,up,1,0.7512508844862104,1
0xf894f8b889ef47a3b95234134ffd9ecaa687593ef961bb4cf21430624768a4c4,1777626000.0,down,0,0.3277681611670458,0
0xf4bb9f47a6b40b7c2cbb1fe658e2cf7609c5c5af33d885b69dbc926b34ec314b,1777626300.0,up,1,0.6799209044786744,1
0x8415196fa739a7544dfdf07a038681fd696bc7a753dbf88ac1aeb9623f0569d5,1777626600.0,down,0,0.5861060260075784,-1
0x21d4dbe08536af782b9b73f3588ef98818b9dfcfe2a85ddd3a38982a3f4de092,1777626900.0,down,0,0.22878200623521217,0
0xc27b54e6bcc7184c75206d4f6b9085b1cdf2fda797ae02bbfaad544c058c7544,1777627200.0,up,1,0.2182226722492883,0
0x5aa87ece9ae9f7fb943eaca6aa6c02d4ebdd1665aa145fd885393fb466edd34f,1777627500.0,down,0,0.4262180740120252,-1
0x5b419255f2a4fadc6b0cdfea14b3d61e1f6b3a7fb103451cf7b207274216bde1,1777627800.0,down,0,0.27830013788222085,0
0xdb78d66a150eceab7aa6b93f84fc1f88d31c2d637a0d986c548c7c4940774e59,1777628100.0,down,0,0.3948243645790146,-1
0x112268288c1c1a3cd723a4499a6873d9f48d2fbe62ea57272a98599c9f8a1239,1777628400.0,down,0,0.5986825955383799,-1
0x189ff17a1fa1374d9e919f0390475074a70ca191ee33cdea0ac904abe798fe6e,1777628700.0,down,0,0.12858133827736606,0
0x06a425c950f780a69db7077f94e9f733575f344295fead8569b3274e727c3e74,1777629000.0,up,1,0.8784880807455899,1
0xd2b5a5c4e84c51d7ab4a228702f6da3852fe1e3b552bf5cd406e46c59027e33e,1777629300.0,up,1,0.8035780669826559,1
0x19035cd6dd0d97a667995755780893f5baf65001528d4f428e4001cd9ea0bed5,1777629600.0,down,0,0.1787192321030335,0
0x5f946aa37859d7d4b259eaa25cd33fcf62d56a76a38cabc296b8d51fbb6f78a0,1777629900.0,down,0,0.7051538558082375,1
0xef3e00b3370165396c73a81db85b5339fa0a4d5cd3016354acdada41cfe1fe7d,1777630200.0,down,0,0.11097000819923579,0
0x61c8f427b7691779954aba55860bdfab91599ec65906993c5a0a267da72875e0,1777630500.0,up,1,0.9020649837676378,1
0xad0b4dc873db64675b28b8871bdbf404534d890b65cafcae8a6ba4207b7091bc,1777630800.0,up,1,0.9452057798092474,1
0x68e745a62f02ce46cd3249e304f20d36143ea20c329f427e0cdfe4881134e871,1777631100.0,down,0,0.09025610954962877,0
0x732760a239d85ddc5d9e4c9849aa88c05c9783bd90418f34ab68f04b8fb7414c,1777631400.0,down,0,0.6431070739464508,-1
0xcc8a32a6baa6949107ffb942c10e5ea0ee849f155c29adc6a1f52e4ef8673d36,1777631700.0,down,0,0.6027537447925574,-1
0xe4efe633526f947d28ca27311c0d24b61737d698103521c08a955ea2b5d6c44f,1777632000.0,down,0,0.7803423749176809,1
0x79e5efcfa1d2158e1ae00bda95d3fbcb07d400a837884400ba1f96185123de60,1777632300.0,up,1,0.5815558877754342,-1
0xfc7ac2e79418a4220e4719b970c109c8f18d63e34181945367583268b0c05cb6,1777632600.0,down,0,0.3398253242955985,0
0xa5d97773eb4f0284ef2b007ebe9ae06d765b19b6a001e7388afab686f3a563f9,1777632900.0,up,1,0.6220027984107428,-1
0x406a958ce96c3adcea0252d3214a962a2add0e54a6ec43481e03c4e5938d56b7,1777633200.0,down,0,0.7469761532000329,1
0x3470cd221db05d5627c1fbfd37b03d87464130a8685c09b35f37fa18eb84cfd3,1777633500.0,down,0,0.16623260028702183,0
0xe18487d12d81d555ceaa75c6e5c08c23620eac2e20973b95dc667c7edf87e90d,1777633800.0,up,1,0.8248258150241836,1
0x958f019ddbb04c6c488af11afde0a804a202dee283fa40dfb7c9a6a16e8b9562,1777634100.0,up,1,0.8158114227467327,1
0xe2c467a2de5fb00b185190e6cfda5923b49bfa60ca33ee9ee484b8ecd67d2074,1777634400.0,down,0,0.9807119977179872,1
0x268003aa2bd57ae5b7e2a6c34d146aecb20f9dca072357886942388a49616b32,1777634700.0,down,0,0.174951233479555,0
0xccdae9c098dac23cd8f913de6a9bedaf8b3ccd3fe823465bd3b1b460810e4a92,1777635000.0,down,0,0.7160395154416629,1
0x59f750bd10b030e086ab02a29174689bf956c301b4c5ef2b4a19b43cb9617f8a,1777635300.0,down,0,0.3105768019765665,0
0x27624822a5dbad8f54b6665d845af03d7c5eab3123d6a15313f1b65607b30201,1777635600.0,up,1,0.659979671203119,1
0x84b688313604452e71d0e29ea872ac0e59d84464ad9019d19a1f9dc170d9eb42,1777635900.0,down,0,0.3772204966895898,-1
0x10fa2851dd53fb90c99c5015644b306e942e38d41418f4839681ac38f31b8591,1777636200.0,up,1,0.8115594594239686,1
0xb50261fb55dee23665333f81e0596bda77f68202d693e7edfe903976d2d33742,1777636500.0,up,1,0.716137388932121,1
0x1bcf16d2ccaa077033a20d2b9d28ceed4b30bec1633cc764234cbccfc904e3d8,1777636800.0,up,1,0.3493733361904472,-1
0x37c31d2c63c1cc83c6eca9f909289f9f2c5fac6c912ab4cce080490c60b8a833,1777637100.0,down,0,0.11122766959238219,0
0xd074543c3ab5e48d56c52b4d83227da376e66e93a714e368946ad4506c479f8e,1777637400.0,up,1,0.23980839098250176,0
0xc3eb255f1c7814b394107678bd3d4adc7834d5a9c0b0c214dabded06a18c6a85,1777637700.0,up,1,0.6864801672342999,1
0x1d9d23b970e44acd4e7ca439d2a8a98fa3f8475c29da0148eb2eadd11cce5c22,1777638000.0,up,1,0.7310730224878167,1
0x5abd52fa501770f25d74505cc1379e206488f49cfd008dbf978961047f3cac31,1777638300.0,up,1,0.6218449012232489,-1
0xe2d06e0c192c6d69116bcfd435d4b4b604362ac869e60bd8949b62dd01daea62,1777638600.0,up,1,0.7059280050722186,1
0xa5203335572de1965c1db3793febfa9fa69c24415718a6df022cd8cc299c684b,1777638900.0,up,1,0.9085773646933339,1
0x5a5049c648c496178a85342c426bea27220f28a2df0cca9ae07f1ac7fcc8e42d,1777639200.0,down,0,0.1916358415077742,0
0xe49df9ce7c8d44ea4a96a29eea658b73fe42aaf194be69e553c296872e4f6e58,1777639500.0,up,1,0.5752299094169467,-1
0x98ffb2d72f4fc90df21aa63ed042b3ade48fe878d5149586df444d896a41eb81,1777639800.0,down,0,0.5276614138800814,-1
0xd8b4f72ad5201232df7a5c812d7749565a6763ec63bdaafd316bcafd8bc6d4f1,1777640100.0,down,0,0.4623502486877709,-1
0x0c642f494a2a7becaa054c70da03d3f178452ee7b4d5d53d1ecbefc2e594e04a,1777640400.0,up,1,0.9881360480167355,1
0xe4a2a6bc651cb0cbfc21f0385d460d1df31103ab5b16d73c35c4c8d007815fd0,1777640700.0,up,1,0.528872976885464,-1
0x831f49c88b0de1de6b82694176872e70678e06b5da7a0d3ea056a669a781b015,1777641000.0,up,1,0.8438857609279079,1
0xf9daf78b21b5a23df49211d833dbe220a8fbdf7ad92b2b89149ed394684b0495,1777641300.0,down,0,0.46748214356311574,-1
0x59d7debbbe611aa1dfc42e2ee068906d0ffc439b7ab54e03a8c919e4debcbea4,1777641600.0,up,1,0.46598456593144383,-1
0x6682dea5a535fdf0a444f3f88d2ea816960729a2b188b25d2b20a0f05486764a,1777641900.0,down,0,0.2518283649600951,0
0xe54cf726df95cf66f5e4ea2a089d393cdf4cdb8e0c01422e5704595fc7d4bd14,1777642200.0,up,1,0.7107243929234539,1
0x326bd6b17c6aac618d16f369148889c8dbb24259e5efc47006746ce8ee866457,1777642500.0,down,0,0.7000943713275963,1
0x74abcd1c66c07e8262cf7be61c28a0c8428ad9e875025fd1b40bd64716b7a4f7,1777642800.0,up,1,0.3498726986005317,-1
0x25bcb259a7e8a51de3846f2c84beb49f080f65a30dee1003ccfdeb6b00254f41,1777643100.0,up,1,0.8220639149055151,1
0xa5b73028148a92f5c0c2056792d03facd5f9a3b3112bd033d5d4eb5cd43674d8,1777643400.0,up,1,0.8427753566002152,1
0x7896241a2fb60bbbbcf7c4016948654bae5137d4897eb7c80179d5944a0e86ff,1777643700.0,down,0,0.3332413008692313,0
0x886e62b0cb97c847ded5d84d5034cc692421f553a047fd004be859095a48d59f,1777644000.0,down,0,0.5750518800730264,-1
0x5e3cbd39ed18bf7552a922665d6c67bdf5b37d544d3d11d1821b58307aa08e80,1777644300.0,down,0,0.4971841227769048,-1
0x4f5fe8b2d1e786ea20cb243a624782b48aa4cc2698b79fe1c54b0ea2ea53babb,1777644600.0,up,1,0.5834185835055453,-1
0x85eb7ede6425a92a175af698cbb59f4aa62d069d135820942878cc2f2d7a185c,1777644900.0,down,0,0.2924388715391429,0
0x4a4d517b829f1722846e2ff6adba20bb598c1098fc175ed9c2d7c6d1d4337682,1777645200.0,down,0,0.8193579652884353,1
0x9027eb3c4f4a6d3128dca349a1034cadfcdf87c0b25aa1a243d895620b3e84c0,1777645500.0,down,0,0.07848968502906452,0
0x7263a5e00697f30db718404b7cfc0f013fbbb0c6e27b093ed3b6b3f74d015c4e,1777645800.0,down,0,0.4977710835930969,-1
0x34e09aa14748d0d0f4bc7dda03c759529e240aa7f1ddaf83f5762b82f472cd39,1777646100.0,down,0,0.20286800476155237,0
0xed7255cfd059579a720fdffc2914c582230a76b75a5c6d60498e6fb5839ffe52,1777646400.0,down,0,0.4289582234537258,-1
0x41f5202917243a9e8b6c48279190f5769b83f89ee4b1e65c5bc9bd817dbf5c99,1777646700.0,up,1,0.850248908854471,1
0xe25a60b244b0e7d275bede376bc6c9f61a37850a64580e43e86cfd1e583a7b29,1777647000.0,down,0,0.7894665358970788,1
0x93f5b744951119e4412a35a1451db8b382ffbf93da7dcd9fc0a2667115612357,1777647300.0,up,1,0.860679437638005,1
0x3f7af7a3ad67a8c965dba877214b442fe966a633e023367b4446fd135e027596,1777647600.0,down,0,0.14776281374286865,0
0x1f5956b6caeb7a9c243773374bf2bdac9992dfe16ac500674fd9385627e4b359,1777647900.0,up,1,0.32745889111524046,0
0x3bc416921ba8b00d017ea1687efafb87d99cd398e10b27cf798fc35a653c1345,1777648200.0,up,1,0.7077611764335773,1
0x0e8b243cde5b9a380b1dce2240227f5b64ac024f6570aeb5f1a26964f741e3bf,1777648500.0,up,1,0.5798261054872901,-1
0x1c07e0cc3e80e7c1dc965bde4a0749fee91f818042a93f11aa65bee31cc3b8d9,1777648800.0,up,1,0.4862713579630039,-1
0xe08b657642a4f8185f69feb2504e8aa3bd732ab956ab97fe4850c390b52dc3c4,1777649100.0,up,1,0.8976762155125086,1
0xbac47393f059ef42ba5ecaf4b35e5ef09307b09e58ed387bb7e419cc9a8b722e,1777649400.0,up,1,0.5340203568981803,-1
0xc11698bc88bc739c0e6bc466d06f3727ed5e07eabdafada529e9bf5831b812f7,1777649700.0,up,1,0.3463199022233746,-1
0xd5c53e9ac20b9b6d7ab156e04541db9238bd7642f4b128f1fd5499e89b3eee76,1777650000.0,down,0,0.26059897079047084,0
0x4f33f0c12be4089dccfc50cfd2580df21ceb5d8c52fa9411b5d49dcbca2da4f0,1777650300.0,up,1,0.48526465528395196,-1
0xbbb97e538055fcc9e2f2656edee2c16ce9d1918c99601d49ed60134cac420322,1777650600.0,down,0,0.0492401089710045,0
0x6d2def65f6dbb505b77184a11fc404d0dfe38e59b9230976dd2dd110f5876d29,1777650900.0,up,1,0.7843515220776757,1
0xe35471ddacf890d682d8079fa953589fd931b989178dabeaa029d0ac8acdae36,1777651200.0,up,1,0.9539160348540981,1
0x1a9e45b8befbe5adb777c2234d866e7bb7cc92a4a8f8262258bdf13510cc5377,1777651500.0,down,0,0.5987734808091212,-1
0xcf0bfd58ec3881407a55f5200ac8c696975f43a6769582493c360a78ff065c68,1777651800.0,down,0,0.43706762141609246,-1
0xfc89b6863dfb94a01ab2039a0aba2ba5cb3635a261e0e31cb7718c6c13c49c19,1777652100.0,down,0,0.28587839218204486,0
0xe059a19ef5b37657e7a10c31165245efe751aeecfb651323ffeffe04a4962718,1777652400.0,down,0,0.7788144263068343,1
0x3101b1f2ff406f2b4afde1e79cb4158643dcc7c461f08851d87ea12550739680,1777652700.0,up,1,0.49202797317138935,-1
0xd9ae7fa4bbdd0bee1f048b04a75991efd419bbc10afb930760a2207e00c978e6,1777653000.0,down,0,0.1740514659533205,0
0x77f6b08b92a737121be86f8eac05a5e9f15965f7a0cb7f3508d33939cd7e8cd1,1777653300.0,up,1,0.3033050406202368,0
0x92cc95f9147850d590b3fe125c2af9d275ea230e6f3e8624533678f70eb4a90b,1777653600.0,down,0,0.24465092258074653,0
0x3b47827b1407b642bff2c9f07b69d7970dde5e89debc5cdc5bc491ba26c00eb7,1777653900.0,down,0,0.25425220806107796,0
0x462ace99bfc2850c31ee4d952a2bb38f818e9ec08c4764c6a446d51f581405f5,1777654200.0,up,1,0.8933220635426282,1
0xa7c1fa0c1baf050edbbc2e9a1b0250d4c74fdc418f7b8fbfc04a12c92c306586,1777654500.0,down,0,0.5375846984648088,-1
0xb802d1d2b62baa7af98d21d5c90beaebd3b95da0fa2e0264d0c367025f83d1aa,1777654800.0,down,0,0.8897058892648316,1
0x4f50c56c170e125804da590c331fca215e24c620657dfc9fa23292f1aa6a0fbd,1777655100.0,up,1,0.6640487080458956,1
0x28db2431bb1be58300763e28107fb45343d9a0138ab86976937b88617e8f186c,1777655400.0,up,1,0.8041363618988233,1
0x10d8564c89eb6e6769f7d722e379e6e0145f3089fa08a8166822f95f9684a73b,1777655700.0,down,0,0.32826724623360015,0
0xb87910836e479eb33271867b244805aac20891fb76f25f212995c7207539c950,1777656000.0,down,0,0.24365898943175954,0
0xc9a4641b017c8bb8dd04b1dae0e8bc1dcd5de0ce7ce8435a326e0326ba23c628,1777656300.0,up,1,0.3356854979657785,0
0x2ece375ae05baaf60f70ee58d9bd30ffc25155e719508ef359b9878a8247eade,1777656600.0,down,0,0.21187356721655293,0
0x871f9faa693f56ac062af996100fbf89c467ff4c19dd7a922f5ca8685f324025,1777656900.0,up,1,0.9084075625691272,1
0xabd7e1fdb6f404f585290ad27dd1f9d8ef5f1a4e8d3d13e65ba4a40de11adffc,1777657200.0,down,0,0.2160206014670262,0
0x2a12b5af7afd37a25f71d0c04b444166d5e766e8eae6031a5bf674c29fa1442e,1777657500.0,up,1,0.6732192387598196,1
0x260c197acfc578227209e5115ca7dbcdfdc9c7a22faa6415da9ed75a40f49dc9,1777657800.0,up,1,0.5637060806664306,-1
0x1227b594505835424c5e6a86ad1a38992b9bd790d48a4b20b8d3c38077b405ff,1777658100.0,up,1,0.8448300594668385,1
0x240b504ab849084580bef02355dd5be3d2f1e6e14ef25094f4474c1082128c85,1777658400.0,up,1,0.092843474010598,0
0xca6454faf58b842770220ded8fbe97853f189ce8a9d2eb5de5e135985fb16e3e,1777658700.0,down,0,0.728711547792128,1
0x5003e7a7611663253306b1ba6d8e9760fce563f2a834fdb28ceb7308a012bc15,1777659000.0,up,1,0.5178721728561342,-1
0x757f9cce5b8ba388a03268e8daddfb1f8e1a1c999b6fbf809f33d4a38a90b15f,1777659300.0,up,1,0.3295037203022816,0
0x31668891ec694365f5f69ea1ef3426d19466fda1e37f706d469ace48a9083096,1777659600.0,down,0,0.4270542473008743,-1
0xb474a8463e379adc67a52dc4a91987813cfe09f55de86bdda47e08062dcb3ee1,1777659900.0,up,1,0.38554293483144386,-1
0xe4335f5288aa3b18d5f2c5306c697dfd5cd0c1520cba645025c8d9eb4ba3cd8e,1777660200.0,down,0,0.11745086835071375,0
0x079743595d65903d730617b29a096a8b682d7d975ef624971560f6bedd85ab88,1777660500.0,down,0,0.34512832856027464,-1
0x4111ef3a1682e5da7484260079d6aa34048a820701455cc1f0075edcea97d9fb,1777660800.0,down,0,0.27817526437491863,0
0x358c5b31e4bd65885004ecc0539b69cd300412d65faee23f0019b4ec94d2988b,1777661100.0,up,1,0.6499119064846788,1
0x26c8b6654cab4e13fa933a6daf79f278628afbb1367fbf57d4332c8d31ef10eb,1777661400.0,down,0,0.3193946350886761,0
0x0cf39d5c319a59a2e030bd67f26c952f16d876fecd77686f1fad282afadeb0fd,1777661700.0,down,0,0.13149625171291696,0
0x292c21fe09fa4e89d2e75e0f30c1a3cfa95cae2d8a7615d131ba0d6567e56616,1777662000.0,up,1,0.3476124185863795,-1
0xb682d6f2059c9eebc68f2dc5a30978f42edeee3365cc6b99b0e3352db2f27ed0,1777662300.0,up,1,0.8777631913386857,1
0x8da9f4eccd3eb4d07bc704fab47361af09f5aa4d9707ac1f3a3efb0251693cd4,1777662600.0,down,0,0.3263845842034483,0
0x9704031ee3a41490b0a98013d9563ff154c75d4e9221770f7886186d7b65fca7,1777662900.0,down,0,0.1416421679140216,0
0xa84a6ef95b6802b0f36bbb229c875e35ece92ba390974c528a4db67380c4f434,1777663200.0,up,1,0.6133334751680911,-1
0xc4ab043c289cc76de3edd68df43b39998c8ac240c57b95e75273805f8975e6e0,1777663500.0,up,1,0.8567035004304743,1
0x5c44fdfd9a078d417d6dd7bc9707bfab83be6dfa973d1a736888c4bd00d603df,1777663800.0,down,0,0.17154495919764873,0
0xf29a95e49cce0be4de3826f90fba91593483b0847d5bd3cde8f77e7b533a22b1,1777664400.0,down,0,0.32879800001458,0
0xf3fec68202b8d1e3c0f696b59533c1beb332199006111c633b1b10e470045f89,1777665900.0,down,0,0.31370217029853886,0
0x08f0cfcbf89a8859a4dfb439d0a36811d06e17262f5c7badf3c55ab1dd79db23,1777666200.0,down,0,0.34558672497042026,-1
0xe1e3e0d8bc1d8f548c259459e1f198b8a6fa888c8f502ac298138b64b3c7cf48,1777666500.0,down,0,0.1905934022772868,0
0xe1f08d7198c282c412c4984dd36186fef22333a8588e702ccea3ada2f53b86c2,1777666800.0,down,0,0.31971196832631826,0
0x18edd495dd423e00fd3012cade7f5d5b45e5b5d2a813ab6d86bf9fdf3cb39a8c,1777667100.0,down,0,0.32172874486399944,0
0xd1a33d88df068a82d4d5b24bd94bf308f227368d1284dff2a35e6392d8c57401,1777667400.0,down,0,0.6051692166342147,-1
0xb41160df2e2a8c8cee86954d45b2416b6766d775b9fc9ee21d753b543c7cb52e,1777667700.0,down,0,0.1692821542565832,0
0x5e93de7ad5956cff345b01020b910fe7c56164acc400c1abf7b8d7f8be41c5ff,1777668000.0,down,0,0.06761299111444005,0
0x28943c878f48c78e53ddafaad600a0e21b7446d11f9f1c6197e96c6eb38e0759,1777668300.0,down,0,0.6561846031267703,1
0xbac086eb87a1e2f1ac1ab39aa233d53c7078eb8a450ad44dbe4d47916649fd1a,1777668600.0,down,0,0.6521072337181574,1
0x070211d233a1cac50e819d2c8d7e1f010f6739bb77a0c68a9d0e6f7b0b891761,1777668900.0,up,1,0.6437211705909828,-1
0x2036070a84126ac9f81cb820ff8bbc6be9e1202566b590b3528e2dfed0cb4845,1777669200.0,up,1,0.6332068532232052,-1
0x1144856acf915b1a2efe90cf15ca3b4b71132d47da4ff9331e4ff0c788adceb5,1777669500.0,up,1,0.4673489295258678,-1
0xa8799c52ee85ba2c906ae8c9003e0ea4005e0ac41102760852fc95b666ec9527,1777669800.0,down,0,0.3935270145973913,-1
0x0162985e51bd05e7be7b678a945074eb71adf73e54ddb0f232fbb3de27c1a124,1777670100.0,up,1,0.3356323001962224,0
0xfc7206540db354a6f10dd3f69de087aa7dde59d56a5d5cb4929e36f7c6d116aa,1777670400.0,down,0,0.6249374205970456,-1
0x14e02476854e76a02a3e28e43eeec1533985fa9cdc875befe85a9d5b264cdba1,1777670700.0,up,1,0.7214709571517041,1
0xb89e9ebc20a09a58dfd149ed998e81fb0b44341b745cd77cc45416b47dd72fb6,1777671000.0,up,1,0.7549312691468245,1
0x3c4c880a76436a22147528fc00c82d7d7c766539f997e6f899784b9dd4269cc1,1777671300.0,up,1,0.24478887829096643,0
0x6bbc8cf3cdda3afeb6996f4b768d67df88d3976e0905d229526b790c0ccced94,1777671600.0,down,0,0.7249905444837021,1
0x9afd4012c1dbddf30619bcec6ca542b981ba40beb44b1e217c81aee4f98136c8,1777671900.0,up,1,0.5973104658497466,-1
0x831057ffc92b9db8aa8ded88952e231f82d6006d499bcecf9b5831dec0928dd1,1777672200.0,up,1,0.2027326549051081,0
0xaa24fb88f9d1d46eff64f4b9a8e76add021878bfe8bf91ea850a4e91bde98ab2,1777672500.0,up,1,0.34160227309724933,0
0x4fc53de415d6ae20125b9b016f6c28f64b31207226708076a08b0f7130bc764b,1777672800.0,up,1,0.6719597708929175,1
0xbc6222a4366a400a7cec3401ef92f9177f99d3f145d49b648988e844b1d105cd,1777673100.0,up,1,0.5635336479586012,-1
0x632052b0b127ddefda212bfcb729d08d25733767552cf01e7c666dc2ad85f26c,1777673400.0,up,1,0.6409436447786006,-1
0x089255c8b7aa9e14ef83c70407d928ad4879684ab60a8394aad2a5379a406eb6,1777673700.0,up,1,0.5619855008854757,-1
0x1a28e1cb620b403f177a2deb06b73b7150d980f0ef4cd9dc5a46b6a8ffdf0b24,1777674000.0,up,1,0.797182668681043,1
0x5a03912392651397b285a93d842366d29bfa76299d44fc9f841bfee213a885b2,1777674300.0,down,0,0.4117996065901838,-1
0x775ae993cbdcb70c8df2d835dd038a91ba41cace2ce8f5dee7a5bd6d5d8d0560,1777674600.0,down,0,0.20021090901815772,0
0x4d8b2cec30b784f57b763f74402dd664a9b8b0d71d0a1c26b0af5569456abf6c,1777674900.0,down,0,0.19818680920736417,0
0x1b39a5947c75a24582a4f0cff6e8765f60fa7fc000a291b21d4b334f044e855f,1777675200.0,up,1,0.13490732522712204,0
0xa9375da8a020428ee903d8e5bf7c81cfa99b41a02a5ebb2ec09ebd2a3949a82e,1777675500.0,down,0,0.165560322376296,0
0x9ef337db1244985e3a7df455827921192581ea75a901a2636e351355b78c48a9,1777675800.0,down,0,0.589508303992159,-1
0x1027ce23134d24f80802802dc146ac87d552e459e29d77e1615aa3d82860e2d7,1777676100.0,down,0,0.5777835269636429,-1
0x12b10da91fe65a4d0f12a38fc7e352cdd94544ea3086f936bb456ef69c902010,1777676400.0,down,0,0.14333537448149034,0
0x5436321305a26a3883862084968bb26d503aa82846c6e2535663a0f69ca09404,1777676700.0,down,0,0.4332134532366006,-1
0x3da368b822019b302feb590f53a234633a1d658dd809774dc90148cf52c565fc,1777677000.0,down,0,0.7738686559606545,1
0x23d3c7c9b6da9e8d8b77e9486da0f78f2a312ed7041b8ec79110b4edf9eb3f2a,1777677300.0,down,0,0.6640295903783311,1
0x6abc85323293338777e45e142ee87006fd9fb7037381f36f88572b4d0dae691a,1777677600.0,down,0,0.5900043220387462,-1
0x41c2fb480d911894f2d32a96a787bb9d0e8a4d1eff688f656c6d9a2a4ce89fd3,1777677900.0,down,0,0.5090301097465811,-1
0x16b0badd590f78492d0349a1f80425cc77667e955fd23be6e31bae189aee2686,1777678200.0,up,1,0.5628812839969489,-1
0x4939728a6d6673e326dcead01f592a6cbcb0fe955d9ee717bb39de069a0e5432,1777678500.0,up,1,0.5159367917965721,-1
0x10efa2ca4d96b42a852818c789c1682a0235366cf70bbdfe6758ff13c00020f2,1777678800.0,down,0,0.4577542177361845,-1
0x917efebbdfad9241bf639dd803f65c3ffad7473ceb27bf19b792b9736a3c941a,1777679100.0,up,1,0.710610436935021,1
0x6f82ae69f11d0b9c198d8f134d88e3bafeafc02e5c8074a5d4ae391d2321eebb,1777679400.0,down,0,0.5678142254323215,-1
0x7382373a58b74c75b3de3eb4051fe507fe4881d23773f49367b1b1cacf6803da,1777679700.0,up,1,0.9167973624161723,1
0x2d2beeb33a1b467f56be74633e066d54203f96ccf9d18b03f706f0ae802a5b5e,1777680000.0,up,1,0.7154916098138526,1
0x1ef5769fe16d36e45a006d54dfc966b904e2e732009bebfe46cf802b2b0cb3c3,1777680300.0,down,0,0.33593937463069484,0
0x80103563c47aafd2c667081d6ffd7a1b2e334e693293bf4b8b2b89772994d925,1777680600.0,down,0,0.2374102448079386,0
0x92d83651f27d3f30db6ac94b7d923ee574f284418114a18d862bc1ffe2c880a4,1777680900.0,down,0,0.31560318100148393,0
0x9f4e38d263236560c81bcbbfaff3849f0b3e3bf74a02d5bd7c3905d3e740b776,1777681200.0,up,1,0.6936033877774817,1
0xa43123e7a217ae846087016528f713653266fbecbda4b72497ec44701c50d428,1777681500.0,down,0,0.6525785758439332,1
0xf618d7b9177e91f7495c7eba1ce2e7f7460e899034f594b957159477e0a81aa2,1777681800.0,up,1,0.8432988393973982,1
0xfb4d1d85791a5d8942a59b49e302f0460c0bce131d7602a5ed0acbe1ae131a29,1777682100.0,down,0,0.17189382698672975,0
0x55603de238c24d580ba967a2c20ee745f1c85c064161993d04cc47447200780d,1777682400.0,up,1,0.7497996244605212,1
0x77ccc1962cd71d7e1a441bf0ea50351664bfac8f83a68afe40816dc6412d8085,1777682700.0,down,0,0.6783175702882563,1
0x1e119d38bec6fdd3596df17a4398b10fd620f1866c9caa935f1e2fba21293fb4,1777683000.0,up,1,0.9601006017255295,1
0x23a4ce1b2975fb1639e93ba37f02b1ec98d9bb771d8ed7370e03104f5020acbd,1777683300.0,up,1,0.5901012525172059,-1
0xef4addcce7ff0476780900f9f3f3f9ffdee3b57ce776edde60dab7b7f4537aaf,1777683600.0,down,0,0.20493495165424822,0
0x7c7daae5c82c627ad2e8e7cb79856cae7175b8f2284d02c6393b8191877804e1,1777683900.0,up,1,0.6526725935177198,1
0x7609e283aa2c4680e554f6f6d9ccaa106c7833f1ae4ddb76250a8839eac96a6d,1777684200.0,up,1,0.6566649421160105,1
0x0ea5b05efa156e051f3ed497c7efe278c5073365dffaecac49c10fb8fd6246f2,1777684500.0,down,0,0.1862167788281817,0
0xa8d2fe896762d64f17ea0a36f84ca705fce4fe0e5d9382130e7ae866c8dfc6aa,1777684800.0,up,1,0.5064989299768503,-1
0x37e57ceabb91ddfafbe181a8727292d624712ffdc70d64e12c425ef519e7f1eb,1777685100.0,up,1,0.38941534042731063,-1
0x46447a8c8d21ee9446b5b102b2f10651bd3ecf2314ac08695600caf49109d859,1777685400.0,up,1,0.6116494332579687,-1
0xa60465fe982f788cbab8fba17dfc1f4e4fe759b309a45bbcba60a1ca07f3d4be,1777685700.0,down,0,0.11871781153521385,0
0x9074227f47dd2759f500fa9df9afdc8ec95307d34a52438a79bda0c6522f5e62,1777686000.0,up,1,0.20095134841098553,0
0x72a69b8777409e9014654b9af108cc09f1ef2413971a282bdd6452458e5440c8,1777686300.0,down,0,0.16036677849329373,0
0x2b0c631cfa9135a6f8d50b51f67808615df917a66c5c532ac7d0856887c00665,1777686600.0,up,1,0.5146891282014889,-1
0xaf98bd21d511deac4e205405247caca524e5bdd6762fb7f875e076b131969e13,1777686900.0,up,1,0.18087697727899774,0
0xaaa5a72a41d1d44e88c37ce1191a603aabeb020297493a9b30bb8ae4179fc22e,1777687200.0,down,0,0.1586417522940592,0
0x95061fe961c07a275f57318fa74df270da48e47667d50d85f8ad10e4c5254829,1777687500.0,down,0,0.43463168929010854,-1
0x9166a4b26b63bd8c4e224982d23efef1e5c855c0268c4c97c57282f822240a12,1777687800.0,down,0,0.2952672202146877,0
0x49110832283bd5620c3f2021258d157aa3fd9b7ceb91b64e85b07fddd1f2674b,1777688100.0,up,1,0.5910177827066262,-1
0xca4df60e9ae32898e0b5db6f08ed214f161abdb503bfa6b286825f664f18769d,1777688400.0,down,0,0.35832123798100746,-1
0xe4c46260187d550fa0e6c13ecd1788341ca17efa694c60c69c5645a0d8b19d17,1777688700.0,down,0,0.12208949944830287,0
0xc1fc79b7b93df28528852cf608f98e7b99c9c5e36c69e06e42100e46b12bc383,1777689000.0,up,1,0.2697304382426083,0
0x94c9dfc23b6052313e140dbea8744145bdcb8a69df6dc8a3332a9c3c2aa1ca42,1777689300.0,up,1,0.6840303244511506,1
0x11dab69d2f0e780facf5f0f8df78aa0a8ecfc24a0199fe3ecaf2a522f8ad2d01,1777689600.0,down,0,0.47294656298577603,-1
0x0a5c7205bbed38372f5eb575dd3a41c1322426911a216acfd286c429a988af34,1777689900.0,down,0,0.553507044728256,-1
0xbadb67b425285fad9c6899afb85edbd472513c5145fc2cde5a92f9d1b7ca3043,1777690200.0,up,1,0.8991390909930472,1
0x86f5ec2fbf52e07999567dfa74fb61808ba6c175340e79a98cb53724b308f771,1777690500.0,down,0,0.33791886262353316,0
0x156f6f18152c314c1f5ba7987d9bec2a9f2ba1ac662a85f134d2ee534b7edf06,1777690800.0,up,1,0.4901104948808941,-1
0x47e3c2c21c1c40a337ce6a207ccd3320143cf245c83fd91a3246b68983d84e51,1777691100.0,down,0,0.14636011034136373,0
0x9d742e6242efe5c2a436a0e11549e09ad105f4d9809be1297d51bc8fb0204556,1777691400.0,down,0,0.46618243177270813,-1
0xfd53017fb09b535c35034ab70728018f4963343f40b1ceb0ddb3a55d6d37ab25,1777691700.0,up,1,0.21095158944011871,0
0x135a05ed53e86cfaaf92a5be7edfde4f8a25dda512de35891024ec34aab8d396,1777692000.0,up,1,0.3636291707819015,-1
0x7c00c98f6dc6eb658f45c7a487555edd2546bdfe59845651a3771f8b3f26e4f2,1777692300.0,up,1,0.6868290678130106,1
0xb5705f10f45d338d9f53d0faeb46b4e484ccee3de48b000ebc922ad0994c9682,1777692600.0,up,1,0.39660462089648385,-1
0x9e9a5b459de6133a8ac1bf0ce78fc25c7d03a5761a5a7ed7ff114a3a053cbd9f,1777692900.0,down,0,0.5925572554293229,-1
0xa59f7f6ab030c43f6d97537a62f8271686b1ef6c75fa2ad9edd33ea2914e6de7,1777693200.0,down,0,0.16825855076076862,0
0xa3437bc739a3be433e7e153c49ea134afcf06b62012c45a0668e1c57f730daea,1777693500.0,down,0,0.23490639627253812,0
0xb57106122fcd24e5758284d1139ee5d81b2586957b8f74d37c6baaa030f01ba4,1777693800.0,up,1,0.7659744588086949,1
0x49184e58eba9f90a27187b1297b35c22fdac08572970547248cc20ba64153889,1777694100.0,up,1,0.7680300155284856,1
0xb817bd7e24485f133eee218f95ff50906a6b29b77a8e2e5cbe6adb1d61453608,1777694400.0,down,0,0.6122290494184752,-1
0xaaecc93982ae909e464ea22aec0164e7cd157b5c8efa9beae4389c8930108a99,1777694700.0,down,0,0.08315643168904366,0
0x12645e5a4fa1af5fe3636bf90482b0b76bbe8fd48f3be8205fb765f339f9278e,1777695000.0,up,1,0.5862605829761108,-1
0x6adae4491757acd7eca93b792ed50919a681703bd7462eff91c80e4a618d022e,1777695300.0,down,0,0.4650556215873637,-1
0xbabc8bd720463f5255134001e543115aff9142aca498b89376fc6e4acf7a8818,1777695600.0,down,0,0.3765529384907864,-1
0x58a1c0a3710d6d3e13c610c914d3ada2061e6193792c4c4ca9b27d3537736407,1777695900.0,up,1,0.17961337963418733,0
0x3ca74098301483a026e68415891182e69a43d570cc04c174edd8f5ecb80541cb,1777696200.0,down,0,0.3222848837763085,0
0x6c2348f2620d58f8963acda278580fc9e3f30399194c63a77f4963b8a6f7151b,1777696500.0,down,0,0.3846500817991923,-1
0x5534983de7ec0032d98972eda1d6a4d19eec14bb1e5d578ed653ac90c901933d,1777696800.0,down,0,0.1758868436502871,0
0x6d9b613468d40b9b00595a078d29d180b8b2ae55a62a09247960bb9ec211f6c7,1777697100.0,down,0,0.10924284850634908,0
0xf45f10abbeae921605a33f609a81028b8951348857bd312dfce267faa43d0f77,1777697400.0,down,0,0.22292254923951213,0
0xe4c2f275b79cf88e214bd00cd8a29134a1d75a84b231b566ed5001eda90d761a,1777697700.0,down,0,0.4472412059117945,-1
0x4b5305cbb6de5a90443b55f37977f0508e13295ce2f094e39995d3876a6f4b24,1777698000.0,down,0,0.18692354123060725,0
0x873993586985dba94dbadfa48378b104c9e0ff935ef2aaf25e3bd8e3c1c44524,1777698300.0,up,1,0.4731421296136607,-1
0x4f3db4b09f75c6311fcc5c6545d46a3d9b5c72d2d81faab33f354c0615184f1e,1777698600.0,down,0,0.37888524873771334,-1
0x60057fa4514fce61900afead18700b4bfa7a823924586e5e683b1c96c2022c9b,1777698900.0,down,0,0.5653239378488716,-1
0xddeaab9efc4bfebba31d366b3189e5f8e563d9c013ca22ca7b612d211955dd33,1777699200.0,up,1,0.4384463803130452,-1
0x64aaffefcc3a1c9504258fd7ba6b930a913a4c9cb34a6620ff2831700f10abe4,1777699500.0,up,1,0.5652341255698179,-1
0x57b36d0c624c7d9430de3e7b10e5c4d3f34fdda1aa576f485f2f1d5b99b83ed8,1777699800.0,up,1,0.8617448202136471,1
0xbbf48544d880b2cbf5981b3a6829f5d362fc4a1493f54897f017814b308179c1,1777700100.0,up,1,0.6817692471727355,1
0xb4669f6d1880e8b0f3361f51af6b4ec106b925f546e8bf9d6dfd324c0a42abfd,1777700400.0,down,0,0.6395091351473203,-1
0xfa07b57dff54b71dee66364290ee2a9384496ca03cff7127bbbd2baa42632aef,1777700700.0,up,1,0.7138911273420696,1
0xb499f9668939606efc58b7022b8f1843aa5cdb30efc96df6aff65e71258eec1e,1777701000.0,down,0,0.19053669418031177,0
0x9e24f94dcbe125c9469ad452f859ad98f70b46869a5f57dae035ed3a7563bbc7,1777701300.0,down,0,0.1541181275283018,0
0x04774a689600ec8b1a3465f4d74e47945e003d84d74cb96c3907ddfe368c55e8,1777701600.0,up,1,0.8494690543710195,1
0x7fa802d151c67fcf4e8dac39e5e8e4034ce9a5f4ba1de3e9c08f6ec86f20378c,1777701900.0,down,0,0.1600369119328617,0
0x58f39bb6f452a6ecc752b6e77b1e7ebe242128e634e19df503f4a96adfb5aaaf,1777702200.0,down,0,0.5450035682394949,-1
0xacfda23132bef7f4267edf687cddeef7a24ce92427fc77952594a7b250b770d1,1777702500.0,up,1,0.8962740908544257,1
0xeaf0b21156c62de6ade801e8f0f34c589ca61aab9fdc203ccdfe8f68ba7d3b6e,1777702800.0,down,0,0.42575060461723757,-1
0x60c854561b5b2161b0839c5b56d31dbb5b7fb9d70593c4320914e7be5eca0087,1777703100.0,down,0,0.45281941804153186,-1
0x3f3361fc8340c5bab1bf5a9eee90f4438dad169f5fe2cdc2deaed3c1d3d58c03,1777703400.0,up,1,0.6239730718188422,-1
0x2f6418362bce074f26a378800f86bf0196a6f544040551c8666040e089dbc18e,1777703700.0,up,1,0.8548538411201242,1
0x974da977ba171cb1ea6b1298d40c6f0d0b0cb28beba91af3b658e6bda2bbebdc,1777704000.0,up,1,0.43519784895623487,-1
0xd506c6521949e8a1d681f444814864f48d4d01c2a253ec430576970dd1dfe753,1777704300.0,up,1,0.7492789968962115,1
0x92a62f230fae0d6f6a64818128b4cab07ef00819e7ff44412962d7511da3b267,1777704600.0,up,1,0.6786922695443217,1
0x5a3c9bcefdcd8489d1a7c02c90ee97ffc64e2ceda7defad8e5b5f3687048a8fc,1777704900.0,up,1,0.6632041217051562,1
0xe98a1b47a8bbdb2e8b7c0181f53a2a694a4de30c6ed90221accf3869811486dc,1777705200.0,down,0,0.32030161574273835,0
0x5b00e02afffba9b7eb0e0d21d1c3a741aacf1c4a53f0d64b305f8e64a9f51d71,1777705500.0,up,1,0.6491569114349638,1
0xa90c4c3d199a51b08495e1f933ad0913d489d40ed0642c1bbcde32b3c0418961,1777705800.0,down,0,0.5247204019692642,-1
0xed676b0d3d56abe67dd17d35c897c38617a0939ebb23e84f98115334a3107ce2,1777706100.0,down,0,0.20959829795461363,0
0x11e5c14e5325df3de84be1cee43d938cf0683c4f41c0c7f2535a515b065b277c,1777706400.0,up,1,0.6689353260010861,1
0xa039dbc490fddffc5f46910d37bc3c9111befcb545d71533f43fdc9680a6588b,1777706700.0,down,0,0.4367935947060594,-1
0xdc078b9938889702421d33b09987242ae1d76b9de6a608ab4d2d9cf1d54240a0,1777707000.0,down,0,0.2694924174693444,0
0xff869f93b90ee4c5719173dfc3b8b0b965fa31f9d519d2459a32e9f90b77b440,1777707300.0,down,0,0.25701550877528506,0
0x9a32bfb13fc04260ce5c01b417e2990d60bc886e41f7a5f2387e4452d1482ab4,1777707600.0,down,0,0.17611604486617569,0
0x053477a52743a856ae91bce9777b25dbf18ab973635c0fe85e974df5f55f50a2,1777707900.0,down,0,0.5729142037566746,-1
0x3d20255faad397c52ded54921cce31799b3c06d244ec7bd9f6a297248885e75d,1777708200.0,up,1,0.24636798125865017,0
0xdedf82c050c0c1d47500891a0d99dfae13a07c57e397d0b8cbe97179df515daa,1777708500.0,down,0,0.30122419643344756,0
0x393135d300bbd5b95764dd461249e07ff28bade5451e5f24dd3685b5e31d49b2,1777708800.0,down,0,0.0851982965265214,0
0xfed5cc933c2009b5a523c0d2d1288d6d9cb67bd444f67a8606341481f262ed35,1777709100.0,up,1,0.5913060868404408,-1
0x1d878aafde224a0a51b8b19b659ba25cfda278091502ac142d28a95c6de8a020,1777709400.0,up,1,0.8859286611254247,1
0x07ad046c7395a6a64fa0a43d89d76ba75be1873a003e82460f1cf87bbd2e4952,1777709700.0,up,1,0.29301513995910894,0
0x43e56e1f86b238f543bfd8651a79bb12d8694fca5290f9b3315a152f833d466c,1777710000.0,up,1,0.7139039280269914,1
0x1f46aeafc40dbe4be59c4ff939042224f55cea050ad164dbbafc9d77a92fdb98,1777710300.0,down,0,0.2506039461752405,0
0xe91f9e54495f34ec57be64b817d59b66c0c06c6405f6f0e441418cc40bd97e8f,1777710600.0,up,1,0.8518620187494117,1
0x9af60e10a59e8ea3daa9f36b0187f6ec2a8a10b0a7cd6e39228586040423e0e4,1777710900.0,up,1,0.7670851271824622,1
0xbe07a67afcb6b73d0ca052edcc34e52c28424bcad5b34b74ab0086da2587fd66,1777711200.0,down,0,0.5943021824588051,-1
0xfd0f2f0bf2220644da121f5d61f1836bfeb044b7923094fea6c708e535e3c96b,1777711500.0,up,1,0.42831221530642904,-1
0xacaa96e2d93274f3f22fac725b083ac1fb7d2fad30909a8b212ffc3e18f011e8,1777711800.0,down,0,0.6456004678937771,1
0xf265e39b27c53446e9d5aaeb676bf395317c6160e368546514af541a186b2f10,1777712100.0,down,0,0.0701472943195762,0
0xc1495b98fd211815a0ada70ff3d438a13836495d952baf803702d6788b181aef,1777712400.0,down,0,0.18765066011372836,0
0x1e4793fe6548d9a936b00a122f4ee7e69a9d6bdbc487cc6f7fc5c529d97cd129,1777712700.0,up,1,0.29705857119975065,0
0x1c2a5486aa9b8579d3e4aa69fec09662f2b38ab400f83ae41b6a4aeb98174045,1777713000.0,up,1,0.3559509423405099,-1
0x667f3596393ce0c5d102a95cd9065b0c6d9e8ea45c69e753c0105bb1908f10fd,1777713300.0,up,1,0.8812871862973577,1
0x996dca6f6900a96f88cb5a23ad5ba974347217026ccd44ffe57d5272091bf3a2,1777713600.0,down,0,0.6397109293532043,-1
0xab02521bddcf71301dad958a431ccbcf35b42d8746d8b46265b4325e9769abe5,1777713900.0,down,0,0.18099289610832892,0
0x02eb98e4c5b69ed492d6a1d4a5a76270752d5a8c3f1ca3bcc65963963839b5af,1777714200.0,up,1,0.19486042383096205,0
0x8ddf8dd4cbd389e2d46231e2055864b9d622413c0979dacded041f90b7e692b8,1777714500.0,up,1,0.6478026483783665,1
0x296377ecaac0797a58fb51d7b980af923c40ba975cbd995d889f2faf528f3e1a,1777714800.0,down,0,0.30224873446259853,0
0x7c931eb08d79d289b1979168ca78ebbd1b59c757fbdaafb3767e5ddffd8d4635,1777715100.0,down,0,0.558175358974361,-1
0xb2f3b806422caaf9867af5b327a0f2c6cbf2af818bda83b2b83f1cce60c25d49,1777715400.0,up,1,0.47266915208283433,-1
0x1993759a0d3e60896078993fd5a4b3ce0bb93c3a5e86a3483f2091dc867f1dcb,1777715700.0,down,0,0.6257643882779678,-1
0x740adcf7c571ec8c36ed8ea58fe492f82406aa9b4288507023d95aa4ee5218ff,1777716000.0,up,1,0.5144751405655594,-1
0xdd928967f2c92cd0ea2b0c7ebec6f00d3efdccce57c8396ffccfccacfd5bc76b,1777716300.0,down,0,0.3566385049820571,-1
0x5fc4f8ed0a48d23d02edc2ee57b6f5c22f4611bebefabc0c58ce68b6c0a237f4,1777716600.0,down,0,0.5803413278541977,-1
0x0d40686b556f446785ac8bb9226670eb222cddf376d4627c1fdaa03f5b47baf0,1777716900.0,down,0,0.4313018490960441,-1
0xa412dfb395c75a02f32f04799546ffb348973679433ee51ff1724bcda069cd90,1777717200.0,down,0,0.20952445825430985,0
0xfc54a7730d99dd8d8511692a74a6dc9cc8d9c6d957e5b8fe77e5a41bfdd712bf,1777717500.0,up,1,0.39596111373470705,-1
0xf8dab5fc47f6ccb21e251bd225ebe880c04a185390e05cfae90c1f2606e54f3b,1777717800.0,up,1,0.7711049644560093,1
0x8163d5a400ffaf0f758d2bd79d4fb3c4caf5f437eb2d4cbca66827cd4d909d30,1777718100.0,down,0,0.2357711421000892,0
0xd6f685f49f482c9af774fe73f7beb074410927cef437f6aeb451c9f8d8730daf,1777718400.0,up,1,0.2277620385928731,0
0x5b281104553ee8ce2eb66e0f2749704a74cba3bd710930980eb887a83e9a42ac,1777718700.0,up,1,0.6028160126358066,-1
0xb4a3767ae26237ee20df229eb97b07b20f123bcd8f270d5f04f9c82eae0c63cf,1777719000.0,down,0,0.4435711126285058,-1
0x0565ecc0714c3a5d68305835b891d47fee37470474b1a7dfa0df223a71af9b49,1777719300.0,down,0,0.6157958170258107,-1
0x7cb92817f393a8641912a4c76f3020a2e19b46e4da0f4522fdcee550d95d01eb,1777719600.0,down,0,0.09838704806912517,0
0x6f13d794ebc0f3f7c269817d4c9be4b8f4cc8204d7e7ad03a95efeaab2cec4b2,1777719900.0,up,1,0.7341976512714098,1
0x8de53fc8258ed734173fd9cc8dbfda4a6eb21a47974891ad127637ee79387b30,1777720200.0,down,0,0.1828399388460486,0
0x488ee46a44cb266c79c22e02a828cd9452ce73e53a90742c1f70c12cd3f95cd1,1777720500.0,up,1,0.5759012803401844,-1
0x9aecb10784b439c8cd7760169715b749e9b09c51445506f6100d078a99eb0838,1777720800.0,up,1,0.5598573323607184,-1
0xf4a48e7910809b14d1a6b3524fe3511d74483cd780917fe49c5150bbf116a362,1777721100.0,down,0,0.1489625892523468,0
0xfab32bca11cb4cccc2ab6b7589ca27187526672a2f4c643d0b796a713897e81b,1777721400.0,down,0,0.4800050864269096,-1
0xdc7943d0072992891644d235ac9600400979dfdc7631fd991dfe1e258b7090e9,1777721700.0,down,0,0.23309082875696663,0
0x722f1737baa4ff42a1bda6f0eb1a3a9eb7326e64805c296517b8b97a8887992b,1777722000.0,up,1,0.6595660156478454,1
0x6efdbee7ebe0d9e3d3a72492798d3e826a1cc56c0084af8d0b36b8677deb2787,1777722300.0,down,0,0.10645464845637453,0
0x35d11d475ad64a1d9527c435d6b593f517a7ab353c82a620fbcd40ced4f20366,1777722600.0,down,0,0.33254227856189145,0
0xd910ba91526905709b1ea787a10cae2f49040aed771059f1906c04da455153cd,1777722900.0,up,1,0.8928422007825492,1
0x98617ff7e4b56efa198f3da425816f0bb583c925f63c00ad5d88888835f69631,1777723200.0,down,0,0.20698790030862513,0
0xdec305a953082c91db30e1a326906580e3f7547482536c7f4c29306d68b31e68,1777723500.0,down,0,0.349541404652656,-1
0xcce800d2d689587945283da7a75c4925e350f9cbc5c0493aa523426a958bb900,1777723800.0,up,1,0.6659130168109936,1
0x822f78c08b5717c0d416875d1f58a2ec74751eb5f1935ea83e0205b8875770d1,1777724100.0,up,1,0.5365359441338851,-1
0xe099e0716cd57a705416cf1f2832c2196584ed982cd5fa43111b9d9ada22352d,1777724400.0,up,1,0.5201666514114538,-1
0x0753b00121225df522e65a97b2e671dcb86b51a359e7af0d793c0c5c614b53ee,1777724700.0,up,1,0.9514929306773943,1
0x538394dbb77d4569c78fba85840b035a6d7262c9e0be7fed307ae7f277476411,1777725000.0,down,0,0.09532795027779248,0
0x3d84f51952eacbd26fb94b254141d237effba8f0c24c1b90e13d46a3ad6887e1,1777725300.0,down,0,0.49522561919794966,-1
0x99b39c76687982d6cfd635d7e2b573fdc67a1bf23b1182d7f5f72ba3386eaddd,1777725600.0,up,1,0.7642251178135405,1
0xa1a97183731c3e03fe9dcbf30a4ff2c1d8336af05b0197ebb45830ef2021cb86,1777725900.0,down,0,0.3922000796058964,-1
0xc8132bbea31f634b8f16eed5ae6361feaf77c219c3a598bf07796ced209a8beb,1777726200.0,down,0,0.5292164863230105,-1
0xe8149945c8ae8f3567b1cbeb1ddff426ca5dec50eb590bac53b475e07a131c2e,1777726500.0,up,1,0.6870775749065959,1
0x3e5c1fbe14fc6970438fc12dc19df68fe81fa9d83edab18c13e3349666a54fc8,1777726800.0,up,1,0.8534758922514856,1
0x4e27aaaf4d76ecdaf583a749a425afcec3eddd453084e9f6b94f75eddd65219a,1777727100.0,up,1,0.2366104724765947,0
0x65716fa68f73aabfa0af6eb5f6bb120e55bb3b7e6b7d5d7ead946436e74b1c71,1777727400.0,up,1,0.8499299085635246,1
0xbdc3676360608e548ae6de2c7a2501a9276cff27623fc09150c00d7107f2a1a5,1777727700.0,down,0,0.1200528614030569,0
0xc2ea513622e9b613507d91147bbbcdaa37fa83212be53ef3e09998a697815547,1777728000.0,down,0,0.4522259273572409,-1
0xbd9df71d200e6c8b4d5e13d12eb3eafb2c5abd78f69144c514b210b5f4e80a3e,1777728300.0,down,0,0.6504783924659318,1
0xecbe85ba50cd6118cf026dd74b28204394015bd66262a8d7f15b0081b56d5ffd,1777728600.0,up,1,0.39879194190885975,-1
0xf20514698507537e0331f849ba2bae7d84c07137f11e24ba8ddd59183b4b3a48,1777728900.0,down,0,0.4931804142667066,-1
0x00147d16d143da2ba4d6a14abaabac3635866ff9c95d50f58f8ee9e07e01a2d7,1777729200.0,up,1,0.8965870701791551,1
0x8902fdc5779642021a6e21e40c486ecb8a30e2bdf97ecc401f29dcd3b1896e35,1777729500.0,down,0,0.17018012197216037,0
0xfa35e4139bff1d848c8a45e322373158fa56fc9e78a30b2a154bc4307b4eb9b6,1777729800.0,up,1,0.4086431145147612,-1
0x77f06ec95128c61b46926553430762a2fe5cb064baad84537f29bcf6a6f218c3,1777730100.0,up,1,0.9337745657239475,1
0xc0902fb9d71527ce1f6a1f151768c5641a6d06d2cc2d17edcde30c04e883db7b,1777730400.0,up,1,0.5610682306547723,-1
0x0ac8603ddde4075ad604f2c486d0fe8cead77721d1ff0e6edf6d5c0155d2a56e,1777730700.0,down,0,0.1272564210711671,0
0x023ce9d8a8b792fea3d2240a67c3ad0196153cc4c9459c523406c4616ca30a20,1777731000.0,down,0,0.43642750716639483,-1
0x443d215f703524f0a0235d8ab3ec339611ccc86697625d451bf0590c2d0444a7,1777731300.0,up,1,0.49370181695003734,-1
0x948ad0f08a6a387bc9858dc94623ec920089eefb3fdd1b3f514b8b57fdfb3616,1777731600.0,down,0,0.40248001422524,-1
0x8e5a2d552df46bcb98470852a894d264500fe04b48dd21f88a8188e7c9e44755,1777731900.0,up,1,0.9913223037886453,1
0x4020998999039c22fd0bb026c5c667c8ccf9c70226dbb1b84b1f114702573850,1777732200.0,up,1,0.4023616759702967,-1
0x015a9903daceb85a8c39c6cca2493d08ef35ccfb19b4473573732dc9681caf2c,1777732500.0,down,0,0.317909344388643,0
0x4d846a70aff5548c721afec4414f58520169b413c70ea6bdce2853b7e3265934,1777732800.0,up,1,0.646326404202563,1
0xd49dc7dd14e46134d2952e2b880e25b7794ad47c09f71119f8a1fdd6608a1002,1777733100.0,up,1,0.6084754718633739,-1
0x49930501c5b91ffe8b6562db681b6edc351b10fdcb605b45eca55470dc03eb44,1777733400.0,up,1,0.8656159707757393,1
0x0542cf185442db79cfaa653219fa65485fc67bdc3b438f53cb5ed3990f39e241,1777733700.0,down,0,0.3554390128036762,-1
0xda04c910c5ace3a7c302959d19d2eef34de1807d9c616c015555d6058a4a81d7,1777734000.0,up,1,0.6113305485848057,-1
0x7eb90eb72eafd6295f0877bc9b8c555cf80e7cc02609179042f744a3e2068553,1777734300.0,up,1,0.8570453492028403,1
0x5d90e58dbc8e2244ddb04516b39246ecfc3ce0aadda951b765f7344b699a09b8,1777734600.0,up,1,0.38848392093725265,-1
0x558c6ceabbe0785bcf348072c68d1a966b276f58cd709f81db8ab7cebdead5b4,1777734900.0,down,0,0.08528158209714536,0
0xe7892e34327d94768b744c60b422ded2fbcfce17a7cf32ca07f4e5ce5bf76d7f,1777735200.0,up,1,0.6355913059188121,-1
0x0b0811553089b87a1a48fc6ac6db691db6356da1e4a240b73b063546ea7f7ce5,1777735500.0,down,0,0.5447574569718372,-1
0xefb9ea3bee69e8b4256c99bdb1325bcd30bcc1ee46cc667d4ee2c12c42ef1775,1777735800.0,up,1,0.5165483120505968,-1
0x114f2f47ec9bdcd741efba46d23a5cb53bed9707228c6314df8b98f6a92a9edf,1777736100.0,down,0,0.3570615463382142,-1
0x49fa1dead515e97e90b4499ebb77b256d48d8e75a1c36a38617e89e9cd97e111,1777736400.0,up,1,0.4789032227708715,-1
0x55739d0b1bce571eeaa387b0d0e2f128db90050d132822dfb73cd3d17f37947d,1777736700.0,down,0,0.6299495097075942,-1
0x7f1b04d5b705a00aac17613b571531b4621b01f44581682a50e27c7ee98d0aba,1777737000.0,up,1,0.49287805344155206,-1
0xdffd8f8eae95fdc3955d4212fe615af67de1689906d6a359e0d612e5c6704b8a,1777737300.0,up,1,0.7815715336459969,1
0xa9aecf0abddd3d428f83644bac09b72479caad323cbbd8e06cdb2d7671f6348d,1777737600.0,down,0,0.5755162100665484,-1
0xc3783a8cbf2c3b80f1aac48ebb607a21d0db4c5c99dcde97ed65b9eaa55f6045,1777737900.0,up,1,0.4393622475949273,-1
0x005cfdc1a392e37ac81f466e423c13d2b5485af4826a531ff56f3330b708e7ff,1777738200.0,up,1,0.570965490923304,-1
0x75f544fa3c7db8a952697ca32c6c19a412828839755c116b6bbeaeeb9a11eec2,1777738500.0,up,1,0.27998512615274657,0
0x23041544b4e1f54147eea5ce8ee62b2575f30dceb9e8e9d7d9a484e132325fd7,1777738800.0,down,0,0.7627371798066727,1
0x6f8a37cffa1345fae336b60814e14a6ac91e3cb269f27fd8c7e8acf2bd301687,1777739100.0,down,0,0.23941700187020942,0
0x4a5379ee58543799e7b42823fa5d618d2790e2edc18b799a2c68b3c02faf646e,1777739400.0,down,0,0.21819061292402628,0
0xacfc7f9fa913815f04e2de8437de57218918f2da0e718eaf100f3d794c912e20,1777739700.0,up,1,0.6341001906187619,-1
0x2a04eb0430c049b77cf7aa46477c1f4eb50d861baf09f37d779ca2628eb550ee,1777740000.0,down,0,0.8209732878119101,1
0x83d73991bb3337a8e7233172014e49a225c3e662ed243c7a8d41e47e4af7de44,1777740300.0,up,1,0.6945533191594883,1
0xd0b63dc91bd77191c39d5f56355102d51e051ad4a51292ddc8e8271385f0a68e,1777740600.0,up,1,0.8838996948329878,1
0xd804bf6a30954647f16d1581a28371cf31cf323b228914106ea09749a4c84c22,1777740900.0,down,0,0.10650797129514951,0
0xb9dcff4fc14ed73b68e8d19f53dd53331812c266d0ffc4220a18bb6f0f01a449,1777741200.0,down,0,0.3311097705284094,0
0xa51b2c1d96c51f3afce6313b78b698a9e8b1f294ba0784370d93b8220ca17408,1777741500.0,down,0,0.2692268738324061,0
0xa409d6b94f1b2845dd0e1fdfa9132ae830167759001d943cd7ba1d3e6a9919ba,1777741800.0,down,0,0.3359607025954364,0
0x1653287fdce07a663584b09ad2491f430a99e11e32a3eacbcd3bda0561ba1517,1777742100.0,up,1,0.7991005742058054,1
0xaa8e2b2e59529a49c55298d71042d68a06dae2092f239484de227e43547183d4,1777742400.0,down,0,0.4469995070498708,-1
0x8cccbe9b7cb3db4d681412e4c29969be5a7d58fcd437df8599c30ae691d11d5d,1777742700.0,down,0,0.5613226622756898,-1
0x3ef485d6ab73f60477147838f668319def175560793fc0a92e2e715367fba2a5,1777743000.0,up,1,0.889009408008798,1
0xdf2b25434a6a796ca394c4fb5ed5f78f01b8bfce3716850d72264010169a20dc,1777743300.0,up,1,0.8390853135773423,1
0x497d7b64d07e774023bfef3859d83590dc314340582ee5e051729babaa183861,1777743600.0,down,0,0.1127045652050042,0
0xa113d1356f977e16fa343b29921f5065841b77d91e585c7a6febfd0cefccfb53,1777743900.0,down,0,0.6437513940137614,-1
0x8a7f13809558c11a57cb8d09fd87b10c4bc2a64d86acaa53057c808c006df3ea,1777744200.0,down,0,0.4923791280613761,-1
0xd82bbfedaabb7320c2d9bb56958235d3fcc3b029c553f62eed160315975c83bd,1777744500.0,down,0,0.5497876048249785,-1
0x927c702bdf1d99259f4228e6f438e288fc191dcdf4b589daba31964a68dc2681,1777744800.0,down,0,0.6007484299356178,-1
0x5f8a183e837468cff343bac47b4b3baf9c5f9997adc3ac0ea126847fc0dc9f96,1777745100.0,down,0,0.4771341559209116,-1
0xa6fca86221c263f1466b4a1088629f302c321f164cc14a865c678abd4101180c,1777745400.0,down,0,0.11497196796962521,0
0xee469139a5f3e8bbc473b70b3c4c462464e29787d030a8c0aecbecb8d50e7418,1777745700.0,up,1,0.726392493504639,1
0x5388f5a2d7ffbaa51459900975fc74485b0ccfcede50781960d222a14edca9f8,1777746000.0,down,0,0.805802026959048,1
0x3d9d5d6569782727fcb39f81db1567ddce41d028af929f7441c2f7a6c037ea36,1777746300.0,up,1,0.6675333877491403,1
0x40942276360a25fca09142052e61e4919e126d20fec27526dc3f8687912ea4c7,1777746600.0,up,1,0.6575718861465559,1
0xee41e28c8253070e73bba201d30838909d62998d2fe3eaefb6340f60afa4a9d2,1777746900.0,down,0,0.6765741632050483,1
0x802a7f356e42a5fceefb4262a4fbfaa4f8853e047c5fd12cd10aa074095c4c7a,1777747200.0,down,0,0.3760308702575614,-1
0x49b66e7f9bd0fa79d944d1592a526eb7db6d6a72887aa86a53a50ff3b32d48bf,1777747500.0,up,1,0.8806642183438188,1
0xf5cf4ba6ecfbd54bc3099f931b0cf114f24d7263d6fd99907740924f10f47b1d,1777747800.0,up,1,0.685318697528413,1
0xc84c3230cf28538a0405d522e51689cc22fe8d202a31a8e5b8ffffa5665cec9f,1777748100.0,down,0,0.6118047339470315,-1
0xc594e13fc0afb7b4b9cee783516e43aea4cec6a360060c3c29197b329ab591eb,1777748400.0,down,0,0.22834913315181005,0
0x4877e8f9a0a37ff5393f6c4e35b66afa41a3b154201c6ffa151f5e8122563503,1777748700.0,up,1,0.6385598026715135,-1
0x55c88a42cabe43e1aff8a5fbbe6b59053cada0f401cd4759dfaf42ce2084d428,1777749000.0,up,1,0.4593671835590087,-1
0x1a89393cc97ffeb18c20460ded9b7ca6d0aea73a8dc236bb74b061fb62b4397b,1777749300.0,down,0,0.43573002533645944,-1
0x25f7aa88283e16b5fbfe8d3c057adaa1454cde4be08556cca5b609f190080a47,1777749600.0,down,0,0.6026477834161522,-1
0x487d4b1b1e79db63a8198fe6845a4e29f3a6b109a288b9f578eed6b80812a560,1777749900.0,down,0,0.3699247680792882,-1
0x75ed31d13466af95c1d1c6e3989ae2e2723a5b1501c54b35f95fd6f656890844,1777750200.0,up,1,0.500214102140162,-1
0x47634f7b7f166e2f90f4a544f7b110196c4aaf4d04563066974f0729174058fc,1777750500.0,up,1,0.5411808927322653,-1
0x1af6ab4f9f8108105359af4cb238497a760a8fd44477f8788a1f177ed96d24bf,1777750800.0,up,1,0.8303274086821892,1
0xc7e311ee987cfe12c12ee6b3d59bab2928091d10e8d02375ef618ab80aca1964,1777751100.0,down,0,0.6547430749982209,1
0x3e4981b5f2107c25524b696fe2e0fb4ab81a481e672f190faf003eaef45ea559,1777751400.0,down,0,0.5264804452078039,-1
0xc63bce0d5aa33010bbd6608f07fab2778c90b7043c08494ceb3369ba68899126,1777751700.0,up,1,0.6119990644256923,-1
0xc7c9a4613b42f3b40c5cc930e2af8c99623a6c95671a4f7976fd50aaf702f919,1777752000.0,down,0,0.1509743713679387,0
0x582d7d66df9347ed09e5149cedb3f29f3a3bf357881600196122686108eb7f7a,1777752300.0,down,0,0.355796992092661,-1
0x170a988faf96ca7512483547c4d9ed51ea7ad3f198ce9858f6036e4049f5856a,1777752600.0,down,0,0.20693256453591227,0
0x566238c5671b0629f733e3f9048695ad976a9cf35aa0eea338f4a48ad46b3f2f,1777752900.0,down,0,0.575011434738338,-1
0xd7c03d6638202b2ee3c40e5e96d54aadee843446a7404cd2a8a0996a331e4d1f,1777753200.0,up,1,0.6778783153169139,1
0x52b1d316af3163539d0bae6ae744d22045928778f89e634bd356e80b3a6c8898,1777753500.0,down,0,0.34063012813335347,0
0x122c884bf1b7d09a3de1bbc3cc040f1dce010f01a4c46636dc25c8c81b941e1f,1777753800.0,up,1,0.7974757201239682,1
0x7ddc22c0f3b2dc054f3f86a550c8e5dd70f171ff3f369b870022b1b979b0ccab,1777754100.0,up,1,0.852090170575111,1
0x0c50799826aa9454538de586ce90066e7bb63b8bb76373c06a9491ccae0777c5,1777754400.0,down,0,0.2821261509377571,0
0xb844c6f1ce1a1fb8c2b85e59964e6a9a21cd0e359eed0c4183cd0eed46416ea2,1777754700.0,down,0,0.27240023419071324,0
0xec3a78f701e67a44a31487c947294b8590f2d5ced2cbcb301681df3c69bd9932,1777755000.0,up,1,0.7695267797568309,1
0x476b70c5f907f6dc86486281e5db0eef215a30e6074f6482e2001e1950cb1706,1777755300.0,up,1,0.2995849957544059,0
0x9d5129c62b3e57ea52a8ddeaa53a849e86acb5a7a95f85628fda90fb381da02d,1777755600.0,up,1,0.9128517517485777,1
0x9a7b6e580ef78bb350ac5746f454d9ee1e9a74ad53b0cd0829495f13e9640f6e,1777755900.0,up,1,0.9157825310636992,1
0x2a4610fe38b639b2be3306f6c985973dc8e65ce9902e4f61e8cda52978b7d407,1777756200.0,down,0,0.11921698964981946,0
0xaccea095cc0c90099340c8f058efae2f0d98f487cee5cc481133d669989e2cd8,1777756500.0,up,1,0.8267153514933768,1
0x07851b95717e4518bfe3ced16fda994e031e9dda069db73ad54348c069bfeaa4,1777756800.0,down,0,0.14064608323844485,0
0x02308c8289a3064448f60678dd15be2ab75f79b4266aca87e4ac50d93a339962,1777757100.0,up,1,0.78237061342272,1
0x66cdd676ce57208d9b17367c0c4738e9e020a31e5e5ff201b8f675e385b5cdea,1777757400.0,up,1,0.9183177417720919,1
0x0cf8b7cca60c76ad9ebd9b511e33f76781e038151377f300bc3fe7094bf0abae,1777757700.0,up,1,0.847142173105665,1
0x66d87b9fe37ba51b909df9a3efc7ca5d165f33e122ed0cf1834a0600a9dbcc52,1777758000.0,down,0,0.08758020746652068,0
0xb374462e0f49c41888ffe1d4dd9c19a9e0b03de4d8554721160df9716d74a195,1777758300.0,down,0,0.31202044329794043,0
0xbce1bde457ebbf5ac2769139f5b3a5d76a737247a98c6d3d8ad372fcd69a1224,1777758600.0,down,0,0.32541982365970473,0
0x3c297236d70b86c30810c5b924c1be1849f8c5ef9a48bdd95dd126f4c54d1d05,1777758900.0,down,0,0.8283281784664945,1
0xbda34a7ec294e0e0bdf842549f2816d4089b78881a4fb604bdf5e7792fa8a102,1777759200.0,down,0,0.6921436992013769,1
0x7ad600ea69bd479acde9b8dbc28a9139849150cc6d7e9fdc237f6c22c84b5fff,1777759500.0,up,1,0.7779430576719365,1
0xb470bae2438309903a6876d4d7b087dbe7d048cc3c4dd88365f4b1dd4a183840,1777759800.0,up,1,0.6258688561564891,-1
0xfd9d00ec5589b2f79e7b88a84354eed467b926cc8e393372b2344f21b5ecdaa2,1777760100.0,down,0,0.28875665185291755,0
0xe2591e9cf0896c57bff3b326caf352edb9b555ed5100fd948c1b63e4d7b1fadd,1777760400.0,down,0,0.5155006884830977,-1
0x0f040240728b8811340e7e359093d2b709c214b1c68098b91dd874ccffb4e0e8,1777760700.0,down,0,0.32782618883572995,0
0x8295fac63e856c0550027f0b7b10ef7938c233ac3f825cf3280c75abc3b66691,1777761000.0,up,1,0.7269580093176562,1
0x5c30aa740ce234b3d35827e397b56a4b5696a5098bc134ed4db1a03848ce3bb1,1777761300.0,down,0,0.6362534395799295,-1
0x5013020ac78355c7b06e9d989f679d2ddbb1b8a6aa8e131490c4549b4867dc30,1777761600.0,down,0,0.5620395549258692,-1
0x0b62b09dd95fae29a38e5cc9ae3cf81ee79d54bec58ee99336c5f29691d6ba99,1777761900.0,up,1,0.8667971620870225,1
0x11a5e1c11c2c1ff263f1ba4e202ed97bc5130de3ee37ad2c7c4327549c23063a,1777762200.0,up,1,0.9768595943838476,1
0x36008a9489485f7b5629536fda430c6a5851e6b8e58022a62d31b847ed5e8d96,1777762500.0,up,1,0.7572565946758264,1
0x309015c1120bf3ecb249ef3d9c7e19cfb15986c64bae8d2f98ec3069999bb06d,1777762800.0,down,0,0.07267325727272296,0
0xfde97d042c79372095a0fa97f444afa2a1a309648a52ddd128744e5aa502e709,1777763100.0,down,0,0.17270612107779057,0
0xa7f538eb96a2b680a9625d6a413081d8aae910c9bbf91679b960696ef42d9338,1777763400.0,up,1,0.26475324066303907,0
0x9e6e0976be5a7489aff2bc19095f2eef9c42b231236783fd50d0e59829468acf,1777763700.0,down,0,0.31435284231246335,0
0x2e4528da36047399fc7031db1a0c320551d6e24294cb4f978f27ce662e017bd4,1777764000.0,up,1,0.6443160017743788,-1
0x78e02f60dd460ad7036271833b6024f060b91d0c34d6b288887caefcdcaa93d1,1777764300.0,up,1,0.7626312497927024,1
0xfc3eeacd1a140b8996cdcba5987b55456da48062917c32b68e167dcbb9d8cdf3,1777764600.0,down,0,0.4815157768332777,-1
0x788b25ecdf010e530011baf8faf8e347ca231702e71ff55acc55fb40af1d6c93,1777764900.0,down,0,0.07527453378638485,0
0x874ebda8777785b3ab9cf2348d6356e6b4e3c802e621587f491642650927424a,1777765200.0,down,0,0.5874823833104827,-1
0xf0d6e84a47a663971dee894a7ce514b3db26468e8fb01c1402c225651cd87024,1777765500.0,down,0,0.15444378364630573,0
0x175db27f76ee757763b2f5656a120cf7f6520c82e0beb27245d0691960c8e18e,1777765800.0,up,1,0.11187398990158182,0
0xbf6f85e0332ba796341fcb7d8ff192f1e0d72b9d2b786b3f728a4630c6fbbdff,1777766100.0,down,0,0.25237763003075947,0
0x7272e31a360080e1729700e2aae157d8cfa194fe07d7775292c92e273ca42ecd,1777766400.0,up,1,0.8567664294342364,1
0xfa7bfbd514c0716196e991e0739661b49d297fab3869c36e8e9150681d399a4e,1777766700.0,down,0,0.17218781624616,0
0x662ac99d5ad3f0eaaaa061cbb7481d748ce76e34abac01b2a2184b49c2d21646,1777767000.0,down,0,0.10887627519250646,0
0xf03d8c9d3f311db9d0cc93e445414c6d4c2bd756957f7e7fcf5d4ea33e000b40,1777767300.0,up,1,0.16143694171261247,0
0x0c24547a818bd9c791a21d52020761de418135892c0a9b708eebb37a02a3bc25,1777767600.0,up,1,0.6750973433238068,1
0x4e6b0cd5a77b11a676ba5497e123c98ffe0a25f25e695be1533aaea2bb24c0c5,1777767900.0,up,1,0.8504919719203307,1
0xf65e1539f19a12e5e861cff44ecc4085fe0e719558606bb419a62334e801b3db,1777768200.0,up,1,0.745429283879103,1
0x6f21ed609545295b7b32c25de798a124336919d6f7e2660a5c4d6122348d7019,1777768500.0,up,1,0.5542115552556904,-1
0x3dabf33316b4e143ca0729ab0c98a321ea31f4cd24d3d7536a515295ad2299e3,1777768800.0,down,0,0.09391852381850194,0
0xa4ae96f601d431c3092c16e3a221dcab8a5490ab4bd427c2f28c9cad6b13b35e,1777769100.0,down,0,0.5178928657246741,-1
0x7facab79580390ff6d1f24e0ffe5fb89fab45677c1a49093d83985a0c96dfb5d,1777769400.0,down,0,0.22413852761718916,0
0xb6b98a7e14a064d6803d60ad80ed0f896957add2684ee1becff782b3bec2bd55,1777769700.0,up,1,0.8632649158463525,1
0xe32edc9e351dced4ed8f21f7b8855a4ecb41123c04324462c365ab88b65b87f2,1777770000.0,down,0,0.04129113819526486,0
0xa8a2b8a214ca11ea3802abedae2103710a5a55641a231865bf7937436a0a7a77,1777770300.0,down,0,0.44529896760492194,-1
0x700a9c5819c46e9a2059328729527871cac4816539af00c4fef3fd16df8013df,1777770600.0,up,1,0.4935880683237002,-1
0x596c3c09e5456dbf724e8f0c9f6ef8425097ecb77cdf44ea8bb5df51fbacc1c9,1777770900.0,down,0,0.43572595266903114,-1
0x847b495952329b83a799f8fb746ba53bca2c09e2a78b7aa3331f69d5bfbf1224,1777771200.0,down,0,0.2765687019580118,0
0xa1f8c2b8b569b83a63fb1f4ed5c633e2071ed36b7e00ab92edfa9857459518a7,1777771500.0,up,1,0.45461347653391315,-1
0x35c64d3dd5edb97ec9afc22e6d3327600f79cc33504808a5814b7d64ad6f96bf,1777771800.0,down,0,0.16505142626642716,0
0x21320e02a75b6956c9b5d36228647e888d67b5001eedc3548bfb3ebd97a53549,1777772100.0,down,0,0.4455548321549973,-1
0xaa5d094a6fa378744f98795c888e2d61b819610d64482cc2edeb7b1c1a3f4bc2,1777772400.0,up,1,0.6795807862375733,1
0x42ddda0be943b2c1e77c288459351da80c11dc87ca21030794cc6b9ba383a764,1777772700.0,up,1,0.6263565394936317,-1
0xcf550c321d69137843a9f074b66293b8037e16e874b1af742f8a53b7012cb2e8,1777773000.0,down,0,0.17431865790779807,0
0xc6e559b4f60df52d8de784dea534771d8a84ccf8b78a3e899fca2bf400783f0a,1777773300.0,down,0,0.6268858045980131,-1
0xecd14dc3104ac6f24af11dbdd9f0599f5755a7b967729f966d3ce2b99158531d,1777773600.0,up,1,0.5330834915710368,-1
0xf1e492632e0394c1efbd0b8d2306307ae4cbf67440240e86b97dde25246d6a25,1777773900.0,up,1,0.676599169191886,1
0xa49b96fbb3ff83b85000e85433b79ca75a274ff94a7bf79c4b8dea37101ba4c3,1777774200.0,down,0,0.09798883477919151,0
0x1ad835e6a65f2d205c11735238304202ee16d7eb403e328ffa35a6d47075cda9,1777774500.0,down,0,0.6142450583982786,-1
0xb482febfcb966033936a18a3773ed5fc9263611482626667efc0b43ae6537d5e,1777774800.0,up,1,0.6666887220473201,1
0xa17b44971ec02e850636d4616726a4941fcd4bc8093e06cbf7bddae6596b1f24,1777775100.0,down,0,0.3995349370918982,-1
0xda4e00e60c5776a83d672a4593abab3215c20f0ce515c2652f527bc0294b6238,1777775400.0,up,1,0.8641916872454039,1
0x488c5518c996faa235d67e819a25fd3f2ec615941d45a0a49dcdd5135c87f676,1777775700.0,down,0,0.25614233688784105,0
0x79f15e2d10ba2a278cbe87c6238d445f77369cb3ea3a6a4880546848d00184c2,1777776000.0,down,0,0.7113327685571472,1
0x1cd8d9b3463ff0fe610c221b2a87a2143d314a4e00006fdcaaaf76543913085c,1777776300.0,up,1,0.5964738101926194,-1
0xfc2ff4e56a62be3aea595e377f596196d71b61ea2e6324390dbaf0547629e37d,1777776600.0,up,1,0.576321504987324,-1
0x18198c532d8cc4f1fd47ff0bc564c9a80b0f45bc95fc7f4bef786d4d7539a0ed,1777776900.0,down,0,0.1707624785622617,0
0xa17df294899f1b700d9ff4a606aad273d0d95be94f55799567e09e83c1fcbbdb,1777777200.0,down,0,0.6492511082486818,1
0xe4a34273bc23c8d374d5860c4e11981eef6ef6b718ba626f9ece64b19656b129,1777777500.0,up,1,0.593496517663594,-1
0x5bd0ce99fbe3388ea87334af56e8340da689095f39ae6870943cc8b7e623d0eb,1777777800.0,down,0,0.11997570073716173,0
0x413b92247681b31063dc8aead74b938f4eaaae7744a735785ef2b6f8d7e76fb9,1777778100.0,down,0,0.4963153313096773,-1
0x82b2a4625305b5dd78ebe4b592771e5c6e3fe033e45fbbe098d0a4d2a931a73c,1777778400.0,down,0,0.6059238930996673,-1
0xdedcaea51c31a46674125aaa0f831f7eaae30d3d085b12d00c65c81c4fb30df9,1777778700.0,down,0,0.15649471728962602,0
0x861fac61ca79024529d5d852085447070d2df65b14bd97bc49a69868905ba4d9,1777779000.0,up,1,0.880879401530046,1
0x08017369167fd63021d7445544d374d00bb18907d53d44158778d121243cd588,1777779300.0,up,1,0.5755280465340271,-1
0x7b2a7e9f112872e475ff01e1ab1c4986df9d1a002d2e4023661542dcee21969b,1777779600.0,down,0,0.23220954706305574,0
0x69b23f163ca5185e710579ef8d3ac5cadec24b66883ed371b875763090464495,1777779900.0,up,1,0.87458737015429,1
0xf5ebd0bea93757d8ad3b7bcd4b179a1382a60b96555118a77e489791a6e44810,1777780200.0,up,1,0.4132744000466559,-1
0xea8a3fcef08d7ffcd28d82757b7f920756d415dc6d2756f6d6c2e510b2411481,1777780500.0,down,0,0.2696756177689031,0
0xc7af0459165884ca865dcbcba9781f02e89b0719e83007394c4a6b086c115e09,1777780800.0,down,0,0.41045351587305723,-1
0x7720759908acc91cbe0283838799eca10e806623d6a02b6bf59a6696baa2d565,1777781100.0,down,0,0.37589778904732274,-1
0x641c2ae899846707621885d2d2622534975657bc43867041cbc5b96a12faa8fb,1777781400.0,up,1,0.6844193172581392,1
0x60ae934165bd1d55c7c78c20055ce474a3461d8b271d032a1d13516a2afdd6b1,1777781700.0,up,1,0.8420194423690693,1
0x8ed7642bcfaf75ec2f01251a663e9dc00a82245dfb734fb8e7d8765ab560e238,1777782000.0,up,1,0.7822063500611109,1
0x358ff6cf6537c7802852401a84adfb8d607641a6597ba5d6d6923ea62fb49b9e,1777782300.0,up,1,0.6147203447451004,-1
0x6657d375a6e39895b25c95e1ee630ba440ec96183966d3309190fa0222dfdb4e,1777782600.0,down,0,0.7264497564606376,1
0x93310c6ba4fe8bb3bc7554999a17db66e6a5d03e91a5c8566c379f9a143f1bdd,1777782900.0,up,1,0.38941725029913116,-1
0x700204345688aa65460b7efd5c2e4f27b48ec189421fc1a18853d0fecb1f7adf,1777783200.0,down,0,0.12122039957137909,0
0x91a0156f6f3390ba9365f8997b42aa7530e0fb9c6da9b068312cde1fe10c3f0a,1777783500.0,down,0,0.39893572432865493,-1
0xee2bd8192a196e5a724903e2a1ef219a2115b9ee39ca6c678b6da660b4d8dc75,1777783800.0,up,1,0.6467865059020055,1
0xb253dffe513dbf9f62696fddfafb34a4603b2245cd5f4806df9c2d6f2e512a29,1777784100.0,down,0,0.19897391998581934,0
0x156023cd167671f9202f7af94b5ae8810d0316ab4e48083eac97063e14852371,1777784400.0,up,1,0.8355922862044569,1
0xf8021a3003946ca21779524d0f8aa4cae837b37c07f9a68904a3bd0067a31f60,1777784700.0,up,1,0.6060129565866353,-1
0x968e1fda58a1ea3bf7c8a4c9d80491499e0c618ef9ab1bd129cbc9ecbe23fe67,1777785000.0,down,0,0.3075363116952236,0
0xd8b817f21765ada7ac60652ef9a8b4beffb171a6426b7ff9066f66cbcabaf674,1777785300.0,down,0,0.4580323776568721,-1
0x32ea0db14a984a35473ffdbf7bf09e81a6fcb688e5a131f64c045e4f44af2fa9,1777785600.0,up,1,0.5251798056935731,-1
0xd850040502b80bbcaf7448cc84e158411ebb50fc42a8f1c313dbd0a143a1e92f,1777785900.0,down,0,0.6076108749742224,-1
0x06c500e54b90c15abbd405854fcfce459258f3f85ec358a5b0ec27bc35edc1ff,1777786200.0,up,1,0.7540283156868823,1
0x1c384a4b91fa37efc7fa96ae2164c93c53d8ab4e8657b9091b4b618ecb5d24ce,1777786500.0,down,0,0.37154380461458475,-1
0xf82d9bdc4e74ebfb6d9219553a6b0676956750ae86ee0b46c93e2fec2ddc1fdc,1777786800.0,down,0,0.7261016429075663,1
0x013b57cb0f317c7183d9e60677ede3570c6c4d5de16b2bbaaa78023d78ba7000,1777787100.0,up,1,0.6716423921447726,1
0xcb0a4a8492c343662216615d19231a21e8c66246f364a135d69c8e22da96156d,1777787400.0,up,1,0.7739765853767526,1
0xbee93a7d7643a7d0bcbb28448fb14dcf476e5b1b094d413a097fef155236f3d8,1777787700.0,up,1,0.4814191597129409,-1
0xc294bb2b8fa85e6f6413ad19ebbc21b51f1a83d5c6aaeacb66d4719c4b3cff04,1777788000.0,down,0,0.07969987819424298,0
0xde77c03532f8a2136fdfbad72c00e8dc30d8fb7d352c7f20046f4239d535bcc8,1777788300.0,down,0,0.24415943342455204,0
0xd8928e5baa6d6c4eab744745b958f826f2fa7f29fd6e892cca425b05f41ca3d5,1777788600.0,down,0,0.6149959402374708,-1
0xaf25fb052c1efe4fb811cee61e7ab2f7a64a745348bb10f45835cdb74a6c4ffd,1777788900.0,down,0,0.6447909802421684,-1
0x72e374dc44a01520ba87d997073c80dd387996ddfc67e20f50e776e18dee2211,1777789200.0,down,0,0.24339782096707335,0
0x130d3973b8ea4efdfc4a909dfc82501a61b9bf457431d9db935e4e1868d6fef5,1777789500.0,down,0,0.1308982301872991,0
0x0c637aa33cfd275ae562732d29b741c2c946c57d10960bb8ab649eceee3e90e4,1777789800.0,up,1,0.8081933117996895,1
0x69736787c293bdd911849ef7bc7b9fb368ddbf912b56054f16d0f4950761276a,1777790100.0,down,0,0.6248608473930662,-1
0x9783fd32fbc917e5c768ecf3ecc9f9e4095947bdf77077c5478c1eaccfebdd15,1777790400.0,down,0,0.10538238479042043,0
0x42e428aa1e1dac00e76260878782b10d8eb68a2aa3d0117bf90742cfb7782e0f,1777790700.0,up,1,0.6384494905629173,-1
0xeb34834de385bf77148e26bc6b0bd12f2cb2e4f3574e7fba2dcf7cbf43b6756f,1777791000.0,up,1,0.9192003394390766,1
0xe25197fcc2e3d92ddcc25e858248606ff46bb4aaf6845b032cd40efc367ddf37,1777791300.0,down,0,0.06075340104085125,0
0x49ef9f3117923b604ef07548240628cdc058a6385aa0eef6fb4802cacc5225c3,1777791600.0,up,1,0.9670345865954818,1
0x5895685618a800c9f4fd2cfc859f31c11db542a1fc0f2aea6c26a01e9e5c0911,1777791900.0,up,1,0.9509491788367661,1
0xf72be7bb5f81df650382d43955b3177d0779e63fbdfb93896e0984847f21ffbf,1777792200.0,down,0,0.21911378889473135,0
0x2946496fa7a88d89b66d00db721a403bd805c7efbd8f08fddf42cfcdb5e22f65,1777792500.0,down,0,0.2156291227890186,0
0x86b8581f8c96ed32c413ecabf015753d0c1b40f10204a37dc091bcec6d012e5b,1777792800.0,up,1,0.5649894588119992,-1
0xccfaf8d7bae6b19435b65ce79fb7df612823d277099f237d2f232d99cc8790e8,1777793100.0,up,1,0.7257579825951421,1
0x899bb67ab053d60906e5953134781fa6cd3f49012f3ddac330d49619f1349e93,1777793400.0,down,0,0.7427964228134327,1
0xba2c3bf55116c6e1022248c6aa8c69068aa6ab922209e0b4eaf4be6eb897d35d,1777793700.0,up,1,0.41787116078648295,-1
0xcd38b3d53f7edda7f0c215643e11dce5e2436f68d05d7415e181c2f6c02f8029,1777794000.0,down,0,0.8096750541908829,1
0x39422aee04ae0b14e184701ba90ad3a917c1007fb6edf63a6d8847e0d688f372,1777794300.0,up,1,0.3014490836833629,0
0x741bf07f88f29aa5a401a2704cc20037faef1062aed6051527dcebca01545364,1777794600.0,down,0,0.3838739579954827,-1
0x9a7bb4e4d2022240f9da3d997791ac5f2cae5acfa9f64976ccabbe3014b669c2,1777794900.0,down,0,0.1658537049184616,0
0x38f7191318a9295ef9f6c891f1b7df0cd1272681ca0d202eaad58908edd0131a,1777795200.0,up,1,0.804372933765327,1
0x6b0fa7f2a336d583c57960cb3c65c7ae205e5f1dc02cd7c54c7454161089156d,1777795500.0,up,1,0.7444388582236514,1
0xc6c224fe6e37bff14cf86d02fb117f15bba28c52c22c79d9db8e27c8caa44425,1777795800.0,down,0,0.1702553534136089,0
0xc74709ae897c434ac6e92bb2da115ed49402103e3417e88393cd5f6e2ef81fe9,1777796100.0,up,1,0.8857816594983637,1
0x40a33103d9559bd74619924934f1231fd90b55bbf273cf55baa416f1845c4abe,1777796400.0,down,0,0.700117815080312,1
0x0a9a3fdcb1225707567f88ee77820301613243a9c4eb584d0c232b2d64a88aa0,1777796700.0,down,0,0.4870862382883243,-1
0xc110a65e771453d4c5608c52127db8c0a13237a5361a95ba700ceeec83836f55,1777797000.0,down,0,0.7119480974312563,1
0x1b47aa9aecc06c4e7931116250d0edf66fe2a34c3f47e06c96c99fbf26f4884a,1777797300.0,up,1,0.887279179394182,1
0xf39bb6b6192dcb28398c073e44450a02a041903a2a78e4c8fbfa0ac35c0496a1,1777797600.0,up,1,0.378261852522056,-1
0x9e52c555826609d4379d8dede0ec2a3ef070594c414bc956816dbe35868f6d5d,1777797900.0,down,0,0.4063801072310635,-1
0x4579d0c04826ed2ef3c4dc7f36e8dac9db606ec8fcce4498428972032970f11e,1777798200.0,down,0,0.3455290757874192,-1
0xece4ebcdc9c101618767c57b72ffbb2019de5caaf38f8f2ef5319fd610ef7ca9,1777798500.0,down,0,0.18670286156993973,0
0x0e181dae5bd4d1288030e89716def68d6fe6ddd5d425809f62b499b707102716,1777798800.0,down,0,0.2596635398441623,0
0xfea740b185455b99ec01f185e70a122f2204beb480b506e4bd73daf7347d4c3d,1777799100.0,up,1,0.846946859994987,1
0x2fee2449af76f32edc0ecb8e0dd44b1259cbaceb1a0cba893aa89721168845ea,1777799400.0,down,0,0.12121603080415133,0
0xceb887b1d31a1cc0bb423cde705b15b751b01be975241e96efa9cd650c3ae446,1777799700.0,up,1,0.4616524948090516,-1
0x8cdda782ff750e32a0b7e1fe569f8fb217ce4e364655f7776f18304e2da81be2,1777800000.0,up,1,0.5577911221670832,-1
0x466279286151eef9a7060b2558d09495b72affd73c50e9b2781429c442281c58,1777800300.0,up,1,0.5209871971871937,-1
0x67c229802bc7fb25e5cbd62ca5640032448554c4045c03972b8f84f049195fae,1777800600.0,up,1,0.226261364815109,0
0x73871af66e69b4d19b55a9a2f42ea81c2b8234604b477505b7399feec9e5be2f,1777800900.0,up,1,0.5566198635229461,-1
0x4be524347358de47485c45cd25336e8385cc1d7665631e361a11c8a7ff97c054,1777801200.0,down,0,0.08081671502955214,0
0x532600ed21874958840da6036aec0a463d3ee4905d63818bac11f58bdc252198,1777801500.0,up,1,0.1358693185772712,0
0x44bf5e983d799b76ae7cfe4bf80d148927acdd00ed88abdc9b4496bb54b23cc2,1777801800.0,up,1,0.7400094404695116,1
0x5cc0c7acdb92acaaa78da457bd09eb9a6304fe6a17d6071576cccc9123d51d61,1777802100.0,up,1,0.4059890616674602,-1
0xe19adb3753ef20fe11ff77419e65a41ca1332798f91329f06a6692637608b3f5,1777802400.0,down,0,0.11502120851144558,0
0x72df16d7e521b805eb336dc93fa61d4895ef3a5d4fdede3a2bbca91a26870b30,1777802700.0,up,1,0.4740748554112415,-1
0x3722c6b611403c943f46542ec7869d22e2743ef7bbecaa10b96152f88045faa4,1777803000.0,up,1,0.5050744862799111,-1
0x606d929d0c1977acad95953562d89945a0b05025f041a900c1e14cee46c1d882,1777803300.0,down,0,0.2579921379037099,0
0xd5e754e63fc5c5cfc62139c6db833f92a09bd56d53b27810f47fcc5b6dbf016f,1777803600.0,down,0,0.3357400684915341,0
0x05eb10cff820a50838e00ad45ea7de332c49f14501998b5f082308663c687133,1777803900.0,down,0,0.3472992132329681,-1
0x864e6fd974a28cf9a52057fb0afb29cfd88fe4fc5394c3c42c582f2202b52636,1777804200.0,up,1,0.8691211716924455,1
0x3f31e1a180779747a2b85dfa958b727e54d0a89047ea8270004eebf75e767cf5,1777804500.0,down,0,0.1935684089545051,0
0x6abfc328e292e44680e4b1ee4ed5f14e04322810e4dba180374c74059f37d248,1777804800.0,down,0,0.5862082151600875,-1
0xea5e516a94270ef49dea680f6e5f50bbac4d6dac7a1e5f50e6bb2d42e3e4f67f,1777805100.0,down,0,0.1288958975311063,0
0x2fbd50e5d23550088d1dce1c6148a1f88fa2ef02da9d0d39bd01583a3e348709,1777805400.0,up,1,0.7729395888022648,1
0x13ec946edc0a27b3c857af4d0cb8502d0efb73614652c8bec438dc9bba8e5d3f,1777805700.0,down,0,0.3925903877239874,-1
0xcd839ff3439d2521d2843423a2d2204d77b4fa71248738e4fc3231491a7a5ea4,1777806000.0,down,0,0.2687738502276151,0
0x7ea9b2091d519cc42f0276091b53a19feb400dc533a5dcdec092eeb5d25c2cd0,1777806300.0,up,1,0.6926265883071322,1
0x2b567ec069fd5d1eed1cb8471219aba6c217806e081ceaccc0710ee802a0bb1c,1777806600.0,up,1,0.9997476427074677,1
0xd302b46165c353880d08eac408b49f566a740d39c41203d8cf48ae983adc49e1,1777806900.0,down,0,0.5625056955972154,-1
0x76e70dc1832d21e78186ea6a636689454f9cecf5f5a3156a11c49d6157f50e75,1777807200.0,down,0,0.11953848836381764,0
0x7fa04693699ca66cb6327e454a9b1e9a5f709e3151432ad8aef78763ca1ebf0a,1777807500.0,up,1,0.7750376743623496,1
0x2bb552a09791f27ffd02dc36b770bafaca027b3161dbb46237b532b6675e4b73,1777807800.0,up,1,0.5024091601739556,-1
0x20503dd84b2dea62f1bd320f21a635ff429fb7be4c28d98f12d98f798da5439b,1777808100.0,down,0,0.2774869335657367,0
0xb37483daed0508e07128a4f29cd26303aff722906c65b2c5f1540251c6c5df70,1777808400.0,up,1,0.7036565746508089,1
0x8276c226378e910a16a0be7a66bff65c1437ced105b18a09703dcdb33812b3b9,1777808700.0,up,1,0.19158968260624473,0
0x09a2c38eb6dc88ceaa6e48792e9eed3080e38bf3e91e708d61163ec08fe9f462,1777809000.0,down,0,0.11023096549306309,0
0xeabc2435bab417a95693567cb69d29e0c67f546a30de31ac8dc87c422167e216,1777809300.0,down,0,0.08381282454059362,0
0xadf272d36bcd386b3971dae2ae5d3729ff2c55c9970a6ec5ce0142e261179840,1777809600.0,up,1,0.7383096712935111,1
0x944b78be578a63a6e4bacae5b99a41641a83acaffcccbcf3fdeeb0f4a93ec307,1777809900.0,up,1,0.7460025748225254,1
0x2640a30a2bccd27b509b2325d491dbe9a7bd9f89d7c688a1c7179bf7ed09a74a,1777810200.0,up,1,0.7348959908820116,1
0x7274060be1bd5462e2fa191f29a8a2a47f6688b2995dbecae2e401e2a875344c,1777810500.0,down,0,0.0660952660793632,0
0xbedcdf1f358a39fbf20d8538175d0e2a840b449ef3dfac6e279033f19960bb4f,1777810800.0,up,1,0.561012911919824,-1
0x602c1238e0697fae7ec408c7fddc4393fc8b7dae2e184ac3e4e7bffa92c25e57,1777811100.0,down,0,0.3386674919779119,0
0x7b6ec5c0e0eb77b6e75c6e9abc2b7a3fc96be81cbdd89b3872756cc1be889976,1777811400.0,down,0,0.10696104029834909,0
0xd969a3f483798c012da7de0f9bb552e9bd2464969ae2485129a1b93c407b5371,1777811700.0,up,1,0.5914493293416104,-1
0x874098bc113334a0921f1836ae1ec0acb93cc38e9ce80b03add94fae5a04637d,1777812000.0,up,1,0.569658236914118,-1
0xea0e94afa83b97d21092195575b5943dc92b4a96d79a19ca72529048eac45e3d,1777812300.0,down,0,0.23063219846238808,0
0x90546be6bbe86a54be2df2b95cec279131cd5e61965e8cbab67b8026b024bd48,1777812600.0,down,0,0.4947861947275974,-1
0x861b5a380d5e11bcf6ba2e8125438782c1beeda53d070f77761aac0f26d77871,1777812900.0,down,0,0.1738267055963283,0
0x78896b55bfb1bcf3f705995351c80beea85cc8a54b5e53e4b94d9688f709c432,1777813200.0,down,0,0.3759256784789449,-1
0x9f10efe8cfc8cc2fa1f1482a7d93c136473e2af2cfad618f9b54a826a9d86847,1777813500.0,up,1,0.4579840505141856,-1
0x68f2eca14f8dc340a50135cb3882d47d9407d1c6555a4c85299bdd242ca979de,1777813800.0,up,1,0.7182678590898968,1
0xfbd8d89129809fca5d69624179bc455f62dcf31a5900b256a7d5c7e608f89afd,1777814100.0,down,0,0.17714479850789153,0
0xf1d9f1088ece29e0d4f56edd4e22050a5b5fc7b926f8e7843db246a013395211,1777814400.0,up,1,0.2960739071810279,0
0xa8b0cf4ff8a3f4bd2092281122fac87483a8d5e02f92f0a4669be6db6929fdf3,1777814700.0,down,0,0.18967426713074803,0
0x87147353eef977e96dd8be192585a6d06a2fcb5e0929b77feafa278b092e6243,1777815000.0,up,1,0.7997344620474542,1
0x0f9d038d2c51ca8e0bbab01bb47dd7f1b232cc6d95447bf9329f412e785a8e89,1777815300.0,up,1,0.7296122182627371,1
0xcd05a0b574ea204ad497ec7b9d2cad3160fa00a91f355912100d63c35d6759d5,1777815600.0,down,0,0.049875746498021456,0
0xae9be031d8e32ec9b1cb1e6dc06441f6245f6981e367d11ff2bb2d2d55da69db,1777815900.0,down,0,0.6352276742298267,-1
0x1c8f263f6ebfc13982b2b02681fe673ca73366085a2fd490c8418e01e2259120,1777816200.0,up,1,0.9046815426402988,1
0x9ac60a9f61b3e588bd5b810d4ff832da8afdf1fe1bda713eb9022540f8d35f2b,1777816500.0,up,1,0.4696587096926853,-1
0x5c5014d49b58f95821f908603e41109a7715903e88fdb311d8a11c4316344f66,1777816800.0,up,1,0.8463552522458048,1
0x6b3cd91018b9b8a924aa1d2c5458eb79849373c976a92069c16d1f1af01564ad,1777817100.0,up,1,0.7146572649330128,1
0xacd17e42b846263c735155364dec7bc3f386c0049636be6f64c01eded3784021,1777817400.0,down,0,0.15721325793921484,0
0x787ae7ebbd059a1ffc041bf9e499879b965d06931eb02032d7f6f64ac04d16d6,1777817700.0,down,0,0.3506328438447775,-1
0xacbe06a747ab645a3e2007aa29e636d9bce25910c89b78e2301e335ece6553f2,1777818000.0,down,0,0.10753773349255263,0
0x0648798ad59726051cfe8160ad4d669d0a8c5cca7948c94c0b655d713f284747,1777818300.0,up,1,0.7266653857078949,1
0xf79300668d65914c0d666df163b504604400630cdbe55841cf683d82e5757dfe,1777818600.0,up,1,0.5449832964960346,-1
0x7dea9baaaab77cf84abacb1f0f641786cd63cd6135e21a24936a3733b8bdd0fe,1777818900.0,down,0,0.664201828918623,1
0xca3f72dfe2c3eb902fc6e387f4fc6ecb7b089ca524facd14ed40049749e80f0d,1777819200.0,up,1,0.5024034745970963,-1
0x95632be8488ac3528aa397fde5400a7d9b524a6e5ac8bbb050f0289957b97da6,1777819500.0,down,0,0.546191933107942,-1
0x2dc78c1a3339b51dc51150b987579c0f2fcb323d31e5b41f673e5b6d99da77f7,1777819800.0,up,1,0.5225110358441445,-1
0x88a4cf4df0aec83e280dbd19806f8a3e2688b1b10eab3867c3dc37e179f44852,1777820100.0,down,0,0.4235935722415971,-1
0x362da6d5ec6072ce0792bb3ed9d1e868e55fc5561b71586272e3587ef8907e7d,1777820400.0,up,1,0.6879637856724127,1
0x0bf3cb5c7beef897aba48278aecb74122c59f48ff8b0550ef28abe8c81c112a7,1777820700.0,down,0,0.15077488429557948,0
0xfeb505e5d05eee7f66c12067a854987860f8d41e8a41ab182e6c75ac5bddbb9d,1777821000.0,down,0,0.1554820327962888,0
0xd0efbf8f1192c1c3675b73c60193237a0ce539bc219e156cbf32cd3179011941,1777821300.0,up,1,0.7942702252154797,1
0xddc8db3a9ca6d48fa016701f3cdcced09ba9d7cc7cad05fd5df0f1d86d938416,1777821600.0,down,0,0.07703171155805695,0
0x7206a9c33faf1f9093bd96eb43935227f6a3e841b67e8d998b564388d7f27c35,1777821900.0,up,1,0.6765664301772722,1
0xb8e70a4591be146c1585a1677459c72dfa1ece23c146069fd727e041c86f177e,1777822200.0,down,0,0.12869755925392004,0
0x9ff910b60f8ab49a9c86b0665f33ea59a84f1fb18509c338cea91079ebe269ff,1777822500.0,down,0,0.1363981733430288,0
0xf6757ef2dabc37c5e46b5123920f1203d916457efc5f08ee13d03a42efcf00aa,1777822800.0,up,1,0.5633314734515157,-1
0x9c7a0a96b68dde82762333de72c1387e9cb5164e70694506717e12f94f483616,1777823100.0,down,0,0.6163823346095061,-1
0x5b96155569586070cc37fb0f1458b6eb04d75a86e77ebc758b43e2de0d696a36,1777823400.0,down,0,0.1578020126298725,0
0xdcce7a6241a3ed0644fbff8ab3b03b08e91057079d33e283ca2cc2ace677a58d,1777823700.0,up,1,0.6804744808976214,1
0xd26dd90ba415710267407435518f60ec5b891ec548d609d9524fc1bc4d3914fb,1777824000.0,up,1,0.5950700731683247,-1
0x13a1d1b9d6a0a790d900bc0879b47f67b280d5e683c44225c11ffa4185508f59,1777824300.0,down,0,0.08569360112923825,0
0xe5e713d44d643eb73fd9beb1771a6628e35552d0b6c2c8cc7ce17d2f935654ff,1777824600.0,down,0,0.4246203415574329,-1
0x051ec4f9ba9fd59a2ea5d9f8259519cd411773eddeb5f10a6c26fde1f127ab68,1777824900.0,down,0,0.2650813236323719,0
0x752af87e1ba5f0a2917d98da23c0a0e1234df31043fb7b6aa3c3ee97d0a44e7f,1777825200.0,up,1,0.30581718334461544,0
0x5469770f758ef724d65fd6f3cf87918bb8250ad0ccae6fade23da7c477c0e47a,1777825500.0,up,1,0.5463352117288534,-1
0x416483d67da3ddd8f8f35c9b7766a2626c69785eee460c84512d6a8c5c4b8934,1777825800.0,up,1,0.7771592390691039,1
0x49977c17de5367f731c3d18b359bfc5ab9c125ab9da9e8bb5226b218625e687f,1777826100.0,up,1,0.5852235632648588,-1
0xe7fdd8934cdfe2f552edc4c581a3c6bb3b7a3b687b3cda3c9e33dab82d97843f,1777826400.0,down,0,0.2881228382859596,0
0xe02541706d9070e19048e19760a4e96c05716180e3ab15ae9914052fc3292029,1777826700.0,down,0,0.3334442508539179,0
0x30de522c086ae11543cf05ef6543f8039053571dcb5d57d4e13bd376a5c872a1,1777827000.0,down,0,0.4626943905383457,-1
0xc13d8a76d22414c10f4f9debffe89e806b0e263dfd644d486e1ca6c913d93421,1777827300.0,down,0,0.565662877882432,-1
0xf77cdd5975ddc7a38d537caf679a935861c68b1fc4db7dcdb2d95d2f6d69418c,1777827600.0,down,0,0.06979360398266474,0
0x400f649ff51d5707c13609240feddb7a39d2192db4b035c6d9437f2bb82f494a,1777827900.0,up,1,0.9350351943109733,1
0x0d63d0b1c0e71cabb06452b747589cc6032c7fe1a7a2860bd33a62d184eb4bb0,1777828200.0,up,1,0.953648443457971,1
0x2fd3ca5ae0dde8e020ef0f3f13406c8a9486c174bc732e01f38d1a021148eee1,1777828500.0,up,1,0.7031643624285416,1
0x19c2e821d8ce484fa1beef5a0a31b5d2fd652e952f054714acb8e3703ade3178,1777828800.0,up,1,0.1508262406522445,0
0x03afb756ce58ee2e30f0cb2ab3966f9872f3c4bfcf002d3139ca08525c817737,1777829100.0,down,0,0.6331052337459454,-1
0x0702f87abc413edb00cbb1b0a269766f715daaca958806e5949e1a4dd047f9ec,1777829400.0,up,1,0.5058743750546577,-1
0x6886ccfc53c64f3dfe28a655269deae16dda69a0102a544a96041b7d170fe2f8,1777829700.0,up,1,0.6083231031904037,-1
0x1472857bb795affb1fd9c4de0cd0db7baec35236575af5124071d4202d4badd8,1777830000.0,up,1,0.6685146254381856,1
0x5251ede00a8e5af17d79c6f72ab551f37cdde4fecb91d647c259d8ee6ba45258,1777830300.0,down,0,0.10735541609104539,0
0x458c61eace6fac78e298c871950e6987f89b8f15d1e0da2f3f0993ab610512b9,1777830600.0,down,0,0.1286889011091011,0
0xaa01d7060afb5f0926aa8541ab69efe640f698a10f356bf7de507805521f63e2,1777830900.0,down,0,0.35165760135286345,-1
0x83c042a7b671d9a19d0eeaf26f92927fb02f730e5f9d05f4336659b53f46dbd7,1777831200.0,down,0,0.20204594408823495,0
0xc5ed5f807ed460c58d09abd979f1675b7ba435522ebf46069f270c9e95fe8df6,1777831500.0,up,1,0.8064545399858111,1
0x5d366e6ae69d7e0b1206594b83faacfc2f60560251d798c5bca919f2df5d2106,1777831800.0,down,0,0.12929179801079008,0
0x9bd5357882b23c65e3bda61c095fbbc01da57bd66937db08c1e53206bc4700b0,1777832100.0,up,1,0.5633196690699394,-1
0xcfb4e4ec634bb8ce6b24d95e042d80b9185eca463980f6b7ac9f589e2903b240,1777832400.0,up,1,0.3305715795564111,0
0x5854bb8bda88f5dcaa0dd84148317974d422e1642950c45b954b5e0e2654b67e,1777832700.0,up,1,0.848501643079416,1
0xa596714c3aea831bd9e0b5de40ddfa850417f2c3b388511ffd86b2e8055dc298,1777833000.0,down,0,0.1602509411955002,0
0xfe70292e34a186a0f34f20bc0731b05a567cba5cd1ab43d6758e7a5a1747833d,1777833300.0,down,0,0.23540593668847623,0
0xaa369dc69746555deb325a7da763a68e5f4d2762b181daf10a97e4063116b9eb,1777833600.0,down,0,0.4029932048470502,-1
0xeb37c40fbb34d7df87a23cbccb6444f7ca2d282910e3d73d06dfb132fc621ac1,1777833900.0,up,1,0.8908232637645567,1
0x99b34e3a038395272e1f486186606c15cc5246f6117d631bc032e3f8843c045c,1777834200.0,up,1,0.6914909519557207,1
0x4b91d70263f97e462e18c388e9dbc2e1e81fba0e829af694d6584c0b1ee45704,1777834500.0,down,0,0.27259508224808665,0
0xe085b66056c0d65be35b54f78ad5c002865e428aa0baca53bfd77ec9d9a94387,1777834800.0,down,0,0.4647080275822426,-1
0x06adad326ae2b824b3a1779af4e9657424a078c4de891d16ad32136274819709,1777835100.0,down,0,0.3810444758239051,-1
0x048b11097f889ce63bbbc0261265f34e387f80042803a90aa61487663e24120a,1777835400.0,down,0,0.14199227178834212,0
0x7f2afdcadf27b41cc1ec83132125a6a8a711f130ee7c82cf0c6b93c08aa94370,1777835700.0,down,0,0.32142053486459016,0
0x848fd6d2d674b5fe931e3642adec534e8c8296c683bc488bdb249106b6b251f3,1777836000.0,down,0,0.19606417523117847,0
0x9d2ffcc5543f1a478faad0e43156bb4a9584e361b70a0fe985e1bc362fbb8e27,1777836300.0,down,0,0.566968316951248,-1
0x9785d87f5aeb753b514551eabb20c64e877f0322963a2e8762cee78f1f4085a8,1777836600.0,up,1,0.2867351607299105,0
0x6ec2549a4662a17fdf2fd5a553534aaffdd61edeb24152bec4e3b6a24b171759,1777836900.0,down,0,0.1121225178968903,0
0x6bbe45968e9832145a5a277ee33644b990f91479fba17b065c1631166bbb9678,1777837200.0,up,1,0.24202560112509097,0
0x5e1cfcf5ebe9920e52e4858935bfd208901ccd5bc78073e02018515d29d326b7,1777837500.0,down,0,0.33365333329389796,0
0x1d1fe89a5cdf23eec85812c24f2c4dba27f8dc4eca8b29f00f858b4b37b12a0b,1777837800.0,down,0,0.46840121116885963,-1
0x46fee91f40b772ece3bbf05cd9c49e4d7191dbc1290d881a44333475fecfb839,1777838100.0,down,0,0.35223760968362294,-1
0x6395ccf00f3ca816fc8487efc7d263c49b89375167a1204f7a5d294d0743aed4,1777838400.0,down,0,0.45604373274919696,-1
0xf3da3f5e62bc68d23b67752bd4e4b9472179c6db6e7cb2416ad6fa12b038e6b0,1777838700.0,up,1,0.8166593129240246,1
0x5eff21189505608b357f5b47018aaace91a9932ce7511d55a66ee13758b4b8b6,1777839000.0,down,0,0.7764159321914279,1
0x27f9d0472fe64710d05049114babba997ebf108ee210987f0c7e657df0ae77b0,1777839300.0,up,1,0.7533423363981906,1
0xf5d51e6bc5d1fd83b5f48eaa3da83654028e6515bd29eae169bf923d20cad017,1777839600.0,up,1,0.6298195021712784,-1
0x914a12f19026dcfc87533886dac4ae9003e5ea6c206dc288581a24b51dc4c7f7,1777839900.0,down,0,0.32449799578000077,0
0xb6e6eaac7107e73e871a7fa490545729689e071c970baee321210d166af24ae2,1777840200.0,up,1,0.3265304718592329,0
0x7ca8ffe259c390e885323c6b773b2018ef3150f59a189f66f14eae815b472e9e,1777840500.0,up,1,0.9959448503777253,1
0xfc31137ce4da15a747c6fc671f8c1c487baba6c2aadfb6351b8ae73475a8a23b,1777840800.0,down,0,0.1586062997921448,0
0xc369592a02e6477a42ff1868fcd38a0ec467bf248c6a5ba921e80ba7de4cf28c,1777841100.0,down,0,0.16975340720483292,0
0x2a7d99450f6152f4d6fb066d4be2e0f4b0e044fed643df1a59316055cef4856b,1777841400.0,up,1,0.8679909790012604,1
0x1a101e311cfb2d536ee785470a8b9763f55f8d2dd20cd83b7b962ac6d08fee18,1777841700.0,up,1,0.8161245484304893,1
0x2ad10903bafb0a7f77fc66f1c60dd48265a9b2e5ab090b687d7b40db302362ae,1777842000.0,down,0,0.23518862508501373,0
0xd9a7732f92eecafb49b93ba4adde7e8e8d5db57bf22c7f82f55498a56b952818,1777842300.0,up,1,0.8849346890376845,1
0x5bc5bf771c16fca10b2db24cbc0f7ae91fa8451232856a889767cb080ab8a784,1777842600.0,up,1,0.9689134121424458,1
0xd849d8b6ccf09ff4fd29feaec642115f7dfe5953d4bfde0cd34db38ae837a95b,1777842900.0,down,0,0.304853388025461,0
0x87c5fc665a3924c42c1e26012733419962643ece76ead5a1e6d49ba7a568e91d,1777843200.0,down,0,0.25481422639340295,0
0x3084796bc32995b57d47f5e2661005f48ab95012cfcf7ca68bb792d34b504e66,1777843500.0,down,0,0.091556560864356,0
0xbde65e198495a55aae2a483fe0fda916661d6736b5a9e859f1d358e195b97b2d,1777843800.0,down,0,0.6011927002607312,-1
0x43e442b03014fb06afeeb8e7b8050cd9be336d179ba18043e43322305b1b1132,1777844100.0,down,0,0.11131079685798648,0
0x29492930a4bfce69a569cf72f7ce45500342e2e03e686d1425a427ee4c578fbd,1777844400.0,down,0,0.1607790977853589,0
0xf7986e4f01f878a1a4d3ec7764131336a711919dda49548ae092124beb95a0b0,1777844700.0,down,0,0.5461673856063078,-1
0xb575c2028b52a9c89b277f27a7bf23d3ebb351ea9fb6e3484a8eca154f84fabb,1777845000.0,up,1,0.8241563133070023,1
0x373aa077502f52e6a78391f1f69f671c2f119b7bd7c88567401044a0764109c6,1777845300.0,up,1,0.6239806738776261,-1
0x77fb2f8309788da3321b3f6fb1590117d51c07fdf231f9cd52017d1715e595d7,1777845600.0,up,1,0.9930262937299378,1
0xc1d7c0d651d975b754141a44c60a546072e01294c3858bb48b0c62d899c0da41,1777845900.0,down,0,0.03404136981400062,0
0x28e1af5aa94c36b74478603fd559d096536d6648d84fb56b1e3fa70427be1c15,1777846200.0,up,1,0.9652592088700058,1
0x57a71b16713c53182ee736c2ecddc2a6677caac5ac695c126b9434db2692a360,1777846500.0,down,0,0.10813836435876838,0
0xfdf92102b80f66d91ae621f84c54bb39e0c1e02ba37c29e54b9bcd3f479dcc44,1777846800.0,down,0,0.30668398472615105,0
0x86a5560fafa50b0deb9ab1369a961975589ddcbda70f3116196b278a2f87f70e,1777847100.0,up,1,0.580335145347823,-1
0xa93162edf1cabadd28a50b69cec144ffea12e706615b909c988bcfa667fc7981,1777847400.0,up,1,0.1987914247120861,0
0x1e9be17e9f78ac6a640e1a1a70b37610588128f659fed922767620a2d1d57e25,1777847700.0,down,0,0.09026240850202633,0
0xbef0b61df4d5ceb18ee887e3ff0419d40cb470efb3b678580b48aad19caf3755,1777848000.0,up,1,0.8475834057993965,1
0x55b8791988dcefb9e1d37b94f80d00a92ad009599b86821ddab0d9b49d7debb6,1777848300.0,up,1,0.9027212040387105,1
0xc821d3af5007876462f8a9ed317bc2c0e493022e658cf9aa9740e940b6554807,1777848600.0,down,0,0.11879458744946825,0
0x7d51bedaf60ae4cf69414b60dfd89bd28a7c03349f7612f9f2312b5b8516b666,1777848900.0,down,0,0.5250229216874363,-1
0x6020d08b706fb7febb33352b49de51f66a69af0c368ee92110545c759d1a2425,1777849200.0,up,1,0.43805873926057814,-1
0x79c76e700c3cbd792d6c2709e4c04fc5515e227a14a20001f0718c53b756864a,1777849500.0,down,0,0.3662146557540465,-1
0x4566ae4ffcbe02362c823d6ba276775fbc3758d479f4b9295e63bf70e583d698,1777849800.0,down,0,0.12944464459864444,0
0xf236053ab62e60029f7f426c889bd5d1d8d014b2c6750669501986c458f1c0dc,1777850100.0,down,0,0.15285376828874145,0
0x82fda6c4bd5c12421679a3273a91a138918e0d9c26b9a2a740cad5b98a1589a3,1777850400.0,down,0,0.12291109227626139,0
0xcb488dc06bc0809f0b4358d21b38db70e3f4644f3bef104a0b910ad557aee850,1777850700.0,down,0,0.1985441056561676,0
0xd0a470ea1aad60730f2643cd2ee685aab349dc968496deed0a47d54a645de94b,1777851000.0,down,0,0.7431150812349765,1
0x174e9148f3e110cca2169fba99b092e95dbf07378860eacd33e030415904f1c4,1777851300.0,up,1,0.2840206167300068,0
0x0f4c98035a336e532922baa55fe6baa167a11b8399a476c4e4d781b5e1f5d621,1777851600.0,down,0,0.14962357344569435,0
0x32560de928df3774739b210d1d135d7efaa52ce53ce4908838ea66cd80069e2f,1777851900.0,down,0,0.3457457604154866,-1
0x4f265725d04c5f725a9580122454a5ec12894fb71ce6b5e4c9bf5565eede0de7,1777852200.0,up,1,0.6341178950194807,-1
0x444c7d8632bb868e09236c88636b3518b59d1a63683c46a4fab15b265dec8096,1777852500.0,down,0,0.2093196470954314,0
0xf9b2583a9778386dca67edf19ab445c45340a92c41bf2cdbd6223af744407da2,1777852800.0,down,0,0.07741261478107321,0
0x3f9790a636415d34c41645940d6012d94a62ab853b4ec21909d801c6677be1bb,1777853100.0,down,0,0.8226422343631521,1
0x315857d33b362060def64e0a45699def16c48b253b23fca61cbf1307f3007ac2,1777853400.0,up,1,0.38055885694160985,-1
0xed6a3322bc0a5537a31633afad73aec233e753b4040a3b5761f66fc61bf06854,1777853700.0,down,0,0.20461240951089674,0
0x8fc27b7f703fbde70c0e0a0f362eaae860be7920275182568efb48cc11251f45,1777854000.0,down,0,0.04762130214822289,0
0xe71641fa5514ff67b78d4f0bf263365660debf648c1a87de2728ead7e1cbd505,1777854300.0,up,1,0.2789928695700063,0
0x6cab3a439892711e14e4d5155ce37fd04fc4ff443c770369bc681cb8440f5422,1777854600.0,up,1,0.8223507352799226,1
0xcc2cb1bb81155dd1c3aa61517b8bc07e20f9b78b14cba40ec3a4005a843c121f,1777854900.0,down,0,0.34845901567135146,-1
0x9b60741574878bd81e21014cd6df84d66390e4d79fd8fe2fcf0a999b6b91a26d,1777855200.0,up,1,0.5461957595633902,-1
0xc2e328a71b0ef3032110aefeacffc30805906a777d593fbdeb383dd3a91fc558,1777855500.0,up,1,0.8186460582536864,1
0x6c613ae603b97052b56adcc87878c29cd5c2251e125b63c4d7dee8bc01ffea7e,1777855800.0,down,0,0.14450652505065306,0
0xf08322f6be9298c7891e6cc1236079f136cdd6198b6dd6a17a7fa16be86b9275,1777856100.0,up,1,0.912095424609221,1
0x78796385a65f80ed05010ee4112990f5f5e38a907bd3ef6a0b8625bbfb1393b9,1777856400.0,down,0,0.08378407645988467,0
0x51a3c17951c16e8626bd7f9daafd7a3b29832c22cc9fb3b005caebcac0437dfa,1777856700.0,up,1,0.7703410864421143,1
0x5257fe20afa5f8c52dfb3ac3d93fefab07464bd5a3370ee9712f49f97197bb1d,1777857000.0,down,0,0.1052765100940813,0
0x7cba6e626c5335d2843bdffada0f5d5a5d7a2d6571ca4412d9635151e1ad0c0e,1777857300.0,down,0,0.46833216515236553,-1
0x02dc62c41d76bc82a06f318952b396e348cb348cca8065c3a55ce2305e1f7daf,1777857600.0,down,0,0.321921185529726,0
0x8efeaea466d70b6bffd3243ba20e1aec2f75ce7e50990559173b889d79525cf8,1777857900.0,up,1,0.8316510827392973,1
0x49d350e56769d1fc58341f693570b0a2448b5cb182c5c987c54f42beb67daa13,1777858200.0,up,1,0.9723839039634631,1
0x8905627c62037e477bc2645515e66d3dabe5114000d7bc92901ffd72bcc0d99b,1777858500.0,down,0,0.10568236765480879,0
0xe1207c5e9649bc09ba3e245585bd9b185f55d352d2ad97954e6aa5d54207a45b,1777858800.0,down,0,0.5359228806286844,-1
0x6dc04bfdeb7c0140538aac6ba6156ba5f24f0ee2afb07f050820a17327cc35cc,1777859100.0,up,1,0.9199885742207328,1
0x2b15ce8e56d4938a4774161feef9dddfaaf7a82d6e9fb32a41b1379b871e9917,1777859400.0,up,1,0.9627767354375706,1
0x0cb291d78ec9d198fcc57fd1123ac5690a64bee07e4d0ae17ec4b5e99e020a8b,1777859700.0,up,1,0.8517662089178824,1
0x33f5f2574a64125f6c20715d9fc06e6b965f5aa0bf76cdd5201108a91acfbf61,1777860000.0,down,0,0.2324224975600088,0
0x693242e2116adee88d990ba1b060fa095fad160cdbd5c587977958ab556b8469,1777860300.0,up,1,0.70752070943017,1
0x429a17c6bd1fbb30ea952e9e4bc5835d37de7b1d30b6a378ade3a2527222e6e4,1777860600.0,down,0,0.3143380328482644,0
0xf6f11d1a645ceb111f4163df846271bb812f52af3cf316cc2c1b3c7ff79cd6d5,1777860900.0,down,0,0.07375550238543147,0
0x784c54b28fa08b7fcfb2e5d8b97dcb8c24f3438d4a94d2254566434b68275896,1777861200.0,down,0,0.4940584273243679,-1
0x631baf4da429c1ce6b471bffa4167a21081e307d757f5c5b69e858948c39a74e,1777861500.0,down,0,0.564456314179785,-1
0x6ec8ae31901d99655a30acfbd6526646549ab1aed47e9bf55042e93ca49167f5,1777861800.0,up,1,0.6329706668907666,-1
0x5c049ba0a2415de1d527dc1c25d23cd806d215bc9742e4b6e0511aac2095ce41,1777862100.0,up,1,0.8748498417749063,1
0xc1bc09b2cf68085bff2f4a5189572ff959724843288158cca24b409dd8a73d95,1777862400.0,up,1,0.9947134315213435,1
0x056e3ba89dca217a616668456b02ae53b15ac53870f1bed7fa364705f4b4ac19,1777862700.0,down,0,0.1843033981065088,0
0x549a7ce4fec81797cb25cb5bf88849d5540d0cef2ef7c90f647123383f05cf95,1777863000.0,up,1,0.8902854404050667,1
0x23a62aed2c0d1c6c925ce21cf6c32e0dc023020b8abbe905576152700d194be0,1777863300.0,down,0,0.8852079044361421,1
0x9ec137ac7d80c4f8f9ee86ebf9b80e0850ce95ed19bfd3d708ed3c94620722ef,1777863600.0,down,0,0.0965397719927094,0
0xe3690b640a566f72937a650e45db0a7f78ea949b5a887deeb06c4934148f36bc,1777863900.0,up,1,0.9474785930911083,1
0x4fc8d83378e82742ee50c644fe9ff4cab627c0b08e6ec6139e736cbb44eed667,1777864200.0,up,1,0.93131128688918,1
0x0a15bbb9c46919c9bd9c514c58cc1a89050cde30a06101d5d1c9d055e6b2bdec,1777864500.0,down,0,0.12653263230792133,0
0x23c956524c450f094d35b12f0da91738b23ec613d21d043c0aaa6a7ed8932800,1777864800.0,down,0,0.28074766494458214,0
0xdb6ded40e684f8c702810008d9e196f254400e095fa8e9ba671ffa91561dfd95,1777865100.0,down,0,0.1552088113881618,0
0x231dd85664f956e1c493e929a298c529946a2ec5dd9ed1aef67102dcaaa2f803,1777865400.0,down,0,0.1453171826225662,0
0xe8bc7ea41f3da47e2ccfec89a314bdef5c6d21ef01bce89578191da472704722,1777865700.0,down,0,0.3178766434969849,0
0x2874297ae11a65688e0b15d80be8770584012a9849b79bf21dab3a078930e4c6,1777866000.0,down,0,0.07411555422622207,0
0x68ff5fc7e0a0cd5f21a332ad84189628ed002bece654efb3590037b71dd6372c,1777866300.0,up,1,0.9003394977911454,1
0x3d7fde7628ac42993392639a0a13848b4d3c78bc2d8def37bade20705ce213b1,1777866600.0,down,0,0.21922174771617034,0
0x828ac35f3de58c6e7014f3143e958ea4ba4aa52fe15e7f5460efaa2cf733ef5b,1777866900.0,up,1,0.8837037330969814,1
0x51dc7d9ac094d1f23aefd2a4b7c1407be2373a924f74fd59939a85a3a97b5a1b,1777867200.0,up,1,0.8466207031569126,1
0xa8b1987b54550a51ba2c60e610d2f13e9bdcff59d7ae1a4563fb3085b19ba57e,1777867500.0,down,0,0.17708726056435448,0
0x6cd59f9d05fcc6695db11f963d69de87fb1b3ea9f85ff8b4991514007cdd00d5,1777867800.0,up,1,0.4985119110562543,-1
0xff026c78570957ea5f09e95a639cfcec5e24827576561a7d6cb2b4e9d84521a4,1777868100.0,up,1,0.35297829748751813,-1
0x2cbe0e1bf50b75eb63958af1812024bd0a093afd0e09965e2f3c6e8bd3f05408,1777868400.0,down,0,0.04723115150402761,0
0xb103adffee004d52d9bf643b3b77520ad4730c18e4582048c71d443f2c302de7,1777868700.0,up,1,0.4482590241842176,-1
0x07104377e3d63c8866c2d18ee4f55b6da9f17877006c82416eb7317796dcdf30,1777869000.0,up,1,0.6619854390850577,1
0x24705dd78ad1cde01af1a9cfe861f2aa4a62644ecdde40f9dfda609ee0339f54,1777869300.0,down,0,0.09459859922481106,0
0x9a7d0c6f016d07323f29d9350553294cebb6b09a048f7d9a5b0b4178bd06c948,1777869600.0,up,1,0.64025291946799,-1
0xe5baceebf8f7f1823690055ad609f363ad0c73cc0491da2b38abe8fcab061b0b,1777869900.0,down,0,0.53553513963153,-1
0x2d93d78400835e76769e13541606f60d118758c750508122a3fc62dbaafff589,1777870200.0,down,0,0.8270875497688992,1
0xd082fd4e9bb23de4ccfab562232f90402826ba014a6ef2dbfe30333666d0a5d5,1777870500.0,up,1,0.3750088688188177,-1
0xd1d58921dbcc0ddafed72566a521a38cf4657fcb4347e343c0b4192df3d23f72,1777870800.0,up,1,0.5662382732436196,-1
0xc46ecfe267d305d3bbd49d3827e762eb47dfe59c5474bdbab81ed5bbc373549f,1777871100.0,down,0,0.4502232226746895,-1
0x2e3c58b448c7445cb6dea9aac1053b78090c1f396b1f3b49ee4ceffbe12efa3f,1777871400.0,down,0,0.2712070246256669,0
0x53d083fd53447379b80c792bcc9941d1690d8297bd48108d80c574ef5624a24f,1777871700.0,down,0,0.09029462725764192,0
0xf23110d0048f4b4f7c38952a5276a3e3b2f3bb87ad1ec2ff89bbe52200c3294b,1777872000.0,up,1,0.5440004732786393,-1
0x0985f9c5e8e15f3cfb71b8b9a4bab007d3fd67b7f48b6cac1060fc1808979653,1777872300.0,down,0,0.2966367907517971,0
0x2b33c6e986d849869d5009c836e714dac2aab2ccbd52e45798d2b595a265e44e,1777872600.0,down,0,0.5792679478171183,-1
0x31b4501c25b9008c891c11444de8fc9488d09fbf282c28f8346cc8b849cf5872,1777872900.0,up,1,0.8352458843880531,1
0x3f2ab5aaa526c5e4ad02ba41b9053e5b083b779bb58696397fd62e2a8ef55195,1777873200.0,down,0,0.14160296273927495,0
0x1fa5a22395ae6e1f48130cf1ab57df0bc37ffdb71a16fa6a0c687de6df240ae9,1777873500.0,down,0,0.31121710774970807,0
0xe7c53f4897ab690b29579bcaa143e15e355985d885e1ffe5a4b2c4f85c4e9c67,1777873800.0,down,0,0.7520826173546215,1
0x2df95424ab51f42fdb8447aa8507c2bc64aac4006598b051653b685684b45e4e,1777874100.0,up,1,0.7465470899990001,1
0xdb3e84232e87c8a71a08e6f2135a56a2e12e8a66d8c1a3fd0a55822c4da46b72,1777874400.0,down,0,0.3528027496286692,-1
0xe150966764d406735320003fbc62a0577470456a221fc6744041aad1ecc8db39,1777874700.0,down,0,0.11709608959421565,0
0x0f8369c7ad62a3746699b0a6c8d6874697cb6e609551285cbb4d5e3f9d89ce11,1777875000.0,down,0,0.694895525992888,1
0x85617ca0ddbd982e0dff1c0c218e982a82a05344cb65786ac63fe95d92a74f5a,1777875300.0,down,0,0.12415071251897777,0
0x7c04b72ee48ebe84fec37be929bc024c5dc51c922311df4362b3b2fc2665b997,1777875600.0,down,0,0.3252373620414113,0
0x1794c1fa1595b588c7282c507ce05b9efd3f4587fcdfd9908c02c1671ea47981,1777875900.0,down,0,0.019088500508140302,0
0x56c276ea4c668a39261b5ab7dabf97f539cb47435145848db78522f13493ab8f,1777876200.0,up,1,0.6100547513849801,-1
0xd0d732fc516a3648f17d4e7dffea213c6bc3f3ab15d62b1b9ba7985aaad41a8f,1777876500.0,up,1,0.3330957764095435,0
0x532a1ccc01b5294087a309259e708f41de28135bf735847f1b7a4112e5ce2c2a,1777876800.0,up,1,0.5916871723873646,-1
0x4a8ef1a56238d68c45970e41baabf839d056e0aa6804dc9c70489acba24ad661,1777877100.0,up,1,0.9556542270080658,1
0x0cb0cce4321740afaf1976d34453580879e7d8a0f516a6e94e3c97272ff17ecc,1777877400.0,up,1,0.8705815048978554,1
0x921e28ac6f5ddb4356d9043f02c905a19381d14b194f81a279699b8d880ae6e3,1777877700.0,down,0,0.4687438170731077,-1
0xdad2c55a26dc5972158a5f000fa9d87b9b495882c70a450c059fbed3fcfea1a8,1777878000.0,up,1,0.5953166860426767,-1
0x49ac2b9c1730d01e1473243ad2034b948d4f3ca416c37a4c6cc0ed53f8617377,1777878300.0,down,0,0.7989327477736646,1
0x8a5f0ee4c203eb5588a75e2add378853ea586920869e3a356d53ec2decb2e9e9,1777878600.0,up,1,0.2663023969280919,0
0x0412eb88a9af2fe4ff52a0647613415e7668d138b4f2854c30f37de2d5803f7d,1777878900.0,down,0,0.39830002752937876,-1
0xae49d6383e4180059bc675db74dae5e913f6ca04f80649ef9a5e6834d1f81fe6,1777879200.0,down,0,0.22950990848779154,0
0x606a8922b7c4c992fa2fe73c61008e62e730e0ba8b54a764d420a0ae0bdd0937,1777879500.0,up,1,0.6722803912481011,1
0x9d1f2426d1adaae7e8bb5e16d325dd0ef1a04ee16e5301b6fd5239156370e0f5,1777879800.0,down,0,0.57109123901439,-1
0x72bc1baec7c467724f2608a5b7f134254d8b44a4c0abb3566e4f2f2edd76d8d3,1777880100.0,down,0,0.09269659811258296,0
0x5856984ef4084e2bb2877d728a120567c665818367b1133d476574c8e6787630,1777880400.0,up,1,0.5554153729046335,-1
0x51cdfb50dcb2a5af885a645bc034d4637b24ad4504251bdf69e1444b991c9ada,1777880700.0,down,0,0.5334993055413945,-1
0x0a3e9e4e1d008652e8aac383a11f04e3faa03206c2fb1e1d0e96347c60c3a476,1777881000.0,down,0,0.16124029087846364,0
0x0d28abf82b03985bab24c752e99e44ad94eb272290c4dc5d19210a491810ac5d,1777881300.0,down,0,0.326412511075266,0
0x4aca7fcd38093af0725b7e842a28f6fa95340cc749bf3ba28f8c7bd0ad8a05ef,1777881600.0,down,0,0.706893742311776,1
0xed8fb604abdfa2a22401145dd779851c4cbacf752dbb686304787db7f0f2ebe2,1777881900.0,up,1,0.24283758913450765,0
0xf94e962b12e9409a3decf96f8ddd37ecb5b194bfaa7f0c576c3adf4f404c66cf,1777882200.0,up,1,0.40210301926243625,-1
0x7af26cdc85e1d6e439115023b765a8791ecd462ec33804eb2c2e03521ea2dd42,1777882500.0,down,0,0.26773496390425156,0
0x906fca02349b8c1c5ad121c89fb019f64cd3b7e39fe07fa512c31fd89a6b043b,1777882800.0,down,0,0.22498946920519378,0
0x5524cbd3ef67667d32b6da91d779b496ca612974cdb1805298a6a03b4d528aaf,1777883100.0,up,1,0.6283031369056087,-1
0x7fb37b8853c1ba57f52d8a8d57ee2339c9543675facd83312433f92fcb212cfe,1777883400.0,down,0,0.6259061246506397,-1
0xc7426e4594aae74e785f372b25459a4dc35ce8dfbdfb965092228196681fd0af,1777883700.0,up,1,0.4561531812419084,-1
0x0dabbeaac9e64c762a243a8ae9b6ee3df7713de9cc614e8db533d9f543c9253d,1777884000.0,down,0,0.6383477814347831,-1
0x052510e621463150d9418f2a65c6e599a793e47d0a1f9087bdf32e3dde664817,1777884300.0,down,0,0.5518630625875343,-1
0xb6a960cbf7db410520e59e971539c9f096d31d9e0d1748f65df612f899da720f,1777884600.0,up,1,0.10499378586566192,0
0xb2003e56243f0407b27d79b4474510f100c2c28b8e59f120ad05499b1d6953ab,1777884900.0,up,1,0.8556482750066308,1
0xe09f00192aff42b1c08da3c01e785b78a955565e668a75bf9a363d9987e49857,1777885200.0,up,1,0.20592721637385153,0
0x27be53340ac0fda36f034b491c9d9f3779e5fb759b2f20f9448b82af9c2197a5,1777885500.0,down,0,0.2243529697266293,0
0x4e7825d308126a5a6d54bf618d97571cc982af3e3a5ce3eb8846f2cb903791d7,1777885800.0,up,1,0.9278281555948114,1
0xc3399fec94456edf7e6d01fbcb29ead7eed08f10c25ec1328824db08fa703f12,1777886100.0,down,0,0.6438167075596933,-1
0xc72a69a032f858445e48571fa086baaeba9fab0046406dc5971368c2544b86cc,1777886400.0,down,0,0.48377364452534194,-1
0xd4781ad75383576e40a15519383ecdbbd32518d4b1a452a10be730c75a2353dc,1777886700.0,up,1,0.9109492648242671,1
0xacf7a92b5426adfae11004d92538863c5c3a7d3b4c5da0a25f50b8b8d0fb9e6f,1777887000.0,up,1,0.43690991626368225,-1
0xc7fc43351b8786dca4b47abb970a687138d2ec347c23706048c5616707fdc9ec,1777887300.0,up,1,0.144984820348105,0
0xdc3dc9d4182641c512ffe35293e13af61539c6bbe8bfa403ea9e1964df479c55,1777887600.0,up,1,0.4810456505354976,-1
0xcf0711f5e12d7e1d362a924075c711cd8876d6f4f6de458177a70c5dc6ec042e,1777887900.0,up,1,0.31434646054796983,0
0xd4ea1b319854230ac86617812ee7e24ab9be462a12ed9e2bc155917cf72c7d83,1777888200.0,up,1,0.6017130570104104,-1
0x8e2f99c47a6fd3b8de547c5d2efb2a1275f7d014679fda7156f4d688db15eb1d,1777888500.0,down,0,0.32279227325876697,0
0xd2831556164333cfccdd0fd03ab6c85348dd995f54176e9456c576fb99f79e70,1777888800.0,down,0,0.17109200460683044,0
0xc54d02754dafc3ed102fe768a6cd9400e4920ad34f57ce7749f154148fa010d1,1777889100.0,down,0,0.04541999577738889,0
0x4974f524f3de7e537c06e2bf49cc5d29a88ecccc257c23b299688cbd4f490ac2,1777889400.0,down,0,0.16334254467129575,0
0xa9427d49bea8de05b8627551597e074bffd560c1f4a17e2207b91c7658e5c04a,1777889700.0,down,0,0.4235258141057645,-1
0xc64ea6baac4e0898f3f3a4dca85e3ad2ccfcf106ec30019af3855319f3557d6a,1777890000.0,down,0,0.5350294202414623,-1
0xf635b135c0affb13ec77b0c273df231c581c32fd895323481f7a3e34aabb91f2,1777890300.0,up,1,0.6001403186149972,-1
0x777bac38b3e18bab29f0a3a26b948eb74322f07297e46616fab2e7e88a7ddc2f,1777890600.0,up,1,0.7099626033953295,1
0xdda54fe917211f302cee669df4c47df2560fabafda5c3e571057d89738ec253d,1777890900.0,down,0,0.6217513281399523,-1
0xc397a773d3ecfe19ec93116915d662109c557c2798f6c82d0145b7c8fc5f521d,1777891200.0,down,0,0.6447479887666757,-1
0xfa319e81f8be3adfe53fb68aec9c44715854dfef2425b47808e1d3d9a40dde53,1777891500.0,up,1,0.6939289535391241,1
0x3a98c12221580dba9282855729659de110f11c635c60d538df21eff0858ce65f,1777891800.0,down,0,0.5763256996226567,-1
0xe4d5ac6ddb5a96263cc023e67561db95482b63b322e23fdb984b3cdd9b1ec59f,1777892100.0,up,1,0.2566330384137964,0
0x6ab196bcd24ab4affa9325cb0141f56e950292fee73834a49e2064b9b7d2f4c7,1777892400.0,down,0,0.7623936804372631,1
0x159cbb249e688d728a5a4fcdb809469a505327311c188fe492e9c11c258eb0a7,1777892700.0,up,1,0.6514893356856185,1
0xb626d01004c5940353d3e12137cc55c11aab97b13f850d8ebc2782faa723bcf0,1777893000.0,up,1,0.15345621763572292,0
0x6497d0d314d06833c5ae8a1075db173cfcd3147bd16334d9984cbb0ba72eadc7,1777893300.0,up,1,0.6115800483119378,-1
0x8f70cd7870613cafc8a63c778aaefef5086ddde2fe8a13d08a0e89ce9fe09f96,1777893600.0,down,0,0.36173695516323123,-1
0x26bd612f9ac799cc2d3b4628d8cfe711b9148067a207089ec7653a2b81214f64,1777893900.0,down,0,0.271082042138653,0
0x3635b9b3cfce391ac705b80b4fa80f0a601693b114d42911f696330fc7ee6a20,1777894200.0,down,0,0.34195949364264216,0
0x2a802c54a6b6a12d0b6c0a924982d199bec61793b15029f1dfd54ec43af5013f,1777894500.0,down,0,0.06153297668616337,0
0x684cddaf36d9027aac42d90daacac80dd43e4f52fb0a14ed2ccc9dc98f034465,1777894800.0,down,0,0.35289891222981545,-1
0x6027381444b819a756814aaafaf361356f0780866a25c365129a292badcb6c26,1777895100.0,up,1,0.5825833252991807,-1
0x6855e2a9b0638a21a8271848159d8c123e88763bd4b140d4964eb28c6546151b,1777895400.0,up,1,0.8112474722271078,1
0x016c8daa6f700c1b7f02ced268b2b0d712f1e44ada1847cae948afeea9d70be3,1777895700.0,down,0,0.3511990939658493,-1
0x7134b9f1484ce0fa059c946b066b396640b26d7bcfd5354c4a9d72e4c597f0bc,1777896000.0,up,1,0.07022712504378532,0
0x8fb6875b39ef6e0c00ed6d15770a303163b0530bfc2258ddfd2d9bf7102d68e6,1777896300.0,down,0,0.26093111737625024,0
0x9c90cd98de7699024e30575208b8737b41096acaa877053aa216c61162e17dd6,1777896600.0,up,1,0.5162612426452035,-1
0x95468737c332e74204650f41fa85f722ef9484bf02ba117373ad716924b9f4bc,1777896900.0,up,1,0.8392828160723695,1
0x4c7fa5211c276f9f7b073bd8764e63fe2e3bf9e3576e369be5699ed8a91a81d4,1777897200.0,up,1,0.6421380923294759,-1
0xfdf3bebc9e1b832f24c6c7daeed7dca1dc45352aef21326c673e44878d7f727b,1777897500.0,up,1,0.39891536289542967,-1
0x8a05a8b8924566ee8a8f433a3a55453727250d5129f31891148a6124fefb5603,1777897800.0,down,0,0.23191720325449458,0
0xba0dc039e6b2163d2ace78870fd431424cdb28455168ae9e976335c024d77be7,1777898100.0,up,1,0.7029129867524808,1
0xabfffe144eed4d7fa8d99bcbc0014f3f1dbae414985eb029df5ec4d7fe100c55,1777898400.0,up,1,0.8552809126586256,1
0xfe3bd968ff02d1e924dce1086292876cab1da5482a08b01898b8484a8244503a,1777898700.0,up,1,0.44219827065600587,-1
0x69a796a75fc3e61d5e57717cafdac9907c6ca3a85087833eceff92674e80e837,1777899000.0,down,0,0.18448231321714662,0
0x859c501dd0ef05213b5a1586a4f0643643439a68b0c29058a40b10af0acc43b0,1777899300.0,down,0,0.38775560994728125,-1
0x6f6ffefcba1fafc6f14b06d38bc4992fed2d25cb74364b8c14de36cfcb53d6a0,1777899600.0,down,0,0.020127425121857917,0
0xcc969a296754bb8547f810ca22cd49badaac457af9a2fb4f9bd4c1d44d1a8cc4,1777899900.0,up,1,0.794728350714981,1
0x652158e35c5f50667ff149bf5471d5038f5e040d614a767932d36a91c79ff93d,1777900200.0,up,1,0.8639751398891613,1
0x441ff3cbb6c6a1201f35c4408e2cecb29462790d7af2ac072844b37828dff3d9,1777900500.0,up,1,0.2844671499783068,0
0xb465e88e1292a76fbcfd0c2e553cf61e8f070ce62f04aac20e030f478911dc79,1777900800.0,up,1,0.4522249631712923,-1
0xbf9a1d7526e0b82905569fc5428b1543d53397954f5b971dcea1da43a1031e15,1777901100.0,down,0,0.24409126712430884,0
0xb5ae19da6695a555aca6366fb461d8363ca3ba7df5e80e6671d92b9936ca7d8c,1777901400.0,up,1,0.7245946334596761,1
0x87b7ec02dc6a6c29c693caf0e43268aaa3ed50b4a3e1159afb78377358d506a5,1777901700.0,down,0,0.8747608423349418,1
0x9346cc54e4ade386e07f698452b580653161fe6428cd727c9717cd0cbd9e7bb2,1777902000.0,down,0,0.4009740874487518,-1
0xc27d25ef8b034df7701a4dd3399fd9b197aacc441bd28ea758d2dfe52610e915,1777902300.0,down,0,0.6694581994552369,1
0x4a05f039ac5accf9183e69688927cd4d0154233ac4f589efdf9a3f820764c3e0,1777902600.0,down,0,0.5564072757840269,-1
0x3c212622fbfc31b41561abf3164fa76e227e562ed5543e39cf9451645ffb2630,1777902900.0,up,1,0.8401229958477264,1
0xd600739c8473c932129fd9733a325372dab6f9922a76493c32b1ec020d3c7a19,1777903200.0,down,0,0.589255705437712,-1
0x944a594dabe66fd91c0817fecb5b93ce16986b528f2dfeb36e2121ddbbbddacd,1777903500.0,down,0,0.4824384945860184,-1
0x9d1f1a47d884c2a2baabcfb6af4ff5145655f12cc945ee0f14c9624879660d20,1777903800.0,up,1,0.9732064711597366,1
0x57774721dc710339c8c448d980c1cfcde531ed2d05ba48541190df2afa2e04e2,1777904100.0,up,1,0.6011699499393482,-1
0xebb32aef2eee5d5332235e53b8d770ea3aacd0dd94092358167905fadacb08f8,1777904400.0,up,1,0.6277399003476877,-1
0xadd9665ae55e74f48bc4aa0b8521cd99db6c6e41245973b5eb46fd403b8b3489,1777904700.0,down,0,0.7689932365767967,1
0x3d2eedebb39e1b5bafc66b48d0a613137f71867b64865523e7cfd15e6f1f65e6,1777905000.0,up,1,0.8538454167643984,1
0xaab0dca8d92e6d52dc3a3ddddb35d0dc9ed5ea7175806eb77ba29df307e1ebeb,1777905300.0,up,1,0.9601515659253793,1
0xb348e728c386050201ae42d1602fad973ba4f3f77004bcca9750b337336115d5,1777905600.0,up,1,0.685916203158168,1
0x5ed00eebf054028f64d8cb50757ef0aae082d26bce1ea0387d3dfaa51ace795b,1777905900.0,up,1,0.9463615065822188,1
0x38b89fed5a6f0a5b686aae2a347edc259eca9aa9b6e2f688022af360c912564e,1777906200.0,up,1,0.9671983546481089,1
0xe3fd355c18e204d0820118adfb61fa24cf9baf68651b00e8eabab792efc6f3dd,1777906500.0,down,0,0.05054010147308444,0
0x89bc8ca02a7797d57ed15d1a9366156e10d2602474cfa7a9ef25af5ac822c949,1777906800.0,down,0,0.8413278941503033,1
0x3a79453a0d6b5ce737c6c025c84c87f8e8cbbf06d15319567bbf88b6050cedc9,1777907100.0,up,1,0.7794621540495352,1
0x568b72dcdc4920f22bc550b78052735b6ba9154f9f7a936c2c2ad5737333a7e5,1777907400.0,down,0,0.09619098428848183,0
0x6f76214ef86890bebdf9165d46cbfc39178e6d0c53aaa62da7640f89ff7c17cd,1777907700.0,down,0,0.8453324386226894,1
0xe259bd7ba8440202507be836ed36e2936a2b3aa2fccc6dde5ae8f2505771c1cb,1777908000.0,down,0,0.2845285243049214,0
0x55a61a8a413c08315ec0cfac3b6012c1e2bfa356c903cc541f374975df77b573,1777908300.0,up,1,0.34520825265546295,-1
0x4e39c294259a3c498bd78a9209a62c32ac8717ecd6aaeeed0270715b001b7aee,1777908600.0,down,0,0.4635340685773194,-1
0x53dd1529b62af00ec2a2f64c32795bc9a408f44274d2ca5038b4b383557f010e,1777908900.0,up,1,0.3296834531232473,0
0x1a7f2d6d8878bc6def2a3ab0b4db9d7869fbb601f5fa76174765b96e305483f3,1777909200.0,up,1,0.6627676557152706,1
0x741015a6efe88d8c091eddc73e18f1405c467370f9a8c51233db2e21eaa77989,1777909500.0,down,0,0.22211014336902207,0
0x5f349a088645fc2f26ec23958125e8c2e1cabe8520e9a7531d296448c86ec26f,1777909800.0,up,1,0.08342285217555452,0
0x5a19b93910946e23bc28ae9ccd4bf20975552a88d2f4eeafdfcb4a3733a47166,1777910100.0,up,1,0.6535861614091242,1
0xbd1616e382743a07a48adad3a9d93f39699ba04be14e7e7b00419a59f891f107,1777910400.0,up,1,0.24558452219347937,0
0x1e2f749c7245b8f2335159f2226ec6f6c0e9b1e72d0d03883d7028cc3726d2d3,1777910700.0,down,0,0.2531467874445918,0
0x33a5ee6ff1e36eeb548935353acedd2669cb463a8d6d58a80a33806a0f214b6f,1777911000.0,down,0,0.4828765002056253,-1
0x31ed8d677e65e90998e40e029fdb2fee84e78f8871c0446db2befdc0c306b58f,1777911300.0,up,1,0.2871832935064232,0
0x47ea302be28673625f50a352adacaa4938e29d0391b3778b2025bc6b03646797,1777911600.0,up,1,0.8748740070403097,1
0xb3dbf9bf14eeb24799c666379a3e88f48b8235a69c33fc323a48cf725cd84050,1777911900.0,down,0,0.4355240940300464,-1
0x622e762e7c44f72499a95ecf116bfa4d23aaad1e369c65505002614618995133,1777912200.0,up,1,0.557882630213136,-1
0xd9a198fe19cc58a4d72c1f4e28dd53b3d9fc12519ab33f6952c8eaa9343857b4,1777912500.0,up,1,0.7897077919917396,1
0xb9a63e5c35b18bcd55d86bda87160df4781dba2f53488769f61bd27bd5b3a374,1777912800.0,up,1,0.44710129538437127,-1
0xae76aad78ac45adc1b89a80aec367c2c333b56ed1f7289fe86255dc45baa7855,1777913100.0,down,0,0.515387146801112,-1
0xd465d379e2932b8bb232ca02857f9cb8c2ea85bb8db3518188009e2c205689bb,1777913400.0,down,0,0.2730848726567623,0
0x725731776cd89c27cb29f4707a83ac88a6d8b55ecce301ba0fdedeff93fcad8b,1777913700.0,down,0,0.22583812317364016,0
0x877a13db815a4fe177a2f33c1b445612d84d2002764971a84c9921a15d4f6713,1777914000.0,up,1,0.735973245102432,1
0x8005fd41d04ade0e6a815c6449e24b6a6569b468736901edc607927e71252819,1777914300.0,up,1,0.5666900178381125,-1
0x1d9e1a8e278b641689e53037325886b29d6a1d13dd0b595932b0f2e31d8ff2f3,1777914600.0,up,1,0.7058377529757017,1
0xeda49d694203370b315fbd07bbd8e5d6f9ddbaed5a5b5b03cce789ad0b36f7a3,1777914900.0,up,1,0.6243056738439876,-1
0x29cca10e8d8c3e4ddde53a3f6ad533bfa148e8456fcc10dac02886146bf66131,1777915200.0,up,1,0.5442055648750211,-1
0x07185b706a022a402f1e0ffede2f2a80b2f7f8d9f15697cb3cdb9c833cc17e4b,1777915500.0,down,0,0.12142912519884859,0
0x3ea7d0e0a2670c48d411d4198169d043bee63e4bebfccbe3e8f191c155188476,1777915800.0,down,0,0.3559691672664945,-1
0x2e9d037f077dd1cd83c7385f654f118f6e697b274e825eadb701d16842ec898c,1777916100.0,down,0,0.6791525693025742,1
0x88e7dfadf9c0ffc3e2f4ca7eb4723fe7de11fb1de70c5ce37003a9af8b4b249f,1777916400.0,down,0,0.16206354381866717,0
0x6c4a25648620f5535e47950558c7d2a669aef8f7817e3ae10068a6ec52211c58,1777916700.0,up,1,0.8697393958044398,1
0x57279e66381747ec16e08bf49f79015e0d56a60b038cc8dd10bfcb493e17c9ae,1777917000.0,up,1,0.9404114439209892,1
0xe67cb6443f85b2cd56e48b2631ff8728c3a8ace650d4ef79899a3395e672aa09,1777917300.0,down,0,0.6577221666663109,1
0x9a5cf589c1ef8f8afba542483d6217e82ca0e2c0ed5b1d3d79f97b477080a8ce,1777917600.0,up,1,0.18591506496355428,0
0xb900bff79a47aaef9068598d7f6f497bde3d255402bcd28e088bc9db556dd8b0,1777917900.0,down,0,0.24932857555824584,0
0xd90707d3afa969e73ec18c0d4124b1687d841764d7780599b962e96b6ed0ac83,1777918200.0,up,1,0.7891554461496397,1
0x42769229dee7a2d402d5ca4853c223dafec42228dad18c09ee1a90c90f2aa6a8,1777918500.0,down,0,0.1385881319831307,0
0xf4911e0c5934d32159dbf01e1d9be30c1e4cd7372c594b8854eeef5c846756ed,1777918800.0,down,0,0.3378855807768289,0
0xd63b6007513252e86261e31dfc0dfb4de8b933a558d0092c6e52494437401af6,1777919100.0,up,1,0.10334689724781185,0
0x3ddd9067dc507a200a4e2d6d970467171b7bcb7307fd43ffd68883eb180656c4,1777919400.0,up,1,0.39887618664076946,-1
0x05a9ac592cb04f63087467b5ed9c789870628b1e338c35b561ee68db7c4a8fb5,1777919700.0,down,0,0.20648007401374613,0
0xfccb58e85924346d017dc1dd2939c0d853fb5432b7f48255448258e1c6f95286,1777920000.0,down,0,0.37760671349107133,-1
0x521a54fdc439f65188aa188f311059c2948de972f56ac92c8d86a62fa4c97aa3,1777920300.0,down,0,0.37147875421924187,-1
0xd499c1b04d611473b2a121e6325fe75cf6a6691c69779c51b1246c40e9e38f9a,1777920600.0,down,0,0.2438918197731733,0
0x251da77d8576cdea45f1a7f63db17d286db12cf5221cdbc710d189870daba597,1777920900.0,up,1,0.8324520399039386,1
0x40cd4e055afb4df7c021313f2607e612c0ba7de5369faa102b9a4c163b4046d8,1777921200.0,down,0,0.28923725776446396,0
0x5c97813ef2820a4df77d8e3cf9b0e2aff828484480507475be91ae0e87608a9c,1777921500.0,up,1,0.8495098869881657,1
0x07de127b7fc74278e3417ca7492816d1dbb92f044852256eba00a74011a6fccb,1777921800.0,up,1,0.49804286007032644,-1
0x46af3f3b84eba73c0c71408e17c99e130b8077eb3464bf437ce96bdc096fa142,1777922100.0,down,0,0.43918910045720205,-1
0xbc334739c26085f8cb200a4dfd637e71085dc457d76fd61b1b10b7fd0e1ada66,1777922400.0,down,0,0.529972479347604,-1
0x2a6bbe628a66ef1a23e1a28ce275a29fb740ed6277aa9fe4112854355701c8a7,1777922700.0,down,0,0.11609882554560204,0
0x49f72da13fbee23b722e87bf4ee95bb15f67399bd1316927b519fa9758dbb0f7,1777923000.0,up,1,0.6224286803488923,-1
0xbea0d5dfef34a3433e2339d511065d1bfbf054b971a6529205fe74d51fb30d2b,1777923300.0,down,0,0.822472939868971,1
0xf95e983f4ab771a1bdca7d16fa5921798fa96076c336e6657c827bf2a60d8c55,1777923600.0,up,1,0.6970869258832536,1
0x5c79fdab6de1d21abf2f4637d31726b5b25d8329ef781b139b134f08c16b8dc6,1777923900.0,up,1,0.644782556184899,-1
0x3ab0f8ffe0c2033c25901f7d02abab9536b4f6b57ec5afc546699203ba2e9e2d,1777924200.0,down,0,0.13986015620436507,0
0x9ec9a3c356c4d6a429cca092a7057d4e91ac8e646b28b951676074a1ae3b6ff3,1777924500.0,up,1,0.7044396964274492,1
0x983faff4597b21d947fd03b4c44d0c2c163f8a64a918ebbfc3af10f8cf08358e,1777924800.0,down,0,0.15356256102169116,0
0x13e2e1b846c92c57ec37f816b087233e8a05bf3d727dcec2ad12301621f143f3,1777925100.0,up,1,0.6172040537873373,-1
0xbbe204e87f1db996c49131a0220aaab830954ca18a47aa8acd9207dc31d765b4,1777925400.0,up,1,0.5448539674155936,-1
0x6f3d15087b5d641ff3319a02f2b02b7ef5001e6bfb0fb3c9ecda560143b8efb8,1777925700.0,down,0,0.44364976017359725,-1
0xa81f7232a895c17ebc2cc1ebf89d54e49961b76d82f8a570239da6402be61670,1777926000.0,up,1,0.5176703536752386,-1
0x6ff2038e7a3889bed94f336f27c3a2e737fa530facf0ecfe7a792410aff0084f,1777926300.0,up,1,0.8944210721174146,1
0xfdf1b25469d0492c964cbf6203a9fa02a0b8c9af4d5762da48fd5cdbd35c06b6,1777926600.0,down,0,0.4154220985637874,-1
0x11043b96a2e5a8efa4faded39b12c14ec9395806701f7ed7c16f8125956d0f89,1777926900.0,down,0,0.48504549323139123,-1
0xd2d5aea34852e75719ede92fe61ad3e6537da6df3e8806545d3b5e89b9b1f560,1777927200.0,up,1,0.8256330847358105,1
0xf89df22b6be0d4959f7e96e6ab3a85ad878596dfb377a802dc92cca3d982d351,1777927500.0,up,1,0.7836724958473988,1
0xdebdb6ceaaca5a5fd22d094c4a1cf5ce790dbb80aa13ebcab73ef34bd7429912,1777927800.0,down,0,0.1445431063925638,0
0xaa43af4bbbc0f7a7eacf774851b060345d1421648396e2b4053f1b4ee92d6486,1777928100.0,up,1,0.7088985347086844,1
0xf2d9fa81830a161818e239568f24aa896050997bfe394f79d39b63a254600159,1777928400.0,up,1,0.9569531607961488,1
0x39435c6eec99be341b0258e753d9bfdacff09bf7fe454087e1ba387efa235ad6,1777928700.0,up,1,0.7364352906177963,1
0x04e8a6178e43156c0075cb654b2ac8a18fe0072a2983aaf31edfd15166f1e1cb,1777929000.0,up,1,0.7967717704864637,1
0xc10b5b66a6a105544375afe53c352b0eae30e79cf80f2ea30ee11c214b94e70f,1777929300.0,down,0,0.5372258980456878,-1
0xbbc48b46af970e174a9bd3336944d051a03ad8ea15121daabe2bf0f8021829a8,1777929600.0,up,1,0.46652895292430957,-1
0x60b01cdd27ad83f339bb65f2efc909ecc6b659708b3a411dbd053dfe5838d095,1777929900.0,down,0,0.47668401614168837,-1
0x9989fad16caa63bb774b32396ebe559a3d3034fa5573d64750a7eb820394014c,1777930200.0,up,1,0.8978753885952477,1
0xe81dbc8e74a8ea736152bd9c76ea66c5157ac0c521876abebbecf1e0d124de18,1777930500.0,up,1,0.8237362810995904,1
0x93d73d1d217776ee80a009fd110c145e9b64442a3276b41b836d603eb642ed83,1777930800.0,down,0,0.3738638874347555,-1
0xcd6ba2ce411ede2127a18fd767c0725b45b17e6ceff18e2ff2df543f328cc6f4,1777931100.0,up,1,0.7514490636562899,1
0x0c18393103e56f893c87c076f18f637777469ddf587b02edbfe674e42067b5d8,1777931400.0,down,0,0.7404973140170065,1
0x888f461436f1a0e90edcb47a06e142d4add9eb019f25a06eede11358ef03e965,1777931700.0,down,0,0.3343739962240525,0
0xe9918f5cffcf9f232f1542a81d60913161fb13a945b652aa716a3bd96af33f32,1777932000.0,up,1,0.9728576312087409,1
0xd6c3cb523a850a7bf3445e6a9a042a325591a942b555f7cb4d6db67132021c40,1777932300.0,down,0,0.12368296733655279,0
0x866cecd47e868a411d0c16806e5bcfeb04109a61ad1a54e5e6d33df775622918,1777932600.0,up,1,0.6045461758997871,-1
0x8139e5276de12bfd64d2c3d28114024b37862d7147180824cdab6b982d4b41ed,1777932900.0,down,0,0.4925599603206454,-1
0x128b38f50b65c2dcc7892195b6b00c5a9f5f790b30b8cfa8729548e216c3e7c4,1777933200.0,down,0,0.3793706794232402,-1
0x88b3606a61c0481fa9858ba0ed31146ebac7951bb6abe826f5cfc5c7ba8698c9,1777933500.0,down,0,0.7298930599082593,1
0xb1615e32f345ab7de4c1954b09ed56e1998aa86bc5e6bb2ae85b87da6e43ca4a,1777933800.0,down,0,0.1918663102123002,0
0x97aacca621ff8f1fce8db92b156ed321ddd6505868c99d1270ee19dfd19634e3,1777934100.0,down,0,0.22694869713507512,0
0x4b75b285799e9bf7403caa6fe789c2ec08d861aca2cf558134ce49c61f29a30e,1777934400.0,down,0,0.571895573464515,-1
0x95c093c0e412491f9eb8b4e494829024989047840c197ecd4214e8d82df242f3,1777934700.0,up,1,0.8215447855479335,1
0xb00fee8057b11e642c4cba5f85f80ead9b0b4a9d0a5a3458ad68c2a8105687c7,1777935000.0,down,0,0.0679444737820746,0
0xf3610c38ea92c902945dba9af40c96c3e1287474a14b8765edbc9edca790e1e5,1777935300.0,down,0,0.6454137263207326,1
0xa73f51928c1db197fa90f3243547ce8518349de8b0a3974c8169b49a509503ef,1777935600.0,down,0,0.06452199168896398,0
0x62a9d42cd6b6ae1be5e5717cdbf78aa7df0aeb03123d070d63add951232dd003,1777935900.0,down,0,0.31476244948913323,0
0x67a5b9af4e5f817d95760683d983585cf53135415a30665646dfde666bc1afa5,1777936200.0,up,1,0.4528836412432758,-1
0x14757f2971da0befdab19ea343d8856d179a85ff0098f8464a70a4f1459099c3,1777936500.0,up,1,0.39829084262514625,-1
0xd4ca87d4c70b33d0fda8fc22151bb791e3897fa070936e6860c2578e8a6ebba1,1777936800.0,down,0,0.2157563416398398,0
0x432ca5b26d06cc7a539c5f9a2c2f502ce58f7793d753e5af33e50b46c3b16123,1777937100.0,up,1,0.7629966368329866,1
0x7862624cf3930ece27245813978599e690439a5c8ffe7424f828daa264ce0527,1777937400.0,down,0,0.09719327012156845,0
0xa140a55081889405164be3c9a99e2f045f0c5fedb80c965ffa742151864f9db5,1777937700.0,down,0,0.16475327480511426,0
0x2c894996912e7558d04690b1b3da224f4e35ef4d1659a4f808f6eece55df9ddf,1777938000.0,down,0,0.5400849721527612,-1
0xff1ce67d95c394c266bd58639ae8c3187c8b079fd49f6b6087af2f8dec043227,1777938300.0,up,1,0.43622219466988293,-1
0xe76672c26f5f1694bbd0ad1fd0cc477e8ebac1551611838ac28571efd6404a5a,1777938600.0,up,1,0.7354709938227576,1
0x8aefdf4820b8675ea9b6f64f26dc2cc5cd344618cf5150e72565d4c5e9ae7b21,1777938900.0,up,1,0.4123180901194437,-1
0x57e038dd9e620ca88ccab844c8ca97207f650d0a4b887c490ed8ea97bad3a4c0,1777939200.0,up,1,0.4045752036657752,-1
0xdc6e954d1a16c3b1d020acefcf7b34e22eb176bdb9b1d79009775ac52ce732aa,1777939500.0,down,0,0.1893915011203886,0
0xc170d99c71a5d4c58c1a2ca1ca8f1495c7446a58e865001b4eb1863860ec3491,1777939800.0,up,1,0.84495119189503,1
0x7a428a695746c2c59654c86cc4fd7cac8ea63396ebbc10618aae518447735025,1777940100.0,up,1,0.40586875956957874,-1
0x00aea4772af57dab1732dd33a154a11df3a915db88a0748c63312df001f10f19,1777940400.0,down,0,0.3685988584002802,-1
0x0afa31c63657478b267c9a342b2e9053d276894cb9d33c1e29692bd08bc873ba,1777940700.0,down,0,0.5685210783084965,-1
0xf7a121c9c87bfe23766ea62477917787558a7949c170509d0310f844aa69911a,1777941000.0,up,1,0.9152640516854756,1
0xbf42ac82545d5ba3f01febdd5856fa3873d40b09ab8ce2b1f4924bd97fce98b1,1777941300.0,down,0,0.15988753429460537,0
0x728aede7e0b011c89dcf6dc5cfbbc5c95b9f07a5cbd7465b73963ef0f5d5307e,1777941600.0,up,1,0.42667338559960694,-1
0x1289c5a40a57e1e574ac201463b1cafb942fd8d5346690c70bb4434cf93399b8,1777941900.0,down,0,0.47194613569494187,-1
0xc2b6c9ca44bf1d6b5d654f72c6f8a2894ba04c18f12b56cba44e10ad005b9eea,1777942200.0,up,1,0.8826811160246322,1
0xd72c73fedba6b8961d3036e386fefca7acfa5dfab72bac7d1b99d83d27a86206,1777942500.0,up,1,0.3049068529372367,0
0x6d14c5594846588efc8f7f3ad6cf0a12fdac68e51b64997269ef6058953c5791,1777942800.0,down,0,0.15201600844166155,0
0x1ee752716af01bb0bd0d751fbc840f4f30d44b51ab397b1b1e847c54b89c8cdd,1777943100.0,up,1,0.7007178698987495,1
0x5f360f99c7b7f73bd8c913e99c870bbcfbf9d6e6f39d0d4fc76e24bb16dcd9d4,1777943400.0,down,0,0.6874307662097807,1
0x9cbad67d3b2d0d6642fe45cf221c4d1eacddd2877c34a9ba80a2a141e04e7ed6,1777943700.0,up,1,0.8890882812405978,1
0x2d7e892c462ec7dcfa1cf4ee6c2a6fe3fc2e1ff1f5cab8b45d06c5f9957fb397,1777944000.0,up,1,0.8089308570145769,1
0x4aeeba938586ac10bba457902d3c9b5040d4090fd70862bfd22a40e5d37a0136,1777944300.0,up,1,0.6823800096435122,1
0xd85e1e90973bdf2933a7d7b8b9752879df54a65bc4b6b11610adb33a9c748d24,1777944600.0,down,0,0.14277135172598704,0
0x9d9cbba0a0ce962c6e4c159a27e52bc59cd611569eca57cb5a93c6cf126394f8,1777944900.0,up,1,0.8936425190219098,1
0xdca5b4caf6c93e85d6a668bc25df6d4bec73fbbe9e3e94fd6ab99804d1983b74,1777945200.0,down,0,0.460493268772959,-1
0x9368d7a63c4e9e9e898e1c2982d811126f9ccf65506e174e3fe6f145b115a0ed,1777945500.0,up,1,0.8889139170229724,1
0xf6d97e47ed8a51dd3376f33fee51f60ecbc4db0900f9aa80a583b8071b92db6e,1777945800.0,up,1,0.8792926452501131,1
0x018b7df38e9f11962799906f26e14ad283c4ab91ad2fdb0e20af7a41446ea7c2,1777946100.0,up,1,0.4757707962013797,-1
0xcb91a2aca8dd5dfa84edab73904cd246aaf07c2e539df5aa223ba02f309449c7,1777946400.0,up,1,0.4407960863909608,-1
0xfd62def6726b5ab686cfee826b850a06f554072821b7b6ee07ec856be0905331,1777946700.0,down,0,0.14264001879082125,0
0x3e676d0eb03ac5687730ed309d44d01fa61561ccc24ca751c6ea8956f6bfa244,1777947000.0,up,1,0.2738361951538795,0
0x7133419565d395c44d0aac7fa838aa663c73d083438951974b792ab0079d3d0d,1777947300.0,down,0,0.3800390240214262,-1
0x3c6f2203ed54bd877e674abd1cd41d9f20e0b2845f4eac53b7309b3beef494f5,1777947600.0,up,1,0.3151716961317457,0
0x0414261ed36bbfaf877485da9e960d7f99677598e648737a587bf0b50e19c448,1777947900.0,down,0,0.6491427771678928,1
0x5f22e79e1d8efa033eb9bda80f7b04500d416523cc567f257542bce4402b1bf2,1777948200.0,up,1,0.7648124807544383,1
0x6faea571c3be87c185e7a5b87aaf7353ddff76bbe3ce23b9706f3a2c688cf897,1777948500.0,up,1,0.9160358961776318,1
0x88e77dc0eca40a13ac168864cf4efe933c281deb7ea9ea9a6dd2095917792d1d,1777948800.0,up,1,0.393430620127058,-1
0x2210eb2e5dcb62eb637a3fad9809574461190b2cb48309017f2cc06d20e80e09,1777949100.0,down,0,0.07099735143463998,0
0xba709b28f424a48368431e2d832cd69fdf9acf260db67956db3d5e0243d5bc84,1777949400.0,down,0,0.5602304929122437,-1
0x3ffc887b9054df34bfcfc39a415b86783cba47fedfb8bc71c6daaf51ec05020a,1777949700.0,up,1,0.2543964047086725,0
0xc84243e7d32774b7bc562ce9daf7ca1b6fe7cca13f203ecd7d0142287650d826,1777950000.0,down,0,0.18719595710480935,0
0xa2410acb874bc0865399270f70d1b20b18a1b56bba0f11fca400b3a0084ad6bd,1777950300.0,up,1,0.5055575742715505,-1
0x1ba36bfe00995571e1f13dc9cf49197923b32d3081008f6e6b3f8d6dbe9af5eb,1777950600.0,up,1,0.8259622996325364,1
0x7fea9c2eb9db973e097827899cd4394a9cb6a5ba8a89c94ccceae47c82ea00e0,1777950900.0,up,1,0.13440891127546992,0
0x72d721ba900b628e4118fa10814233e41d7a18cbfd496a3ca48d209cfa2517bf,1777951200.0,up,1,0.5030268249898335,-1
0xdc39fa4879bb1bdd71801165405b2e1e75bb7061b6b67962b1d9ef3651d3f86f,1777951500.0,down,0,0.15486227239272823,0
0x155e00328c08e15c6308a7161936573c27e69f8768bc7084e04814f638ba0de9,1777951800.0,up,1,0.41243126627660454,-1
0x828bebfcbceb02d89a4024f272060b9b3ed1ebc95e2cc6ca563322a64bba4f04,1777952100.0,up,1,0.7021002374743737,1
0x8c872044f45f4bc0a9eefd0d21cd32a593b3a83a71f65a0759d42f8b1428e974,1777952400.0,up,1,0.6749065949407358,1
0x6005804b70d151a84e1500beb463bfa47121a93ebb2a72cf8d946e2526e7464f,1777952700.0,down,0,0.10257775584871949,0
0x36f018bad639bf30151c6ca2e1e3f1983234e90add087b885d3a70f9aa7e86a6,1777953000.0,down,0,0.16700528588591154,0
0x2448acca9d7aa3a2732e544307b22982a54888128e4d7989916fffeff11e4426,1777953300.0,down,0,0.18947072418275898,0
0x20e0ff225f776a1339df3f32735cb2f641d70fead3709e852d9bf48988da8d94,1777953600.0,up,1,0.17863164449352065,0
0xfad1b19e3377c5f76c33922cb3d3324c42a48fd5924c37733462da1e46e97330,1777953900.0,down,0,0.6554835890956179,1
0x46a9c2c68b78d7b19a10d8aa3f4e93d378d514dd33d37d9b809491cdf4791046,1777954200.0,down,0,0.09133782905941032,0
0xad03c746cb2846f7b0e131c5e58b05cc1782c54eff99d775765522f698322f5c,1777954500.0,up,1,0.6352631314027851,-1
0x365e4a7c10d7c207979d6c3d659c1f915acf2333768f30c6daa7c4c1fc5773de,1777954800.0,down,0,0.24499127674778085,0
0xe2a9b2b3ba7001151df573d372443e66e2db40c97c09449cb7e54d0166d3de94,1777955100.0,down,0,0.8568547956127351,1
0xbac682af962886f74ee6dabd43b9c1c31420d88269389ade34eee489d420f58a,1777955400.0,down,0,0.12154713783112775,0
0xcd7f661d87dce04d8c3ab9d22fe295e3a67b04d39ce0b4955b3826433ce16a33,1777955700.0,up,1,0.5606932551989331,-1
0xea2631c1c57fe7bbe219b3f38028705205512689b0f64c28d0ccfb95ab178521,1777956000.0,down,0,0.2343767598000189,0
0x811e4884f85ce35489c11a1f9c9ffb8ce6c57f0ce4e9e7067e2f6efeb44d618f,1777956300.0,up,1,0.6083419445372685,-1
0x07a8a3653459b0138277fc13bd4c294e4223d3dc8137e4be59851a0bbcd76911,1777956600.0,down,0,0.6708497066671184,1
0x7c3addbf4210b46576d06bf2b2a6214c59da690a17d5d08194338ebc5829bf90,1777956900.0,down,0,0.40427443605089153,-1
0x9d2e4fb8b9ddc7861927374a179f6173f20b76f42e0465ed56210c25d851f009,1777957200.0,down,0,0.4470933091919165,-1
0x29d91c3530df42374d21ac4bb880f986b90e83f8015b884147d541903bb7ef19,1777957500.0,up,1,0.21395436113105926,0
0x1e9d79f84ab8005866a41e36213e9dd2109d08aad7e738b999a65393b938dd62,1777957800.0,down,0,0.6747274008687231,1
0x4c9bd44c4f2b028e047813c3346003537f8d08c4dd8c60fbb27c8e72cfef59ca,1777958100.0,up,1,0.7595139442558551,1
0x125b02d355bec4a008125b78f4b5a6173c497ca7db10f85f4f8a1169cf21f36a,1777958400.0,up,1,0.4739731905814853,-1
0x57bba9625c6e14f9cd01e5dc2920ea0f828464bea28012099beb82c0c4b34bea,1777958700.0,down,0,0.23149339620954695,0
0xcd5e4b8d03a8a2725a76d9e5a0e49924acd0b2f42707480c75737804513a9c68,1777959000.0,up,1,0.30298764574075465,0
0xfd8b056c8ad04b604e80ebcba580134707bd72e182459c0c5eaa1480d1202711,1777959300.0,up,1,0.4602712335004092,-1
0xfe823b3bb19ebb2be512afbc2d6a1af5ee31e8afcd4e082d82d7a60637b5e72e,1777959600.0,down,0,0.40252201082924655,-1
0x0fb9a4563db8bd21c8e8ce2fc8b8b771cd18e9d34faeb91b54932c64cfa711dc,1777959900.0,down,0,0.07102723415890444,0
0xab58de313a7e08ba9be74e73d4c2f2e1402fd75451ad26278b6527dbd88aa6f7,1777960200.0,up,1,0.8653477051392705,1
0x95a8118ae59f5d340175083a4c587439847740b8f653afe4d61c2fc160552929,1777960500.0,down,0,0.18232759187562708,0
0x7752c37ce934ef5caf65910a745df51535a8a3963f46fa69500fa59822f8e8ab,1777960800.0,down,0,0.4949681379186129,-1
0xaf5f4497b18863dd1a1ac507ab623e16d518a8abb7972a17bf1eb4db9c472e6c,1777961100.0,down,0,0.3673058561451555,-1
0x87bd26fa57091dfa8227b2ff870415995ca127a2cf2954940d3348a1e110ac1f,1777961400.0,up,1,0.24361691607053573,0
0x7d3cce36f736371f3121985e2b29fb29d6d1a01127b9bb9f0c565ec9733916c6,1777961700.0,down,0,0.1998523987018244,0
0x55558d9cb4a3e38f3cf3f12abfb60303a491d7cc842c2029de9cc5a94f62f053,1777962000.0,down,0,0.1541392054199348,0
0xbf91f70a3dd92a9b849a9facdf00900e2aa482962b9cd942b98047f84c5b61a1,1777962300.0,up,1,0.690144302124929,1
0x52397514ea6a22b2ce0c97e00b57fd67ad38e368ec0730c994f9cdfa10359f9c,1777962600.0,up,1,0.2581958093190599,0
0x4693b6991a6515981fe00adc524915dd1d9ac070ad61803679a4500cf0d83f38,1777962900.0,down,0,0.23749006855720678,0
0xb088b700dd82d31098d30286e24b79c7e5cef28000d7ede9bab49d587fa9280c,1777963200.0,down,0,0.5507500178561403,-1
0x3ae0c33f381d7a1b6e6325b86ac6cb4834491f1c8f4f190f84392e18ea0e9139,1777963500.0,up,1,0.815530591415052,1
0x47b5343e8ba04defa63e3d663fcd3fe62de0e1a1a5a97232ff7cb471a85e6736,1777963800.0,up,1,0.4852016602109001,-1
0xbf04d527ddca928224b85f3ec3b9d04af1646f50c304100e9407055937e2d19d,1777964100.0,up,1,0.543547783413864,-1
0x2c3ef5bfb0cb54d1980766944fc0e2290828c542d600dd45a784baaf468a7874,1777964400.0,down,0,0.10347910881551305,0
0x64a48aa0c347e9bbc93ffadcc6e9dbec9deda43d53b63774bd6c5169e3340500,1777964700.0,down,0,0.37750880381082114,-1
0x0d84656c96440a96f5d0310accd74535ff60e3c37c192f51ace7e7c9f445fde6,1777965000.0,up,1,0.8927250144566438,1
0x7f0de165e2ec2434955f4e70040ef7c05cf049d1c57efdb0cc31b96294e6156c,1777965300.0,down,0,0.5065486566978418,-1
0x04352e8264d7df136ec2167874e6be5b8a33d12bb5303d67cf73b001c445ac0b,1777965600.0,up,1,0.5008670784494269,-1
0x54f156d286cb890d8d661f7b3a024b4c517ed0c51b5e02fec85a58ed5cc7e2fd,1777965900.0,up,1,0.6141321178037221,-1
0x8cc74daf4f4c236ef2bf1b787ebe7a14ac4608f126f57ec86c7b25f783a0fd4a,1777966200.0,up,1,0.2594715107047911,0
0x915eea5cb939a1403733c7eac8af5c0a9480f6118b73130dba2555156041bd71,1777966500.0,up,1,0.6417547380752688,-1
0xa5c2b2f0e4ceefd1738c46d395d89faafde5abbc12127c938f13eea4d0fef810,1777966800.0,down,0,0.12603140529802187,0
0x6b9cfc5d69a56bf57d686154bf4622de58425605bddf2c22c7fff16cc2714aa5,1777967100.0,down,0,0.09685231381217828,0
0xaa080d63bcb5afd0a3cc45e30da1783fdd0f1fbf3d74b0eb145e290135269743,1777967400.0,down,0,0.1315120830280044,0
0xd42ba1cceeac3d0b47439b240d5072609d4f7737294ef51a2ab844ace30ca07a,1777967700.0,down,0,0.2460352445876965,0
0x9d135e17920c59067e72d0bd1f8fd476541f6516bf4fdc529075d0f9b0291b72,1777968000.0,down,0,0.2642599254773517,0
0x40a5861a45120c36265fe3894db560fef90def20a073d67545b50d98f951e041,1777968300.0,up,1,0.6277129041305924,-1
0xc3711049e701936b6f274e7ffa056c51976fd61ba12bfb1f38bee164d8b9e98d,1777968600.0,down,0,0.36855489027638205,-1
0xa5bf6a23e177355edee66c6b2f6dce07f4b46da67983190f03fc3f1f07c1f6c4,1777968900.0,down,0,0.48535418597486923,-1
0xad8d06bb38af786068a6647c24d70b725f061c2d6c375329f6e490612e55fe1e,1777969200.0,up,1,0.37276999006209993,-1
0xa1956a653a7754d6d81a23cfe1e3b2177e45452be8c2f0a7b7b3065b7dc571d7,1777969500.0,down,0,0.4019849785191767,-1
0xe9982ec705a7bdd74865d4d288838daf219be17bb47cbf88cd21966d6f02c2c6,1777969800.0,down,0,0.7743014198700826,1
0xd34642fc9c36120e6d5b77c7502f680b5050cf087a9a7f69bea3e21c7b7c4a4b,1777970100.0,down,0,0.39597737643300374,-1
0xc2e06e97b00b5284b65f7ce40675b60122038b0217e6460406a39baf4f3060b2,1777970400.0,down,0,0.16630525695601364,0
0x8c1adf2e0b1b5ff8ccf1a18f72f057613bc0b50130d49db9c6bada0ee433ae44,1777970700.0,up,1,0.8237114652562847,1
0x85617415edf8c894d19fdddac29121b5f8ffef3dc81e1ea87b93b3ed8152b084,1777971000.0,down,0,0.6535493187137608,1
0x0d215cc187c2a137f0dd44bd313b94c52007cbafbf8c50bdce1561f85921ab03,1777971300.0,up,1,0.6783240392588985,1
0x7ab629f14e1f2c8476381256d251ff5761fb3e1807057f702f0e967174250475,1777971600.0,down,0,0.12405549190734684,0
0xbe42a7bf6fdb64215e3ae50b8152c4aa099a87415747a08542284532bb62742d,1777971900.0,up,1,0.7437559741027601,1
0xff95a467380fa4b691d29af9b6120b0f69e79d6046e1948b19a01a433f5ccea3,1777972200.0,down,0,0.23168986696801633,0
0x196cd2d4d516780abaaf02602c669bbe796702de1e4d30f044ecb2f255c9b14a,1777972500.0,down,0,0.2989840326120383,0
0x349f17b95f399fc993048dcaac096fc0137f0330fd9f5a5fdd7b795f267667d7,1777972800.0,up,1,0.2646648849318988,0
0xa95e5ac02ec971c384706cc4f9b5ea6e8457952030c03cf3976c2fe4c7d6bf05,1777973100.0,up,1,0.7128289485217217,1
0xb9e3b53070649350828bedfc49fffaae3340cfe7d14cab80b129a16b8f4bb800,1777973400.0,down,0,0.8567069760577964,1
0x7f5aa290b11b013e1cf963a2b05e14cb38ad1686fd5e51a31623f785c4a1e66d,1777973700.0,down,0,0.6558388851775419,1
0x10a80f709d684bf810ad056bb8442b0fbad8ad142c7dafc64f57a5f0c768c22c,1777974000.0,up,1,0.6056248295137322,-1
0x21ce354404ba08a6c52b77e4754c2f6e359b70244216a335d92a58300c79f13b,1777974300.0,down,0,0.7117222798641907,1
0x9b45a681f569ae3035231f83456abf2b5c073650da6f57278b2c2e441c00b3fa,1777974600.0,up,1,0.25398574694923587,0
0x9c5053a7a68c00da61d83ba819617aef7c935ab3e983635e8f1a08ef75d1c137,1777974900.0,down,0,0.376573261857192,-1
0x24c1b43629370c0781629ee283a90eeb96afb288dfd338f91eb920ecb1f52f93,1777975200.0,up,1,0.14537048673132413,0
0x1eb55933beb2cba4253d4577789b2888d92940d1ffc99435165250895a001362,1777975500.0,up,1,0.9162760313429416,1
0x8673ca2242566cdf960ba6bdefc8ca979e0ae8e2574ba8bac88f466c2d4a9692,1777975800.0,down,0,0.30963693878990206,0
0x5cb94a87865e3ab9ff045aa98e49547550acb5b87e5dfe676732a2679cad3f45,1777976100.0,up,1,0.8359039670692012,1
0xbb4494e308d47c0169ce90691712bdf4e7f26b6e59a7f445fc69b5efd8ae0f1e,1777976400.0,up,1,0.4578118791279634,-1
0x7b01cdca9c99316d28948fa6030be04675a53a279f764e388b8fdf85cdc5661e,1777976700.0,up,1,0.7198284894348402,1
0x210e023186e1b144d389a26f3889283c109beb761fc1d1b554cefecdcdbfa569,1777977000.0,up,1,0.7075738043327103,1
0xc5b0e479da082c6cd15b1b34e8066c072da16b5aa24a132665639568ac5f52a8,1777977300.0,down,0,0.32449036866339614,0
0xe51d7036314e3d25b40af809254ab63c9e90cc2450e09b2d0674290e97c8bcc0,1777977600.0,up,1,0.7887774349443223,1
0xab6086a0d6878dc38e1a2b04ac9c41c2002889bb6989871ea97dfb114198b61f,1777977900.0,down,0,0.44885017041146413,-1
0xfa0775d0c85b2c9441b38c6297021210972b865dae791cbffc746b9471c13af1,1777978200.0,down,0,0.09709349180926448,0
0xbe9116e9ff90472756d6f85b7f67ebbb2b6fd65c29b92a00a051d0187d8e3691,1777978500.0,up,1,0.8473670642484784,1
0xfbfabe7e013bc0b717ab2a746e12610aa4f29f968295afc518dbc89364be2a0d,1777978800.0,up,1,0.3797191640252052,-1
0xb4844cf654e42cfe6fe95aa8acaf437ea48d06a4afdc1c3b08d20c3a43d35cdb,1777979100.0,up,1,0.48957080975769146,-1
0x76dd12a8b6fed0b022a48ce34430c5e3913c1904af0e0740a394224809703216,1777979400.0,up,1,0.4147478428304565,-1
0x33b38cce9a48e8ece40ab79ca5f4eba711b755d8cf4b7a09753ee83f547c6f13,1777979700.0,down,0,0.26657303292326234,0
0x4c4ecd77387f591067c00bf75e38e5b375e7d018cb5fe40d0b95cfe41f68e2e3,1777980000.0,up,1,0.38534846194830336,-1
0xe38468d0fa17f961d382853a85682810a1526cb6c091e37f9018e75d481d950f,1777980300.0,up,1,0.7350649087112211,1
0x3eaffa3d1d59103ef9120264ef72aa30d1bfb6f417754346cc059d9e611193d4,1777980600.0,up,1,0.6039335149987711,-1
0x16d389f3ff47480c50f170ea1b661d57fb0328a8a1f80b03cad7510239a8e678,1777980900.0,up,1,0.5651426938939231,-1
0xb18f18cda596ef1463f7466b5caf5485cd9586aebd45331cba715cc0e7e03e22,1777981200.0,up,1,0.4062764213886675,-1
0xe7e7c3ac5cbc5f520278f697e6ded8becd1584a6311c75d2ffb86d36e9bd30ba,1777981500.0,down,0,0.6477803882979294,1
0x24c635ebf22575947a6ee2d6fa7e6410dddbf2df691840d78b7f8eb37a3ed3a5,1777981800.0,down,0,0.050048606905662645,0
0xfd67266f7a3b6708c7c2fc0b16d13bd86541db0ef2b1f5c677758f5b94e7e784,1777982100.0,up,1,0.4824788680981718,-1
0xd9c00cf8643c6cea76785d06f15e140cf3a1cc32bf0663a88d5a7e59a1cb64de,1777982400.0,down,0,0.11290337790893606,0
0x1f7a3f17ddf21aff67769ed65db6b44262efedfbfdf1bdeb3a12a443bbac1abe,1777982700.0,up,1,0.7862281267162594,1
0xf3f4999c4b16492463e3ab525872df61548117a832dc50e14e61cd3a230e1c07,1777983000.0,up,1,0.913936577517143,1
0x199c0bbd21a4ee6e106bc8cb4eca7701a29785623ecb3d53c0ada09a5be9537d,1777983300.0,down,0,0.568405915789924,-1
0x4ead48e48f5484db9ccb79c6e7c6fd5eeec38c8357c730b787be765bd3189d85,1777983600.0,up,1,0.7321439614515849,1
0x79d7458695510f44dcfa26bbe99f6855a9780dc170e1c100132487e7d78da426,1777983900.0,up,1,0.927494805647207,1
0x174a3878b559229cc84e6c6b8f199f297533bfe0b1ec56455866683333742134,1777984200.0,up,1,0.5899114698263109,-1
0xd49193df4cec0e513a0b03678a7ecea74e4630fdff972c6f02704806c5dc14d3,1777984500.0,up,1,0.7425143305660545,1
0x5da07f07a932913b68d432650825480e8a51b7300d901f2dd6b2606f3b8c31ba,1777984800.0,up,1,0.4913905139121407,-1
0x96c6bb76f73d19bf9facff85e5e7c358a04427dcb7031ae914de0428472ae9d1,1777985100.0,down,0,0.0971490652477364,0
0x79b35e7619d979cda5f90387eb6c2e12ff3cb63570e5dd34d6390bd620e0840f,1777985400.0,up,1,0.8963492597891851,1
0xa19df5716f91f7c27cc05dd9b872f7b326554549ec9a31d4858c38ade5f98706,1777985700.0,down,0,0.23692794495771183,0
0xd9dd0bb0e2b16549b9ba9d4f8ae90ac14c1c2680cd72d58e653e3eb88da0cf11,1777986000.0,up,1,0.9438782757937787,1
0xb39326bdb16a05f2339749bd3ea8a722e520ba8130b1432af0f9c86334c7b9f5,1777986300.0,up,1,0.5379601892604354,-1
0x252b37286e1da3577396e31d7bf27f7baeb4bea1a6b51706b6174aea70342d0f,1777986600.0,up,1,0.5324615463457882,-1
0x5156ae4fccf34f42f5f30598aee94d6b9f3657a501b9ab5051b8486a1ce383f8,1777986900.0,down,0,0.1921881254965454,0
0x2b1a2647f47d8db0aa1633c1d8f445fa2250d501e8e97a39fc121405b54b0a5f,1777987200.0,down,0,0.9106514352443846,1
0x5260e77e8cc1d84732abac82220aa4ac5557e517fb0d2f00aeb7f1ae9cae125f,1777987500.0,down,0,0.06491653472542079,0
0xe5b1a908f3cf5e8330a9905d75c683b46abbe8f6cc6bd9b0a03d4c107841e2d1,1777987800.0,up,1,0.5990805485568549,-1
0x1088a3abc4bd52189d7823bcabd41956930fb54b9a8a647f3bef447ce5cffa18,1777988100.0,down,0,0.3616554987556997,-1
0xe6948c124ef8ec6619bd60a83cf5bf10777c1daaa513ffc34757c1ac1f1ce9c9,1777988400.0,up,1,0.31245387661013146,0
0x431eeb3121a5d30d85b7cb6bcc2c66f081b67654b840be74ba9e414ab4cf63b9,1777988700.0,up,1,0.787495722431369,1
0x735ee227ecef868dc7a375ee15da81ce461c5c74c7028a828d6a5f1cd0e43f78,1777989000.0,down,0,0.31926161726389773,0
0x820a1efcdfbe5f664f151e47a1b516d8f39faf91fa3b717b4c2990cb11711aeb,1777989300.0,down,0,0.053388495142989864,0
0xfba81eb1909534f5238a482d63b9c5ed5c8d3731d848efaa7dbd9588bf0297d8,1777989600.0,up,1,0.17315923746438033,0
0x3312421602cc0a33f62c5d8991d3592ac0afd1e91e0f4f5e7e246bddf2d5d29e,1777989900.0,down,0,0.2027417115580506,0
0xd8db2af3bb24d23f69f6b84ec6377b56bad56b160173d0acfd7d4d8cf7f2a837,1777990200.0,down,0,0.27760061385759227,0
0x494aa3dd7624b59321643863215d2cc5a9472f4da274cd285bce53353bf63e35,1777990500.0,down,0,0.6050771657111068,-1
0x723dd5ace0fc6f64f2427ccfb82610eac0af07e218ead05c874324af7465aed9,1777990800.0,up,1,0.3797813599205355,-1
0xb40182e0efa2d3ace23ca8e502e632b336968e9f3feb942545b2fac191bfb155,1777991100.0,up,1,0.7701349316969867,1
0x8427d4de48d2c85af7873b3ecbda78209abcfbd9e070d6631ad36fd8b620c532,1777991400.0,down,0,0.7036345545516338,1
0xee169b5a2c84ec199bd186c7bd339982dec61c94b1a400f0dc0b783264c1ba03,1777991700.0,down,0,0.5772172391084448,-1
0x81c29c6c736a64140514587b8d5bb6db37813b1adabeb6d77b21381f799f0cb7,1777992000.0,up,1,0.5442806939394963,-1
0x0db737568ee48fea6f4ff93eadef50c4e149fe6c1cd5d24be752796949a31a2c,1777992300.0,down,0,0.4245017622251153,-1
0xd13fbeb7c1fb21a394911f8eac2c1748bea40531c1da06aa4a644ac94f0129e3,1777992600.0,up,1,0.47294876533173547,-1
0x9f150d58c292131cd37f97d9d9370296bdd21c094111cc7b939c3abfe5128029,1777992900.0,down,0,0.4821624124776169,-1
0x9bdee0ec9f1a17c609c9dd90baf11375cc22bba7c58f044293274bbf88956bdb,1777993200.0,up,1,0.1925342286247923,0
0x8ce214c06ea26c610d2266db4906fbe840cd0f3c076369f6db88b6a24153c144,1777993500.0,down,0,0.6687324074400435,1
0x0532bbf4ad38e3a504b5e675a2752d9d7ce72fc9c53ad2d46cb52e9e6ab4bac3,1777993800.0,up,1,0.8997670020910064,1
0x8428ec1bb0fcae1eefd6ae4c502ebc5f334e0b7f9d96afb2d86330012c8cbb06,1777994100.0,down,0,0.2877936124239025,0
0x3d6d74187b0175e47fb1f1024574c985574742aee05cf76c65a96b122d9e294c,1777994400.0,up,1,0.48749361164761146,-1
0x2492d2488fc51f510bd89d991f2c79953ddf5e2127e05661d6d4fc0778c18359,1777994700.0,down,0,0.41155984874409873,-1
0x1d17a9bec3493d94fa2aba8a2d5d4542dc42607a9f3b1671657d422e48acc311,1777995000.0,down,0,0.5170071368697134,-1
0x29e9eaf0de8643eef37d8ac4c434e8fcf65ead9aa6e141279789aba6b04d0792,1777995300.0,down,0,0.7607488989944279,1
0xa9a44a8a73451daceb5827388e75f417bbb9bcf0b42875b4d3a898dc7c5f0dc1,1777995600.0,up,1,0.5538704282048248,-1
0x7ffe62476172c82e4cf19061c822f7f0eaebe4e045db337df917122bd85caa3b,1777995900.0,up,1,0.7763668898546167,1
0xda83bab25a9f5542a2f1a16614cdbcabb706d0abcbefd20317155614ce9a4e4d,1777996200.0,down,0,0.317858190757174,0
0x82cfa364803061c8c24f00178126dbbbf9b408250f44e87303469e10bb235762,1777996500.0,down,0,0.6800528174930663,1
0xb59b3c0312a082986a3bf91370883f43236df99940fa2f947199147e67b58de6,1777996800.0,up,1,0.7581898626242963,1
0xdf3f37779a73c7dc60fdf1b43cab61f8469fcc7442acb35af7f013f782326d4f,1777997100.0,down,0,0.46455783722560073,-1
0x1753e90bc1d061843c0b3000c32f7867a759a191c066be389bda509db1706057,1777997400.0,down,0,0.5537835673095423,-1
0x3559509eefd53dfaca3e6ca06592d5319efcdf8bf9d6c2c0125c293e71240a3b,1777997700.0,up,1,0.4842343733381254,-1
