sample_count,coverage,precision_up,precision_down,balanced_precision,all_sample_accuracy,accepted_sample_accuracy,utility,downside_risk,selection_score,share_up_predictions,share_down_predictions,selected_t_up,selected_t_down,accepted_count,up_prediction_count,down_prediction_count,coverage_constraint_satisfied
1723.0,0.7080673244341266,0.7922705314009661,0.7813021702838063,0.7867863508423862,0.7086477074869414,0.7868852459016393,0.27963045774145356,0.21311475409836067,1.3121121478637436,0.509016393442623,0.49098360655737705,0.625,0.375,1220.0,621.0,599.0,True
1723.0,0.7051654091700522,0.8,0.7746031746031746,0.7873015873015874,0.7086477074869414,0.7868312757201646,0.2795764875599789,0.21316872427983535,1.3115267659666965,0.48148148148148145,0.5185185185185185,0.64,0.39,1215.0,585.0,630.0,True
1723.0,0.7040046430644226,0.793046357615894,0.7799671592775042,0.7865067584466992,0.7086477074869414,0.786479802143446,0.2792250139832603,0.21352019785655396,1.3077217836358872,0.49793899422918386,0.5020610057708161,0.63,0.38,1213.0,604.0,609.0,True
1723.0,0.7040046430644226,0.7922705314009661,0.7804054054054054,0.7863379684031857,0.7086477074869414,0.786479802143446,0.2792250139832603,0.21352019785655396,1.3077217836358872,0.5119538334707338,0.4880461665292663,0.625,0.37,1213.0,621.0,592.0,True
1723.0,0.7138711549622752,0.7922705314009661,0.7799671592775042,0.7861188453392352,0.7086477074869414,0.7861788617886178,0.2789240736284321,0.21382113821138216,1.3044738044219444,0.5048780487804878,0.4951219512195122,0.625,0.38,1230.0,621.0,609.0,True
1723.0,0.7121300058038306,0.7973199329983249,0.7746031746031746,0.7859615538007498,0.7086477074869414,0.7856560717196414,0.2784012835594556,0.21434392828035864,1.2988531366062812,0.48655256723716384,0.5134474327628362,0.635,0.39,1227.0,597.0,630.0,True
1723.0,0.7069065583284968,0.7973199329983249,0.7729468599033816,0.7851333964508533,0.7086477074869414,0.7848932676518884,0.2776384794917026,0.21510673234811162,1.290701022980511,0.49014778325123154,0.5098522167487685,0.635,0.385,1218.0,597.0,621.0,True
1723.0,0.7138711549622752,0.7876386687797148,0.7813021702838063,0.7844704195317606,0.7086477074869414,0.7845528455284553,0.2772980573682695,0.21544715447154472,1.287081549294232,0.5130081300813009,0.4869918699186992,0.62,0.375,1230.0,631.0,599.0,True
1723.0,0.702263493905978,0.7876386687797148,0.7806563039723662,0.7841474863760405,0.7086477074869414,0.784297520661157,0.2770427325009712,0.215702479338843,1.2843743537401346,0.5214876033057851,0.47851239669421486,0.62,0.36,1210.0,631.0,579.0,True
1723.0,0.709808473592571,0.7876386687797148,0.7804054054054054,0.7840220370925601,0.7086477074869414,0.7841373671300081,0.2768825789698224,0.21586263286999186,1.2826795230306542,0.5159443990188062,0.48405560098119377,0.62,0.37,1223.0,631.0,592.0,True
1723.0,0.7196749854904236,0.7876386687797148,0.7799671592775042,0.7838029140286095,0.7086477074869414,0.7838709677419354,0.27661617958174967,0.21612903225806457,1.2798659055274981,0.5088709677419355,0.49112903225806454,0.62,0.38,1240.0,631.0,609.0,True
1723.0,0.705745792222867,0.7876386687797148,0.7794871794871795,0.7835629241334472,0.7086477074869414,0.7837171052631579,0.2764623171029721,0.21628289473684215,1.2782440212821824,0.5189144736842105,0.4810855263157895,0.62,0.365,1216.0,631.0,585.0,True
1723.0,0.7109692396982008,0.8,0.76875,0.784375,0.7086477074869414,0.7836734693877551,0.2764186812275693,0.21632653061224494,1.277784469825556,0.4775510204081633,0.5224489795918368,0.64,0.395,1225.0,585.0,640.0,True
1723.0,0.7161926871735346,0.793046357615894,0.7746031746031746,0.7838247661095343,0.7086477074869414,0.7836304700162074,0.2763756818560217,0.21636952998379255,1.2773318030349465,0.48946515397082657,0.5105348460291734,0.63,0.39,1234.0,604.0,630.0,True
1723.0,0.7260591990713872,0.7922705314009661,0.7746031746031746,0.7834368530020703,0.7086477074869414,0.7833733013589129,0.27611851319872716,0.21662669864108708,1.27462826572549,0.49640287769784175,0.5035971223021583,0.625,0.39,1251.0,621.0,630.0,True
1723.0,0.7040046430644226,0.7993019197207679,0.76875,0.784025959860384,0.7086477074869414,0.7831821929101401,0.27592740474995436,0.21681780708985987,1.2726233534665194,0.47238252267106345,0.5276174773289365,0.645,0.395,1213.0,573.0,640.0,True
1723.0,0.705745792222867,0.7813953488372093,0.7845884413309983,0.7829918950841037,0.7086477074869414,0.7828947368421053,0.27563994868191954,0.2171052631578947,1.2696143090803569,0.5304276315789473,0.46957236842105265,0.615,0.355,1216.0,645.0,571.0,True
1723.0,0.7109692396982008,0.793046357615894,0.7729468599033816,0.7829966087596378,0.7086477074869414,0.7828571428571428,0.27560235469695704,0.2171428571428572,1.2692213703149335,0.4930612244897959,0.506938775510204,0.63,0.385,1225.0,604.0,621.0,True
1723.0,0.7028438769587928,0.7813953488372093,0.784452296819788,0.7829238228284987,0.7086477074869414,0.782824112303881,0.2755693241436953,0.21717588769611895,1.2688762415894104,0.532617671345995,0.467382328654005,0.615,0.35,1211.0,645.0,566.0,True
1723.0,0.7208357515960534,0.7922705314009661,0.7729468599033816,0.7826086956521738,0.7086477074869414,0.782608695652174,0.2753539074919882,0.21739130434782605,1.266627974463146,0.5,0.5,0.625,0.385,1242.0,621.0,621.0,True
1723.0,0.7179338363319792,0.7973199329983249,0.76875,0.7830349664991625,0.7086477074869414,0.7825383993532741,0.2752836111930883,0.21746160064672593,1.2658952678284396,0.4826192400970089,0.5173807599029911,0.635,0.395,1237.0,597.0,640.0,True
1723.0,0.701683110853163,0.8014311270125224,0.7661538461538462,0.7837924865831842,0.7086477074869414,0.782464846980976,0.2752100588207902,0.21753515301902404,1.2651291297123013,0.46236559139784944,0.5376344086021505,0.65,0.4,1209.0,559.0,650.0,True
1723.0,0.7011027278003482,0.7788018433179723,0.7863554757630161,0.7825786595404942,0.7086477074869414,0.7822847682119205,0.27502998005173473,0.2177152317880795,1.2632555737737472,0.5389072847682119,0.4610927152317881,0.61,0.345,1208.0,651.0,557.0,True
1723.0,0.7167730702263494,0.8,0.7661538461538462,0.7830769230769231,0.7086477074869414,0.7821862348178138,0.27493144665762803,0.2178137651821862,1.2622317346549095,0.47368421052631576,0.5263157894736842,0.64,0.4,1235.0,585.0,650.0,True
1723.0,0.702263493905978,0.7673048600883653,0.800376647834275,0.7838407539613201,0.7086477074869414,0.7818181818181819,0.2745633936579961,0.21818181818181814,1.2584155542658155,0.5611570247933885,0.4388429752066116,0.595,0.33,1210.0,679.0,531.0,True
1723.0,0.709808473592571,0.7993019197207679,0.7661538461538462,0.782727882937307,0.7086477074869414,0.7816843826655765,0.27442959450539073,0.2183156173344235,1.2570314385022208,0.46852003270645953,0.5314799672935405,0.645,0.4,1223.0,573.0,650.0,True
1723.0,0.701683110853163,0.7742424242424243,0.7905282331511839,0.7823853286968041,0.7086477074869414,0.7816377171215881,0.2743829289614024,0.21836228287841186,1.2565490951300589,0.5459057071960298,0.45409429280397023,0.605,0.34,1209.0,660.0,549.0,True
1723.0,0.7092280905397562,0.7788018433179723,0.7845884413309983,0.7816951423244853,0.7086477074869414,0.7815057283142389,0.27425094015405316,0.21849427168576108,1.2551859508174266,0.532733224222586,0.4672667757774141,0.61,0.355,1222.0,651.0,571.0,True
1723.0,0.706326175275682,0.7788018433179723,0.784452296819788,0.7816270700688801,0.7086477074869414,0.7814297452752671,0.27417495711508133,0.2185702547247329,1.2544019654475715,0.5349219391947412,0.4650780608052588,0.61,0.35,1217.0,651.0,566.0,True
1723.0,0.7219965177016832,0.7813953488372093,0.7813021702838063,0.7813487595605078,0.7086477074869414,0.7813504823151125,0.27409569415492674,0.2186495176848875,1.2535847188556206,0.5184887459807074,0.4815112540192926,0.615,0.375,1244.0,645.0,599.0,True
1723.0,0.705745792222867,0.7647907647907648,0.8030592734225621,0.7839250191066635,0.7086477074869414,0.78125,0.27399521183981423,0.21875,1.2525495398391508,0.5699013157894737,0.4300986842105263,0.585,0.325,1216.0,693.0,523.0,True
1723.0,0.7318630295995356,0.7876386687797148,0.7746031746031746,0.7811209216914448,0.7086477074869414,0.7811260904044409,0.27387130224425515,0.21887390959555908,1.2512743193116151,0.500396510705789,0.49960348929421095,0.62,0.39,1261.0,631.0,630.0,True
1723.0,0.7237376668601276,0.7973199329983249,0.7661538461538462,0.7817368895760856,0.7086477074869414,0.781074578989575,0.27381979082938923,0.218925421010425,1.2507446123232542,0.4787489975942261,0.5212510024057738,0.635,0.4,1247.0,597.0,650.0,True
1723.0,0.710388856645386,0.7813953488372093,0.7806563039723662,0.7810258264047878,0.7086477074869414,0.7810457516339869,0.27379096347380116,0.21895424836601307,1.250448280940047,0.5269607843137255,0.4730392156862745,0.615,0.36,1224.0,645.0,579.0,True
1723.0,0.702263493905978,0.7641921397379913,0.8030592734225621,0.7836257065802767,0.7086477074869414,0.78099173553719,0.27373694737700427,0.21900826446280997,1.2498932314195286,0.5677685950413223,0.4322314049586777,0.59,0.325,1210.0,687.0,523.0,True
1723.0,0.7179338363319792,0.7813953488372093,0.7804054054054054,0.7809003771213073,0.7086477074869414,0.7809215844785772,0.2736667963183914,0.21907841552142282,1.2491727935271224,0.5214227970897333,0.4785772029102668,0.615,0.37,1237.0,645.0,592.0,True
1723.0,0.7069065583284968,0.8014311270125224,0.7632776934749621,0.7823544102437423,0.7086477074869414,0.7807881773399015,0.2735333891797157,0.21921182266009853,1.2478040000782535,0.45894909688013136,0.5410509031198686,0.65,0.405,1218.0,559.0,659.0,True
1723.0,0.7278003482298316,0.7813953488372093,0.7799671592775042,0.7806812540573567,0.7086477074869414,0.7807017543859649,0.27344696622577913,0.2192982456140351,1.2469181659895527,0.5143540669856459,0.48564593301435405,0.615,0.38,1254.0,645.0,609.0,True
1723.0,0.7219965177016832,0.8,0.7632776934749621,0.7816388467374811,0.7086477074869414,0.7805466237942122,0.2732918356340265,0.21945337620578775,1.245329829775564,0.4702572347266881,0.5297427652733119,0.64,0.405,1244.0,585.0,659.0,True
1723.0,0.7219965177016832,0.793046357615894,0.76875,0.780898178807947,0.7086477074869414,0.7805466237942122,0.2732918356340265,0.21945337620578775,1.245329829775564,0.4855305466237942,0.5144694533762058,0.63,0.395,1244.0,604.0,640.0,True
1723.0,0.7138711549622752,0.7813953488372093,0.7794871794871795,0.7804412641621944,0.7086477074869414,0.7804878048780488,0.27323301671786304,0.2195121951219512,1.2447281872702651,0.524390243902439,0.47560975609756095,0.615,0.365,1230.0,645.0,585.0,True
1723.0,0.726639582124202,0.7876386687797148,0.7729468599033816,0.7802927643415483,0.7086477074869414,0.7803514376996805,0.27309664953949475,0.21964856230031948,1.2433345644488998,0.5039936102236422,0.4960063897763578,0.62,0.385,1252.0,631.0,621.0,True
1723.0,0.7318630295995356,0.7922705314009661,0.76875,0.7805102657004831,0.7086477074869414,0.7803330689928628,0.27307828083267704,0.2196669310071372,1.2431469751985766,0.49246629659000796,0.507533703409992,0.625,0.395,1261.0,621.0,640.0,True
1723.0,0.7051654091700522,0.7594405594405594,0.81,0.7847202797202797,0.7086477074869414,0.7802469135802469,0.2729921254200611,0.2197530864197531,1.2422675370238736,0.588477366255144,0.411522633744856,0.575,0.315,1215.0,715.0,500.0,True
1723.0,0.7051654091700522,0.7602836879432624,0.807843137254902,0.7840634125990822,0.7086477074869414,0.7802469135802469,0.2729921254200611,0.2197530864197531,1.2422675370238736,0.5802469135802469,0.41975308641975306,0.58,0.32,1215.0,705.0,510.0,True
1723.0,0.7051654091700522,0.7717717717717718,0.7905282331511839,0.7811500024614779,0.7086477074869414,0.7802469135802469,0.2729921254200611,0.2197530864197531,1.2422675370238736,0.5481481481481482,0.45185185185185184,0.6,0.34,1215.0,666.0,549.0,True
1723.0,0.710388856645386,0.7647907647907648,0.800376647834275,0.7825837063125198,0.7086477074869414,0.7802287581699346,0.2729739700097489,0.21977124183006536,1.242082302200493,0.5661764705882353,0.4338235294117647,0.585,0.33,1224.0,693.0,531.0,True
1723.0,0.7074869413813116,0.7673048600883653,0.7962962962962963,0.7818005781923307,0.7086477074869414,0.7801476620180475,0.27289287385786176,0.21985233798195247,1.241255273256468,0.55701394585726,0.44298605414273995,0.595,0.335,1219.0,679.0,540.0,True
1723.0,0.7150319210679048,0.7993019197207679,0.7632776934749621,0.7812898065978651,0.7086477074869414,0.7800324675324676,0.2727776793722818,0.21996753246753242,1.2400815534562777,0.4650974025974026,0.5349025974025974,0.645,0.405,1232.0,573.0,659.0,True
1723.0,0.7254788160185722,0.7788018433179723,0.7813021702838063,0.7800520068008894,0.7086477074869414,0.78,0.27274521183981426,0.21999999999999997,1.2397509629082468,0.5208,0.4792,0.61,0.375,1250.0,651.0,599.0,True
1723.0,0.7069065583284968,0.7641921397379913,0.800376647834275,0.7822843937861331,0.7086477074869414,0.7799671592775042,0.2727123711173184,0.22003284072249585,1.2394166717197532,0.5640394088669951,0.43596059113300495,0.59,0.33,1218.0,687.0,531.0,True
1723.0,0.706326175275682,0.7742424242424243,0.7863554757630161,0.7802989500027202,0.7086477074869414,0.7797863599013969,0.2725315717412111,0.22021364009860311,1.237578070183037,0.5423171733771569,0.45768282662284304,0.605,0.345,1217.0,660.0,557.0,True
1723.0,0.7138711549622752,0.7788018433179723,0.7806563039723662,0.7797290736451692,0.7086477074869414,0.7796747967479675,0.2724200085877817,0.22032520325203253,1.236445057427939,0.5292682926829269,0.47073170731707314,0.61,0.36,1230.0,651.0,579.0,True
1723.0,0.7109692396982008,0.7594405594405594,0.807843137254902,0.7836418483477308,0.7086477074869414,0.7795918367346939,0.27233704857450813,0.2204081632653061,1.235603275939898,0.5836734693877551,0.4163265306122449,0.575,0.32,1225.0,715.0,510.0,True
1723.0,0.7214161346488682,0.7788018433179723,0.7804054054054054,0.7796036243616888,0.7086477074869414,0.7795655671761866,0.27231077901600087,0.22043443282381336,1.235336855171128,0.5237329042638778,0.4762670957361223,0.61,0.37,1243.0,651.0,592.0,True
1723.0,0.7028438769587928,0.7572815533980582,0.8122448979591836,0.784763225678621,0.7086477074869414,0.7795210569777044,0.2722662688175186,0.22047894302229565,1.2348855862847004,0.5953757225433526,0.4046242774566474,0.57,0.31,1211.0,721.0,490.0,True
1723.0,0.7289611143354614,0.7973199329983249,0.7632776934749621,0.7802988132366435,0.7086477074869414,0.7794585987261147,0.2722038105659289,0.22054140127388533,1.2342526572953312,0.4753184713375796,0.5246815286624203,0.635,0.405,1256.0,597.0,659.0,True
1723.0,0.7312826465467208,0.7788018433179723,0.7799671592775042,0.7793845012977383,0.7086477074869414,0.7793650793650794,0.2721102912048936,0.22063492063492063,1.2333056363962804,0.5166666666666667,0.48333333333333334,0.61,0.38,1260.0,651.0,609.0,True
1723.0,0.7173534532791642,0.7788018433179723,0.7794871794871795,0.7791445114025759,0.7086477074869414,0.779126213592233,0.27187142543204723,0.220873786407767,1.2308904096483897,0.5266990291262136,0.4733009708737864,0.61,0.365,1236.0,651.0,585.0,True
1723.0,0.7278003482298316,0.793046357615894,0.7661538461538462,0.7796001018848702,0.7086477074869414,0.7791068580542265,0.27185206989404076,0.22089314194577347,1.230694930134033,0.48165869218500795,0.518341307814992,0.63,0.4,1254.0,604.0,650.0,True
1723.0,0.71445153801509,0.7742424242424243,0.7845884413309983,0.7794154327867113,0.7086477074869414,0.7790414297319253,0.2717866415717395,0.22095857026807475,1.230034396230924,0.5361494719740049,0.46385052802599513,0.605,0.355,1231.0,660.0,571.0,True
1723.0,0.7115496227510156,0.7742424242424243,0.784452296819788,0.7793473605311061,0.7086477074869414,0.7789559543230016,0.2717011661628158,0.22104404567699842,1.2291720653712623,0.5383360522022839,0.46166394779771613,0.605,0.35,1226.0,660.0,566.0,True
1723.0,0.7376668601276842,0.7922705314009661,0.7661538461538462,0.7792121887774062,0.7086477074869414,0.7789142407553108,0.27165945259512503,0.2210857592446892,1.2287514741936083,0.4885916601101495,0.5114083398898505,0.625,0.4,1271.0,621.0,650.0,True
1723.0,0.7086477074869414,0.7572815533980582,0.81,0.7836407766990292,0.7086477074869414,0.7788697788697788,0.27161499070959305,0.22113022113022118,1.228303346875604,0.5904995904995906,0.4095004095004095,0.57,0.315,1221.0,721.0,500.0,True
1723.0,0.7156123041207196,0.7647907647907648,0.7962962962962963,0.7805435305435305,0.7086477074869414,0.7785888077858881,0.27133401962570236,0.22141119221411187,1.2254756271007,0.5620437956204379,0.43795620437956206,0.585,0.335,1233.0,693.0,540.0,True
1723.0,0.7127103888566454,0.7602836879432624,0.8030592734225621,0.7816714806829123,0.7086477074869414,0.7785016286644951,0.27124684050430936,0.22149837133550487,1.2245997063944556,0.5741042345276873,0.4258957654723127,0.58,0.325,1228.0,705.0,523.0,True
1723.0,0.709808473592571,0.7717717717717718,0.7863554757630161,0.779063623767394,0.7086477074869414,0.7784137367130008,0.2711589485528151,0.22158626328699915,1.223717321328756,0.544562551103843,0.455437448896157,0.6,0.345,1223.0,666.0,557.0,True
1723.0,0.7121300058038306,0.7641921397379913,0.7962962962962963,0.7802442180171438,0.7086477074869414,0.778321108394458,0.27106632023427224,0.221678891605542,1.2227881431156324,0.5599022004889975,0.4400977995110024,0.59,0.335,1227.0,687.0,540.0,True
1723.0,0.71445153801509,0.7572815533980582,0.807843137254902,0.7825623453264801,0.7086477074869414,0.7782290820471162,0.2709742938869304,0.22177091795288384,1.221865772068906,0.5857026807473599,0.41429731925264013,0.57,0.32,1231.0,721.0,510.0,True
1723.0,0.7376668601276842,0.7876386687797148,0.76875,0.7781943343898574,0.7086477074869414,0.7781274586939417,0.27087267053375597,0.22187254130605827,1.2208481001716445,0.4964594807238395,0.5035405192761605,0.62,0.395,1271.0,631.0,640.0,True
1723.0,0.7399883923389438,0.7813953488372093,0.7746031746031746,0.777999261720192,0.7086477074869414,0.7780392156862745,0.2707844275260888,0.22196078431372546,1.2199651770168312,0.5058823529411764,0.49411764705882355,0.615,0.39,1275.0,645.0,630.0,True
1723.0,0.718514219384794,0.7594405594405594,0.8030592734225621,0.7812499164315607,0.7086477074869414,0.7778675282714055,0.2706127401112197,0.22213247172859452,1.2182493536643273,0.5775444264943457,0.42245557350565427,0.575,0.325,1238.0,715.0,523.0,True
1723.0,0.7179338363319792,0.7717717717717718,0.7845884413309983,0.778180106551385,0.7086477074869414,0.7776879547291835,0.27043316656899774,0.2223120452708165,1.2164575528940007,0.5383993532740501,0.46160064672594986,0.6,0.355,1237.0,666.0,571.0,True
1723.0,0.7127103888566454,0.7673048600883653,0.7905282331511839,0.7789165466197746,0.7086477074869414,0.7776872964169381,0.27043250825675236,0.22231270358306188,1.2164509895212159,0.5529315960912052,0.44706840390879476,0.595,0.34,1228.0,679.0,549.0,True
1723.0,0.730702263493906,0.7742424242424243,0.7813021702838063,0.7777722972631154,0.7086477074869414,0.7776012708498808,0.2703464826896951,0.22239872915011916,1.2155936489511645,0.5242255758538522,0.47577442414614773,0.605,0.375,1259.0,660.0,599.0,True
1723.0,0.7150319210679048,0.7717717717717718,0.784452296819788,0.7781120342957799,0.7086477074869414,0.7775974025974026,0.27034261443721685,0.22240259740259738,1.2155551130899678,0.5405844155844156,0.4594155844155844,0.6,0.35,1232.0,666.0,566.0,True
1723.0,0.7330237957051654,0.793046357615894,0.7632776934749621,0.778162025545428,0.7086477074869414,0.777513855898654,0.2702590677384682,0.22248614410134604,1.2147231407604457,0.4782264449722882,0.5217735550277118,0.63,0.405,1263.0,604.0,659.0,True
1723.0,0.7173534532791642,0.7602836879432624,0.800376647834275,0.7803301678887686,0.7086477074869414,0.7775080906148867,0.2702533024547009,0.22249190938511332,1.2146657521236737,0.5703883495145631,0.42961165048543687,0.58,0.33,1236.0,705.0,531.0,True
1723.0,0.742890307603018,0.7922705314009661,0.7632776934749621,0.7777741124379641,0.7086477074869414,0.77734375,0.27008896183981423,0.22265625,1.2130311268595166,0.48515625,0.51484375,0.625,0.405,1280.0,621.0,659.0,True
1723.0,0.73476494486361,0.7813953488372093,0.7729468599033816,0.7771711043702955,0.7086477074869414,0.7772511848341233,0.2699963966739375,0.22274881516587675,1.212111482940443,0.509478672985782,0.490521327014218,0.615,0.385,1266.0,645.0,621.0,True
1723.0,0.7190946024376088,0.7742424242424243,0.7806563039723662,0.7774493641073952,0.7086477074869414,0.7772397094430993,0.2699849212829135,0.22276029055690072,1.211997527063514,0.5326876513317191,0.46731234866828086,0.605,0.36,1239.0,660.0,579.0,True
1723.0,0.7138711549622752,0.8014311270125224,0.7570789865871833,0.7792550567998529,0.7086477074869414,0.7772357723577236,0.2699809841975378,0.22276422764227644,1.2119584327115747,0.45447154471544715,0.5455284552845528,0.65,0.41,1230.0,559.0,671.0,True
1723.0,0.726639582124202,0.7742424242424243,0.7804054054054054,0.7773239148239148,0.7086477074869414,0.7771565495207667,0.26990176136058097,0.22284345047923326,1.2111720617327861,0.5271565495207667,0.4728434504792332,0.605,0.37,1252.0,660.0,592.0,True
1723.0,0.7289611143354614,0.8,0.7570789865871833,0.7785394932935916,0.7086477074869414,0.7770700636942676,0.2698152755340818,0.22292993630573243,1.2103142359671673,0.46576433121019106,0.5342356687898089,0.64,0.41,1256.0,585.0,671.0,True
1723.0,0.7365060940220546,0.7742424242424243,0.7799671592775042,0.7771047917599643,0.7086477074869414,0.77698975571316,0.2697349675529742,0.22301024428684002,1.2095182820661636,0.5200945626477541,0.4799054373522459,0.605,0.38,1269.0,660.0,609.0,True
1723.0,0.7231572838073128,0.7594405594405594,0.800376647834275,0.7799086036374172,0.7086477074869414,0.7768860353130016,0.26963124715281583,0.2231139646869984,1.2084911293252105,0.5738362760834671,0.4261637239165329,0.575,0.33,1246.0,715.0,531.0,True
1723.0,0.7434706906558328,0.7876386687797148,0.7661538461538462,0.7768962574667805,0.7086477074869414,0.7767369242779079,0.2694821361177221,0.22326307572209214,1.207016141142664,0.492583918813427,0.507416081186573,0.62,0.4,1281.0,631.0,650.0,True
1723.0,0.7434706906558328,0.7788018433179723,0.7746031746031746,0.7767025089605735,0.7086477074869414,0.7767369242779079,0.2694821361177221,0.22326307572209214,1.207016141142664,0.5081967213114754,0.4918032786885246,0.61,0.39,1281.0,651.0,630.0,True
1723.0,0.722576900754498,0.7742424242424243,0.7794871794871795,0.7768648018648019,0.7086477074869414,0.7767068273092369,0.26945203914905114,0.2232931726907631,1.2067186645344194,0.5301204819277109,0.46987951807228917,0.605,0.365,1245.0,660.0,585.0,True
1723.0,0.7069065583284968,0.7527472527472527,0.8122448979591836,0.7824960753532182,0.7086477074869414,0.7766830870279147,0.2694282988677289,0.22331691297208534,1.2064840736062274,0.5977011494252874,0.40229885057471265,0.565,0.31,1218.0,728.0,490.0,True
1723.0,0.7219965177016832,0.7572815533980582,0.8030592734225621,0.7801704134103102,0.7086477074869414,0.7765273311897106,0.26927254302952486,0.22347266881028938,1.2049461997436293,0.5795819935691319,0.4204180064308682,0.57,0.325,1244.0,721.0,523.0,True
1723.0,0.7219965177016832,0.7993019197207679,0.7570789865871833,0.7781904531539756,0.7086477074869414,0.7765273311897106,0.26927254302952486,0.22347266881028938,1.2049461997436293,0.46061093247588425,0.5393890675241158,0.645,0.41,1244.0,573.0,671.0,True
1723.0,0.7341845618107952,0.7717717717717718,0.7813021702838063,0.7765369710277891,0.7086477074869414,0.7762845849802371,0.26902979682005135,0.2237154150197629,1.2025536854323848,0.5264822134387351,0.4735177865612648,0.6,0.375,1265.0,666.0,599.0,True
1723.0,0.7208357515960534,0.7647907647907648,0.7905282331511839,0.7776594989709744,0.7086477074869414,0.7761674718196457,0.26891268365946,0.22383252818035426,1.2014012701620478,0.5579710144927537,0.4420289855072464,0.585,0.34,1242.0,693.0,549.0,True
1723.0,0.7051654091700522,0.7489823609226595,0.8179916317991632,0.7834869963609113,0.7086477074869414,0.7761316872427984,0.2688768990826126,0.22386831275720165,1.2010493837697584,0.6065843621399177,0.3934156378600823,0.56,0.305,1215.0,737.0,478.0,True
1723.0,0.7127103888566454,0.7527472527472527,0.81,0.7813736263736264,0.7086477074869414,0.7760586319218241,0.26880384376163835,0.22394136807817588,1.2003313459610614,0.5928338762214984,0.40716612377850164,0.565,0.315,1228.0,728.0,500.0,True
1723.0,0.7359257109692396,0.7973199329983249,0.7570789865871833,0.7771994597927541,0.7086477074869414,0.7760252365930599,0.2687704484328741,0.2239747634069401,1.200003269763677,0.47082018927444796,0.5291798107255521,0.635,0.41,1268.0,597.0,671.0,True
1723.0,0.7382472431804992,0.7788018433179723,0.7729468599033816,0.775874351610677,0.7086477074869414,0.7759433962264151,0.2686886080662293,0.22405660377358494,1.1991996823166442,0.5117924528301887,0.4882075471698113,0.61,0.385,1272.0,651.0,621.0,True
1723.0,0.722576900754498,0.7602836879432624,0.7962962962962963,0.7782899921197793,0.7086477074869414,0.7759036144578313,0.2686488262976455,0.2240963855421687,1.1988092786400308,0.5662650602409639,0.43373493975903615,0.58,0.335,1245.0,705.0,540.0,True
1723.0,0.722576900754498,0.7717717717717718,0.7806563039723662,0.776214037872069,0.7086477074869414,0.7759036144578313,0.2686488262976455,0.2240963855421687,1.1988092786400308,0.5349397590361445,0.4650602409638554,0.6,0.36,1245.0,666.0,579.0,True
1723.0,0.7173534532791642,0.7641921397379913,0.7905282331511839,0.7773601864445876,0.7086477074869414,0.7758899676375405,0.2686351794773547,0.22411003236245952,1.1986753856823482,0.5558252427184466,0.4441747572815534,0.59,0.34,1236.0,687.0,549.0,True
1723.0,0.7173534532791642,0.7673048600883653,0.7863554757630161,0.7768301679256907,0.7086477074869414,0.7758899676375405,0.2686351794773547,0.22411003236245952,1.1986753856823482,0.5493527508090615,0.4506472491909385,0.595,0.345,1236.0,679.0,557.0,True
1723.0,0.7301218804410912,0.7717717717717718,0.7804054054054054,0.7760885885885886,0.7086477074869414,0.7758346581875993,0.26857987002741357,0.22416534181240066,1.1981328953705186,0.5294117647058824,0.47058823529411764,0.6,0.37,1258.0,666.0,592.0,True
1723.0,0.7399883923389438,0.7717717717717718,0.7799671592775042,0.775869465524638,0.7086477074869414,0.7756862745098039,0.2684314863496181,0.22431372549019613,1.1966788290061643,0.5223529411764706,0.4776470588235294,0.6,0.38,1275.0,666.0,609.0,True
1723.0,0.726639582124202,0.7572815533980582,0.800376647834275,0.7788291006161666,0.7086477074869414,0.7755591054313099,0.26830431727112414,0.2244408945686901,1.1954341822898484,0.5758785942492013,0.4241214057507987,0.57,0.33,1252.0,721.0,531.0,True
1723.0,0.718514219384794,0.7527472527472527,0.807843137254902,0.7802951950010774,0.7086477074869414,0.7754442649434572,0.26818947678327143,0.2245557350565428,1.194311410998885,0.5880452342487884,0.41195476575121165,0.565,0.32,1238.0,728.0,510.0,True
1723.0,0.7260591990713872,0.7717717717717718,0.7794871794871795,0.7756294756294757,0.7086477074869414,0.7753796962430056,0.26812490808281986,0.22462030375699438,1.1936806406107034,0.5323741007194245,0.4676258992805755,0.6,0.365,1251.0,666.0,585.0,True
1723.0,0.7283807312826466,0.7594405594405594,0.7962962962962963,0.7778684278684278,0.7086477074869414,0.7752988047808765,0.2680440166206908,0.22470119521912346,1.1928909250317978,0.5697211155378487,0.4302788844621514,0.575,0.335,1255.0,715.0,540.0,True
1723.0,0.7231572838073128,0.8014311270125224,0.7540029112081513,0.7777170191103369,0.7086477074869414,0.7752808988764045,0.26802611071621874,0.2247191011235955,1.1927161926871734,0.44863563402889245,0.5513643659711075,0.65,0.415,1246.0,559.0,687.0,True
1723.0,0.7254788160185722,0.7673048600883653,0.7845884413309983,0.7759466507096817,0.7086477074869414,0.7752,0.26794521183981423,0.2248,1.191927098931558,0.5432,0.4568,0.595,0.355,1250.0,679.0,571.0,True
1723.0,0.7486941381311666,0.7876386687797148,0.7632776934749621,0.7754581811273384,0.7086477074869414,0.7751937984496124,0.2679390102894267,0.22480620155038755,1.1918666319771052,0.48914728682170544,0.5108527131782946,0.62,0.405,1290.0,631.0,659.0,True
1723.0,0.7382472431804992,0.8,0.7540029112081513,0.7770014556040756,0.7086477074869414,0.7751572327044025,0.26790244454421674,0.2248427672955975,1.191510172937915,0.45990566037735847,0.5400943396226415,0.64,0.415,1272.0,585.0,687.0,True
1723.0,0.722576900754498,0.7673048600883653,0.784452296819788,0.7758785784540767,0.7086477074869414,0.7751004016064257,0.2678456134462399,0.22489959839357432,1.1909563883591738,0.5453815261044177,0.45461847389558235,0.595,0.35,1245.0,679.0,566.0,True
1723.0,0.7457922228670922,0.7813953488372093,0.76875,0.7750726744186047,0.7086477074869414,0.7750972762645915,0.2678424881044057,0.22490272373540854,1.1909259419175133,0.5019455252918288,0.4980544747081712,0.615,0.395,1285.0,645.0,640.0,True
1723.0,0.7040046430644226,0.7970479704797048,0.7570789865871833,0.777063478533444,0.7086477074869414,0.7749381698268755,0.2676833816666897,0.22506183017312453,1.1893770767827638,0.4468260511129431,0.5531739488870568,0.655,0.41,1213.0,542.0,671.0,True
1723.0,0.7086477074869414,0.746971736204576,0.8179916317991632,0.7824816840018696,0.7086477074869414,0.7747747747747747,0.267519986614589,0.22522522522522526,1.1877887405687748,0.6085176085176085,0.3914823914823915,0.555,0.305,1221.0,743.0,478.0,True
1723.0,0.7312826465467208,0.7993019197207679,0.7540029112081513,0.7766524154644596,0.7086477074869414,0.7746031746031746,0.26734838644298886,0.22539682539682537,1.1861231229512887,0.45476190476190476,0.5452380952380952,0.645,0.415,1260.0,573.0,687.0,True
1723.0,0.7486941381311666,0.7742424242424243,0.7746031746031746,0.7744227994227995,0.7086477074869414,0.7744186046511627,0.267163816490977,0.22558139534883725,1.1843344442383512,0.5116279069767442,0.4883720930232558,0.605,0.39,1290.0,660.0,630.0,True
1723.0,0.7254788160185722,0.7647907647907648,0.7863554757630161,0.7755731202768905,0.7086477074869414,0.7744,0.2671452118398142,0.22560000000000002,1.1841543078005947,0.5544,0.4456,0.585,0.345,1250.0,693.0,557.0,True
1723.0,0.7121300058038306,0.7489823609226595,0.8122448979591836,0.7806136294409216,0.7086477074869414,0.7742461287693562,0.2669913406091704,0.22575387123064383,1.182665613456506,0.6006519967400163,0.3993480032599837,0.56,0.31,1227.0,737.0,490.0,True
1723.0,0.7452118398142774,0.7973199329983249,0.7540029112081513,0.7756614221032381,0.7086477074869414,0.7741433021806854,0.2668885140204996,0.2258566978193146,1.1816719034562813,0.4649532710280374,0.5350467289719626,0.635,0.415,1284.0,597.0,687.0,True
1723.0,0.7399883923389438,0.793046357615894,0.7570789865871833,0.7750626721015387,0.7086477074869414,0.7741176470588236,0.2668628588986378,0.22588235294117642,1.1814241149158446,0.47372549019607846,0.5262745098039215,0.63,0.41,1275.0,604.0,671.0,True
1723.0,0.7219965177016832,0.7641921397379913,0.7863554757630161,0.7752738077505037,0.7086477074869414,0.7741157556270096,0.26686096746682386,0.22588424437299037,1.1814058488566863,0.5522508038585209,0.4477491961414791,0.59,0.345,1244.0,687.0,557.0,True
1723.0,0.7498549042367962,0.7922705314009661,0.7570789865871833,0.7746747589940748,0.7086477074869414,0.7739938080495357,0.2667390198893499,0.22600619195046434,1.1802288140309594,0.4806501547987616,0.5193498452012384,0.625,0.41,1292.0,621.0,671.0,True
1723.0,0.7318630295995356,0.7572815533980582,0.7962962962962963,0.7767889248471773,0.7086477074869414,0.7739888977002379,0.26673410954005217,0.22601110229976207,1.1801814460701958,0.5717684377478192,0.4282315622521808,0.57,0.335,1261.0,721.0,540.0,True
1723.0,0.7417295414973882,0.7673048600883653,0.7813021702838063,0.7743035151860858,0.7086477074869414,0.7738654147104851,0.2666106265502993,0.2261345852895149,1.1789909367864446,0.5312989045383412,0.46870109546165883,0.595,0.375,1278.0,679.0,599.0,True
1723.0,0.7492745211839814,0.7788018433179723,0.76875,0.7737759216589861,0.7086477074869414,0.7738187451587917,0.2665639569986059,0.22618125484120832,1.1785413304287682,0.5042602633617351,0.4957397366382649,0.61,0.395,1291.0,651.0,640.0,True
1723.0,0.7260591990713872,0.7527472527472527,0.8030592734225621,0.7779032630849074,0.7086477074869414,0.7737809752198241,0.2665261870596384,0.22621902478017586,1.1781775972141613,0.5819344524380495,0.4180655475619504,0.565,0.325,1251.0,728.0,523.0,True
1723.0,0.7515960533952408,0.7813953488372093,0.7661538461538462,0.7737745974955277,0.7086477074869414,0.7737451737451737,0.26649038558498794,0.2262548262548263,1.1778329328756292,0.4980694980694981,0.5019305019305019,0.615,0.4,1295.0,645.0,650.0,True
1723.0,0.7336041787579802,0.7647907647907648,0.7845884413309983,0.7746896030608815,0.7086477074869414,0.7737341772151899,0.2664793890550041,0.2262658227848101,1.1777270900892491,0.5482594936708861,0.45174050632911394,0.585,0.355,1264.0,693.0,571.0,True
1723.0,0.7179338363319792,0.7489823609226595,0.81,0.7794911804613298,0.7086477074869414,0.7736459175424414,0.2663911293822556,0.22635408245755861,1.1768779537351792,0.5957962813257882,0.4042037186742118,0.56,0.315,1237.0,737.0,500.0,True
1723.0,0.730702263493906,0.7647907647907648,0.784452296819788,0.7746215308052764,0.7086477074869414,0.7736298649722002,0.26637507681201444,0.2263701350277998,1.1767235849344782,0.5504368546465449,0.4495631453534551,0.585,0.35,1259.0,693.0,566.0,True
1723.0,0.7434706906558328,0.7742424242424243,0.7729468599033816,0.773594642072903,0.7086477074869414,0.7736143637782982,0.2663595756181124,0.22638563622170182,1.1765745391958689,0.5152224824355972,0.4847775175644028,0.605,0.385,1281.0,660.0,621.0,True
1723.0,0.7074869413813116,0.7988721804511278,0.7540029112081513,0.7764375458296395,0.7086477074869414,0.7735849056603774,0.26633011750019164,0.2264150943396226,1.1762913522925134,0.4364232977850697,0.5635767022149303,0.66,0.415,1219.0,532.0,687.0,True
1723.0,0.7278003482298316,0.7602836879432624,0.7905282331511839,0.7754059605472232,0.7086477074869414,0.773524720893142,0.2662699327329562,0.22647527910685805,1.1757130128419966,0.562200956937799,0.43779904306220097,0.58,0.34,1254.0,705.0,549.0,True
1723.0,0.7301218804410912,0.7641921397379913,0.7845884413309983,0.7743902905344948,0.7086477074869414,0.7734499205087441,0.2661951323485583,0.22655007949125594,1.1749946543666188,0.5461049284578696,0.4538950715421304,0.59,0.355,1258.0,687.0,571.0,True
1723.0,0.7301218804410912,0.7673048600883653,0.7806563039723662,0.7739805820303658,0.7086477074869414,0.7734499205087441,0.2661951323485583,0.22655007949125594,1.1749946543666188,0.5397456279809221,0.46025437201907793,0.595,0.36,1258.0,679.0,579.0,True
1723.0,0.7376668601276842,0.7673048600883653,0.7804054054054054,0.7738551327468853,0.7086477074869414,0.7734067663257278,0.26615197816554204,0.2265932336742722,1.1745804314180694,0.5342250196695515,0.46577498033044845,0.595,0.37,1271.0,679.0,592.0,True
1723.0,0.701683110853163,0.744,0.8213507625272332,0.7826753812636166,0.7086477074869414,0.7733664185277088,0.26611163036752306,0.22663358147229118,1.17419328873845,0.6203473945409429,0.37965260545905705,0.55,0.3,1209.0,750.0,459.0,True
1723.0,0.7272199651770168,0.7641921397379913,0.784452296819788,0.7743222182788896,0.7086477074869414,0.7733439744612929,0.2660891863011071,0.22665602553870712,1.1739779944904478,0.5482841181165203,0.45171588188347966,0.59,0.35,1253.0,687.0,566.0,True
1723.0,0.7475333720255368,0.7673048600883653,0.7799671592775042,0.7736360096829347,0.7086477074869414,0.7732919254658385,0.2660371373056527,0.22670807453416153,1.173478879622194,0.5271739130434783,0.47282608695652173,0.595,0.38,1288.0,679.0,609.0,True
1723.0,0.7011027278003482,0.743046357615894,0.8233995584988962,0.7832229580573951,0.7086477074869414,0.7731788079470199,0.2659240197868341,0.22682119205298013,1.172394948549254,0.625,0.375,0.545,0.295,1208.0,755.0,453.0,True
1723.0,0.7521764364480558,0.7717717717717718,0.7746031746031746,0.7731874731874733,0.7086477074869414,0.7731481481481481,0.2658933599879624,0.22685185185185186,1.1721013419877524,0.5138888888888888,0.4861111111111111,0.6,0.39,1296.0,666.0,630.0,True
1723.0,0.7237376668601276,0.7489823609226595,0.807843137254902,0.7784127490887807,0.7086477074869414,0.773055332798717,0.2658005446385312,0.22694466720128303,1.1712130005803834,0.591018444266239,0.40898155573376105,0.56,0.32,1247.0,737.0,510.0,True
1723.0,0.7132907719094602,0.7970479704797048,0.7540029112081513,0.775525440843928,0.7086477074869414,0.772986167615948,0.2657313794557622,0.22701383238405204,1.170551488713734,0.44100895036615134,0.5589910496338486,0.655,0.415,1229.0,542.0,687.0,True
1723.0,0.7336041787579802,0.7594405594405594,0.7905282331511839,0.7749843962958717,0.7086477074869414,0.7729430379746836,0.2656882498144978,0.22705696202531644,1.1701391908206453,0.5656645569620253,0.43433544303797467,0.575,0.34,1264.0,715.0,549.0,True
1723.0,0.7336041787579802,0.7673048600883653,0.7794871794871795,0.7733960197877724,0.7086477074869414,0.7729430379746836,0.2656882498144978,0.22705696202531644,1.1701391908206453,0.5371835443037974,0.46281645569620256,0.595,0.365,1264.0,679.0,585.0,True
1723.0,0.7156123041207196,0.746971736204576,0.8122448979591836,0.7796083170818798,0.7086477074869414,0.772911597729116,0.26565680956893023,0.227088402270884,1.1698387364231821,0.602595296025953,0.39740470397404704,0.555,0.31,1233.0,743.0,490.0,True
1723.0,0.730702263493906,0.7527472527472527,0.800376647834275,0.7765619502907639,0.7086477074869414,0.7728355837966641,0.2655807956364783,0.22716441620333594,1.169112663308833,0.5782366957903098,0.4217633042096902,0.565,0.33,1259.0,728.0,531.0,True
1723.0,0.7127103888566454,0.744,0.8179916317991632,0.7809958158995816,0.7086477074869414,0.7728013029315961,0.26554651477141034,0.2271986970684039,1.1687853768433403,0.6107491856677525,0.38925081433224756,0.55,0.305,1228.0,750.0,478.0,True
1723.0,0.7301218804410912,0.8014311270125224,0.7496423462088698,0.7755367366106961,0.7086477074869414,0.7726550079491256,0.2654002197889398,0.22734499205087444,1.167389777952749,0.44435612082670906,0.5556438791732909,0.65,0.42,1258.0,559.0,699.0,True
1723.0,0.7045850261172374,0.743046357615894,0.8213507625272332,0.7821985600715635,0.7086477074869414,0.7726523887973641,0.2653976006371783,0.2273476112026359,1.1673648085997625,0.6219110378912686,0.37808896210873144,0.545,0.3,1214.0,755.0,459.0,True
1723.0,0.7452118398142774,0.8,0.7496423462088698,0.774821173104435,0.7086477074869414,0.7725856697819314,0.2653308816217457,0.22741433021806856,1.1667289452134295,0.45560747663551404,0.544392523364486,0.64,0.42,1284.0,585.0,699.0,True
1723.0,0.75507835171213,0.7788018433179723,0.7661538461538462,0.7724778447359093,0.7086477074869414,0.7724827056110684,0.2652279174508826,0.22751729438893165,1.1657483804175615,0.5003843197540354,0.49961568024596464,0.61,0.4,1301.0,651.0,650.0,True
1723.0,0.7498549042367962,0.7647907647907648,0.7813021702838063,0.7730464675372856,0.7086477074869414,0.7724458204334366,0.2651910322732508,0.22755417956656343,1.1653973255001364,0.5363777089783281,0.46362229102167185,0.585,0.375,1292.0,693.0,599.0,True
1723.0,0.7011027278003482,0.7404980340760158,0.8269662921348314,0.7837321631054236,0.7086477074869414,0.7723509933774835,0.2650962052172977,0.22764900662251653,1.1644953305545298,0.6316225165562914,0.36837748344370863,0.54,0.29,1208.0,763.0,445.0,True
1723.0,0.746952988972722,0.7717717717717718,0.7729468599033816,0.7723593158375768,0.7086477074869414,0.7723387723387724,0.2650839841785866,0.22766122766122765,1.164379138695703,0.5174825174825175,0.4825174825174825,0.6,0.385,1287.0,666.0,621.0,True
1723.0,0.7214161346488682,0.746971736204576,0.81,0.778485868102288,0.7086477074869414,0.7723250201126307,0.26507023195244495,0.2276749798873693,1.1642484039466043,0.5977473853580049,0.4022526146419952,0.555,0.315,1243.0,743.0,500.0,True
1723.0,0.7492745211839814,0.793046357615894,0.7540029112081513,0.7735246344120227,0.7086477074869414,0.772269558481797,0.26501477032161125,0.227730441518203,1.1637213213782316,0.4678543764523625,0.5321456235476375,0.63,0.415,1291.0,604.0,687.0,True
1723.0,0.7568195008705746,0.7813953488372093,0.7632776934749621,0.7723365211560858,0.7086477074869414,0.772239263803681,0.26498447564349525,0.22776073619631898,1.1634335226906325,0.4946319018404908,0.5053680981595092,0.615,0.405,1304.0,645.0,659.0,True
1723.0,0.759141033081834,0.7922705314009661,0.7540029112081513,0.7731367213045588,0.7086477074869414,0.77217125382263,0.2649164656624442,0.22782874617737003,1.1627877083438827,0.47477064220183485,0.5252293577981652,0.625,0.415,1308.0,621.0,687.0,True
1723.0,0.7463726059199072,0.7641921397379913,0.7813021702838063,0.7727471550108989,0.7086477074869414,0.7721617418351477,0.264906953674962,0.22783825816485226,1.1626974144232118,0.5342146189735615,0.46578538102643857,0.59,0.375,1286.0,687.0,599.0,True
1723.0,0.7156123041207196,0.743046357615894,0.8179916317991632,0.7805189947075286,0.7086477074869414,0.7721005677210057,0.2648457795608199,0.22789943227899434,1.1621168903860886,0.6123276561232766,0.38767234387672345,0.545,0.305,1233.0,755.0,478.0,True
1723.0,0.7382472431804992,0.7993019197207679,0.7496423462088698,0.7744721329648189,0.7086477074869414,0.7720125786163522,0.26475779045616643,0.2279874213836478,1.1612824464146334,0.45047169811320753,0.5495283018867925,0.645,0.42,1272.0,573.0,699.0,True
1723.0,0.7382472431804992,0.7647907647907648,0.7806563039723662,0.7727235343815655,0.7086477074869414,0.7720125786163522,0.26475779045616643,0.2279874213836478,1.1612824464146334,0.5448113207547169,0.455188679245283,0.585,0.36,1272.0,693.0,579.0,True
1723.0,0.7457922228670922,0.7647907647907648,0.7804054054054054,0.7725980850980851,0.7086477074869414,0.7719844357976654,0.26472964763747964,0.2280155642023346,1.1610156901507214,0.5392996108949416,0.46070038910505834,0.585,0.37,1285.0,693.0,592.0,True
1723.0,0.7556587347649448,0.7647907647907648,0.7799671592775042,0.7723789620341345,0.7086477074869414,0.771889400921659,0.26463461276147326,0.22811059907834097,1.1601153731159537,0.532258064516129,0.46774193548387094,0.585,0.38,1302.0,693.0,609.0,True
1723.0,0.7556587347649448,0.7876386687797148,0.7570789865871833,0.772358827683449,0.7086477074869414,0.771889400921659,0.26463461276147326,0.22811059907834097,1.1601153731159537,0.4846390168970814,0.5153609831029186,0.62,0.41,1302.0,631.0,671.0,True
1723.0,0.7324434126523506,0.7602836879432624,0.7863554757630161,0.7733195818531393,0.7086477074869414,0.7717908082408875,0.26453602008070176,0.22820919175911247,1.1591821435480754,0.5586370839936609,0.44136291600633915,0.58,0.345,1262.0,705.0,557.0,True
1723.0,0.7272199651770168,0.746971736204576,0.807843137254902,0.777407436729739,0.7086477074869414,0.7717478052673583,0.26449301710717255,0.2282521947326417,1.1587753511723327,0.592976855546688,0.40702314445331206,0.555,0.32,1253.0,743.0,510.0,True
1723.0,0.73476494486361,0.7641921397379913,0.7806563039723662,0.7724242218551787,0.7086477074869414,0.7717219589257504,0.2644671707655646,0.22827804107424965,1.1585309279903278,0.542654028436019,0.45734597156398105,0.59,0.36,1266.0,687.0,579.0,True
1723.0,0.7423099245502032,0.7641921397379913,0.7804054054054054,0.7722987725716983,0.7086477074869414,0.7716966379984362,0.2644418498382505,0.22830336200156376,1.1582915272024736,0.5371383893666928,0.4628616106333073,0.59,0.37,1279.0,687.0,592.0,True
1723.0,0.7370864770748694,0.7572815533980582,0.7905282331511839,0.7739048932746211,0.7086477074869414,0.7716535433070866,0.2643987551469008,0.22834645669291342,1.1578842035743586,0.5677165354330709,0.4322834645669291,0.57,0.34,1270.0,721.0,549.0,True
1723.0,0.7040046430644226,0.8015564202334631,0.7496423462088698,0.7755993832211665,0.7086477074869414,0.7716405605935697,0.2643857724333839,0.22835943940643033,1.1577615233274177,0.4237427864798021,0.5762572135201979,0.665,0.42,1213.0,514.0,699.0,True
1723.0,0.7521764364480558,0.7973199329983249,0.7496423462088698,0.7734811396035974,0.7086477074869414,0.7716049382716049,0.26435015011141916,0.22839506172839508,1.1574249815689162,0.46064814814814814,0.5393518518518519,0.635,0.42,1296.0,597.0,699.0,True
1723.0,0.7521764364480558,0.7641921397379913,0.7799671592775042,0.7720796495077478,0.7086477074869414,0.7716049382716049,0.26435015011141916,0.22839506172839508,1.1574249815689162,0.5300925925925926,0.4699074074074074,0.59,0.38,1296.0,687.0,609.0,True
1723.0,0.7544979686593152,0.7742424242424243,0.76875,0.7714962121212121,0.7086477074869414,0.7715384615384615,0.26428367337827574,0.2284615384615385,1.1567972235412742,0.5076923076923077,0.49230769230769234,0.605,0.395,1300.0,660.0,640.0,True
1723.0,0.7417295414973882,0.7647907647907648,0.7794871794871795,0.7721389721389722,0.7086477074869414,0.7715179968701096,0.2642632087099238,0.22848200312989042,1.1566040436002831,0.5422535211267606,0.45774647887323944,0.585,0.365,1278.0,693.0,585.0,True
1723.0,0.7312826465467208,0.7489823609226595,0.8030592734225621,0.7760208171726108,0.7086477074869414,0.7714285714285715,0.2641737832683857,0.22857142857142854,1.1557603017991875,0.584920634920635,0.4150793650793651,0.56,0.325,1260.0,737.0,523.0,True
1723.0,0.705745792222867,0.7404980340760158,0.8233995584988962,0.7819487962874561,0.7086477074869414,0.7713815789473685,0.2641267907871827,0.22861842105263153,1.15531718560149,0.6274671052631579,0.3725328947368421,0.54,0.295,1216.0,763.0,453.0,True
1723.0,0.7359257109692396,0.7527472527472527,0.7962962962962963,0.7745217745217745,0.7086477074869414,0.7712933753943217,0.264038587234136,0.22870662460567825,1.154485960734084,0.5741324921135647,0.42586750788643535,0.565,0.335,1268.0,728.0,540.0,True
1723.0,0.7382472431804992,0.7594405594405594,0.7863554757630161,0.7728980176017878,0.7086477074869414,0.7712264150943396,0.2639716269341539,0.22877358490566035,1.1538553589699099,0.5621069182389937,0.4378930817610063,0.575,0.345,1272.0,715.0,557.0,True
1723.0,0.7382472431804992,0.7641921397379913,0.7794871794871795,0.7718396596125854,0.7086477074869414,0.7712264150943396,0.2639716269341539,0.22877358490566035,1.1538553589699099,0.5400943396226415,0.45990566037735847,0.59,0.365,1272.0,687.0,585.0,True
1723.0,0.7405687753917586,0.7602836879432624,0.7845884413309983,0.7724360646371303,0.7086477074869414,0.7711598746081505,0.26390508644796473,0.2288401253918495,1.1532290763959008,0.5525078369905956,0.44749216300940436,0.58,0.355,1276.0,705.0,571.0,True
1723.0,0.7376668601276842,0.7602836879432624,0.784452296819788,0.7723679923815252,0.7086477074869414,0.7710464201416207,0.26379163198143496,0.22895357985837927,1.1521620764549958,0.5546813532651456,0.44531864673485444,0.58,0.35,1271.0,705.0,566.0,True
1723.0,0.7045850261172374,0.7386215864759428,0.8269662921348314,0.7827939393053871,0.7086477074869414,0.771004942339374,0.26375015417918823,0.228995057660626,1.1517722560199084,0.6334431630971994,0.36655683690280066,0.535,0.29,1214.0,769.0,445.0,True
1723.0,0.7603017991874638,0.7788018433179723,0.7632776934749621,0.7710397683964672,0.7086477074869414,0.7709923664122137,0.2637375782520279,0.2290076335877863,1.1516540917005218,0.49694656488549616,0.5030534351145038,0.61,0.405,1310.0,651.0,659.0,True
1723.0,0.7196749854904236,0.744,0.8122448979591836,0.7781224489795918,0.7086477074869414,0.7709677419354839,0.26371295377529813,0.2290322580645161,1.1514227559203158,0.6048387096774194,0.3951612903225806,0.55,0.31,1240.0,750.0,490.0,True
1723.0,0.71445153801509,0.7988721804511278,0.7496423462088698,0.7742572633299989,0.7086477074869414,0.7709179528838342,0.2636631647236485,0.22908204711616575,1.1509551623220255,0.4321689683184403,0.5678310316815597,0.66,0.42,1231.0,532.0,699.0,True
1723.0,0.7092280905397562,0.7404980340760158,0.8213507625272332,0.7809243983016245,0.7086477074869414,0.7708674304418985,0.2636126422817128,0.22913256955810146,1.1504808888151894,0.6243862520458265,0.37561374795417346,0.54,0.3,1222.0,763.0,459.0,True
1723.0,0.7597214161346488,0.7673048600883653,0.7746031746031746,0.77095401734577,0.7086477074869414,0.7708174178762414,0.2635626297160556,0.22918258212375864,1.1500116076610556,0.5187165775401069,0.48128342245989303,0.595,0.39,1309.0,679.0,630.0,True
1723.0,0.7463726059199072,0.7594405594405594,0.7845884413309983,0.7720145003857788,0.7086477074869414,0.7706065318818041,0.2633517437216183,0.22939346811819594,1.1480350590711903,0.5559875583203733,0.4440124416796267,0.575,0.355,1286.0,715.0,571.0,True
1723.0,0.7359257109692396,0.7489823609226595,0.800376647834275,0.7746795043784672,0.7086477074869414,0.7705047318611987,0.26324994370101296,0.22949526813880128,1.1470822289102556,0.581230283911672,0.4187697160883281,0.56,0.33,1268.0,737.0,531.0,True
1723.0,0.7434706906558328,0.7594405594405594,0.784452296819788,0.7719464281301738,0.7086477074869414,0.7704918032786885,0.2632370151185027,0.2295081967213115,1.1469612801591902,0.5581576893052302,0.4418423106947697,0.575,0.35,1281.0,715.0,566.0,True
1723.0,0.7254788160185722,0.744,0.81,0.777,0.7086477074869414,0.7704,0.2631452118398142,0.22960000000000003,1.146102839023581,0.6,0.4,0.55,0.315,1250.0,750.0,500.0,True
1723.0,0.7202553685432386,0.7404980340760158,0.8179916317991632,0.7792448329375895,0.7086477074869414,0.7703464947622884,0.2630917066021027,0.22965350523771155,1.1456028347130154,0.6148267526188558,0.3851732473811442,0.54,0.305,1241.0,763.0,478.0,True
1723.0,0.7202553685432386,0.7970479704797048,0.7496423462088698,0.7733451583442873,0.7086477074869414,0.7703464947622884,0.2630917066021027,0.22965350523771155,1.1456028347130154,0.43674456083803387,0.5632554391619662,0.655,0.42,1241.0,542.0,699.0,True
1723.0,0.7579802669762042,0.7717717717717718,0.76875,0.7702608858858859,0.7086477074869414,0.7702909647779479,0.26303617661776213,0.2297090352220521,1.1450841555426576,0.5099540581929556,0.4900459418070444,0.6,0.395,1306.0,666.0,640.0,True
1723.0,0.722576900754498,0.743046357615894,0.8122448979591836,0.7776456277875388,0.7086477074869414,0.770281124497992,0.26302633633780625,0.22971887550200798,1.1449922683236673,0.606425702811245,0.39357429718875503,0.545,0.31,1245.0,755.0,490.0,True
1723.0,0.7603017991874638,0.7742424242424243,0.7661538461538462,0.7701981351981353,0.7086477074869414,0.7702290076335878,0.26297421947340205,0.22977099236641219,1.144505739236401,0.5038167938931297,0.4961832061068702,0.605,0.4,1310.0,660.0,650.0,True
1723.0,0.73476494486361,0.746971736204576,0.8030592734225621,0.7750155048135691,0.7086477074869414,0.7701421800947867,0.262887391934601,0.22985781990521326,1.143695663880429,0.5868878357030016,0.41311216429699843,0.555,0.325,1266.0,743.0,523.0,True
1723.0,0.7649448636099826,0.7876386687797148,0.7540029112081513,0.770820789993933,0.7086477074869414,0.7701062215477997,0.26285143338761396,0.22989377845220027,1.1433603604121296,0.4787556904400607,0.5212443095599393,0.62,0.415,1318.0,631.0,687.0,True
1723.0,0.7092280905397562,0.7374517374517374,0.8269662921348314,0.7822090147932844,0.7086477074869414,0.7700490998363339,0.2627943116761481,0.22995090016366615,1.1428279319154908,0.6358428805237316,0.3641571194762684,0.53,0.29,1222.0,777.0,445.0,True
1723.0,0.7092280905397562,0.7386215864759428,0.8233995584988962,0.7810105724874195,0.7086477074869414,0.7700490998363339,0.2627943116761481,0.22995090016366615,1.1428279319154908,0.6292962356792144,0.3707037643207856,0.535,0.295,1222.0,769.0,453.0,True
1723.0,0.7544979686593152,0.7673048600883653,0.7729468599033816,0.7701258599958735,0.7086477074869414,0.77,0.26274521183981425,0.22999999999999998,1.142370486260062,0.5223076923076924,0.4776923076923077,0.595,0.385,1300.0,679.0,621.0,True
1723.0,0.7417295414973882,0.7572815533980582,0.7863554757630161,0.7718185145805372,0.7086477074869414,0.7699530516431925,0.26269826348300673,0.2300469483568075,1.1419332677934784,0.5641627543035994,0.43583724569640064,0.57,0.345,1278.0,721.0,557.0,True
1723.0,0.7568195008705746,0.7602836879432624,0.7813021702838063,0.7707929291135344,0.7086477074869414,0.7699386503067485,0.2626838621465627,0.23006134969325154,1.1417991874637259,0.5406441717791411,0.4593558282208589,0.58,0.375,1304.0,705.0,599.0,True
1723.0,0.7312826465467208,0.744,0.807843137254902,0.775921568627451,0.7086477074869414,0.7698412698412699,0.2625864816810841,0.23015873015873012,1.1408929893729864,0.5952380952380952,0.40476190476190477,0.55,0.32,1260.0,750.0,510.0,True
1723.0,0.7562391178177598,0.793046357615894,0.7496423462088698,0.7713443519123819,0.7086477074869414,0.7697620874904068,0.262507299330221,0.23023791250959325,1.14015670342426,0.4635456638526477,0.5364543361473523,0.63,0.42,1303.0,604.0,699.0,True
1723.0,0.7283807312826466,0.743046357615894,0.81,0.776523178807947,0.7086477074869414,0.7697211155378486,0.26246632737766284,0.2302788844621514,1.139775919927221,0.601593625498008,0.398406374501992,0.545,0.315,1255.0,755.0,500.0,True
1723.0,0.7661056297156124,0.7922705314009661,0.7496423462088698,0.7709564388049179,0.7086477074869414,0.7696969696969697,0.2624421815367839,0.23030303030303034,1.1395515777255087,0.47045454545454546,0.5295454545454545,0.625,0.42,1320.0,621.0,699.0,True
1723.0,0.7127103888566454,0.7386215864759428,0.8213507625272332,0.7799861745015879,0.7086477074869414,0.7695439739413681,0.2622891857811823,0.2304560260586319,1.138131166569936,0.6262214983713354,0.3737785016286645,0.535,0.3,1228.0,769.0,459.0,True
1723.0,0.7452118398142774,0.7602836879432624,0.7806563039723662,0.7704699959578143,0.7086477074869414,0.7694704049844237,0.2622156168242379,0.23052959501557635,1.137448824332167,0.5490654205607477,0.45093457943925236,0.58,0.36,1284.0,705.0,579.0,True
1723.0,0.7527568195008706,0.7602836879432624,0.7804054054054054,0.7703445466743339,0.7086477074869414,0.7694680030840401,0.2622132149238543,0.23053199691595994,1.1374265543686923,0.543562066306862,0.456437933693138,0.58,0.37,1297.0,705.0,592.0,True
1723.0,0.7678467788740568,0.7647907647907648,0.7746031746031746,0.7696969696969698,0.7086477074869414,0.7694633408919124,0.2622085527317266,0.23053665910808763,1.1373833287346702,0.5238095238095238,0.47619047619047616,0.585,0.39,1323.0,693.0,630.0,True
1723.0,0.702263493905978,0.7374517374517374,0.8267898383371824,0.7821207878944599,0.7086477074869414,0.7694214876033058,0.26216669944312,0.23057851239669425,1.136995363176255,0.6421487603305785,0.3578512396694215,0.53,0.285,1210.0,777.0,433.0,True
1723.0,0.7626233313987232,0.7594405594405594,0.7813021702838063,0.7703713648621828,0.7086477074869414,0.769406392694064,0.2621516045338782,0.23059360730593603,1.1368554731271157,0.5441400304414004,0.4558599695585997,0.575,0.375,1314.0,715.0,599.0,True
1723.0,0.7626233313987232,0.7602836879432624,0.7799671592775042,0.7701254236103833,0.7086477074869414,0.769406392694064,0.2621516045338782,0.23059360730593603,1.1368554731271157,0.5365296803652968,0.4634703196347032,0.58,0.38,1314.0,705.0,609.0,True
1723.0,0.7498549042367962,0.7572815533980582,0.7845884413309983,0.7709349973645283,0.7086477074869414,0.7693498452012384,0.2620950570410526,0.2306501547987616,1.1363315895873825,0.5580495356037152,0.4419504643962848,0.57,0.355,1292.0,721.0,571.0,True
1723.0,0.7394080092861288,0.746971736204576,0.800376647834275,0.7736741920194254,0.7086477074869414,0.7692307692307693,0.2619759810705835,0.23076923076923073,1.1352292513058622,0.5832025117739403,0.41679748822605966,0.555,0.33,1274.0,743.0,531.0,True
1723.0,0.746952988972722,0.7572815533980582,0.784452296819788,0.7708669251089231,0.7086477074869414,0.7692307692307693,0.2619759810705835,0.23076923076923073,1.1352292513058622,0.5602175602175602,0.4397824397824398,0.57,0.35,1287.0,721.0,566.0,True
1723.0,0.7643644805571678,0.7641921397379913,0.7746031746031746,0.769397657170583,0.7086477074869414,0.7691723614274867,0.2619175732673009,0.23082763857251332,1.1346889605034054,0.5216400911161732,0.4783599088838269,0.59,0.39,1317.0,687.0,630.0,True
1723.0,0.7341845618107952,0.743046357615894,0.807843137254902,0.775444747435398,0.7086477074869414,0.7691699604743083,0.26191517231412254,0.2308300395256917,1.134666756771798,0.5968379446640316,0.4031620553359684,0.545,0.32,1265.0,755.0,510.0,True
1723.0,0.7138711549622752,0.7374517374517374,0.8233995584988962,0.7804256479753169,0.7086477074869414,0.7691056910569106,0.26185090289672486,0.23089430894308938,1.1340725724048297,0.6317073170731707,0.36829268292682926,0.53,0.295,1230.0,777.0,453.0,True
1723.0,0.7237376668601276,0.7386215864759428,0.8179916317991632,0.778306609137553,0.7086477074869414,0.7690457097032879,0.26179092154310213,0.2309542902967121,1.1335183304314178,0.6166800320769847,0.38331996792301526,0.535,0.305,1247.0,769.0,478.0,True
1723.0,0.7637840975043528,0.7813953488372093,0.7570789865871833,0.7692371677121963,0.7086477074869414,0.7689969604863222,0.2617421723261364,0.23100303951367784,1.1330680880960375,0.49012158054711247,0.5098784194528876,0.615,0.41,1316.0,645.0,671.0,True
1723.0,0.7637840975043528,0.7717717717717718,0.7661538461538462,0.768962808962809,0.7086477074869414,0.7689969604863222,0.2617421723261364,0.23100303951367784,1.1330680880960375,0.506079027355623,0.4939209726443769,0.6,0.4,1316.0,666.0,650.0,True
1723.0,0.7486941381311666,0.7602836879432624,0.7794871794871795,0.769885433715221,0.7086477074869414,0.7689922480620155,0.2617374599018297,0.2310077519379845,1.1330245747428198,0.5465116279069767,0.45348837209302323,0.58,0.365,1290.0,705.0,585.0,True
1723.0,0.7411491584445734,0.7489823609226595,0.7962962962962963,0.7726393286094779,0.7086477074869414,0.7689898198903681,0.2617350317301823,0.23101018010963192,1.133002154303196,0.577133907595928,0.422866092404072,0.56,0.335,1277.0,737.0,540.0,True
1723.0,0.7411491584445734,0.7527472527472527,0.7905282331511839,0.7716377429492183,0.7086477074869414,0.7689898198903681,0.2617350317301823,0.23101018010963192,1.133002154303196,0.5700861393891934,0.42991386061080655,0.565,0.34,1277.0,728.0,549.0,True
1723.0,0.7585606500290192,0.7594405594405594,0.7804054054054054,0.7699229824229824,0.7086477074869414,0.7689364957918898,0.26168170763170406,0.23106350420811017,1.1325099068696596,0.5470543228768171,0.45294567712318284,0.575,0.37,1307.0,715.0,592.0,True
1723.0,0.751015670342426,0.7594405594405594,0.7806563039723662,0.7700484317064629,0.7086477074869414,0.7689335394126738,0.2616787512524881,0.23106646058732616,1.1324826224773228,0.5525502318392581,0.4474497681607419,0.575,0.36,1294.0,715.0,579.0,True
1723.0,0.7684271619268718,0.7594405594405594,0.7799671592775042,0.7697038593590317,0.7086477074869414,0.7688821752265861,0.2616273870664003,0.23111782477341392,1.132008694365732,0.5400302114803626,0.45996978851963743,0.575,0.38,1324.0,715.0,609.0,True
1723.0,0.7655252466627974,0.7742424242424243,0.7632776934749621,0.7687600588586931,0.7086477074869414,0.7687642153146323,0.2615094271544466,0.23123578468536765,1.1309210964482463,0.5003790750568613,0.49962092494313876,0.605,0.405,1319.0,660.0,659.0,True
1723.0,0.7626233313987232,0.7647907647907648,0.7729468599033816,0.7688688123470733,0.7086477074869414,0.7686453576864536,0.2613905695262678,0.2313546423135464,1.1298263432813025,0.5273972602739726,0.4726027397260274,0.585,0.385,1314.0,693.0,621.0,True
1723.0,0.7173534532791642,0.7374517374517374,0.8213507625272332,0.7794012499894853,0.7086477074869414,0.7686084142394822,0.26135362607929646,0.23139158576051777,1.1294863001189177,0.6286407766990292,0.3713592233009709,0.53,0.3,1236.0,777.0,459.0,True
1723.0,0.7272199651770168,0.7404980340760158,0.8122448979591836,0.7763714660175998,0.7086477074869414,0.7685554668794893,0.2613006787193035,0.23144453312051072,1.1289991394320253,0.6089385474860335,0.39106145251396646,0.54,0.31,1253.0,763.0,490.0,True
1723.0,0.7544979686593152,0.7594405594405594,0.7794871794871795,0.7694638694638695,0.7086477074869414,0.7684615384615384,0.26120675030135265,0.23153846153846158,1.128135466417802,0.55,0.45,0.575,0.365,1300.0,715.0,585.0,True
1723.0,0.701683110853163,0.7346938775510204,0.8305882352941176,0.782641056422569,0.7086477074869414,0.7684036393713813,0.2611488512111956,0.23159636062861866,1.127603432551198,0.6484698097601324,0.35153019023986765,0.525,0.28,1209.0,784.0,425.0,True
1723.0,0.759141033081834,0.7641921397379913,0.7729468599033816,0.7685694998206865,0.7086477074869414,0.768348623853211,0.26109383569302524,0.231651376146789,1.127098142199594,0.5252293577981652,0.47477064220183485,0.59,0.385,1308.0,687.0,621.0,True
1723.0,0.738827626233314,0.744,0.8030592734225621,0.773529636711281,0.7086477074869414,0.7682639434406913,0.2610091552805055,0.23173605655930873,1.1263208632951982,0.589159465828751,0.410840534171249,0.55,0.325,1273.0,750.0,523.0,True
1723.0,0.7661056297156124,0.7572815533980582,0.7813021702838063,0.7692918618409323,0.7086477074869414,0.7681818181818182,0.2609270300216324,0.2318181818181818,1.1255675804854732,0.5462121212121213,0.4537878787878788,0.57,0.375,1320.0,721.0,599.0,True
1723.0,0.7283807312826466,0.7374517374517374,0.8179916317991632,0.7777216846254503,0.7086477074869414,0.7681274900398406,0.26087270187965483,0.2318725099601594,1.1250695562163806,0.6191235059760957,0.3808764940239044,0.53,0.305,1255.0,777.0,478.0,True
1723.0,0.7132907719094602,0.7346938775510204,0.8269662921348314,0.7808300848429259,0.7086477074869414,0.7681041497152156,0.2608493615550298,0.23189585028478443,1.1248556678987072,0.6379170056956875,0.36208299430431246,0.525,0.29,1229.0,784.0,445.0,True
1723.0,0.7330237957051654,0.7404980340760158,0.81,0.775249017038008,0.7086477074869414,0.768012668250198,0.2607578800900122,0.23198733174980202,1.1240177561559233,0.604117181314331,0.39588281868566905,0.54,0.315,1263.0,763.0,500.0,True
1723.0,0.7655252466627974,0.7673048600883653,0.76875,0.7680274300441827,0.7086477074869414,0.7680060652009097,0.260751277040724,0.23199393479909025,1.123957302015408,0.514783927217589,0.4852160727824109,0.595,0.395,1319.0,679.0,640.0,True
1723.0,0.7527568195008706,0.8,0.7415730337078652,0.7707865168539326,0.7086477074869414,0.7679259830377795,0.2606711948775937,0.23207401696222052,1.1232243845722227,0.4510408635312259,0.5489591364687741,0.64,0.425,1297.0,585.0,712.0,True
1723.0,0.7051654091700522,0.7341772151898734,0.8305882352941176,0.7823827252419955,0.7086477074869414,0.7679012345679013,0.2606464464077155,0.23209876543209873,1.1229979871821787,0.6502057613168725,0.3497942386831276,0.52,0.28,1215.0,790.0,425.0,True
1723.0,0.7376668601276842,0.8014311270125224,0.7415730337078652,0.7715020803601937,0.7086477074869414,0.7678992918961448,0.26064450373595904,0.2321007081038552,1.1229802177912,0.43981117230527145,0.5601888276947286,0.65,0.425,1271.0,559.0,712.0,True
1723.0,0.767266395821242,0.7788018433179723,0.7570789865871833,0.7679404149525778,0.7086477074869414,0.7677760968229954,0.26052130866280965,0.2322239031770046,1.1218539741115123,0.4924357034795764,0.5075642965204236,0.61,0.41,1322.0,651.0,671.0,True
1723.0,0.7446314567614626,0.746971736204576,0.7962962962962963,0.7716340162504361,0.7086477074869414,0.7677318784099766,0.2604770902497908,0.2322681215900234,1.121450022786851,0.5791114575214341,0.4208885424785659,0.555,0.335,1283.0,743.0,540.0,True
1723.0,0.7620429483459082,0.7572815533980582,0.7804054054054054,0.7688434794017318,0.7086477074869414,0.7677075399847677,0.26045275182458194,0.2322924600152323,1.1212277480186101,0.5491241431835491,0.45087585681645087,0.57,0.37,1313.0,721.0,592.0,True
1723.0,0.7544979686593152,0.7572815533980582,0.7806563039723662,0.7689689286852122,0.7086477074869414,0.7676923076923077,0.2604375195321219,0.23230769230769233,1.1210886602376107,0.5546153846153846,0.4453846153846154,0.57,0.36,1300.0,721.0,579.0,True
1723.0,0.7719094602437608,0.7876386687797148,0.7496423462088698,0.7686405074942924,0.7086477074869414,0.7676691729323308,0.26041438477214507,0.23233082706766917,1.1208774490192652,0.47443609022556393,0.5255639097744361,0.62,0.42,1330.0,631.0,699.0,True
1723.0,0.7719094602437608,0.7572815533980582,0.7799671592775042,0.7686243563377813,0.7086477074869414,0.7676691729323308,0.26041438477214507,0.23233082706766917,1.1208774490192652,0.5421052631578948,0.45789473684210524,0.57,0.38,1330.0,721.0,609.0,True
1723.0,0.7167730702263494,0.7341772151898734,0.8269662921348314,0.7805717536623524,0.7086477074869414,0.7676113360323886,0.26035654787220286,0.23238866396761138,1.120349604955298,0.6396761133603239,0.3603238866396761,0.52,0.29,1235.0,790.0,445.0,True
1723.0,0.7417295414973882,0.743046357615894,0.8030592734225621,0.773052815519228,0.7086477074869414,0.7676056338028169,0.2603508456426311,0.23239436619718312,1.1202975782198066,0.5907668231611893,0.40923317683881066,0.545,0.325,1278.0,755.0,523.0,True
1723.0,0.7690075449796866,0.7717717717717718,0.7632776934749621,0.767524732623367,0.7086477074869414,0.7675471698113208,0.260292381651135,0.23245283018867924,1.119764304181019,0.5026415094339622,0.49735849056603776,0.6,0.405,1325.0,666.0,659.0,True
1723.0,0.738827626233314,0.7404980340760158,0.807843137254902,0.7741705856654588,0.7086477074869414,0.7674783974862529,0.26022360932606714,0.2325216025137471,1.1191373468651467,0.5993715632364494,0.40062843676355064,0.54,0.32,1273.0,763.0,510.0,True
1723.0,0.706326175275682,0.7346938775510204,0.8267898383371824,0.7807418579441014,0.7086477074869414,0.7674609695973705,0.26020618143718477,0.23253903040262947,1.1189785258270453,0.6442070665571077,0.35579293344289237,0.525,0.285,1217.0,784.0,433.0,True
1723.0,0.7434706906558328,0.744,0.800376647834275,0.7721883239171374,0.7086477074869414,0.7673692427790788,0.26011445461889304,0.2326307572209212,1.1181430079422883,0.585480093676815,0.41451990632318503,0.55,0.33,1281.0,750.0,531.0,True
1723.0,0.7457922228670922,0.7993019197207679,0.7415730337078652,0.7704374767143165,0.7086477074869414,0.7673151750972763,0.26006038693709055,0.23268482490272369,1.1176508268032155,0.44591439688715956,0.5540856031128405,0.645,0.425,1285.0,573.0,712.0,True
1723.0,0.7457922228670922,0.7527472527472527,0.7863554757630161,0.7695513642551344,0.7086477074869414,0.7673151750972763,0.26006038693709055,0.23268482490272369,1.1176508268032155,0.5665369649805447,0.43346303501945527,0.565,0.345,1285.0,728.0,557.0,True
1723.0,0.730702263493906,0.7386215864759428,0.8122448979591836,0.7754332422175632,0.7086477074869414,0.767275615567911,0.26002082740772525,0.23272438443208898,1.1172908590659592,0.6108022239872914,0.3891977760127085,0.535,0.31,1259.0,769.0,490.0,True
1723.0,0.705745792222867,0.8073770491803278,0.7403846153846154,0.7738808322824716,0.7086477074869414,0.7672697368421053,0.26001494868191954,0.2327302631578947,1.1172373766686015,0.40131578947368424,0.5986842105263158,0.675,0.43,1216.0,488.0,728.0,True
1723.0,0.7730702263493906,0.7813953488372093,0.7540029112081513,0.7676991300226803,0.7086477074869414,0.7672672672672672,0.2600124791070815,0.23273273273273276,1.1172149102278468,0.48423423423423423,0.5157657657657657,0.615,0.415,1332.0,645.0,687.0,True
1723.0,0.7579802669762042,0.7572815533980582,0.7794871794871795,0.7683843664426189,0.7086477074869414,0.7672281776416539,0.2599733894814681,0.23277182235834615,1.1168593640223594,0.5520673813169985,0.44793261868300155,0.57,0.365,1306.0,721.0,585.0,True
1723.0,0.7179338363319792,0.7346938775510204,0.8233995584988962,0.7790467180249583,0.7086477074869414,0.767178658043654,0.2599238698834683,0.23282134195634596,1.1164091216869803,0.6337914308811641,0.36620856911883587,0.525,0.295,1237.0,784.0,453.0,True
1723.0,0.7748113755078352,0.7602836879432624,0.7746031746031746,0.7674434312732186,0.7086477074869414,0.7670411985018727,0.2597864103416869,0.2329588014981273,1.115160314489235,0.5280898876404494,0.47191011235955055,0.58,0.39,1335.0,705.0,630.0,True
1723.0,0.7597214161346488,0.7973199329983249,0.7415730337078652,0.7694464833530951,0.7086477074869414,0.7669977081741788,0.259742920013993,0.23300229182582122,1.1147655157321865,0.4560733384262796,0.5439266615737204,0.635,0.425,1309.0,597.0,712.0,True
1723.0,0.709808473592571,0.7341772151898734,0.8267898383371824,0.780483526763528,0.7086477074869414,0.7669664758789861,0.2597116877188004,0.23303352412101386,1.1144820844915542,0.6459525756336877,0.35404742436631237,0.52,0.285,1223.0,790.0,433.0,True
1723.0,0.7620429483459082,0.8,0.7403846153846154,0.7701923076923077,0.7086477074869414,0.766945925361767,0.2596911372015812,0.23305407463823302,1.1142956311950203,0.44554455445544555,0.5544554455445545,0.64,0.43,1313.0,585.0,728.0,True
1723.0,0.746952988972722,0.8014311270125224,0.7403846153846154,0.7709078711985689,0.7086477074869414,0.7668997668997669,0.25964497873958114,0.2331002331002331,1.1138769587928032,0.43434343434343436,0.5656565656565656,0.65,0.43,1287.0,559.0,728.0,True
1723.0,0.7045850261172374,0.8027888446215139,0.7415730337078652,0.7721809391646896,0.7086477074869414,0.7668863261943987,0.2596315380342129,0.23311367380560133,1.1137550783517118,0.4135090609555189,0.586490939044481,0.67,0.425,1214.0,502.0,712.0,True
1723.0,0.701683110853163,0.725181598062954,0.856396866840731,0.7907892324518425,0.7086477074869414,0.7667493796526055,0.2594945914924197,0.23325062034739452,1.1125140465047356,0.6832092638544252,0.31679073614557485,0.5,0.26,1209.0,826.0,383.0,True
1723.0,0.7365060940220546,0.7386215864759428,0.81,0.7743107932379714,0.7086477074869414,0.7667454688731284,0.2594906807129427,0.23325453112687156,1.1124786277862306,0.6059889676910953,0.39401103230890466,0.535,0.315,1269.0,769.0,500.0,True
1723.0,0.7539175856065002,0.7527472527472527,0.7845884413309983,0.7686678470391255,0.7086477074869414,0.766743648960739,0.2594888608005532,0.233256351039261,1.1124621458083122,0.5604311008468053,0.43956889915319475,0.565,0.355,1299.0,728.0,571.0,True
1723.0,0.771329077190946,0.7673048600883653,0.7661538461538462,0.7667293531211057,0.7086477074869414,0.7667419112114372,0.25948712305125143,0.2332580887885628,1.1124464081777845,0.510910458991723,0.4890895410082769,0.595,0.4,1329.0,679.0,650.0,True
1723.0,0.7115496227510156,0.8015564202334631,0.7415730337078652,0.7715647269706641,0.7086477074869414,0.766721044045677,0.2594662558854912,0.23327895595432302,1.1122574465580846,0.4192495921696574,0.5807504078303426,0.665,0.425,1226.0,514.0,712.0,True
1723.0,0.7463726059199072,0.743046357615894,0.800376647834275,0.7717115027250845,0.7086477074869414,0.7667185069984448,0.259463718838259,0.2332814930015552,1.112234474753337,0.5870917573872473,0.4129082426127527,0.545,0.33,1286.0,755.0,531.0,True
1723.0,0.7463726059199072,0.7489823609226595,0.7905282331511839,0.7697552970369217,0.7086477074869414,0.7667185069984448,0.259463718838259,0.2332814930015552,1.112234474753337,0.573094867807154,0.42690513219284604,0.56,0.34,1286.0,737.0,549.0,True
1723.0,0.7214161346488682,0.7341772151898734,0.8233995584988962,0.7787883868443848,0.7086477074869414,0.7666934835076428,0.259438695347457,0.23330651649235723,1.1120079252306518,0.6355591311343524,0.36444086886564764,0.52,0.295,1243.0,790.0,453.0,True
1723.0,0.7214161346488682,0.7346938775510204,0.8213507625272332,0.7780223200391267,0.7086477074869414,0.7666934835076428,0.259438695347457,0.23330651649235723,1.1120079252306518,0.6307320997586484,0.3692679002413516,0.525,0.3,1243.0,784.0,459.0,True
1723.0,0.7736506094022054,0.7647907647907648,0.76875,0.7667703823953824,0.7086477074869414,0.7666916729182296,0.25943688475804383,0.2333083270817704,1.111991534991873,0.5198799699924981,0.48012003000750186,0.585,0.395,1333.0,693.0,640.0,True
1723.0,0.751015670342426,0.7527472527472527,0.784452296819788,0.7685997747835204,0.7086477074869414,0.7666151468315301,0.2593603586713443,0.2333848531684699,1.111299020267283,0.5625965996908809,0.437403400309119,0.565,0.35,1294.0,728.0,566.0,True
1723.0,0.7806152060359838,0.7594405594405594,0.7746031746031746,0.767021867021867,0.7086477074869414,0.7665427509293681,0.2592879627691823,0.23345724907063192,1.1106442991227716,0.5315985130111525,0.4684014869888476,0.575,0.39,1345.0,715.0,630.0,True
1723.0,0.7701683110853164,0.7641921397379913,0.76875,0.7664710698689956,0.7086477074869414,0.7663903541823662,0.25913556602218046,0.23360964581763377,1.1092674068110757,0.517709118311982,0.4822908816880181,0.59,0.395,1327.0,687.0,640.0,True
1723.0,0.7353453279164248,0.7374517374517374,0.8122448979591836,0.7748483177054606,0.7086477074869414,0.7663772691397001,0.2591224809795143,0.23362273086029994,1.1091492682467723,0.6132596685082873,0.3867403314917127,0.53,0.31,1267.0,777.0,490.0,True
1723.0,0.75507835171213,0.7993019197207679,0.7403846153846154,0.7698432675526916,0.7086477074869414,0.7663335895465027,0.2590788013863169,0.23366641045349734,1.1087550019855206,0.4404304381245196,0.5595695618754803,0.645,0.43,1301.0,573.0,728.0,True
1723.0,0.7324434126523506,0.7346938775510204,0.8179916317991632,0.7763427546750918,0.7086477074869414,0.7662440570522979,0.25898926889211216,0.23375594294770208,1.1079473130232051,0.6212361331220285,0.3787638668779715,0.525,0.305,1262.0,784.0,478.0,True
1723.0,0.7423099245502032,0.7386215864759428,0.807843137254902,0.7732323618654224,0.7086477074869414,0.766223612197029,0.2589688240368432,0.23377638780297105,1.1077629630204764,0.6012509773260359,0.39874902267396406,0.535,0.32,1279.0,769.0,510.0,True
1723.0,0.7695879280325014,0.7602836879432624,0.7729468599033816,0.7666152739233221,0.7086477074869414,0.7662141779788839,0.25895938981869815,0.23378582202111609,1.107677906127722,0.5316742081447964,0.4683257918552036,0.58,0.385,1326.0,705.0,621.0,True
1723.0,0.7248984329657574,0.7341772151898734,0.8213507625272332,0.7777639888585532,0.7086477074869414,0.7662129703763011,0.25895818221611533,0.2337870296236989,1.1076670191367401,0.6325060048038431,0.36749399519615694,0.52,0.3,1249.0,790.0,459.0,True
1723.0,0.7219965177016832,0.7988721804511278,0.7415730337078652,0.7702226070794965,0.7086477074869414,0.7660771704180064,0.2588223822578206,0.23392282958199362,1.1064434485523327,0.42765273311897106,0.572347266881029,0.66,0.425,1244.0,532.0,712.0,True
1723.0,0.7765525246662798,0.7788018433179723,0.7540029112081513,0.7664023772630618,0.7086477074869414,0.7660687593423019,0.25881397118211613,0.2339312406576981,1.1063677106762662,0.48654708520179374,0.5134529147982063,0.61,0.415,1338.0,651.0,687.0,True
1723.0,0.7690075449796866,0.7973199329983249,0.7403846153846154,0.7688522741914702,0.7086477074869414,0.7660377358490567,0.2587829476888709,0.23396226415094334,1.1060884054443678,0.4505660377358491,0.549433962264151,0.635,0.43,1325.0,597.0,728.0,True
1723.0,0.7463726059199072,0.7404980340760158,0.8030592734225621,0.771778653749289,0.7086477074869414,0.7659409020217729,0.25868611386158713,0.2340590979782271,1.1052170844717641,0.5933125972006221,0.40668740279937793,0.54,0.325,1286.0,763.0,523.0,True
1723.0,0.7486941381311666,0.744,0.7962962962962963,0.7701481481481481,0.7086477074869414,0.765891472868217,0.25863668470803125,0.23410852713178298,1.1047725936203983,0.5813953488372093,0.4186046511627907,0.55,0.335,1290.0,750.0,540.0,True
1723.0,0.7040046430644226,0.73,0.8353510895883777,0.7826755447941889,0.7086477074869414,0.7658697444352844,0.2586149562750987,0.23413025556471556,1.1045772604285025,0.6595218466611706,0.34047815333882936,0.515,0.275,1213.0,800.0,413.0,True
1723.0,0.7411491584445734,0.7374517374517374,0.81,0.7737258687258688,0.7086477074869414,0.7658574784651527,0.25860269030496696,0.23414252153484727,1.1044670084262302,0.6084573218480814,0.39154267815191857,0.53,0.315,1277.0,777.0,500.0,True
1723.0,0.7138711549622752,0.8027888446215139,0.7403846153846154,0.7715867300030647,0.7086477074869414,0.7658536585365854,0.2585988703763996,0.23414634146341462,1.1044326755658733,0.408130081300813,0.591869918699187,0.67,0.43,1230.0,502.0,728.0,True
1723.0,0.7359257109692396,0.7341772151898734,0.8179916317991632,0.7760844234945183,0.7086477074869414,0.7657728706624606,0.2585180825022748,0.23422712933753942,1.1037068303464124,0.6230283911671924,0.37697160883280756,0.52,0.305,1268.0,790.0,478.0,True
1723.0,0.77539175856065,0.7594405594405594,0.7729468599033816,0.7661937096719705,0.7086477074869414,0.7657185628742516,0.2584637747140658,0.23428143712574845,1.1032191789712205,0.5351796407185628,0.4648203592814371,0.575,0.385,1336.0,715.0,621.0,True
1723.0,0.7208357515960534,0.8015564202334631,0.7403846153846154,0.7709705178090392,0.7086477074869414,0.7657004830917874,0.25844569493160163,0.2342995169082126,1.1030568835225056,0.4138486312399356,0.5861513687600645,0.665,0.43,1242.0,514.0,728.0,True
1723.0,0.7701683110853164,0.7527472527472527,0.7813021702838063,0.7670247115155295,0.7086477074869414,0.7656367746797287,0.2583819865195429,0.23436322532027132,1.102485196499786,0.5486058779201206,0.45139412207987945,0.565,0.375,1327.0,728.0,599.0,True
1723.0,0.7724898432965758,0.7742424242424243,0.7570789865871833,0.7656607054148038,0.7086477074869414,0.7655897821187078,0.258334993958522,0.23441021788129224,1.102063708201259,0.49586776859504134,0.5041322314049587,0.605,0.41,1331.0,660.0,671.0,True
1723.0,0.7278003482298316,0.7970479704797048,0.7415730337078652,0.7693105020937849,0.7086477074869414,0.7655502392344498,0.258295451074264,0.23444976076555024,1.1017091688677791,0.43221690590111644,0.5677830940988836,0.655,0.425,1254.0,542.0,712.0,True
1723.0,0.7028438769587928,0.7268292682926829,0.8465473145780051,0.786688291435344,0.7086477074869414,0.7654830718414534,0.2582282836812676,0.23451692815854663,1.1011072237254054,0.6771263418662262,0.3228736581337737,0.505,0.265,1211.0,820.0,391.0,True
1723.0,0.7498549042367962,0.746971736204576,0.7905282331511839,0.76874998467788,0.7086477074869414,0.7654798761609907,0.2582250880008049,0.23452012383900933,1.1010785930595375,0.5750773993808049,0.42492260061919507,0.555,0.34,1292.0,743.0,549.0,True
1723.0,0.779454439930354,0.7647907647907648,0.7661538461538462,0.7654723054723055,0.7086477074869414,0.7654504839910647,0.258195695830879,0.23454951600893525,1.1008153000027632,0.5160089352196575,0.48399106478034254,0.585,0.4,1343.0,693.0,650.0,True
1723.0,0.7840975043528728,0.7572815533980582,0.7746031746031746,0.7659423640006164,0.7086477074869414,0.765358993338268,0.2581042051780822,0.23464100666173204,1.0999961551911326,0.533678756476684,0.46632124352331605,0.57,0.39,1351.0,721.0,630.0,True
1723.0,0.746952988972722,0.7374517374517374,0.807843137254902,0.7726474373533196,0.7086477074869414,0.7653457653457654,0.2580909771855796,0.23465423465423463,1.099877773635235,0.6037296037296037,0.3962703962703963,0.53,0.32,1287.0,777.0,510.0,True
1723.0,0.709808473592571,0.8073770491803278,0.7374149659863946,0.7723960075833611,0.7086477074869414,0.7653311529026983,0.2580763647425125,0.23466884709730174,1.0997470177006716,0.3990188062142273,0.6009811937857726,0.675,0.435,1223.0,488.0,735.0,True
1723.0,0.7765525246662798,0.7673048600883653,0.7632776934749621,0.7652912767816638,0.7086477074869414,0.7653213751868461,0.2580665870266603,0.23467862481315394,1.099659533253731,0.507473841554559,0.49252615844544095,0.595,0.405,1338.0,679.0,659.0,True
1723.0,0.7515960533952408,0.743046357615894,0.7962962962962963,0.7696713269560951,0.7086477074869414,0.7652509652509653,0.2579961770907795,0.23474903474903475,1.0990297675413139,0.583011583011583,0.416988416988417,0.545,0.335,1295.0,755.0,540.0,True
1723.0,0.7637840975043528,0.793046357615894,0.7415730337078652,0.7673096956618797,0.7086477074869414,0.7651975683890577,0.25794278022887196,0.23480243161094227,1.0985524232401147,0.45896656534954405,0.541033434650456,0.63,0.425,1316.0,604.0,712.0,True
1723.0,0.7736506094022054,0.7922705314009661,0.7415730337078652,0.7669217825544157,0.7086477074869414,0.7651912978244562,0.2579365096642704,0.23480870217554384,1.0984963814136501,0.46586646661665415,0.5341335333833458,0.625,0.425,1333.0,621.0,712.0,True
1723.0,0.7661056297156124,0.8,0.7374149659863946,0.7687074829931972,0.7086477074869414,0.7651515151515151,0.2578967269913294,0.23484848484848486,1.098140902027596,0.4431818181818182,0.5568181818181818,0.64,0.435,1320.0,585.0,735.0,True
1723.0,0.7661056297156124,0.7527472527472527,0.7804054054054054,0.766576329076329,0.7086477074869414,0.7651515151515151,0.2578967269913294,0.23484848484848486,1.098140902027596,0.5515151515151515,0.4484848484848485,0.565,0.37,1320.0,728.0,592.0,True
1723.0,0.7759721416134648,0.7527472527472527,0.7799671592775042,0.7663572060123784,0.7086477074869414,0.7651458489154824,0.25789106075529666,0.23485415108451757,1.098090280986725,0.5445026178010471,0.45549738219895286,0.565,0.38,1337.0,728.0,609.0,True
1723.0,0.7759721416134648,0.7641921397379913,0.7661538461538462,0.7651729929459188,0.7086477074869414,0.7651458489154824,0.25789106075529666,0.23485415108451757,1.098090280986725,0.5138369483919222,0.48616305160807777,0.59,0.4,1337.0,687.0,650.0,True
1723.0,0.7585606500290192,0.7527472527472527,0.7806563039723662,0.7667017783598095,0.7086477074869414,0.7651109410864575,0.25785615292627173,0.2348890589135425,1.0977784751616844,0.5570007651109411,0.4429992348890589,0.565,0.36,1307.0,728.0,579.0,True
1723.0,0.7312826465467208,0.7988721804511278,0.7403846153846154,0.7696283979178716,0.7086477074869414,0.765079365079365,0.25782457691917926,0.23492063492063497,1.0974965098586682,0.4222222222222222,0.5777777777777777,0.66,0.43,1260.0,532.0,728.0,True
1723.0,0.751015670342426,0.7404980340760158,0.800376647834275,0.7704373409551454,0.7086477074869414,0.7650695517774343,0.25781476361724853,0.2349304482225657,1.097408895133946,0.589644513137558,0.41035548686244205,0.54,0.33,1294.0,763.0,531.0,True
1723.0,0.751015670342426,0.8014311270125224,0.7374149659863946,0.7694230464994585,0.7086477074869414,0.7650695517774343,0.25781476361724853,0.2349304482225657,1.097408895133946,0.4319938176197836,0.5680061823802164,0.65,0.435,1294.0,559.0,735.0,True
1723.0,0.751015670342426,0.7489823609226595,0.7863554757630161,0.7676689183428378,0.7086477074869414,0.7650695517774343,0.25781476361724853,0.2349304482225657,1.097408895133946,0.5695517774343122,0.43044822256568777,0.56,0.345,1294.0,737.0,557.0,True
1723.0,0.7109692396982008,0.73,0.8305882352941176,0.7802941176470588,0.7086477074869414,0.7648979591836734,0.25764317102348766,0.23510204081632657,1.095878071193654,0.6530612244897959,0.3469387755102041,0.515,0.28,1225.0,800.0,425.0,True
1723.0,0.7800348229831688,0.7813953488372093,0.7496423462088698,0.7655188475230396,0.7086477074869414,0.7648809523809523,0.25762616422076656,0.23511904761904767,1.0957264706098424,0.4799107142857143,0.5200892857142857,0.615,0.42,1344.0,645.0,699.0,True
1723.0,0.7498549042367962,0.7386215864759428,0.8030592734225621,0.7708404299492524,0.7086477074869414,0.7647058823529411,0.25745109419275536,0.23529411764705888,1.09416715031921,0.5952012383900929,0.40479876160990713,0.535,0.325,1292.0,769.0,523.0,True
1723.0,0.7620429483459082,0.7527472527472527,0.7794871794871795,0.7661172161172161,0.7086477074869414,0.7646610814927647,0.2574062933325789,0.23533891850723532,1.093768489144583,0.5544554455445545,0.44554455445544555,0.565,0.365,1313.0,728.0,585.0,True
1723.0,0.722576900754498,0.73,0.8269662921348314,0.7784831460674158,0.7086477074869414,0.7646586345381526,0.25740384637796687,0.23534136546184736,1.0937467192510881,0.642570281124498,0.357429718875502,0.515,0.29,1245.0,800.0,445.0,True
1723.0,0.7370864770748694,0.7970479704797048,0.7403846153846154,0.76871629293216,0.7086477074869414,0.7645669291338583,0.2573121409736725,0.23543307086614174,1.0929311673463682,0.4267716535433071,0.573228346456693,0.655,0.43,1270.0,542.0,728.0,True
1723.0,0.7788740568775392,0.7572815533980582,0.7729468599033816,0.7651142066507199,0.7086477074869414,0.7645305514157973,0.2572757632556115,0.2354694485842027,1.092607830028578,0.53725782414307,0.46274217585692995,0.57,0.385,1342.0,721.0,621.0,True
1723.0,0.759141033081834,0.7993019197207679,0.7374149659863946,0.7683584428535812,0.7086477074869414,0.764525993883792,0.2572712057236063,0.23547400611620795,1.0925673282028474,0.4380733944954128,0.5619266055045872,0.645,0.435,1308.0,573.0,735.0,True
1723.0,0.759141033081834,0.7489823609226595,0.7845884413309983,0.7667854011268289,0.7086477074869414,0.764525993883792,0.2572712057236063,0.23547400611620795,1.0925673282028474,0.5634556574923547,0.43654434250764523,0.56,0.355,1308.0,737.0,571.0,True
1723.0,0.7394080092861288,0.7346938775510204,0.8122448979591836,0.773469387755102,0.7086477074869414,0.7645211930926217,0.2572664049324359,0.23547880690737832,1.0925246662797445,0.6153846153846154,0.38461538461538464,0.525,0.31,1274.0,784.0,490.0,True
1723.0,0.7759721416134648,0.7717717717717718,0.7570789865871833,0.7644253791794775,0.7086477074869414,0.7643979057591623,0.25714311759897657,0.23560209424083767,1.0914296769201006,0.4981301421091997,0.5018698578908003,0.6,0.41,1337.0,666.0,671.0,True
1723.0,0.7562391178177598,0.7489823609226595,0.784452296819788,0.7667173288712237,0.7086477074869414,0.7643898695318496,0.25713508137166385,0.23561013046815038,1.0913583421083977,0.5656178050652341,0.43438219493476593,0.56,0.35,1303.0,737.0,566.0,True
1723.0,0.7092280905397562,0.7268292682926829,0.8407960199004975,0.7838126440965902,0.7086477074869414,0.7643207855973814,0.2570659974371956,0.23567921440261863,1.0907453085703231,0.6710310965630114,0.32896890343698854,0.505,0.27,1222.0,820.0,402.0,True
1723.0,0.7806152060359838,0.7602836879432624,0.76875,0.7645168439716312,0.7086477074869414,0.7643122676579925,0.2570574794978068,0.23568773234200746,1.090669747396057,0.5241635687732342,0.4758364312267658,0.58,0.395,1345.0,705.0,640.0,True
1723.0,0.7829367382472432,0.7922705314009661,0.7403846153846154,0.7663275733927908,0.7086477074869414,0.7642698295033358,0.25701504134315,0.23573017049666423,1.090293367207262,0.4603409933283914,0.5396590066716086,0.625,0.43,1349.0,621.0,728.0,True
1723.0,0.7730702263493906,0.7973199329983249,0.7374149659863946,0.7673674494923597,0.7086477074869414,0.7642642642642643,0.25700947610407854,0.2357357357357357,1.0902440196516965,0.44819819819819817,0.5518018018018018,0.635,0.435,1332.0,597.0,735.0,True
1723.0,0.7730702263493906,0.793046357615894,0.7403846153846154,0.7667154865002548,0.7086477074869414,0.7642642642642643,0.25700947610407854,0.2357357357357357,1.0902440196516965,0.45345345345345345,0.5465465465465466,0.63,0.43,1332.0,604.0,728.0,True
1723.0,0.706326175275682,0.725181598062954,0.8465473145780051,0.7858644563204795,0.7086477074869414,0.7641741988496302,0.25691941068944446,0.23582580115036977,1.0894457240733586,0.6787181594083813,0.32128184059161874,0.5,0.265,1217.0,826.0,391.0,True
1723.0,0.742890307603018,0.7341772151898734,0.8122448979591836,0.7732110565745285,0.7086477074869414,0.7640625,0.2568077118398142,0.23593750000000002,1.088456527003186,0.6171875,0.3828125,0.52,0.31,1280.0,790.0,490.0,True
1723.0,0.7846778874056878,0.7647907647907648,0.7632776934749621,0.7640342291328635,0.7086477074869414,0.7640532544378699,0.2567984662776841,0.23594674556213013,1.0883746909323793,0.5125739644970414,0.4874260355029586,0.585,0.405,1352.0,693.0,659.0,True
1723.0,0.7452118398142774,0.7346938775510204,0.81,0.7723469387755102,0.7086477074869414,0.764018691588785,0.2567639034285992,0.235981308411215,1.0880688184895093,0.6105919003115264,0.3894080996884735,0.525,0.315,1284.0,784.0,500.0,True
1723.0,0.7156123041207196,0.73,0.8267898383371824,0.7783949191685913,0.7086477074869414,0.7639902676399026,0.25673547947971687,0.23600973236009737,1.0878173408882847,0.64882400648824,0.35117599351175993,0.515,0.285,1233.0,800.0,433.0,True
1723.0,0.7179338363319792,0.8027888446215139,0.7374149659863946,0.7701019053039542,0.7086477074869414,0.7639450282942603,0.2566902401340745,0.23605497170573975,1.0874172159104454,0.4058205335489086,0.5941794664510913,0.67,0.435,1237.0,502.0,735.0,True
1723.0,0.7817759721416134,0.7742424242424243,0.7540029112081513,0.7641226677252878,0.7086477074869414,0.7639198218262806,0.25666503366609483,0.2360801781737194,1.0871943407177034,0.48997772828507796,0.5100222717149221,0.605,0.415,1347.0,660.0,687.0,True
1723.0,0.7544979686593152,0.7374517374517374,0.8030592734225621,0.7702555054371498,0.7086477074869414,0.7638461538461538,0.2565913656859681,0.23615384615384616,1.0865432423184316,0.5976923076923077,0.4023076923076923,0.53,0.325,1300.0,777.0,523.0,True
1723.0,0.7544979686593152,0.7386215864759428,0.800376647834275,0.7694991171551089,0.7086477074869414,0.7638461538461538,0.2565913656859681,0.23615384615384616,1.0865432423184316,0.5915384615384616,0.4084615384615385,0.535,0.33,1300.0,769.0,531.0,True
1723.0,0.7544979686593152,0.746971736204576,0.7863554757630161,0.7666636059837961,0.7086477074869414,0.7638461538461538,0.2565913656859681,0.23615384615384616,1.0865432423184316,0.5715384615384616,0.42846153846153845,0.555,0.345,1300.0,743.0,557.0,True
1723.0,0.7864190365641324,0.7594405594405594,0.76875,0.7640952797202798,0.7086477074869414,0.7638376383763837,0.256582850216198,0.23616236162361626,1.0864680063842131,0.5276752767527675,0.47232472324723246,0.575,0.395,1355.0,715.0,640.0,True
1723.0,0.7248984329657574,0.8015564202334631,0.7374149659863946,0.7694856931099288,0.7086477074869414,0.7638110488390712,0.2565562606788855,0.23618895116092875,1.0862331172472135,0.41152922337870296,0.588470776621297,0.665,0.435,1249.0,514.0,735.0,True
1723.0,0.7272199651770168,0.73,0.8233995584988962,0.7766997792494481,0.7086477074869414,0.7637669592976856,0.2565121711374998,0.23623304070231443,1.085843751470565,0.6384676775738228,0.36153232242617717,0.515,0.295,1253.0,800.0,453.0,True
1723.0,0.7811955890887986,0.7641921397379913,0.7632776934749621,0.7637349166064766,0.7086477074869414,0.763744427934621,0.2564896397744353,0.23625557206537895,1.085644827472924,0.5104011887072808,0.48959881129271915,0.59,0.405,1346.0,687.0,659.0,True
1723.0,0.783517121300058,0.7788018433179723,0.7496423462088698,0.7642220947634211,0.7086477074869414,0.7637037037037037,0.2564489155435179,0.23629629629629634,1.0852853792594015,0.4822222222222222,0.5177777777777778,0.61,0.42,1350.0,651.0,699.0,True
1723.0,0.7539175856065002,0.744,0.7905282331511839,0.767264116575592,0.7086477074869414,0.7636643571978445,0.25640956903765877,0.23633564280215547,1.08493820905511,0.5773672055427251,0.4226327944572748,0.55,0.34,1299.0,750.0,549.0,True
1723.0,0.7562391178177598,0.7404980340760158,0.7962962962962963,0.7683971651861561,0.7086477074869414,0.7636224098234843,0.2563676216632985,0.23637759017651572,1.0845682176210325,0.5855717574827322,0.41442824251726784,0.54,0.335,1303.0,763.0,540.0,True
1723.0,0.7045850261172374,0.7253694581280788,0.8407960199004975,0.7830827390142882,0.7086477074869414,0.7635914332784185,0.25633664511823273,0.2364085667215815,1.0842950772597024,0.6688632619439868,0.3311367380560132,0.51,0.27,1214.0,812.0,402.0,True
1723.0,0.7486941381311666,0.7341772151898734,0.81,0.7720886075949367,0.7086477074869414,0.7635658914728682,0.2563111033126825,0.23643410852713176,1.0840699123716735,0.6124031007751938,0.3875968992248062,0.52,0.315,1290.0,790.0,500.0,True
1723.0,0.751015670342426,0.7346938775510204,0.807843137254902,0.7712685074029613,0.7086477074869414,0.7635239567233385,0.25626916856315274,0.2364760432766615,1.0837003402637897,0.6058732612055642,0.3941267387944359,0.525,0.32,1294.0,784.0,510.0,True
1723.0,0.77539175856065,0.7489823609226595,0.7813021702838063,0.765142265603233,0.7086477074869414,0.7634730538922155,0.25621826573202977,0.23652694610778446,1.083251908284784,0.5516467065868264,0.44835329341317365,0.56,0.375,1336.0,737.0,599.0,True
1723.0,0.7626233313987232,0.746971736204576,0.7845884413309983,0.7657800887677871,0.7086477074869414,0.7633181126331812,0.2560633244729954,0.23668188736681883,1.0818881297669325,0.5654490106544902,0.4345509893455099,0.555,0.355,1314.0,743.0,571.0,True
1723.0,0.730702263493906,0.73,0.8213507625272332,0.7756753812636166,0.7086477074869414,0.7633042096902304,0.2560494215300446,0.23669579030976962,1.0817658446521015,0.6354249404289118,0.36457505957108816,0.515,0.3,1259.0,800.0,459.0,True
1723.0,0.7353453279164248,0.7988721804511278,0.7374149659863946,0.7681435732187611,0.7086477074869414,0.7632202052091555,0.2559654170489697,0.23677979479084454,1.0810272780034818,0.4198895027624309,0.580110497237569,0.66,0.435,1267.0,532.0,735.0,True
1723.0,0.779454439930354,0.7876386687797148,0.7415730337078652,0.76460585124379,0.7086477074869414,0.763216679076694,0.25596189091650823,0.236783320923306,1.0809962877385868,0.469843633655994,0.530156366344006,0.62,0.425,1343.0,631.0,712.0,True
1723.0,0.7156123041207196,0.7268292682926829,0.8353510895883777,0.7810901789405302,0.7086477074869414,0.7631792376317924,0.25592444947160664,0.2368207623682076,1.0806672815016816,0.6650446066504461,0.33495539334955393,0.505,0.275,1233.0,820.0,413.0,True
1723.0,0.7597214161346488,0.746971736204576,0.784452296819788,0.765712016512182,0.7086477074869414,0.7631779984721161,0.2559232103119303,0.2368220015278839,1.0806563945106993,0.5676088617265088,0.43239113827349124,0.555,0.35,1309.0,743.0,566.0,True
1723.0,0.705745792222867,0.8106382978723404,0.7332439678284183,0.7719411328503794,0.7086477074869414,0.7631578947368421,0.2559031065766564,0.23684210526315785,1.0804797833236606,0.38651315789473684,0.6134868421052632,0.68,0.44,1216.0,470.0,746.0,True
1723.0,0.7864190365641324,0.7602836879432624,0.7661538461538462,0.7632187670485543,0.7086477074869414,0.76309963099631,0.2558448428361242,0.23690036900369005,1.0799681060527984,0.5202952029520295,0.4797047970479705,0.58,0.4,1355.0,705.0,650.0,True
1723.0,0.7544979686593152,0.7341772151898734,0.807843137254902,0.7710101762223878,0.7086477074869414,0.7630769230769231,0.25582213491673733,0.2369230769230769,1.0797687512719434,0.6076923076923076,0.3923076923076923,0.52,0.32,1300.0,790.0,510.0,True
1723.0,0.7568195008705746,0.743046357615894,0.7905282331511839,0.766787295383539,0.7086477074869414,0.7630368098159509,0.25578202165576513,0.2369631901840491,1.0794166868579862,0.5789877300613497,0.4210122699386503,0.545,0.34,1304.0,755.0,549.0,True
1723.0,0.7127103888566454,0.725181598062954,0.8407960199004975,0.7829888089817257,0.7086477074869414,0.7630293159609121,0.2557745278007263,0.23697068403908794,1.079350928313718,0.6726384364820847,0.3273615635179153,0.5,0.27,1228.0,826.0,402.0,True
1723.0,0.7811955890887986,0.7489823609226595,0.7799671592775042,0.7644747601000819,0.7086477074869414,0.763001485884101,0.25574669772391523,0.236998514115899,1.0791067559134477,0.5475482912332839,0.4524517087667162,0.56,0.38,1346.0,737.0,609.0,True
1723.0,0.759141033081834,0.7374517374517374,0.800376647834275,0.7689141926430062,0.7086477074869414,0.7629969418960245,0.25574215373583875,0.23700305810397548,1.0790668938273458,0.5940366972477065,0.4059633027522936,0.53,0.33,1308.0,777.0,531.0,True
1723.0,0.771329077190946,0.7489823609226595,0.7804054054054054,0.7646938831640324,0.7086477074869414,0.7629796839729119,0.25572489581272617,0.23702031602708806,1.0789155128098826,0.5545522949586155,0.4454477050413845,0.56,0.37,1329.0,737.0,592.0,True
1723.0,0.7637840975043528,0.7489823609226595,0.7806563039723662,0.7648193324475128,0.7086477074869414,0.7629179331306991,0.25566314497051335,0.2370820668693009,1.078374034555114,0.5600303951367781,0.4399696048632219,0.56,0.36,1316.0,737.0,579.0,True
1723.0,0.7417295414973882,0.73,0.8179916317991632,0.7739958158995817,0.7086477074869414,0.7629107981220657,0.25565600996188,0.23708920187793425,1.078311487561989,0.6259780907668232,0.37402190923317685,0.515,0.305,1278.0,800.0,478.0,True
1723.0,0.788160185722577,0.7527472527472527,0.7746031746031746,0.7636752136752136,0.7086477074869414,0.7628865979381443,0.2556318097779585,0.23711340206185572,1.0780993716722596,0.5360824742268041,0.4639175257731959,0.565,0.39,1358.0,728.0,630.0,True
1723.0,0.7852582704585026,0.7717717717717718,0.7540029112081513,0.7628873414899615,0.7086477074869414,0.7627494456762749,0.25549465751608913,0.2372505543237251,1.0768980424276278,0.49223946784922396,0.5077605321507761,0.6,0.415,1353.0,666.0,687.0,True
1723.0,0.7411491584445734,0.7970479704797048,0.7374149659863946,0.7672314682330497,0.7086477074869414,0.7627251370399374,0.2554703488797516,0.23727486296006262,1.0766852657407355,0.4244322631166797,0.5755677368833203,0.655,0.435,1277.0,542.0,735.0,True
1723.0,0.7899013348810214,0.7572815533980582,0.76875,0.7630157766990291,0.7086477074869414,0.7626745040411462,0.25541971588096046,0.23732549595885377,1.0762422084024372,0.529757531227039,0.47024246877296105,0.57,0.395,1361.0,721.0,640.0,True
1723.0,0.792222867092281,0.7594405594405594,0.7661538461538462,0.7627972027972028,0.7086477074869414,0.7626373626373626,0.2553825744771768,0.2373626373626374,1.0759173276584761,0.5238095238095238,0.47619047619047616,0.575,0.4,1365.0,715.0,650.0,True
1723.0,0.7724898432965758,0.8,0.7332439678284183,0.7666219839142092,0.7086477074869414,0.7625845229151015,0.2553297347549157,0.23741547708489852,1.075455306831623,0.439519158527423,0.560480841472577,0.64,0.44,1331.0,585.0,746.0,True
1723.0,0.7161926871735346,0.8073770491803278,0.7332439678284183,0.7703105085043731,0.7086477074869414,0.7625607779578606,0.2553059897976748,0.2374392220421394,1.0752477522536885,0.39546191247974066,0.6045380875202593,0.675,0.44,1234.0,488.0,746.0,True
1723.0,0.7869994196169472,0.7922705314009661,0.7374149659863946,0.7648427486936804,0.7086477074869414,0.7625368731563422,0.25528208499615646,0.23746312684365778,1.0750388424061745,0.4579646017699115,0.5420353982300885,0.625,0.435,1356.0,621.0,735.0,True
1723.0,0.7771329077190946,0.793046357615894,0.7374149659863946,0.7652306618011443,0.7086477074869414,0.7625093353248693,0.25525454716468354,0.2374906646751307,1.0747982347594693,0.45108289768483945,0.5489171023151606,0.63,0.435,1339.0,604.0,735.0,True
1723.0,0.767266395821242,0.7489823609226595,0.7794871794871795,0.7642347702049195,0.7086477074869414,0.762481089258699,0.2552263010985132,0.23751891074130105,1.0745514969816383,0.5574886535552194,0.44251134644478063,0.56,0.365,1322.0,737.0,585.0,True
1723.0,0.7573998839233894,0.8014311270125224,0.7332439678284183,0.7673375474204703,0.7086477074869414,0.7624521072796935,0.2551973191195077,0.23754789272030652,1.0742983917772824,0.42835249042145596,0.571647509578544,0.65,0.44,1305.0,559.0,746.0,True
1723.0,0.7109692396982008,0.7253694581280788,0.8353510895883777,0.7803602738582283,0.7086477074869414,0.7624489795918368,0.255194191431651,0.23755102040816323,1.0742710807689777,0.6628571428571428,0.33714285714285713,0.51,0.275,1225.0,812.0,413.0,True
1723.0,0.7597214161346488,0.7386215864759428,0.7962962962962963,0.7674589413861195,0.7086477074869414,0.7624140565317036,0.2551592683715178,0.23758594346829642,1.0739661810235266,0.5874713521772346,0.4125286478227655,0.535,0.335,1309.0,769.0,540.0,True
1723.0,0.7887405687753918,0.7876386687797148,0.7403846153846154,0.7640116420821651,0.7086477074869414,0.7623252391464312,0.2550704509862455,0.23767476085356876,1.0731911544591568,0.46431199411331864,0.5356880058866814,0.62,0.43,1359.0,631.0,728.0,True
1723.0,0.7788740568775392,0.746971736204576,0.7813021702838063,0.7641369532441912,0.7086477074869414,0.7622950819672131,0.2550402938070273,0.23770491803278693,1.072928132567494,0.5536512667660208,0.4463487332339791,0.555,0.375,1342.0,743.0,599.0,True
1723.0,0.722576900754498,0.7268292682926829,0.8305882352941176,0.7787087517934003,0.7086477074869414,0.7622489959839357,0.25499420782374993,0.2377510040160643,1.0725263133127318,0.6586345381526104,0.3413654618473896,0.505,0.28,1245.0,820.0,425.0,True
1723.0,0.783517121300058,0.7673048600883653,0.7570789865871833,0.7621919233377743,0.7086477074869414,0.7622222222222222,0.2549674340620365,0.23777777777777775,1.0722929469898732,0.502962962962963,0.49703703703703705,0.595,0.41,1350.0,679.0,671.0,True
1723.0,0.7341845618107952,0.7268292682926829,0.8269662921348314,0.7768977802137571,0.7086477074869414,0.7620553359683795,0.2548005478081937,0.2379446640316205,1.070839511552708,0.6482213438735178,0.35177865612648224,0.505,0.29,1265.0,820.0,445.0,True
1723.0,0.7585606500290192,0.7346938775510204,0.8030592734225621,0.7688765754867912,0.7086477074869414,0.7620504973221117,0.25479570916192595,0.23794950267788828,1.0707974015261648,0.5998469778117828,0.4001530221882173,0.525,0.325,1307.0,784.0,523.0,True
1723.0,0.7585606500290192,0.744,0.7863554757630161,0.7651777378815081,0.7086477074869414,0.7620504973221117,0.25479570916192595,0.23794950267788828,1.0707974015261648,0.5738332058148432,0.42616679418515685,0.55,0.345,1307.0,750.0,557.0,True
1723.0,0.7829367382472432,0.7527472527472527,0.7729468599033816,0.7628470563253171,0.7086477074869414,0.7620459599703484,0.25479117181016264,0.2379540400296516,1.070757915177288,0.5396590066716086,0.4603409933283914,0.565,0.385,1349.0,728.0,621.0,True
1723.0,0.7655252466627974,0.7993019197207679,0.7332439678284183,0.7662729437745931,0.7086477074869414,0.7619408642911296,0.25468607613094385,0.23805913570887038,1.0698437401806207,0.43442001516300227,0.5655799848369977,0.645,0.44,1319.0,573.0,746.0,True
1723.0,0.7190946024376088,0.725181598062954,0.8353510895883777,0.7802663438256658,0.7086477074869414,0.7619047619047619,0.2546499737445761,0.23809523809523814,1.0695298897272194,0.6666666666666666,0.3333333333333333,0.5,0.275,1239.0,826.0,413.0,True
1723.0,0.7846778874056878,0.746971736204576,0.7799671592775042,0.7634694477410401,0.7086477074869414,0.7618343195266272,0.2545795313664414,0.23816568047337283,1.0689177838740023,0.5495562130177515,0.4504437869822485,0.555,0.38,1352.0,743.0,609.0,True
1723.0,0.7748113755078352,0.746971736204576,0.7804054054054054,0.7636885708049908,0.7086477074869414,0.7617977528089888,0.254542964648803,0.23820224719101124,1.068600181780352,0.5565543071161049,0.4434456928838951,0.555,0.37,1335.0,743.0,592.0,True
1723.0,0.791642484039466,0.7602836879432624,0.7632776934749621,0.7617806907091123,0.7086477074869414,0.7617302052785924,0.2544754171184066,0.23826979472140764,1.0680137506138665,0.5168621700879765,0.4831378299120235,0.58,0.405,1364.0,705.0,659.0,True
1723.0,0.779454439930354,0.7973199329983249,0.7332439678284183,0.7652819504133717,0.7086477074869414,0.7617274758004468,0.254472687640261,0.23827252419955325,1.0679900609402202,0.4445271779597915,0.5554728220402085,0.635,0.44,1343.0,597.0,746.0,True
1723.0,0.767266395821242,0.746971736204576,0.7806563039723662,0.7638140200884711,0.7086477074869414,0.7617246596066566,0.2544698714464708,0.23827534039334342,1.0679656192134426,0.5620272314674736,0.4379727685325265,0.555,0.36,1322.0,743.0,579.0,True
1723.0,0.7620429483459082,0.7341772151898734,0.8030592734225621,0.7686182443062177,0.7086477074869414,0.7616146230007617,0.2543598348405759,0.23838537699923834,1.0670110643631827,0.6016755521706016,0.3983244478293983,0.52,0.325,1313.0,790.0,523.0,True
1723.0,0.7887405687753918,0.7742424242424243,0.7496423462088698,0.7619423852256471,0.7086477074869414,0.7615894039735099,0.25433461581332417,0.23841059602649006,1.0667924163281097,0.4856512141280353,0.5143487858719646,0.605,0.42,1359.0,660.0,699.0,True
1723.0,0.7643644805571678,0.7374517374517374,0.7962962962962963,0.7668740168740169,0.7086477074869414,0.7615793470007594,0.2543245588405736,0.23842065299924065,1.0667052356466098,0.5899772209567198,0.41002277904328016,0.53,0.335,1317.0,777.0,540.0,True
1723.0,0.7666860127684272,0.744,0.7845884413309983,0.7642942206654991,0.7086477074869414,0.761544284632854,0.2542894964726682,0.23845571536714605,1.066401348699666,0.5677517032551098,0.43224829674489024,0.55,0.355,1321.0,750.0,571.0,True
1723.0,0.7179338363319792,0.7253694581280788,0.8305882352941176,0.7779788467110982,0.7086477074869414,0.761519805982215,0.25426501782202926,0.23848019401778497,1.066189244223221,0.65642683912692,0.34357316087308004,0.51,0.28,1237.0,812.0,425.0,True
1723.0,0.79570516540917,0.7572815533980582,0.7661538461538462,0.7617176997759523,0.7086477074869414,0.7614879649890591,0.25423317682887336,0.23851203501094087,1.0659134111082125,0.525893508388038,0.47410649161196206,0.57,0.4,1371.0,721.0,650.0,True
1723.0,0.7614625652930934,0.7404980340760158,0.7905282331511839,0.7655131336135998,0.7086477074869414,0.7614329268292683,0.25417813866908257,0.23856707317073167,1.0654367985106594,0.5815548780487805,0.4184451219512195,0.54,0.34,1312.0,763.0,549.0,True
1723.0,0.7614625652930934,0.743046357615894,0.7863554757630161,0.7647009166894551,0.7086477074869414,0.7614329268292683,0.25417813866908257,0.23856707317073167,1.0654367985106594,0.5754573170731707,0.4245426829268293,0.545,0.345,1312.0,755.0,557.0,True
1723.0,0.7127103888566454,0.8106382978723404,0.7308707124010554,0.770754505136698,0.7086477074869414,0.761400651465798,0.2541458633056123,0.23859934853420195,1.0651574066187437,0.38273615635179153,0.6172638436482085,0.68,0.445,1228.0,470.0,758.0,True
1723.0,0.7637840975043528,0.744,0.784452296819788,0.764226148409894,0.7086477074869414,0.7613981762917933,0.25414338813160753,0.2386018237082067,1.0651359833796035,0.5699088145896657,0.43009118541033436,0.55,0.35,1316.0,750.0,566.0,True
1723.0,0.7272199651770168,0.7268292682926829,0.8267898383371824,0.7768095533149326,0.7086477074869414,0.7613727055067837,0.25411791734659794,0.2386272944932163,1.064915553295275,0.6544293695131684,0.3455706304868316,0.505,0.285,1253.0,820.0,433.0,True
1723.0,0.7295414973882762,0.7253694581280788,0.8269662921348314,0.7761678751314551,0.7086477074869414,0.7613365155131265,0.25408172735294077,0.23866348448687347,1.064602437608822,0.6459824980111376,0.3540175019888624,0.51,0.29,1257.0,812.0,445.0,True
1723.0,0.7707486941381312,0.746971736204576,0.7794871794871795,0.7632294578458778,0.7086477074869414,0.7612951807228916,0.25404039256270583,0.2387048192771084,1.0642449253100106,0.5594879518072289,0.44051204819277107,0.555,0.365,1328.0,743.0,585.0,True
1723.0,0.7974463145676146,0.7594405594405594,0.7632776934749621,0.7613591264577608,0.7086477074869414,0.7612809315866085,0.2540261434264227,0.23871906841339152,1.0641217105728806,0.5203784570596798,0.4796215429403202,0.575,0.405,1374.0,715.0,659.0,True
1723.0,0.7486941381311666,0.73,0.8122448979591836,0.7711224489795918,0.7086477074869414,0.7612403100775194,0.2539855219173336,0.23875968992248064,1.0637705301083127,0.6201550387596899,0.3798449612403101,0.515,0.31,1290.0,800.0,490.0,True
1723.0,0.7243180499129426,0.8027888446215139,0.7332439678284183,0.7680164062249661,0.7086477074869414,0.7612179487179487,0.2539631605577629,0.23878205128205132,1.0635772630070068,0.40224358974358976,0.5977564102564102,0.67,0.44,1248.0,502.0,746.0,True
1723.0,0.763203714451538,0.7346938775510204,0.800376647834275,0.7675352626926477,0.7086477074869414,0.7612167300380228,0.25396194187783705,0.23878326996197718,1.0635667311125978,0.5961977186311787,0.4038022813688213,0.525,0.33,1315.0,784.0,531.0,True
1723.0,0.738827626233314,0.7268292682926829,0.8233995584988962,0.7751144133957896,0.7086477074869414,0.7611940298507462,0.2539392416905605,0.23880597014925375,1.063370574579222,0.6441476826394344,0.3558523173605656,0.505,0.295,1273.0,820.0,453.0,True
1723.0,0.702263493905978,0.8119469026548672,0.7308707124010554,0.7714088075279613,0.7086477074869414,0.7611570247933884,0.25390223663320266,0.23884297520661157,1.0630508869417827,0.37355371900826445,0.6264462809917355,0.685,0.445,1210.0,452.0,758.0,True
1723.0,0.7312826465467208,0.8015564202334631,0.7332439678284183,0.7674001940309407,0.7086477074869414,0.7611111111111111,0.2538563229509253,0.23888888888888893,1.062654375143408,0.40793650793650793,0.5920634920634921,0.665,0.44,1260.0,514.0,746.0,True
1723.0,0.791642484039466,0.7647907647907648,0.7570789865871833,0.760934875688974,0.7086477074869414,0.7609970674486803,0.2537422792884946,0.23900293255131966,1.0616701501518606,0.5080645161290323,0.49193548387096775,0.585,0.41,1364.0,693.0,671.0,True
1723.0,0.7260591990713872,0.725181598062954,0.8305882352941176,0.7778849166785358,0.7086477074869414,0.7609912070343725,0.25373641887418674,0.2390087929656275,1.0616195987010288,0.6602717825739408,0.33972821742605913,0.5,0.28,1251.0,826.0,425.0,True
1723.0,0.779454439930354,0.8,0.7308707124010554,0.7654353562005277,0.7086477074869414,0.7609828741623231,0.25372808600213737,0.23901712583767687,1.061547724301777,0.4355919583023083,0.5644080416976918,0.64,0.445,1343.0,585.0,758.0,True
1723.0,0.7695879280325014,0.743046357615894,0.7845884413309983,0.7638173994734461,0.7086477074869414,0.7609351432880844,0.25368035512789866,0.23906485671191557,1.0611361227116516,0.5693815987933635,0.4306184012066365,0.545,0.355,1326.0,755.0,571.0,True
1723.0,0.7231572838073128,0.8073770491803278,0.7308707124010554,0.7691238807906916,0.7086477074869414,0.7608346709470305,0.25357988278684473,0.2391653290529695,1.0602702481624449,0.391653290529695,0.608346709470305,0.675,0.445,1246.0,488.0,758.0,True
1723.0,0.7643644805571678,0.8014311270125224,0.7308707124010554,0.7661509197067888,0.7086477074869414,0.7608200455580866,0.2535652573979008,0.23917995444191342,1.0601442666445569,0.42444950645406226,0.5755504935459378,0.65,0.445,1317.0,559.0,758.0,True
1723.0,0.7376668601276842,0.725181598062954,0.8269662921348314,0.7760739450988927,0.7086477074869414,0.7608182533438238,0.25356346518363804,0.2391817466561762,1.0601288297644869,0.6498819826907947,0.35011801730920533,0.5,0.29,1271.0,826.0,445.0,True
1723.0,0.7933836331979106,0.7489823609226595,0.7746031746031746,0.761792767762917,0.7086477074869414,0.7607900512070227,0.25353526304683693,0.2392099487929773,1.0598859467431991,0.5391367959034382,0.46086320409656184,0.56,0.39,1367.0,737.0,630.0,True
1723.0,0.7666860127684272,0.7341772151898734,0.800376647834275,0.7672769315120742,0.7086477074869414,0.7607872823618471,0.25353249420166135,0.23921271763815288,1.0598621039252996,0.5980317940953823,0.40196820590461774,0.52,0.33,1321.0,790.0,531.0,True
1723.0,0.7666860127684272,0.743046357615894,0.784452296819788,0.7637493272178411,0.7086477074869414,0.7607872823618471,0.25353249420166135,0.23921271763815288,1.0598621039252996,0.5715367146101439,0.4284632853898562,0.545,0.35,1321.0,755.0,566.0,True
1723.0,0.7544979686593152,0.73,0.81,0.77,0.7086477074869414,0.7607692307692308,0.253514442609045,0.23923076923076925,1.059706673285397,0.6153846153846154,0.38461538461538464,0.515,0.315,1300.0,800.0,500.0,True
1723.0,0.7423099245502032,0.7268292682926829,0.8213507625272332,0.774090015409958,0.7086477074869414,0.7607505863956215,0.2534957982354358,0.23924941360437846,1.059546163212818,0.6411258795934324,0.35887412040656763,0.505,0.3,1279.0,820.0,459.0,True
1723.0,0.788160185722577,0.7641921397379913,0.7570789865871833,0.7606355631625873,0.7086477074869414,0.7606774668630338,0.25342267870284807,0.23932253313696616,1.0589169159337466,0.5058910162002945,0.49410898379970547,0.59,0.41,1358.0,687.0,671.0,True
1723.0,0.722576900754498,0.7253694581280788,0.8267898383371824,0.7760796482326306,0.7086477074869414,0.7606425702811245,0.2533877821209387,0.23935742971887553,1.0586167407401632,0.6522088353413654,0.3477911646586345,0.51,0.285,1245.0,812.0,433.0,True
1723.0,0.7928032501450958,0.7876386687797148,0.7374149659863946,0.7625268173830546,0.7086477074869414,0.760614934114202,0.25336014595401624,0.239385065885798,1.0583790806519453,0.46193265007320644,0.5380673499267935,0.62,0.435,1366.0,631.0,735.0,True
1723.0,0.7928032501450958,0.7673048600883653,0.7540029112081513,0.7606538856482583,0.7086477074869414,0.760614934114202,0.25336014595401624,0.239385065885798,1.0583790806519453,0.4970717423133236,0.5029282576866764,0.595,0.415,1366.0,679.0,687.0,True
1723.0,0.7417295414973882,0.7988721804511278,0.7332439678284183,0.7660580741397731,0.7086477074869414,0.7605633802816901,0.25330859212150436,0.23943661971830987,1.0579358847427534,0.4162754303599374,0.5837245696400626,0.66,0.44,1278.0,532.0,746.0,True
1723.0,0.7829367382472432,0.744,0.7813021702838063,0.7626510851419032,0.7086477074869414,0.7605633802816901,0.25330859212150436,0.23943661971830987,1.0579358847427534,0.5559673832468495,0.4440326167531505,0.55,0.375,1349.0,750.0,599.0,True
1723.0,0.787579802669762,0.7813953488372093,0.7415730337078652,0.7614841912725372,0.7086477074869414,0.7605011053795137,0.2532463172193279,0.23949889462048635,1.0574007768203937,0.47531319086219603,0.524686809137804,0.615,0.425,1357.0,645.0,712.0,True
1723.0,0.7341845618107952,0.7253694581280788,0.8233995584988962,0.7743845083134875,0.7086477074869414,0.7604743083003953,0.25321952014020954,0.2395256916996047,1.0571706038856936,0.641897233201581,0.35810276679841896,0.51,0.295,1265.0,812.0,453.0,True
1723.0,0.792222867092281,0.7717717717717718,0.7496423462088698,0.7607070589903209,0.7086477074869414,0.7604395604395604,0.25318477227937464,0.2395604395604396,1.0568722145606921,0.4879120879120879,0.512087912087912,0.6,0.42,1365.0,666.0,699.0,True
1723.0,0.7533372025536854,0.7268292682926829,0.8179916317991632,0.772410450045923,0.7086477074869414,0.7604006163328197,0.253145828172634,0.23959938366718025,1.0565378937880352,0.6317411402157165,0.3682588597842835,0.505,0.305,1298.0,820.0,478.0,True
1723.0,0.7724898432965758,0.7993019197207679,0.7308707124010554,0.7650863160609116,0.7086477074869414,0.7603305785123967,0.25307579035221095,0.23966942148760328,1.0559369183661216,0.43050338091660406,0.569496619083396,0.645,0.445,1331.0,573.0,758.0,True
1723.0,0.7603017991874638,0.73,0.807843137254902,0.768921568627451,0.7086477074869414,0.7603053435114504,0.25305055535126464,0.2396946564885496,1.055720469777569,0.6106870229007634,0.3893129770992366,0.515,0.32,1310.0,800.0,510.0,True
1723.0,0.7649448636099826,0.7386215864759428,0.7905282331511839,0.7645749098135634,0.7086477074869414,0.7602427921092565,0.2529880039490707,0.2397572078907435,1.0551841430534028,0.5834597875569044,0.4165402124430956,0.535,0.34,1318.0,769.0,549.0,True
1723.0,0.7939640162507254,0.7527472527472527,0.76875,0.7607486263736264,0.7086477074869414,0.7602339181286549,0.25297912996846916,0.23976608187134507,1.055108078648981,0.5321637426900585,0.4678362573099415,0.565,0.395,1368.0,728.0,640.0,True
1723.0,0.7864190365641324,0.7973199329983249,0.7308707124010554,0.7640953226996902,0.7086477074869414,0.7601476014760148,0.252892813315829,0.2398523985239852,1.0543684985936872,0.44059040590405907,0.5594095940959409,0.635,0.445,1355.0,597.0,758.0,True
1723.0,0.8009286128845038,0.7572815533980582,0.7632776934749621,0.7602796234365101,0.7086477074869414,0.7601449275362319,0.2528901393760461,0.23985507246376814,1.0543455961901618,0.5224637681159421,0.47753623188405797,0.57,0.405,1380.0,721.0,659.0,True
1723.0,0.730702263493906,0.725181598062954,0.8267898383371824,0.7759857182000682,0.7086477074869414,0.7601270849880858,0.2528722968279,0.2398729150119142,1.0541927871070402,0.6560762509928515,0.3439237490071485,0.5,0.285,1259.0,826.0,433.0,True
1723.0,0.7887405687753918,0.744,0.7799671592775042,0.7619835796387521,0.7086477074869414,0.7601177336276674,0.25286294546748167,0.23988226637233256,1.0541127082524775,0.5518763796909493,0.4481236203090508,0.55,0.38,1359.0,750.0,609.0,True
1723.0,0.7475333720255368,0.7970479704797048,0.7332439678284183,0.7651459691540615,0.7086477074869414,0.7600931677018633,0.25283837954167754,0.2399068322981367,1.0539023716818143,0.42080745341614906,0.5791925465838509,0.655,0.44,1288.0,542.0,746.0,True
1723.0,0.7788740568775392,0.744,0.7804054054054054,0.7622027027027027,0.7086477074869414,0.7600596125186289,0.2528048243584431,0.23994038748137114,1.0536151375435732,0.5588673621460507,0.44113263785394935,0.55,0.37,1342.0,750.0,592.0,True
1723.0,0.7933836331979106,0.7922705314009661,0.7332439678284183,0.7627572496146922,0.7086477074869414,0.7600585223116313,0.2528037341514455,0.2399414776883687,1.0536058066616647,0.4542794440380395,0.5457205559619605,0.625,0.44,1367.0,621.0,746.0,True
1723.0,0.7376668601276842,0.7253694581280788,0.8213507625272332,0.773360110327656,0.7086477074869414,0.7600314712824547,0.252776683122269,0.23996852871754526,1.05337430901116,0.6388670338316287,0.36113296616837137,0.51,0.3,1271.0,812.0,459.0,True
1723.0,0.783517121300058,0.793046357615894,0.7332439678284183,0.7631451627221562,0.7086477074869414,0.76,0.25274521183981424,0.24,1.0531050493325593,0.4474074074074074,0.5525925925925926,0.63,0.44,1350.0,604.0,746.0,True
1723.0,0.7858386535113174,0.743046357615894,0.7813021702838063,0.7621742639498501,0.7086477074869414,0.759970457902511,0.2527156697423253,0.24002954209748895,1.0528523594803336,0.5576070901033974,0.4423929098966027,0.545,0.375,1354.0,755.0,599.0,True
1723.0,0.771329077190946,0.744,0.7806563039723662,0.7623281519861831,0.7086477074869414,0.7599699021820918,0.25271511402190605,0.24003009781790818,1.0528476066931447,0.5643340857787811,0.435665914221219,0.55,0.36,1329.0,750.0,579.0,True
1723.0,0.7423099245502032,0.725181598062954,0.8233995584988962,0.7742905782809251,0.7086477074869414,0.7599687255668491,0.25271393740666337,0.24003127443315087,1.0528375437886726,0.6458170445660673,0.35418295543393274,0.5,0.295,1279.0,826.0,453.0,True
1723.0,0.788160185722577,0.7489823609226595,0.7729468599033816,0.7609646104130205,0.7086477074869414,0.759941089837997,0.25268630167781125,0.24005891016200298,1.0526012198726,0.5427098674521355,0.4572901325478645,0.56,0.385,1358.0,737.0,621.0,True
1723.0,0.7661056297156124,0.7404980340760158,0.7863554757630161,0.763426754919516,0.7086477074869414,0.7598484848484849,0.2525936966882991,0.24015151515151512,1.0518097149165768,0.578030303030303,0.421969696969697,0.54,0.345,1320.0,763.0,557.0,True
1723.0,0.7684271619268718,0.7346938775510204,0.7962962962962963,0.7654950869236583,0.7086477074869414,0.7598187311178247,0.25256394295763895,0.24018126888217528,1.0515555360877795,0.5921450151057401,0.4078549848942598,0.525,0.335,1324.0,784.0,540.0,True
1723.0,0.7486941381311666,0.7253694581280788,0.8179916317991632,0.771680544963621,0.7086477074869414,0.7596899224806202,0.2524351343204344,0.24031007751937983,1.0504558815269691,0.6294573643410852,0.3705426356589147,0.51,0.305,1290.0,812.0,478.0,True
1723.0,0.7968659315147998,0.7813953488372093,0.7403846153846154,0.7608899821109123,0.7086477074869414,0.7596504005826656,0.2523956124224799,0.24034959941733436,1.050118714715348,0.4697742170429716,0.5302257829570284,0.615,0.43,1373.0,645.0,728.0,True
1723.0,0.7968659315147998,0.746971736204576,0.7746031746031746,0.7607874554038754,0.7086477074869414,0.7596504005826656,0.2523956124224799,0.24034959941733436,1.050118714715348,0.5411507647487254,0.4588492352512746,0.555,0.39,1373.0,743.0,630.0,True
1723.0,0.7289611143354614,0.8106382978723404,0.7290076335877863,0.7698229657300634,0.7086477074869414,0.7595541401273885,0.25229935196720277,0.24044585987261147,1.0492979671218765,0.37420382165605093,0.6257961783439491,0.68,0.455,1256.0,470.0,786.0,True
1723.0,0.7748113755078352,0.744,0.7794871794871795,0.7617435897435898,0.7086477074869414,0.7595505617977528,0.25229577363756706,0.24044943820224718,1.0492674698010966,0.5617977528089888,0.43820224719101125,0.55,0.365,1335.0,750.0,585.0,True
1723.0,0.7457922228670922,0.725181598062954,0.8213507625272332,0.7732661802950935,0.7086477074869414,0.7595330739299611,0.2522782857697753,0.24046692607003894,1.0491184375862823,0.6428015564202335,0.35719844357976654,0.5,0.3,1285.0,826.0,459.0,True
1723.0,0.791642484039466,0.743046357615894,0.7799671592775042,0.761506758446699,0.7086477074869414,0.7595307917888563,0.25227600362867053,0.2404692082111437,1.0490989906997152,0.5535190615835777,0.4464809384164223,0.545,0.38,1364.0,755.0,609.0,True
1723.0,0.7312826465467208,0.8027888446215139,0.7308707124010554,0.7668297785112846,0.7086477074869414,0.7595238095238095,0.2522690213636237,0.2404761904761905,1.0490394947794253,0.3984126984126984,0.6015873015873016,0.67,0.445,1260.0,502.0,758.0,True
1723.0,0.7817759721416134,0.743046357615894,0.7804054054054054,0.7617258815106497,0.7086477074869414,0.7594654788418709,0.2522106906816851,0.24053452115812912,1.0485425936673762,0.5605048255382331,0.4394951744617669,0.545,0.37,1347.0,755.0,592.0,True
1723.0,0.7214161346488682,0.8106382978723404,0.7283311772315654,0.7694847375519529,0.7086477074869414,0.7594529364440868,0.2521981482839011,0.24054706355591315,1.0484357803240434,0.37811745776347544,0.6218825422365245,0.68,0.45,1243.0,470.0,773.0,True
1723.0,0.7382472431804992,0.8015564202334631,0.7308707124010554,0.7662135663172592,0.7086477074869414,0.7594339622641509,0.2521791741039652,0.24056603773584906,1.048274213922365,0.40408805031446543,0.5959119496855346,0.665,0.445,1272.0,514.0,758.0,True
1723.0,0.7695879280325014,0.7374517374517374,0.7905282331511839,0.7639899853014607,0.7086477074869414,0.7594268476621417,0.252172059501956,0.24057315233785825,1.048213639183679,0.5859728506787331,0.41402714932126694,0.53,0.34,1326.0,777.0,549.0,True
1723.0,0.8009286128845038,0.7647907647907648,0.7540029112081513,0.759396837999458,0.7086477074869414,0.7594202898550725,0.2521655016948867,0.24057971014492752,1.0481578082498304,0.5021739130434782,0.49782608695652175,0.585,0.415,1380.0,693.0,687.0,True
1723.0,0.7719094602437608,0.7341772151898734,0.7962962962962963,0.7652367557430848,0.7086477074869414,0.7593984962406015,0.25214370808041575,0.24060150375939848,1.047972286709228,0.5939849624060151,0.40601503759398494,0.52,0.335,1330.0,790.0,540.0,True
1723.0,0.7742309924550204,0.7404980340760158,0.7845884413309983,0.7625432377035071,0.7086477074869414,0.7593703148425787,0.2521155266823929,0.24062968515742134,1.0477324379885111,0.5719640179910045,0.4280359820089955,0.54,0.355,1334.0,763.0,571.0,True
1723.0,0.7742309924550204,0.743046357615894,0.7806563039723662,0.7618513307941301,0.7086477074869414,0.7593703148425787,0.2521155266823929,0.24062968515742134,1.0477324379885111,0.5659670164917541,0.4340329835082459,0.545,0.36,1334.0,755.0,579.0,True
1723.0,0.7910621009866512,0.7788018433179723,0.7415730337078652,0.7601874385129188,0.7086477074869414,0.7593543653705063,0.2520995772103205,0.24064563462949373,1.0475967187123991,0.4776228906823184,0.5223771093176816,0.61,0.425,1363.0,651.0,712.0,True
1723.0,0.79570516540917,0.8,0.7290076335877863,0.7645038167938931,0.7086477074869414,0.7592997811816192,0.25204499302143346,0.24070021881838077,1.0471323800981371,0.42669584245076586,0.5733041575492341,0.64,0.455,1371.0,585.0,786.0,True
1723.0,0.718514219384794,0.8119469026548672,0.7290076335877863,0.7704772681213268,0.7086477074869414,0.7592891760904685,0.25203438793028277,0.24071082390953147,1.047042188784195,0.3651050080775444,0.6348949919224556,0.685,0.455,1238.0,452.0,786.0,True
1723.0,0.771329077190946,0.7404980340760158,0.784452296819788,0.7624751654479018,0.7086477074869414,0.7592174567343868,0.251962668574201,0.2407825432656132,1.0464324579222288,0.5741158765989466,0.4258841234010534,0.54,0.35,1329.0,763.0,566.0,True
1723.0,0.788160185722577,0.8,0.7283311772315654,0.7641655886157828,0.7086477074869414,0.7592047128129602,0.25194992465277444,0.2407952871870398,1.0463241519219193,0.43078055964653905,0.569219440353461,0.64,0.45,1358.0,585.0,773.0,True
1723.0,0.7568195008705746,0.725181598062954,0.8179916317991632,0.7715866149310586,0.7086477074869414,0.75920245398773,0.25194766582754424,0.24079754601227,1.0463049561755338,0.6334355828220859,0.3665644171779141,0.5,0.305,1304.0,826.0,478.0,True
1723.0,0.7109692396982008,0.8119469026548672,0.7283311772315654,0.7701390399432163,0.7086477074869414,0.7591836734693878,0.251928885309202,0.24081632653061225,1.0461453711992286,0.3689795918367347,0.6310204081632653,0.685,0.45,1225.0,452.0,773.0,True
1723.0,0.7806152060359838,0.8014311270125224,0.7290076335877863,0.7652193803001544,0.7086477074869414,0.7591078066914498,0.2518530185312641,0.24089219330855016,1.0455009565572537,0.41561338289962824,0.5843866171003718,0.65,0.455,1345.0,559.0,786.0,True
1723.0,0.7974463145676146,0.7641921397379913,0.7540029112081513,0.7590975254730713,0.7086477074869414,0.7590975254730713,0.25184273731288553,0.2409024745269287,1.045413658815422,0.5,0.5,0.59,0.415,1374.0,687.0,687.0,True
1723.0,0.799767846778874,0.7527472527472527,0.7661538461538462,0.7594505494505495,0.7086477074869414,0.7590711175616836,0.2518163294014978,0.24092888243831645,1.0451894636001924,0.5283018867924528,0.4716981132075472,0.565,0.4,1378.0,728.0,650.0,True
1723.0,0.7394080092861288,0.8073770491803278,0.7290076335877863,0.768192341384057,0.7086477074869414,0.7590266875981162,0.25177189943793044,0.2409733124018838,1.0448123774720632,0.38304552590266877,0.6169544740973313,0.675,0.455,1274.0,488.0,786.0,True
1723.0,0.7730702263493906,0.8014311270125224,0.7283311772315654,0.7648811521220439,0.7086477074869414,0.759009009009009,0.25175422084882326,0.24099099099099097,1.0446623743633414,0.4196696696696697,0.5803303303303303,0.65,0.45,1332.0,559.0,773.0,True
1723.0,0.7777132907719094,0.743046357615894,0.7794871794871795,0.7612667685515367,0.7086477074869414,0.758955223880597,0.25170043572041123,0.241044776119403,1.0442061419979909,0.5634328358208955,0.43656716417910446,0.545,0.365,1340.0,755.0,585.0,True
1723.0,0.7318630295995356,0.8073770491803278,0.7283311772315654,0.7678541132059467,0.7086477074869414,0.7589214908802537,0.25166670272006797,0.24107850911974626,1.043920105690808,0.38699444885011897,0.6130055511498811,0.675,0.45,1261.0,488.0,773.0,True
1723.0,0.7486941381311666,0.7988721804511278,0.7308707124010554,0.7648714464260916,0.7086477074869414,0.7589147286821706,0.2516599405219848,0.24108527131782942,1.0438627757985868,0.4124031007751938,0.5875968992248062,0.66,0.445,1290.0,532.0,758.0,True
1723.0,0.7678467788740568,0.73,0.8030592734225621,0.766529636711281,0.7086477074869414,0.7588813303099018,0.251626542149716,0.2411186696900982,1.0435796716742143,0.6046863189720333,0.39531368102796677,0.515,0.325,1323.0,800.0,523.0,True
1723.0,0.791642484039466,0.746971736204576,0.7729468599033816,0.7599592980539789,0.7086477074869414,0.7587976539589443,0.2515428657987585,0.24120234604105573,1.0428707262902936,0.5447214076246334,0.45527859237536655,0.555,0.385,1364.0,743.0,621.0,True
1723.0,0.709808473592571,0.8123569794050344,0.7290076335877863,0.7706823064964103,0.7086477074869414,0.758789860997547,0.2515350728373612,0.24121013900245303,1.0428047256952295,0.35731807031888796,0.642681929681112,0.69,0.455,1223.0,437.0,786.0,True
1723.0,0.7603017991874638,0.7268292682926829,0.8122448979591836,0.7695370831259333,0.7086477074869414,0.7587786259541984,0.25152383779401266,0.24122137404580157,1.0427095807283435,0.6259541984732825,0.37404580152671757,0.505,0.31,1310.0,820.0,490.0,True
1723.0,0.7986070806732444,0.7602836879432624,0.7570789865871833,0.7586813372652228,0.7086477074869414,0.7587209302325582,0.2514661420723724,0.24127906976744184,1.0422211189505555,0.5123546511627907,0.4876453488372093,0.58,0.41,1376.0,705.0,671.0,True
1723.0,0.702263493905978,0.8123569794050344,0.7283311772315654,0.7703440783182999,0.7086477074869414,0.7586776859504132,0.2514228977902274,0.24132231404958682,1.0418551586512848,0.3611570247933884,0.6388429752066116,0.69,0.45,1210.0,437.0,773.0,True
1723.0,0.7695879280325014,0.7386215864759428,0.7863554757630161,0.7624885311194795,0.7086477074869414,0.7586726998491704,0.25141791168898464,0.2413273001508296,1.0418129715612299,0.5799396681749623,0.4200603318250377,0.535,0.345,1326.0,769.0,557.0,True
1723.0,0.7887405687753918,0.7993019197207679,0.7290076335877863,0.7641547766542771,0.7086477074869414,0.7586460632818248,0.25139127512163906,0.24135393671817518,1.0415876307631324,0.4216335540838852,0.5783664459161147,0.645,0.455,1359.0,573.0,786.0,True
1723.0,0.7811955890887986,0.7993019197207679,0.7283311772315654,0.7638165484761666,0.7086477074869414,0.7585438335809807,0.2512890454207949,0.24145616641901935,1.0407232465735072,0.42570579494799404,0.5742942050520059,0.645,0.45,1346.0,573.0,773.0,True
1723.0,0.800348229831689,0.7922705314009661,0.7308707124010554,0.7615706219010108,0.7086477074869414,0.7585206671501088,0.25126587898992303,0.2414793328498912,1.0405274688501618,0.4503263234227701,0.5496736765772299,0.625,0.445,1379.0,621.0,758.0,True
1723.0,0.800348229831689,0.7788018433179723,0.7403846153846154,0.7595932293512939,0.7086477074869414,0.7585206671501088,0.25126587898992303,0.2414793328498912,1.0405274688501618,0.4720812182741117,0.5279187817258884,0.61,0.43,1379.0,651.0,728.0,True
1723.0,0.8026697620429484,0.7973199329983249,0.7290076335877863,0.7631637832930556,0.7086477074869414,0.7584960231381056,0.25124123497791984,0.2415039768618944,1.0403192454325245,0.4316702819956616,0.5683297180043384,0.635,0.455,1383.0,597.0,786.0,True
1723.0,0.7544979686593152,0.7970479704797048,0.7308707124010554,0.76395934144038,0.7086477074869414,0.7584615384615384,0.25120675030135264,0.2415384615384616,1.0400279471075107,0.4169230769230769,0.583076923076923,0.655,0.445,1300.0,542.0,758.0,True
1723.0,0.7904817179338364,0.793046357615894,0.7308707124010554,0.7619585350084748,0.7086477074869414,0.7584434654919237,0.2511886773317379,0.24155653450807635,1.0398753146681672,0.4434654919236417,0.5565345080763583,0.63,0.445,1362.0,604.0,758.0,True
1723.0,0.7904817179338364,0.7404980340760158,0.7813021702838063,0.7609001021799111,0.7086477074869414,0.7584434654919237,0.2511886773317379,0.24155653450807635,1.0398753146681672,0.5602055800293686,0.4397944199706314,0.54,0.375,1362.0,763.0,599.0,True
1723.0,0.7951247823563552,0.7973199329983249,0.7283311772315654,0.7628255551149452,0.7086477074869414,0.7583941605839416,0.25113937242375584,0.2416058394160584,1.039459033898929,0.43576642335766425,0.5642335766423358,0.635,0.45,1370.0,597.0,773.0,True
1723.0,0.799767846778874,0.7673048600883653,0.7496423462088698,0.7584736031486176,0.7086477074869414,0.7583454281567489,0.2510906399965631,0.24165457184325112,1.039047753499291,0.4927431059506531,0.5072568940493469,0.595,0.42,1378.0,679.0,699.0,True
1723.0,0.7661056297156124,0.7268292682926829,0.81,0.7684146341463415,0.7086477074869414,0.7583333333333333,0.25107854517314754,0.2416666666666667,1.0389457041647483,0.6212121212121212,0.3787878787878788,0.505,0.315,1320.0,820.0,500.0,True
1723.0,0.804410911201393,0.7594405594405594,0.7570789865871833,0.7582597730138714,0.7086477074869414,0.7582972582972582,0.2510424701370725,0.24170274170274175,1.0386413839103952,0.5158730158730159,0.48412698412698413,0.575,0.41,1386.0,715.0,671.0,True
1723.0,0.7777132907719094,0.7386215864759428,0.7845884413309983,0.7616050139034705,0.7086477074869414,0.7582089552238805,0.2509541670636948,0.24179104477611946,1.0378968637819472,0.5738805970149253,0.4261194029850746,0.535,0.355,1340.0,769.0,571.0,True
1723.0,0.7991874637260592,0.7876386687797148,0.7332439678284183,0.7604413183040666,0.7086477074869414,0.7581699346405228,0.2509151464803371,0.24183006535947715,1.0375680381484207,0.45824255628177196,0.541757443718228,0.62,0.44,1377.0,631.0,746.0,True
1723.0,0.7991874637260592,0.7489823609226595,0.76875,0.7588661804613297,0.7086477074869414,0.7581699346405228,0.2509151464803371,0.24183006535947715,1.0375680381484207,0.5352214960058097,0.4647785039941903,0.56,0.395,1377.0,737.0,640.0,True
1723.0,0.7724898432965758,0.73,0.800376647834275,0.7651883239171375,0.7086477074869414,0.758076634109692,0.2508218459495062,0.24192336589030805,1.0367822265801017,0.6010518407212622,0.3989481592787378,0.515,0.33,1331.0,800.0,531.0,True
1723.0,0.7556587347649448,0.7253694581280788,0.8122448979591836,0.7688071780436312,0.7086477074869414,0.7580645161290323,0.2508097279688465,0.24193548387096775,1.0366802089378988,0.6236559139784946,0.3763440860215054,0.51,0.31,1302.0,812.0,490.0,True
1723.0,0.7748113755078352,0.7386215864759428,0.784452296819788,0.7615369416478655,0.7086477074869414,0.7580524344569288,0.25079764629674306,0.24194756554307117,1.0365785071397893,0.5760299625468165,0.4239700374531835,0.535,0.35,1335.0,769.0,566.0,True
1723.0,0.796285548461985,0.7404980340760158,0.7799671592775042,0.76023259667676,0.7086477074869414,0.7580174927113703,0.25076270455118455,0.2419825072886297,1.036284429651281,0.5561224489795918,0.44387755102040816,0.54,0.38,1372.0,763.0,609.0,True
1723.0,0.8009286128845038,0.7813953488372093,0.7374149659863946,0.7594051574118019,0.7086477074869414,0.7579710144927536,0.25071622633256785,0.24202898550724639,1.035893390236358,0.4673913043478261,0.532608695652174,0.615,0.435,1380.0,645.0,735.0,True
1723.0,0.8009286128845038,0.744,0.7746031746031746,0.7593015873015874,0.7086477074869414,0.7579710144927536,0.25071622633256785,0.24202898550724639,1.035893390236358,0.5434782608695652,0.45652173913043476,0.55,0.39,1380.0,750.0,630.0,True
1723.0,0.7864190365641324,0.7404980340760158,0.7804054054054054,0.7604517197407106,0.7086477074869414,0.7579335793357933,0.25067879117560754,0.2420664206642067,1.0355785428138662,0.56309963099631,0.43690036900369006,0.54,0.37,1355.0,763.0,592.0,True
1723.0,0.7719094602437608,0.7268292682926829,0.807843137254902,0.7673362027737924,0.7086477074869414,0.7578947368421053,0.2506399486819195,0.2421052631578947,1.035251961947059,0.6165413533834586,0.38345864661654133,0.505,0.32,1330.0,820.0,510.0,True
1723.0,0.7742309924550204,0.7374517374517374,0.7863554757630161,0.7619036066073768,0.7086477074869414,0.7578710644677661,0.2506162763075803,0.2421289355322339,1.035052980168149,0.5824587706146926,0.41754122938530736,0.53,0.345,1334.0,777.0,557.0,True
1723.0,0.7788740568775392,0.7404980340760158,0.7806563039723662,0.7605771690241909,0.7086477074869414,0.7578241430700448,0.250569354909859,0.24217585692995525,1.034658690120095,0.5685543964232489,0.4314456035767511,0.54,0.36,1342.0,763.0,579.0,True
1723.0,0.7475333720255368,0.8027888446215139,0.7290076335877863,0.76589823910465,0.7086477074869414,0.7577639751552795,0.2505091869950937,0.2422360248447205,1.0341533104156433,0.38975155279503104,0.610248447204969,0.67,0.455,1288.0,502.0,786.0,True
1723.0,0.8049912942542078,0.7527472527472527,0.7632776934749621,0.7580124731111074,0.7086477074869414,0.7577505407354002,0.2504957525752144,0.24224945926459984,1.0340405024458998,0.524873828406633,0.47512617159336695,0.565,0.405,1387.0,728.0,659.0,True
1723.0,0.7544979686593152,0.8015564202334631,0.7290076335877863,0.7652820269106246,0.7086477074869414,0.7576923076923077,0.2504375195321219,0.24230769230769234,1.0335516679103443,0.3953846153846154,0.6046153846153847,0.665,0.455,1300.0,514.0,786.0,True
1723.0,0.7736506094022054,0.7346938775510204,0.7905282331511839,0.7626110553511022,0.7086477074869414,0.7576894223555889,0.2504346341954031,0.2423105776444111,1.0335274531965088,0.5881470367591898,0.4118529632408102,0.525,0.34,1333.0,784.0,549.0,True
1723.0,0.7399883923389438,0.8027888446215139,0.7283311772315654,0.7655600109265397,0.7086477074869414,0.7576470588235295,0.2503922706633437,0.24235294117647055,1.0331719906011756,0.39372549019607844,0.6062745098039216,0.67,0.45,1275.0,502.0,773.0,True
1723.0,0.7614625652930934,0.7253694581280788,0.81,0.7676847290640394,0.7086477074869414,0.7576219512195121,0.2503671630593264,0.24237804878048785,1.0329613771504282,0.6189024390243902,0.38109756097560976,0.51,0.315,1312.0,812.0,500.0,True
1723.0,0.7637840975043528,0.725181598062954,0.8122448979591836,0.7687132480110688,0.7086477074869414,0.7575987841945289,0.2503439960343431,0.24240121580547114,1.0327670808187948,0.6276595744680851,0.3723404255319149,0.5,0.31,1316.0,826.0,490.0,True
1723.0,0.746952988972722,0.8015564202334631,0.7283311772315654,0.7649437987325143,0.7086477074869414,0.7575757575757576,0.2503209694155718,0.24242424242424243,1.0325739988392337,0.39937839937839936,0.6006216006216006,0.665,0.45,1287.0,514.0,773.0,True
1723.0,0.7823563551944284,0.7374517374517374,0.7845884413309983,0.7610200893913679,0.7086477074869414,0.7574183976261127,0.250163609465927,0.24258160237388726,1.031255491009387,0.5764094955489614,0.4235905044510386,0.53,0.355,1348.0,777.0,571.0,True
1723.0,0.7823563551944284,0.7404980340760158,0.7794871794871795,0.7599926067815976,0.7086477074869414,0.7574183976261127,0.250163609465927,0.24258160237388726,1.031255491009387,0.5660237388724035,0.43397626112759646,0.54,0.365,1348.0,763.0,585.0,True
1723.0,0.705745792222867,0.8093023255813954,0.7290076335877863,0.7691549795845909,0.7086477074869414,0.7574013157894737,0.2501465276292879,0.24259868421052633,1.031112466431234,0.3536184210526316,0.6463815789473685,0.695,0.455,1216.0,430.0,786.0,True
1723.0,0.803830528148578,0.743046357615894,0.7746031746031746,0.7588247661095343,0.7086477074869414,0.7574007220216606,0.2501459338614749,0.24259927797833936,1.0311074952325676,0.5451263537906137,0.4548736462093863,0.545,0.39,1385.0,755.0,630.0,True
1723.0,0.7939640162507254,0.7386215864759428,0.7813021702838063,0.7599618783798745,0.7086477074869414,0.7573099415204678,0.25005515336028206,0.24269005847953218,1.0303477403520056,0.5621345029239766,0.4378654970760234,0.535,0.375,1368.0,769.0,599.0,True
1723.0,0.796285548461985,0.7742424242424243,0.7415730337078652,0.7579077289751448,0.7086477074869414,0.7572886297376094,0.2500338415774236,0.24271137026239065,1.0301694613940697,0.48104956268221577,0.5189504373177842,0.605,0.425,1372.0,660.0,712.0,True
1723.0,0.7771329077190946,0.7341772151898734,0.7905282331511839,0.7623527241705287,0.7086477074869414,0.7572815533980582,0.2500267652378725,0.24271844660194175,1.0301102727800346,0.5899925317401046,0.4100074682598954,0.52,0.34,1339.0,790.0,549.0,True
1723.0,0.779454439930354,0.7374517374517374,0.784452296819788,0.7609520171357627,0.7086477074869414,0.7572598659717051,0.25000507781151937,0.24274013402829486,1.0299288941744493,0.5785554728220402,0.42144452717795977,0.53,0.35,1343.0,777.0,566.0,True
1723.0,0.7005223447475334,0.8267326732673267,0.7222914072229141,0.7745120402451204,0.7086477074869414,0.7572493786246893,0.24999459046450356,0.24275062137531067,1.0298411968964363,0.3347141673570837,0.6652858326429163,0.71,0.46,1207.0,404.0,803.0,True
1723.0,0.7649448636099826,0.7988721804511278,0.7290076335877863,0.763939907019457,0.7086477074869414,0.7572078907435509,0.24995310258336512,0.24279210925644912,1.0294943412652353,0.40364188163884673,0.5963581183611533,0.66,0.455,1318.0,532.0,786.0,True
1723.0,0.767266395821242,0.7253694581280788,0.807843137254902,0.7666062976914905,0.7086477074869414,0.7571860816944024,0.24993129353421661,0.24281391830559762,1.02931205623749,0.6142208774583964,0.3857791225416036,0.51,0.32,1322.0,812.0,510.0,True
1723.0,0.807893209518282,0.7647907647907648,0.7496423462088698,0.7572165554998174,0.7086477074869414,0.757183908045977,0.24992911988579125,0.24281609195402298,1.0292938901805369,0.4978448275862069,0.5021551724137931,0.585,0.42,1392.0,693.0,699.0,True
1723.0,0.807893209518282,0.7572815533980582,0.7570789865871833,0.7571802699926208,0.7086477074869414,0.757183908045977,0.24992911988579125,0.24281609195402298,1.0292938901805369,0.5179597701149425,0.48204022988505746,0.57,0.41,1392.0,721.0,671.0,True
1723.0,0.807893209518282,0.7602836879432624,0.7540029112081513,0.7571432995757068,0.7086477074869414,0.757183908045977,0.24992911988579125,0.24281609195402298,1.0292938901805369,0.5064655172413793,0.49353448275862066,0.58,0.415,1392.0,705.0,687.0,True
1723.0,0.7695879280325014,0.725181598062954,0.81,0.767590799031477,0.7086477074869414,0.7571644042232277,0.24990961606304196,0.24283559577677227,1.029130903414887,0.6229260935143288,0.3770739064856712,0.5,0.315,1326.0,826.0,500.0,True
1723.0,0.79570516540917,0.744,0.7729468599033816,0.7584734299516909,0.7086477074869414,0.7571115973741794,0.24985680921399367,0.24288840262582057,1.0286897460431992,0.5470459518599562,0.45295404814004375,0.55,0.385,1371.0,750.0,621.0,True
1723.0,0.7573998839233894,0.7988721804511278,0.7283311772315654,0.7636016788413467,0.7086477074869414,0.757088122605364,0.2498333344451782,0.24291187739463604,1.028493695428888,0.4076628352490421,0.5923371647509579,0.66,0.45,1305.0,532.0,773.0,True
1723.0,0.8026697620429484,0.746971736204576,0.76875,0.757860868102288,0.7086477074869414,0.7570498915401301,0.24979510337994437,0.24295010845986986,1.0281744880192352,0.5372378886478669,0.462762111352133,0.555,0.395,1383.0,743.0,640.0,True
1723.0,0.8049912942542078,0.7489823609226595,0.7661538461538462,0.7575681035382529,0.7086477074869414,0.7570295602018745,0.24977477204168874,0.2429704397981255,1.0280047739519946,0.5313626532083634,0.4686373467916366,0.56,0.4,1387.0,737.0,650.0,True
1723.0,0.816598955310505,0.7922705314009661,0.7290076335877863,0.7606390824943763,0.7086477074869414,0.7569296375266524,0.24967484936646667,0.24307036247334757,1.0271710908146743,0.44136460554371004,0.55863539445629,0.625,0.455,1407.0,621.0,786.0,True
1723.0,0.799767846778874,0.7386215864759428,0.7799671592775042,0.7592943728767234,0.7086477074869414,0.7568940493468795,0.24963926118669377,0.24310595065312046,1.026874334075415,0.558055152394775,0.44194484760522496,0.535,0.38,1378.0,769.0,609.0,True
1723.0,0.804410911201393,0.7788018433179723,0.7374149659863946,0.7581084046521834,0.7086477074869414,0.7568542568542569,0.24959946869407112,0.2431457431457431,1.026542621988079,0.4696969696969697,0.5303030303030303,0.61,0.435,1386.0,651.0,735.0,True
1723.0,0.804410911201393,0.7641921397379913,0.7496423462088698,0.7569172429734305,0.7086477074869414,0.7568542568542569,0.24959946869407112,0.2431457431457431,1.026542621988079,0.49567099567099565,0.5043290043290043,0.59,0.42,1386.0,687.0,699.0,True
1723.0,0.8067324434126524,0.793046357615894,0.7290076335877863,0.7610269956018402,0.7086477074869414,0.7568345323741007,0.24957974421391493,0.2431654676258993,1.0263782380394726,0.43453237410071943,0.5654676258992806,0.63,0.455,1390.0,604.0,786.0,True
1723.0,0.8090539756239118,0.7922705314009661,0.7283311772315654,0.7603008543162657,0.7086477074869414,0.7568149210903874,0.24956013293020163,0.2431850789096126,1.026214823907673,0.445480631276901,0.554519368723099,0.625,0.45,1394.0,621.0,773.0,True
1723.0,0.7899013348810214,0.7386215864759428,0.7804054054054054,0.7595134959406741,0.7086477074869414,0.7567964731814842,0.24954168502129848,0.24320352681851576,1.0260611278368197,0.565025716385011,0.43497428361498897,0.535,0.37,1361.0,769.0,592.0,True
1723.0,0.7707486941381312,0.7970479704797048,0.7290076335877863,0.7630278020337455,0.7086477074869414,0.7567771084337349,0.24952232027354915,0.2432228915662651,1.0258998183383072,0.40813253012048195,0.5918674698795181,0.655,0.455,1328.0,542.0,786.0,True
1723.0,0.8136970400464306,0.7594405594405594,0.7540029112081513,0.7567217353243554,0.7086477074869414,0.7567760342368046,0.24952124607661885,0.24322396576319538,1.0258908709660401,0.5099857346647646,0.4900142653352354,0.575,0.415,1402.0,715.0,687.0,True
1723.0,0.77539175856065,0.725181598062954,0.807843137254902,0.766512367658928,0.7086477074869414,0.7567365269461078,0.24948173878592206,0.24326347305389218,1.0255618554399752,0.6182634730538922,0.38173652694610777,0.5,0.32,1336.0,826.0,510.0,True
1723.0,0.7991874637260592,0.793046357615894,0.7283311772315654,0.7606887674237297,0.7086477074869414,0.756717501815541,0.24946271365535522,0.24328249818445902,1.025403452846042,0.4386347131445171,0.5613652868554829,0.63,0.45,1377.0,604.0,773.0,True
1723.0,0.7777132907719094,0.73,0.7962962962962963,0.7631481481481481,0.7086477074869414,0.7567164179104477,0.24946162975026198,0.24328358208955225,1.0253944290348191,0.5970149253731343,0.40298507462686567,0.515,0.335,1340.0,800.0,540.0,True
1723.0,0.7823563551944284,0.7386215864759428,0.7806563039723662,0.7596389452241545,0.7086477074869414,0.7566765578635015,0.24942176970331575,0.24332344213649848,1.0250626389026516,0.5704747774480712,0.42952522255192876,0.535,0.36,1348.0,769.0,579.0,True
1723.0,0.8061520603598374,0.7876386687797148,0.7308707124010554,0.7592546905903851,0.7086477074869414,0.7566594672426206,0.2494046790824348,0.24334053275737944,1.0249204119689406,0.45428365730741543,0.5457163426925846,0.62,0.445,1389.0,631.0,758.0,True
1723.0,0.763203714451538,0.7970479704797048,0.7283311772315654,0.7626895738556351,0.7086477074869414,0.7566539923954373,0.24939920423525153,0.2433460076045627,1.0248748549042368,0.41216730038022814,0.5878326996197719,0.655,0.45,1315.0,542.0,773.0,True
1723.0,0.7986070806732444,0.7374517374517374,0.7813021702838063,0.7593769538677719,0.7086477074869414,0.7565406976744186,0.2492859095142328,0.24345930232558144,1.0239325716166694,0.5646802325581395,0.43531976744186046,0.53,0.375,1376.0,777.0,599.0,True
1723.0,0.7986070806732444,0.743046357615894,0.7729468599033816,0.7579966087596378,0.7086477074869414,0.7565406976744186,0.2492859095142328,0.24345930232558144,1.0239325716166694,0.5486918604651163,0.45130813953488375,0.545,0.385,1376.0,755.0,621.0,True
1723.0,0.779454439930354,0.7268292682926829,0.8030592734225621,0.7649442708576225,0.7086477074869414,0.7565152643335815,0.24926047617339575,0.24348473566641848,1.0237211605531207,0.6105733432613552,0.38942665673864485,0.505,0.325,1343.0,820.0,523.0,True
1723.0,0.8055716773070226,0.7742424242424243,0.7403846153846154,0.7573135198135199,0.7086477074869414,0.7564841498559077,0.24922936169572196,0.24351585014409227,1.0234625858984083,0.4755043227665706,0.5244956772334294,0.605,0.43,1388.0,660.0,728.0,True
1723.0,0.7858386535113174,0.7386215864759428,0.7794871794871795,0.7590543829815611,0.7086477074869414,0.7562776957163959,0.24902290755621015,0.24372230428360409,1.0217485358518443,0.5679468242245199,0.4320531757754801,0.535,0.365,1354.0,769.0,585.0,True
1723.0,0.799767846778874,0.7717717717717718,0.7415730337078652,0.7566724027398185,0.7086477074869414,0.7561683599419449,0.2489135717817591,0.24383164005805513,1.020841969985905,0.4833091436865022,0.5166908563134979,0.6,0.425,1378.0,666.0,712.0,True
1723.0,0.7782936738247244,0.7346938775510204,0.7863554757630161,0.7605246766570183,0.7086477074869414,0.756152125279642,0.24889733711945627,0.24384787472035796,1.0207074283706141,0.5846383296047726,0.4153616703952274,0.525,0.345,1341.0,784.0,557.0,True
1723.0,0.804410911201393,0.7374517374517374,0.7799671592775042,0.7587094483646208,0.7086477074869414,0.7561327561327561,0.24887796797257034,0.2438672438672439,1.0205469337573445,0.5606060606060606,0.4393939393939394,0.53,0.38,1386.0,777.0,609.0,True
1723.0,0.7945443993035404,0.7374517374517374,0.7804054054054054,0.7589285714285714,0.7086477074869414,0.7560262965668371,0.2487715084066513,0.24397370343316294,1.0196652545170826,0.5675675675675675,0.43243243243243246,0.53,0.37,1369.0,777.0,592.0,True
1723.0,0.808473592571097,0.7404980340760158,0.7746031746031746,0.7575506043395952,0.7086477074869414,0.7559224694903087,0.24866768133012296,0.24407753050969128,1.0188061179201804,0.5477386934673367,0.45226130653266333,0.54,0.39,1393.0,763.0,630.0,True
1723.0,0.808473592571097,0.746971736204576,0.7661538461538462,0.7565627911792111,0.7086477074869414,0.7559224694903087,0.24866768133012296,0.24407753050969128,1.0188061179201804,0.533381191672649,0.46661880832735103,0.555,0.4,1393.0,743.0,650.0,True
1723.0,0.7869994196169472,0.7374517374517374,0.7806563039723662,0.7590540207120517,0.7086477074869414,0.7558997050147492,0.24864491685456347,0.24410029498525077,1.0186178466912026,0.5730088495575221,0.4269911504424779,0.53,0.36,1356.0,777.0,579.0,True
1723.0,0.7748113755078352,0.7253694581280788,0.8030592734225621,0.7642143657753204,0.7086477074869414,0.7558052434456929,0.24855045528550712,0.2441947565543071,1.0178369871354356,0.6082397003745318,0.39176029962546816,0.51,0.325,1335.0,812.0,523.0,True
1723.0,0.7817759721416134,0.7341772151898734,0.7863554757630161,0.7602663454764448,0.7086477074869414,0.7557535263548627,0.24849873819467694,0.2442464736451373,1.0174097275022185,0.5864884929472903,0.4135115070527097,0.52,0.345,1347.0,790.0,557.0,True
1723.0,0.7840975043528728,0.7268292682926829,0.800376647834275,0.7636029580634789,0.7086477074869414,0.7557364914877869,0.2484817033276011,0.24426350851221312,1.0172690339260277,0.6069578090303479,0.3930421909696521,0.505,0.33,1351.0,820.0,531.0,True
1723.0,0.8102147417295414,0.7489823609226595,0.7632776934749621,0.7561300271988107,0.7086477074869414,0.755730659025788,0.2484758708656022,0.24426934097421205,1.017220867238653,0.5279369627507163,0.47206303724928367,0.56,0.405,1396.0,737.0,659.0,True
1723.0,0.7864190365641324,0.7346938775510204,0.7845884413309983,0.7596411594410093,0.7086477074869414,0.7557195571955719,0.24846476903538617,0.24428044280442807,1.0171291904620792,0.5785977859778598,0.42140221402214023,0.525,0.355,1355.0,784.0,571.0,True
1723.0,0.8171793383633198,0.7572815533980582,0.7540029112081513,0.7556422323031048,0.7086477074869414,0.7556818181818182,0.24842703002163247,0.24431818181818177,1.0168176112513332,0.5120738636363636,0.48792613636363635,0.57,0.415,1408.0,721.0,687.0,True
1723.0,0.8073128264654672,0.7813953488372093,0.7332439678284183,0.7573196583328138,0.7086477074869414,0.7555715312724659,0.24831674311228014,0.2444284687275341,1.015907616674064,0.46369518332135157,0.5363048166786485,0.615,0.44,1391.0,645.0,746.0,True
1723.0,0.783517121300058,0.7346938775510204,0.784452296819788,0.7595730871854043,0.7086477074869414,0.7555555555555555,0.24830076739536977,0.24444444444444446,1.0157758666174217,0.5807407407407408,0.4192592592592593,0.525,0.35,1350.0,784.0,566.0,True
1723.0,0.7904817179338364,0.7374517374517374,0.7794871794871795,0.7584694584694585,0.7086477074869414,0.7555066079295154,0.24825181976932964,0.2444933920704846,1.0153723078853663,0.5704845814977973,0.42951541850220265,0.53,0.365,1362.0,777.0,585.0,True
1723.0,0.8067324434126524,0.744,0.76875,0.756375,0.7086477074869414,0.7553956834532374,0.2481408952930516,0.24460431654676262,1.014458366051005,0.539568345323741,0.460431654676259,0.55,0.395,1390.0,750.0,640.0,True
1723.0,0.8090539756239118,0.7717717717717718,0.7403846153846154,0.7560781935781936,0.7086477074869414,0.7553802008608321,0.24812541270064636,0.24461979913916787,1.0143308659961907,0.47776183644189385,0.5222381635581061,0.6,0.43,1394.0,666.0,728.0,True
1723.0,0.7829367382472432,0.725181598062954,0.8030592734225621,0.764120435742758,0.7086477074869414,0.7553743513713862,0.24811956321120043,0.2446256486286138,1.0142826993088163,0.6123054114158636,0.3876945885841364,0.5,0.325,1349.0,826.0,523.0,True
1723.0,0.7899013348810214,0.7341772151898734,0.7845884413309983,0.7593828282604358,0.7086477074869414,0.7553269654665687,0.24807217730638298,0.24467303453343126,1.0138925925344964,0.5804555473916239,0.4195444526083762,0.52,0.355,1361.0,790.0,571.0,True
1723.0,0.7869994196169472,0.7341772151898734,0.784452296819788,0.7593147560048308,0.7086477074869414,0.7551622418879056,0.24790745372771983,0.2448377581120944,1.012537672454181,0.5825958702064897,0.4174041297935103,0.52,0.35,1356.0,790.0,566.0,True
1723.0,0.8224027858386536,0.7876386687797148,0.7290076335877863,0.7583231511837505,0.7086477074869414,0.7551164431898377,0.24786165502965196,0.24488355681016227,1.0121612829308844,0.4453069865913903,0.5546930134086098,0.62,0.455,1417.0,631.0,786.0,True
1723.0,0.8032501450957632,0.7404980340760158,0.7729468599033816,0.7567224469896987,0.7086477074869414,0.755057803468208,0.2478030153080223,0.24494219653179194,1.0116795669212473,0.5513005780346821,0.4486994219653179,0.54,0.385,1384.0,763.0,621.0,True
1723.0,0.8055716773070226,0.8,0.7222914072229141,0.7611457036114571,0.7086477074869414,0.7550432276657061,0.24778843950552032,0.24495677233429392,1.011559864804889,0.4214697406340058,0.5785302593659942,0.64,0.46,1388.0,585.0,803.0,True
1723.0,0.779454439930354,0.7253694581280788,0.800376647834275,0.7628730529811769,0.7086477074869414,0.7550260610573343,0.2477712728971485,0.24497393894266573,1.0114189042579647,0.6046165301563663,0.39538346984363365,0.51,0.33,1343.0,812.0,531.0,True
1723.0,0.8148578061520604,0.7876386687797148,0.7283311772315654,0.7579849230056401,0.7086477074869414,0.7549857549857549,0.24773096682556917,0.24501424501424507,1.0110880157648228,0.4494301994301994,0.5505698005698005,0.62,0.45,1404.0,631.0,773.0,True
1723.0,0.8148578061520604,0.7602836879432624,0.7496423462088698,0.7549630170760662,0.7086477074869414,0.7549857549857549,0.24773096682556917,0.24501424501424507,1.0110880157648228,0.5021367521367521,0.49786324786324787,0.58,0.42,1404.0,705.0,699.0,True
1723.0,0.705745792222867,0.8184019370460048,0.7222914072229141,0.7703466721344594,0.7086477074869414,0.7549342105263158,0.24767942236613005,0.24506578947368418,1.0106650254940073,0.33963815789473684,0.6603618421052632,0.705,0.46,1216.0,413.0,803.0,True
1723.0,0.738827626233314,0.8106382978723404,0.7222914072229141,0.7664648525476272,0.7086477074869414,0.7549096622152396,0.24765487405505382,0.24509033778476041,1.0104636367694984,0.3692065985860173,0.6307934014139828,0.68,0.46,1273.0,470.0,803.0,True
1723.0,0.8026697620429484,0.7346938775510204,0.7813021702838063,0.7579980239174133,0.7086477074869414,0.754880694143167,0.2476259059829813,0.24511930585683295,1.0102260412226052,0.5668835864063629,0.433116413593637,0.525,0.375,1383.0,784.0,599.0,True
1723.0,0.8096343586767266,0.743046357615894,0.76875,0.7558981788079471,0.7086477074869414,0.7548387096774194,0.24758392151723363,0.2451612903225806,1.0098817851360846,0.5412186379928315,0.45878136200716846,0.545,0.395,1395.0,755.0,640.0,True
1723.0,0.8096343586767266,0.7742424242424243,0.7374149659863946,0.7558286951144094,0.7086477074869414,0.7548387096774194,0.24758392151723363,0.2451612903225806,1.0098817851360846,0.4731182795698925,0.5268817204301075,0.605,0.435,1395.0,660.0,735.0,True
1723.0,0.811955890887986,0.7386215864759428,0.7746031746031746,0.7566123805395587,0.7086477074869414,0.7548248749106504,0.24757008675046466,0.24517512508934958,1.0097683713233236,0.5496783416726233,0.4503216583273767,0.535,0.39,1399.0,769.0,630.0,True
1723.0,0.811955890887986,0.7527472527472527,0.7570789865871833,0.7549131196672181,0.7086477074869414,0.7548248749106504,0.24757008675046466,0.24517512508934958,1.0097683713233236,0.5203716940671909,0.47962830593280914,0.565,0.41,1399.0,728.0,671.0,True
1723.0,0.7904817179338364,0.8014311270125224,0.7222914072229141,0.7618612671177183,0.7086477074869414,0.7547723935389133,0.24751760537872758,0.24522760646108666,1.009338259059362,0.4104258443465492,0.5895741556534508,0.65,0.46,1362.0,559.0,803.0,True
1723.0,0.8136970400464306,0.746971736204576,0.7632776934749621,0.7551247148397691,0.7086477074869414,0.7546362339514978,0.24738144579131205,0.24536376604850219,1.008223218021568,0.5299572039942939,0.47004279600570614,0.555,0.405,1402.0,743.0,659.0,True
1723.0,0.7829367382472432,0.73,0.7905282331511839,0.7602641165755919,0.7086477074869414,0.7546330615270571,0.24737827336687135,0.24536693847294289,1.0081972530873398,0.5930318754633062,0.40696812453669384,0.515,0.34,1349.0,800.0,549.0,True
1723.0,0.787579802669762,0.725181598062954,0.800376647834275,0.7627791229486145,0.7086477074869414,0.7546057479734709,0.24735095981328514,0.2453942520265291,1.0079737311310148,0.6086956521739131,0.391304347826087,0.5,0.33,1357.0,826.0,531.0,True
1723.0,0.820661636680209,0.7594405594405594,0.7496423462088698,0.7545414528247146,0.7086477074869414,0.7545968882602546,0.24734210010006885,0.24540311173974538,1.0079012378717505,0.5056577086280056,0.49434229137199437,0.575,0.42,1414.0,715.0,699.0,True
1723.0,0.7283807312826466,0.8119469026548672,0.7222914072229141,0.7671191549388907,0.7086477074869414,0.754581673306773,0.24732688514658718,0.24541832669322705,1.007776756035607,0.3601593625498008,0.6398406374501993,0.685,0.46,1255.0,452.0,803.0,True
1723.0,0.8061520603598374,0.7341772151898734,0.7813021702838063,0.7577396927368398,0.7086477074869414,0.7544996400287977,0.2472448518686119,0.24550035997120234,1.007105862890035,0.5687544996400288,0.4312455003599712,0.52,0.375,1389.0,790.0,599.0,True
1723.0,0.808473592571097,0.7346938775510204,0.7799671592775042,0.7573305184142622,0.7086477074869414,0.7544867193108399,0.24723193115065412,0.24551328068916012,1.0070002341896525,0.5628140703517588,0.4371859296482412,0.525,0.38,1393.0,784.0,609.0,True
1723.0,0.8107951247823564,0.7788018433179723,0.7332439678284183,0.7560229055731953,0.7086477074869414,0.7544738725841088,0.24721908442392304,0.2455261274158912,1.0068952214000597,0.4659985683607731,0.5340014316392269,0.61,0.44,1397.0,651.0,746.0,True
1723.0,0.7492745211839814,0.8073770491803278,0.7222914072229141,0.764834228201621,0.7086477074869414,0.7544539116963594,0.24719912353617368,0.24554608830364055,1.0067320772403794,0.378001549186677,0.6219984508133231,0.675,0.46,1291.0,488.0,803.0,True
1723.0,0.7893209518282066,0.7268292682926829,0.7962962962962963,0.7615627822944896,0.7086477074869414,0.7544117647058823,0.24715697654569657,0.24558823529411766,1.0063876889285848,0.6029411764705882,0.39705882352941174,0.505,0.335,1360.0,820.0,540.0,True
1723.0,0.7986070806732444,0.7993019197207679,0.7222914072229141,0.760796663471841,0.7086477074869414,0.7543604651162791,0.2471056769560933,0.24563953488372092,1.005968673052025,0.4164244186046512,0.5835755813953488,0.645,0.46,1376.0,573.0,803.0,True
1723.0,0.7986070806732444,0.7346938775510204,0.7804054054054054,0.7575496414782129,0.7086477074869414,0.7543604651162791,0.2471056769560933,0.24563953488372092,1.005968673052025,0.5697674418604651,0.43023255813953487,0.525,0.37,1376.0,784.0,592.0,True
1723.0,0.812536273940801,0.7973199329983249,0.7222914072229141,0.7598056701106195,0.7086477074869414,0.7542857142857143,0.24703092612552857,0.24571428571428566,1.0053584202783141,0.42642857142857143,0.5735714285714286,0.635,0.46,1400.0,597.0,803.0,True
1723.0,0.812536273940801,0.744,0.7661538461538462,0.7550769230769231,0.7086477074869414,0.7542857142857143,0.24703092612552857,0.24571428571428566,1.0053584202783141,0.5357142857142857,0.4642857142857143,0.55,0.4,1400.0,750.0,650.0,True
1723.0,0.7910621009866512,0.7346938775510204,0.7806563039723662,0.7576750907616934,0.7086477074869414,0.7542186353631695,0.2469638472029837,0.24578136463683053,1.004811115634826,0.5752017608217168,0.4247982391782832,0.525,0.36,1363.0,784.0,579.0,True
1723.0,0.8073128264654672,0.7673048600883653,0.7415730337078652,0.7544389468981152,0.7086477074869414,0.7541337167505392,0.24687892859035343,0.2458662832494608,1.0041186832432212,0.48813803019410495,0.511861969805895,0.595,0.425,1391.0,679.0,712.0,True
1723.0,0.811955890887986,0.7341772151898734,0.7799671592775042,0.7570721872336887,0.7086477074869414,0.7541100786275912,0.2468552904674054,0.24588992137240884,1.0039260214066865,0.5646890636168692,0.4353109363831308,0.52,0.38,1399.0,790.0,609.0,True
1723.0,0.7080673244341266,0.815347721822542,0.7222914072229141,0.768819564522728,0.7086477074869414,0.7540983606557377,0.2468435724955519,0.24590163934426235,1.0038305281485775,0.3418032786885246,0.6581967213114754,0.7,0.46,1220.0,417.0,803.0,True
1723.0,0.8142774230992456,0.7813953488372093,0.7308707124010554,0.7561330306191323,0.7086477074869414,0.7540983606557377,0.2468435724955519,0.24590163934426235,1.0038305281485775,0.4597291518175339,0.5402708481824662,0.615,0.445,1403.0,645.0,758.0,True
1723.0,0.816598955310505,0.7374517374517374,0.7746031746031746,0.756027456027456,0.7086477074869414,0.7540867093105899,0.2468319211504041,0.24591329068941015,1.0037355868746198,0.5522388059701493,0.44776119402985076,0.53,0.39,1407.0,777.0,630.0,True
1723.0,0.7196749854904236,0.8123569794050344,0.7222914072229141,0.7673241933139743,0.7086477074869414,0.7540322580645161,0.24677746990433036,0.24596774193548387,1.003292008791376,0.3524193548387097,0.6475806451612903,0.69,0.46,1240.0,437.0,803.0,True
1723.0,0.8020893789901334,0.7341772151898734,0.7804054054054054,0.7572913102976394,0.7086477074869414,0.7539797395079595,0.24672495134777372,0.2460202604920405,1.002864361066539,0.5716353111432706,0.4283646888567294,0.52,0.37,1382.0,790.0,592.0,True
1723.0,0.8067324434126524,0.7386215864759428,0.7729468599033816,0.7557842231896622,0.7086477074869414,0.753956834532374,0.2467020463721883,0.24604316546762595,1.0026779077700048,0.5532374100719425,0.44676258992805756,0.535,0.385,1390.0,769.0,621.0,True
1723.0,0.7945443993035404,0.7341772151898734,0.7806563039723662,0.7574167595811199,0.7086477074869414,0.7538349159970782,0.24658012783689243,0.2461650840029218,1.0016860386015007,0.577063550036523,0.422936449963477,0.52,0.36,1369.0,790.0,579.0,True
1723.0,0.7945443993035404,0.7346938775510204,0.7794871794871795,0.7570905285191,0.7086477074869414,0.7538349159970782,0.24658012783689243,0.2461650840029218,1.0016860386015007,0.5726807888970051,0.42731921110299487,0.525,0.365,1369.0,784.0,585.0,True
1723.0,0.8131166569936158,0.7717717717717718,0.7374149659863946,0.7545933688790831,0.7086477074869414,0.7537473233404711,0.24649253518028535,0.24625267665952888,1.000974034166898,0.4753747323340471,0.5246252676659529,0.6,0.435,1401.0,666.0,735.0,True
1723.0,0.8154381892048752,0.743046357615894,0.7661538461538462,0.75460010188487,0.7086477074869414,0.7537366548042704,0.24648186664408467,0.24626334519572957,1.000887348655893,0.5373665480427047,0.4626334519572954,0.545,0.4,1405.0,755.0,650.0,True
1723.0,0.7846778874056878,0.7253694581280788,0.7962962962962963,0.7608328772121875,0.7086477074869414,0.753698224852071,0.2464434366918853,0.24630177514792895,1.0005751543766637,0.6005917159763313,0.3994082840236686,0.51,0.335,1352.0,812.0,540.0,True
1723.0,0.824143934997098,0.7572815533980582,0.7496423462088698,0.753461949803464,0.7086477074869414,0.7535211267605634,0.2462663386003776,0.24647887323943662,0.9991377166072463,0.5077464788732394,0.4922535211267606,0.57,0.42,1420.0,721.0,699.0,True
1723.0,0.7980266976204294,0.7341772151898734,0.7794871794871795,0.7568321973385265,0.7086477074869414,0.7534545454545455,0.24619975729435972,0.2465454545454545,0.998597835633465,0.5745454545454546,0.4254545454545455,0.52,0.365,1375.0,790.0,585.0,True
1723.0,0.8142774230992456,0.7404980340760158,0.76875,0.7546240170380079,0.7086477074869414,0.7533856022808268,0.24613081412064108,0.24661439771917315,0.9980391104371662,0.5438346400570206,0.45616535994297935,0.54,0.395,1403.0,763.0,640.0,True
1723.0,0.816598955310505,0.7673048600883653,0.7403846153846154,0.7538447377364903,0.7086477074869414,0.7533759772565742,0.24612118909638847,0.24662402274342576,0.997961132733771,0.48258706467661694,0.5174129353233831,0.595,0.43,1407.0,679.0,728.0,True
1723.0,0.8212420197330238,0.7527472527472527,0.7540029112081513,0.7533750819777021,0.7086477074869414,0.7533568904593639,0.24610210229917817,0.24664310954063606,0.9978065179178713,0.5144876325088339,0.48551236749116605,0.565,0.415,1415.0,728.0,687.0,True
1723.0,0.7928032501450958,0.725181598062954,0.7962962962962963,0.7607389471796251,0.7086477074869414,0.753294289897511,0.24603950173732525,0.24670571010248898,0.9972995827097517,0.6046852122986823,0.3953147877013177,0.5,0.335,1366.0,826.0,540.0,True
1723.0,0.7573998839233894,0.8027888446215139,0.7222914072229141,0.762540125922214,0.7086477074869414,0.753256704980843,0.2460019168206572,0.24674329501915704,0.9969953461209866,0.3846743295019157,0.6153256704980843,0.67,0.46,1305.0,502.0,803.0,True
1723.0,0.7643644805571678,0.8015564202334631,0.7222914072229141,0.7619239137281886,0.7086477074869414,0.7532270311313591,0.24597224297117337,0.24677296886864086,0.9967552122862625,0.3902809415337889,0.6097190584662111,0.665,0.46,1317.0,514.0,803.0,True
1723.0,0.8113755078351712,0.7374517374517374,0.7729468599033816,0.7551992986775595,0.7086477074869414,0.7532188841201717,0.24596409595998592,0.24678111587982832,0.9966892931943777,0.555793991416309,0.44420600858369097,0.53,0.385,1398.0,777.0,621.0,True
1723.0,0.787579802669762,0.73,0.7863554757630161,0.758177737881508,0.7086477074869414,0.7531319086219602,0.24587712046177446,0.24686809137803978,0.9959858282585909,0.5895357406042742,0.41046425939572584,0.515,0.345,1357.0,800.0,557.0,True
1723.0,0.8154381892048752,0.7647907647907648,0.7415730337078652,0.753181899249315,0.7086477074869414,0.7530249110320285,0.24577012287184274,0.2469750889679715,0.9951211026943491,0.49323843416370106,0.5067615658362989,0.585,0.425,1405.0,693.0,712.0,True
1723.0,0.8177597214161346,0.7788018433179723,0.7308707124010554,0.7548362778595139,0.7086477074869414,0.7530163236337828,0.24576153547359703,0.2469836763662172,0.995051734144535,0.46202980837473384,0.5379701916252662,0.61,0.445,1409.0,651.0,758.0,True
1723.0,0.8177597214161346,0.744,0.7632776934749621,0.753638846737481,0.7086477074869414,0.7530163236337828,0.24576153547359703,0.2469836763662172,0.995051734144535,0.5322924059616749,0.46770759403832507,0.55,0.405,1409.0,750.0,659.0,True
1723.0,0.7092280905397562,0.8320802005012531,0.7144592952612394,0.7732697478812462,0.7086477074869414,0.7528641571194763,0.24560936895929053,0.2471358428805237,0.9938233406233545,0.3265139116202946,0.6734860883797054,0.715,0.465,1222.0,399.0,823.0,True
1723.0,0.8171793383633198,0.7489823609226595,0.7570789865871833,0.7530306737549214,0.7086477074869414,0.7528409090909091,0.2455861209307233,0.24715909090909094,0.993635799627754,0.5234375,0.4765625,0.56,0.41,1408.0,737.0,671.0,True
1723.0,0.7748113755078352,0.7988721804511278,0.7222914072229141,0.760581793837021,0.7086477074869414,0.7528089887640449,0.24555420060385913,0.2471910112359551,0.993378356988339,0.398501872659176,0.601498127340824,0.66,0.46,1335.0,532.0,803.0,True
1723.0,0.8264654672083576,0.7922705314009661,0.7222914072229141,0.7572809693119401,0.7086477074869414,0.7528089887640449,0.24555420060385913,0.2471910112359551,0.993378356988339,0.43609550561797755,0.5639044943820225,0.625,0.46,1424.0,621.0,803.0,True
1723.0,0.79570516540917,0.73,0.7845884413309983,0.7572942206654991,0.7086477074869414,0.7527352297592997,0.24548044159911397,0.24726477024070026,0.9927837328388944,0.5835156819839533,0.4164843180160467,0.515,0.355,1371.0,800.0,571.0,True
1723.0,0.811955890887986,0.7641921397379913,0.7415730337078652,0.7528825867229283,0.7086477074869414,0.7526804860614725,0.24542569790128677,0.24731951393852747,0.9923426339997117,0.4910650464617584,0.5089349535382416,0.59,0.425,1399.0,687.0,712.0,True
1723.0,0.816598955310505,0.793046357615894,0.7222914072229141,0.757668882419404,0.7086477074869414,0.7526652452025586,0.24541045704237285,0.24733475479744138,0.9922198651109729,0.4292821606254442,0.5707178393745558,0.63,0.46,1407.0,604.0,803.0,True
1723.0,0.7156123041207196,0.8093023255813954,0.7222914072229141,0.7657968664021547,0.7086477074869414,0.7526358475263585,0.24538105936617272,0.24736415247364152,0.9919831022901343,0.34874290348742903,0.6512570965125709,0.695,0.46,1233.0,430.0,803.0,True
1723.0,0.8305281485780616,0.7813953488372093,0.7290076335877863,0.7552014912124978,0.7086477074869414,0.7526205450733753,0.24536575691318951,0.24737945492662472,0.9918598817592492,0.45073375262054505,0.549266247379455,0.615,0.455,1431.0,645.0,786.0,True
1723.0,0.7928032501450958,0.73,0.784452296819788,0.757226148409894,0.7086477074869414,0.7525622254758418,0.24530743731565607,0.24743777452415816,0.9913904123467046,0.5856515373352855,0.4143484626647145,0.515,0.35,1366.0,800.0,566.0,True
1723.0,0.81601857225769,0.7742424242424243,0.7332439678284183,0.7537431960354213,0.7086477074869414,0.7524893314366998,0.24523454327651406,0.24751066856330017,0.9908039305941917,0.4694167852062589,0.5305832147937412,0.605,0.44,1406.0,660.0,746.0,True
1723.0,0.820661636680209,0.7346938775510204,0.7746031746031746,0.7546485260770975,0.7086477074869414,0.7524752475247525,0.2452204593645667,0.24752475247524752,0.9906906558328495,0.5544554455445545,0.44554455445544555,0.525,0.39,1414.0,784.0,630.0,True
1723.0,0.820661636680209,0.743046357615894,0.7632776934749621,0.7531620255454281,0.7086477074869414,0.7524752475247525,0.2452204593645667,0.24752475247524752,0.9906906558328495,0.5339462517680339,0.46605374823196605,0.545,0.405,1414.0,755.0,659.0,True
1723.0,0.8229831688914684,0.7813953488372093,0.7283311772315654,0.7548632630343873,0.7086477074869414,0.7524682651622003,0.24521347700201457,0.24753173483779967,0.9906345025323554,0.45486600846262343,0.5451339915373766,0.615,0.45,1418.0,645.0,773.0,True
1723.0,0.7806152060359838,0.7970479704797048,0.7222914072229141,0.7596696888513095,0.7086477074869414,0.7524163568773234,0.24516156871713768,0.24758364312267656,0.9902171469205712,0.4029739776951673,0.5970260223048327,0.655,0.46,1345.0,542.0,803.0,True
1723.0,0.7945443993035404,0.7268292682926829,0.7905282331511839,0.7586787507219335,0.7086477074869414,0.7523739956172388,0.24511920745705307,0.24762600438276117,0.9898766814416095,0.5989773557341125,0.4010226442658875,0.505,0.34,1369.0,820.0,549.0,True
1723.0,0.8177597214161346,0.7386215864759428,0.76875,0.7536857932379715,0.7086477074869414,0.752306600425834,0.2450518122656482,0.24769339957416603,0.989335253530941,0.5457771469127041,0.45422285308729593,0.535,0.395,1409.0,769.0,640.0,True
1723.0,0.820081253627394,0.7404980340760158,0.7661538461538462,0.753325940114931,0.7086477074869414,0.7523000707714084,0.2450452826112226,0.24769992922859163,0.9892828123704502,0.5399858457183297,0.4600141542816702,0.54,0.4,1413.0,763.0,650.0,True
1723.0,0.824724318049913,0.7647907647907648,0.7403846153846154,0.7525876900876901,0.7086477074869414,0.7522871217452498,0.24503233358506404,0.2477128782547502,0.9891788239328864,0.4876847290640394,0.5123152709359606,0.585,0.43,1421.0,693.0,728.0,True
1723.0,0.824143934997098,0.7341772151898734,0.7746031746031746,0.754390194896524,0.7086477074869414,0.752112676056338,0.24485788789615226,0.24788732394366197,0.9877789795810688,0.5563380281690141,0.44366197183098594,0.52,0.39,1420.0,790.0,630.0,True
1723.0,0.811955890887986,0.73,0.7813021702838063,0.7556510851419032,0.7086477074869414,0.7519656897784132,0.2447109016182274,0.24803431022158684,0.9866010125760811,0.5718370264474625,0.4281629735525375,0.515,0.375,1399.0,800.0,599.0,True
1723.0,0.8212420197330238,0.7641921397379913,0.7403846153846154,0.7522883775613034,0.7086477074869414,0.7519434628975264,0.24468867473734068,0.24805653710247355,0.9864230049952621,0.48551236749116605,0.5144876325088339,0.59,0.43,1415.0,687.0,728.0,True
1723.0,0.820661636680209,0.7673048600883653,0.7374149659863946,0.7523599130373799,0.7086477074869414,0.7517680339462518,0.24451324578606604,0.2482319660537482,0.9850191724828986,0.4801980198019802,0.5198019801980198,0.595,0.435,1414.0,679.0,735.0,True
1723.0,0.820661636680209,0.746971736204576,0.7570789865871833,0.7520253613958796,0.7086477074869414,0.7517680339462518,0.24451324578606604,0.2482319660537482,0.9850191724828986,0.5254596888260255,0.47454031117397455,0.555,0.41,1414.0,743.0,671.0,True
1723.0,0.7899013348810214,0.7253694581280788,0.7905282331511839,0.7579488456396314,0.7086477074869414,0.75165319617928,0.24439840801909418,0.24834680382072005,0.9841012819940449,0.5966201322556943,0.4033798677443057,0.51,0.34,1361.0,812.0,549.0,True
1723.0,0.7034242600116076,0.8303341902313625,0.7144592952612394,0.772396742746301,0.7086477074869414,0.7516501650165016,0.24439537685631585,0.24834983498349839,0.9840770656141354,0.320957095709571,0.679042904290429,0.72,0.465,1212.0,389.0,823.0,True
1723.0,0.8154381892048752,0.7346938775510204,0.7729468599033816,0.753820368727201,0.7086477074869414,0.7516014234875444,0.24434663532735867,0.24839857651245556,0.983687743939653,0.5580071174377225,0.4419928825622776,0.525,0.385,1405.0,784.0,621.0,True
1723.0,0.8177597214161346,0.73,0.7799671592775042,0.7549835796387521,0.7086477074869414,0.751596877217885,0.24434208905769927,0.24840312278211496,0.9836514385208522,0.5677785663591199,0.43222143364088006,0.515,0.38,1409.0,800.0,609.0,True
1723.0,0.8224027858386536,0.7374517374517374,0.76875,0.7531008687258687,0.7086477074869414,0.7515878616796048,0.24433307351941902,0.24841213832039521,0.9835794465256157,0.5483415666901905,0.4516584333098095,0.53,0.395,1417.0,777.0,640.0,True
1723.0,0.8340104468949506,0.7788018433179723,0.7290076335877863,0.7539047384528793,0.7086477074869414,0.7515657620041754,0.2443109738439896,0.24843423799582465,0.9834029955568993,0.453027139874739,0.5469728601252609,0.61,0.455,1437.0,651.0,786.0,True
1723.0,0.807893209518282,0.73,0.7804054054054054,0.7552027027027026,0.7086477074869414,0.7514367816091954,0.2441819934490096,0.24856321839080464,0.9823738002341655,0.5747126436781609,0.42528735632183906,0.515,0.37,1392.0,800.0,592.0,True
1723.0,0.7121300058038306,0.8267326732673267,0.7144592952612394,0.7705959842642831,0.7086477074869414,0.7514262428687857,0.2441714547085999,0.24857375713121432,0.9822897538604988,0.3292583537082315,0.6707416462917686,0.71,0.465,1227.0,404.0,823.0,True
1723.0,0.8195008705745792,0.7717717717717718,0.7332439678284183,0.7525078698000951,0.7086477074869414,0.7514164305949008,0.24416164243471505,0.24858356940509918,0.9822115074581699,0.471671388101983,0.5283286118980169,0.6,0.44,1412.0,666.0,746.0,True
1723.0,0.8264654672083576,0.7788018433179723,0.7283311772315654,0.7535665102747688,0.7086477074869414,0.7514044943820225,0.24414970622183674,0.2485955056179775,0.9821163323725863,0.4571629213483146,0.5428370786516854,0.61,0.45,1424.0,651.0,773.0,True
1723.0,0.8264654672083576,0.7489823609226595,0.7540029112081513,0.7514926360654054,0.7086477074869414,0.7514044943820225,0.24414970622183674,0.2485955056179775,0.9821163323725863,0.5175561797752809,0.4824438202247191,0.56,0.415,1424.0,737.0,687.0,True
1723.0,0.7980266976204294,0.725181598062954,0.7905282331511839,0.757854915607069,0.7086477074869414,0.7512727272727273,0.24401793911254155,0.24872727272727269,0.9810662756717681,0.6007272727272728,0.3992727272727273,0.5,0.34,1375.0,826.0,549.0,True
1723.0,0.800348229831689,0.73,0.7806563039723662,0.7553281519861831,0.7086477074869414,0.751269035532995,0.2440142473728092,0.24873096446700504,0.981036872090682,0.580130529369108,0.41986947063089197,0.515,0.36,1379.0,800.0,579.0,True
1723.0,0.8189204875217644,0.7341772151898734,0.7729468599033816,0.7535620375466275,0.7086477074869414,0.7512402551381998,0.24398546697801404,0.2487597448618002,0.9808076749458056,0.5598866052445074,0.44011339475549255,0.52,0.385,1411.0,790.0,621.0,True
1723.0,0.8235635519442832,0.7386215864759428,0.7661538461538462,0.7523877163148944,0.7086477074869414,0.7512332628611699,0.2439784747009841,0.24876673713883013,0.9807519988688286,0.5419309372797745,0.4580690627202255,0.535,0.4,1419.0,769.0,650.0,True
1723.0,0.828206616366802,0.7527472527472527,0.7496423462088698,0.7511947994780612,0.7086477074869414,0.7512263489838823,0.24397156082369653,0.2487736510161177,0.9806969501279296,0.5101611772950245,0.4898388227049755,0.565,0.42,1427.0,728.0,699.0,True
1723.0,0.8229831688914684,0.7742424242424243,0.7308707124010554,0.7525565683217399,0.7086477074869414,0.7510578279266573,0.24380303976647155,0.24894217207334268,0.9793561200817471,0.46544428772919605,0.5345557122708039,0.605,0.445,1418.0,660.0,758.0,True
1723.0,0.8253047011027278,0.7404980340760158,0.7632776934749621,0.7518878637754889,0.7086477074869414,0.7510548523206751,0.24380006416048938,0.24894514767932485,0.9793324611192541,0.5365682137834037,0.46343178621659636,0.54,0.405,1422.0,763.0,659.0,True
1723.0,0.832269297736506,0.7876386687797148,0.7222914072229141,0.7549650380013144,0.7086477074869414,0.7510460251046025,0.24379123694441673,0.2489539748953975,0.9792622794910184,0.4400278940027894,0.5599721059972106,0.62,0.46,1434.0,631.0,803.0,True
1723.0,0.7991874637260592,0.7268292682926829,0.7863554757630161,0.7565923720278496,0.7086477074869414,0.7509077705156136,0.24365298235542787,0.24909222948438636,0.9781637221674174,0.5954974582425563,0.4045025417574437,0.505,0.345,1377.0,820.0,557.0,True
1723.0,0.803830528148578,0.73,0.7794871794871795,0.7547435897435897,0.7086477074869414,0.7509025270758123,0.24364773891562652,0.2490974729241877,0.9781220823134572,0.5776173285198556,0.4223826714801444,0.515,0.365,1385.0,800.0,585.0,True
1723.0,0.8224027858386536,0.7602836879432624,0.7415730337078652,0.7509283608255638,0.7086477074869414,0.7508821453775583,0.2436273572173725,0.24911785462244174,0.9779602412946654,0.497529992942837,0.502470007057163,0.58,0.425,1417.0,705.0,712.0,True
1723.0,0.828786999419617,0.7647907647907648,0.7374149659863946,0.7511028653885796,0.7086477074869414,0.7507002801120448,0.24344549195185905,0.24929971988795518,0.9765173104136369,0.4852941176470588,0.5147058823529411,0.585,0.435,1428.0,693.0,735.0,True
1723.0,0.71445153801509,0.8320802005012531,0.7115384615384616,0.7718093310198573,0.7086477074869414,0.7506092607636068,0.24335447260342102,0.2493907392363932,0.9757959471492222,0.3241267262388302,0.6758732737611698,0.715,0.47,1231.0,399.0,832.0,True
1723.0,0.8073128264654672,0.7268292682926829,0.7845884413309983,0.7557088548118406,0.7086477074869414,0.7505391804457225,0.24328439228553678,0.24946081955427746,0.9752408924183911,0.5895039539899353,0.4104960460100647,0.505,0.355,1391.0,820.0,571.0,True
1723.0,0.828206616366802,0.7374517374517374,0.7661538461538462,0.7518027918027919,0.7086477074869414,0.7505255781359496,0.2432707899757638,0.24947442186405044,0.975133194650042,0.5444989488437281,0.4555010511562719,0.53,0.4,1427.0,777.0,650.0,True
1723.0,0.828206616366802,0.7594405594405594,0.7415730337078652,0.7505067965742123,0.7086477074869414,0.7505255781359496,0.2432707899757638,0.24947442186405044,0.975133194650042,0.5010511562718991,0.4989488437281009,0.575,0.425,1427.0,715.0,712.0,True
1723.0,0.804410911201393,0.7268292682926829,0.784452296819788,0.7556407825562355,0.7086477074869414,0.7503607503607503,0.24310596220056457,0.24963924963924966,0.973829085577984,0.5916305916305916,0.4083694083694084,0.505,0.35,1386.0,820.0,566.0,True
1723.0,0.8253047011027278,0.7641921397379913,0.7374149659863946,0.7508035528621929,0.7086477074869414,0.750351617440225,0.24309682928003928,0.24964838255977495,0.9737568767217348,0.4831223628691983,0.5168776371308017,0.59,0.435,1422.0,687.0,735.0,True
1723.0,0.8299477655252466,0.746971736204576,0.7540029112081513,0.7504873237063636,0.7086477074869414,0.7503496503496504,0.24309486218946463,0.2496503496503496,0.9737413247365112,0.5195804195804196,0.48041958041958044,0.555,0.415,1430.0,743.0,687.0,True
1723.0,0.7945443993035404,0.7253694581280788,0.7863554757630161,0.7558624669455475,0.7086477074869414,0.75018261504748,0.2429278268872942,0.24981738495252004,0.9724216228324731,0.5931336742147553,0.40686632578524473,0.51,0.345,1369.0,812.0,557.0,True
1723.0,0.824724318049913,0.744,0.7570789865871833,0.7505394932935916,0.7086477074869414,0.7501759324419423,0.24292114428175648,0.24982406755805775,0.9723688620404956,0.5277973258268824,0.4722026741731175,0.55,0.41,1421.0,750.0,671.0,True
1723.0,0.8316889146836912,0.7602836879432624,0.7403846153846154,0.7503341516639389,0.7086477074869414,0.7501744591765527,0.2429196710163669,0.24982554082344732,0.9723572306325524,0.4919748778785764,0.5080251221214236,0.58,0.43,1433.0,705.0,728.0,True
1723.0,0.8171793383633198,0.8,0.7144592952612394,0.7572296476306197,0.7086477074869414,0.75,0.24274521183981423,0.25,0.9709808473592569,0.41548295454545453,0.5845170454545454,0.64,0.465,1408.0,585.0,823.0,True
1723.0,0.8264654672083576,0.7346938775510204,0.76875,0.7517219387755103,0.7086477074869414,0.75,0.24274521183981423,0.25,0.9709808473592569,0.550561797752809,0.449438202247191,0.525,0.395,1424.0,784.0,640.0,True
1723.0,0.8264654672083576,0.7717717717717718,0.7308707124010554,0.7513212420864136,0.7086477074869414,0.75,0.24274521183981423,0.25,0.9709808473592569,0.46769662921348315,0.5323033707865169,0.6,0.445,1424.0,666.0,758.0,True
1723.0,0.828786999419617,0.7386215864759428,0.7632776934749621,0.7509496399754525,0.7086477074869414,0.75,0.24274521183981423,0.25,0.9709808473592569,0.538515406162465,0.46148459383753504,0.535,0.405,1428.0,769.0,659.0,True
1723.0,0.8374927452118398,0.7594405594405594,0.7403846153846154,0.7499125874125874,0.7086477074869414,0.7498267498267498,0.24257196166656403,0.2501732501732502,0.9696159021741049,0.4954954954954955,0.5045045045045045,0.575,0.43,1443.0,715.0,728.0,True
1723.0,0.8235635519442832,0.7268292682926829,0.7813021702838063,0.7540657192882446,0.7086477074869414,0.7498238195912614,0.24256903143107567,0.25017618040873857,0.9695928326780179,0.5778717406624383,0.42212825933756165,0.505,0.375,1419.0,820.0,599.0,True
1723.0,0.8026697620429484,0.725181598062954,0.7863554757630161,0.7557685369129851,0.7086477074869414,0.749819233550253,0.24256444539006727,0.25018076644974696,0.969556728249893,0.5972523499638467,0.4027476500361533,0.5,0.345,1383.0,826.0,557.0,True
1723.0,0.8026697620429484,0.7253694581280788,0.7845884413309983,0.7549789497295385,0.7086477074869414,0.749819233550253,0.24256444539006727,0.25018076644974696,0.969556728249893,0.5871294287780188,0.4128705712219812,0.51,0.355,1383.0,812.0,571.0,True
1723.0,0.8392338943702844,0.7742424242424243,0.7290076335877863,0.7516250289151053,0.7086477074869414,0.7496542185338866,0.24239943037370082,0.2503457814661134,0.9682584981225729,0.45643153526970953,0.5435684647302904,0.605,0.455,1446.0,660.0,786.0,True
1723.0,0.8299477655252466,0.73,0.7746031746031746,0.7523015873015872,0.7086477074869414,0.7496503496503496,0.24239556149016384,0.2503496503496504,0.9682280808126654,0.5594405594405595,0.4405594405594406,0.515,0.39,1430.0,800.0,630.0,True
1723.0,0.8299477655252466,0.7341772151898734,0.76875,0.7514636075949368,0.7086477074869414,0.7496503496503496,0.24239556149016384,0.2503496503496504,0.9682280808126654,0.5524475524475524,0.44755244755244755,0.52,0.395,1430.0,790.0,640.0,True
1723.0,0.8276262333139872,0.743046357615894,0.7570789865871833,0.7500626721015387,0.7086477074869414,0.7496493688639552,0.2423945807037694,0.25035063113604483,0.9682203699820034,0.52945301542777,0.47054698457223,0.545,0.41,1426.0,755.0,671.0,True
1723.0,0.8020893789901334,0.8014311270125224,0.7144592952612394,0.757945211136881,0.7086477074869414,0.7496382054992764,0.24238341733909063,0.2503617945007236,0.9681326091405296,0.4044862518089725,0.5955137481910275,0.65,0.465,1382.0,559.0,823.0,True
1723.0,0.799767846778874,0.7253694581280788,0.784452296819788,0.7549108774739335,0.7086477074869414,0.7496371552975326,0.24238236713734684,0.2503628447024674,0.9681243533775765,0.5892597968069666,0.4107402031930334,0.51,0.35,1378.0,812.0,566.0,True
1723.0,0.8316889146836912,0.7742424242424243,0.7283311772315654,0.7512868007369948,0.7086477074869414,0.749476622470342,0.2422218343101562,0.25052337752965803,0.9668631993494538,0.4605722260990928,0.5394277739009072,0.605,0.45,1433.0,660.0,773.0,True
1723.0,0.8316889146836912,0.7572815533980582,0.7415730337078652,0.7494272935529618,0.7086477074869414,0.749476622470342,0.2422218343101562,0.25052337752965803,0.9668631993494538,0.5031402651779484,0.49685973482205165,0.57,0.425,1433.0,721.0,712.0,True
1723.0,0.8293673824724318,0.7268292682926829,0.7799671592775042,0.7533982137850935,0.7086477074869414,0.7494751574527642,0.2422203692925784,0.25052484254723584,0.9668516975393702,0.5738278516445067,0.42617214835549333,0.505,0.38,1429.0,820.0,609.0,True
1723.0,0.8270458502611724,0.7673048600883653,0.7332439678284183,0.7502744139583918,0.7086477074869414,0.7494736842105263,0.24221889605034053,0.2505263157894737,0.966840131293376,0.47649122807017547,0.5235087719298246,0.595,0.44,1425.0,679.0,746.0,True
1723.0,0.8107951247823564,0.725181598062954,0.7845884413309983,0.7548850196969761,0.7086477074869414,0.7494631352899069,0.24220834712972117,0.25053686471009307,0.9667573169720585,0.5912670007158196,0.4087329992841804,0.5,0.355,1397.0,826.0,571.0,True
1723.0,0.7504352872896112,0.8106382978723404,0.7144592952612394,0.7625487965667899,0.7086477074869414,0.7494199535962877,0.2421651654361019,0.25058004640371234,0.9664183916940731,0.36349574632637277,0.6365042536736272,0.68,0.465,1293.0,470.0,823.0,True
1723.0,0.7086477074869414,0.8303341902313625,0.7115384615384616,0.770936325884912,0.7086477074869414,0.7493857493857494,0.24213096122556366,0.2506142506142506,0.9661500119490629,0.3185913185913186,0.6814086814086814,0.72,0.47,1221.0,389.0,832.0,True
1723.0,0.8334300638421358,0.7374517374517374,0.7632776934749621,0.7503647154633497,0.7086477074869414,0.7493036211699164,0.24204883300973068,0.25069637883008355,0.9655059005610369,0.5410863509749304,0.45891364902506965,0.53,0.405,1436.0,777.0,659.0,True
1723.0,0.8334300638421358,0.7489823609226595,0.7496423462088698,0.7493123535657646,0.7086477074869414,0.7493036211699164,0.24204883300973068,0.25069637883008355,0.9655059005610369,0.5132311977715878,0.48676880222841223,0.56,0.42,1436.0,737.0,699.0,True
1723.0,0.824143934997098,0.7973199329983249,0.7144592952612394,0.7558896141297822,0.7086477074869414,0.7492957746478873,0.24204098648770156,0.2507042253521127,0.965444384304877,0.4204225352112676,0.5795774647887324,0.635,0.465,1420.0,597.0,823.0,True
1723.0,0.8195008705745792,0.7268292682926829,0.7804054054054054,0.7536173368490442,0.7086477074869414,0.7492917847025495,0.24203699654236377,0.25070821529745047,0.965413104852592,0.5807365439093485,0.4192634560906516,0.505,0.37,1412.0,820.0,592.0,True
1723.0,0.8102147417295414,0.7993019197207679,0.7144592952612394,0.7568806074910037,0.7086477074869414,0.7492836676217765,0.24202887946159068,0.25071633237822355,0.9653494735096586,0.41045845272206305,0.589541547277937,0.645,0.465,1396.0,573.0,823.0,True
1723.0,0.807893209518282,0.725181598062954,0.784452296819788,0.7548169474413711,0.7086477074869414,0.7492816091954023,0.24202682103521655,0.2507183908045977,0.9653333377679698,0.5933908045977011,0.40660919540229884,0.5,0.35,1392.0,826.0,566.0,True
1723.0,0.7173534532791642,0.8267326732673267,0.7115384615384616,0.7691355674028941,0.7086477074869414,0.7491909385113269,0.24193615035114113,0.2508090614886731,0.9646228446258402,0.3268608414239482,0.6731391585760518,0.71,0.47,1236.0,404.0,832.0,True
1723.0,0.7173534532791642,0.8184019370460048,0.7144592952612394,0.7664306161536221,0.7086477074869414,0.7491909385113269,0.24193615035114113,0.2508090614886731,0.9646228446258402,0.33414239482200647,0.6658576051779935,0.705,0.465,1236.0,413.0,823.0,True
1723.0,0.8189204875217644,0.7253694581280788,0.7813021702838063,0.7533358142059425,0.7086477074869414,0.7491141034727143,0.24185931531252858,0.25088589652728566,0.9640211692259258,0.5754783841247342,0.42452161587526577,0.51,0.375,1411.0,812.0,599.0,True
1723.0,0.811955890887986,0.7268292682926829,0.7806563039723662,0.7537427861325245,0.7086477074869414,0.7491065046461758,0.24185171648599002,0.2508934953538242,0.9639616847974358,0.586132952108649,0.413867047891351,0.505,0.36,1399.0,820.0,579.0,True
1723.0,0.7608821822402786,0.8073770491803278,0.7144592952612394,0.7609181722207836,0.7086477074869414,0.7490465293668955,0.24179174120670976,0.25095347063310447,0.9634923183039409,0.37223493516399697,0.627765064836003,0.675,0.465,1311.0,488.0,823.0,True
1723.0,0.7399883923389438,0.8119469026548672,0.7144592952612394,0.7632030989580534,0.7086477074869414,0.7490196078431373,0.2417648196829515,0.25098039215686274,0.9632817034242599,0.3545098039215686,0.6454901960784314,0.685,0.465,1275.0,452.0,823.0,True
1723.0,0.7028438769587928,0.8311345646437994,0.7115384615384616,0.7713365130911305,0.7086477074869414,0.7489677952105698,0.241713007050384,0.2510322047894302,0.9628764853224179,0.3129644921552436,0.6870355078447564,0.725,0.47,1211.0,379.0,832.0,True
1723.0,0.832269297736506,0.7346938775510204,0.7661538461538462,0.7504238618524333,0.7086477074869414,0.7489539748953975,0.24169918673521174,0.2510460251046025,0.9627684271619268,0.5467224546722455,0.45327754532775455,0.525,0.4,1434.0,784.0,650.0,True
1723.0,0.840975043528729,0.7572815533980582,0.7403846153846154,0.7488330843913369,0.7086477074869414,0.748792270531401,0.2415374823712152,0.25120772946859904,0.9615049779007989,0.4975845410628019,0.5024154589371981,0.57,0.43,1449.0,721.0,728.0,True
1723.0,0.8340104468949506,0.744,0.7540029112081513,0.7490014556040756,0.7086477074869414,0.7487821851078637,0.24152739694767789,0.25121781489213635,0.9614262310631945,0.5219206680584552,0.4780793319415449,0.55,0.415,1437.0,750.0,687.0,True
1723.0,0.8270458502611724,0.725181598062954,0.7813021702838063,0.7532418841733801,0.7086477074869414,0.7487719298245614,0.24151714166437566,0.2512280701754386,0.961346164446188,0.5796491228070175,0.4203508771929825,0.5,0.375,1425.0,826.0,599.0,True
1723.0,0.824724318049913,0.7253694581280788,0.7799671592775042,0.7526683087027914,0.7086477074869414,0.7487684729064039,0.24151368474621815,0.2512315270935961,0.9613191765388682,0.5714285714285714,0.42857142857142855,0.51,0.38,1421.0,812.0,609.0,True
1723.0,0.824724318049913,0.73,0.7729468599033816,0.7514734299516908,0.7086477074869414,0.7487684729064039,0.24151368474621815,0.2512315270935961,0.9613191765388682,0.5629838142153413,0.4370161857846587,0.515,0.385,1421.0,800.0,621.0,True
1723.0,0.8154381892048752,0.7268292682926829,0.7794871794871795,0.7531582238899313,0.7086477074869414,0.7487544483985765,0.24149966023839076,0.2512455516014235,0.9612096958496856,0.5836298932384342,0.41637010676156583,0.505,0.365,1405.0,820.0,585.0,True
1723.0,0.8427161926871736,0.7717717717717718,0.7290076335877863,0.750389702679779,0.7086477074869414,0.7486225895316805,0.24136780137149472,0.2513774104683195,0.9601809523052339,0.45867768595041325,0.5413223140495868,0.6,0.455,1452.0,666.0,786.0,True
1723.0,0.8403946604759142,0.7813953488372093,0.7222914072229141,0.7518433780300617,0.7086477074869414,0.7486187845303868,0.241363996370201,0.25138121546961323,0.9601512822638767,0.44544198895027626,0.5545580110497238,0.615,0.46,1448.0,645.0,803.0,True
1723.0,0.8357515960533952,0.7341772151898734,0.7661538461538462,0.7501655306718598,0.7086477074869414,0.7486111111111111,0.24135632295092535,0.2513888888888889,0.9600914504125208,0.5486111111111112,0.4513888888888889,0.52,0.4,1440.0,790.0,650.0,True
1723.0,0.8357515960533952,0.7602836879432624,0.7374149659863946,0.7488493269648284,0.7086477074869414,0.7486111111111111,0.24135632295092535,0.2513888888888889,0.9600914504125208,0.4895833333333333,0.5104166666666666,0.58,0.435,1440.0,705.0,735.0,True
1723.0,0.8148578061520604,0.7253694581280788,0.7804054054054054,0.7528874317667421,0.7086477074869414,0.7485754985754985,0.24132071041531278,0.25142450142450146,0.9598138170626037,0.5783475783475783,0.42165242165242167,0.51,0.37,1404.0,812.0,592.0,True
1723.0,0.8351712130005804,0.7717717717717718,0.7283311772315654,0.7500514745016686,0.7086477074869414,0.7484364141765114,0.24118162601632565,0.2515635858234886,0.9587302757941782,0.462821403752606,0.5371785962473941,0.6,0.45,1439.0,666.0,773.0,True
1723.0,0.8351712130005804,0.7647907647907648,0.7332439678284183,0.7490173663095916,0.7086477074869414,0.7484364141765114,0.24118162601632565,0.2515635858234886,0.9587302757941782,0.4815844336344684,0.5184155663655317,0.585,0.44,1439.0,693.0,746.0,True
1723.0,0.832849680789321,0.725181598062954,0.7799671592775042,0.752574378670229,0.7086477074869414,0.748432055749129,0.2411772675889432,0.25156794425087103,0.9586963406928908,0.5756097560975609,0.424390243902439,0.5,0.38,1435.0,826.0,609.0,True
1723.0,0.7312826465467208,0.8123569794050344,0.7144592952612394,0.763408137333137,0.7086477074869414,0.7484126984126984,0.24115791025251265,0.2515873015873016,0.9585456369658232,0.3468253968253968,0.6531746031746032,0.69,0.465,1260.0,437.0,823.0,True
1723.0,0.7196749854904236,0.815347721822542,0.7144592952612394,0.7649035085418907,0.7086477074869414,0.7483870967741936,0.2411323086140078,0.25161290322580643,0.9583463547479798,0.3362903225806452,0.6637096774193548,0.7,0.465,1240.0,417.0,823.0,True
1723.0,0.8073128264654672,0.7253694581280788,0.7806563039723662,0.7530128810502226,0.7086477074869414,0.7483824586628325,0.24112767050264672,0.2516175413371675,0.9583102561976616,0.5837526959022286,0.4162473040977714,0.51,0.36,1391.0,812.0,579.0,True
1723.0,0.8415554265815438,0.7594405594405594,0.7374149659863946,0.748427762713477,0.7086477074869414,0.7482758620689656,0.2410210739087798,0.25172413793103443,0.9574809785417282,0.49310344827586206,0.506896551724138,0.575,0.435,1450.0,715.0,735.0,True
1723.0,0.836912362159025,0.743046357615894,0.7540029112081513,0.7485246344120227,0.7086477074869414,0.7482662968099861,0.24101150864980037,0.25173370319001387,0.957406599099207,0.5235783633841886,0.4764216366158114,0.545,0.415,1442.0,755.0,687.0,True
1723.0,0.836912362159025,0.746971736204576,0.7496423462088698,0.748307041206723,0.7086477074869414,0.7482662968099861,0.24101150864980037,0.25173370319001387,0.957406599099207,0.515256588072122,0.48474341192787795,0.555,0.42,1442.0,743.0,699.0,True
1723.0,0.832269297736506,0.7404980340760158,0.7570789865871833,0.7487885103315995,0.7086477074869414,0.7482566248256625,0.2410018366654767,0.25174337517433754,0.9573313955077384,0.5320781032078103,0.4679218967921897,0.54,0.41,1434.0,763.0,671.0,True
1723.0,0.8229831688914684,0.725181598062954,0.7804054054054054,0.7527935017341797,0.7086477074869414,0.7482369534555712,0.2409821652953854,0.2517630465444288,0.9571784604729873,0.5825105782792666,0.41748942172073344,0.5,0.37,1418.0,826.0,592.0,True
1723.0,0.8340104468949506,0.7673048600883653,0.7308707124010554,0.7490877862447103,0.7086477074869414,0.7480862908837856,0.24083150272359988,0.25191370911621436,0.9560079265574944,0.4725121781489214,0.5274878218510787,0.595,0.445,1437.0,679.0,758.0,True
1723.0,0.8316889146836912,0.7641921397379913,0.7332439678284183,0.7487180537832048,0.7086477074869414,0.7480809490579204,0.24082616089773468,0.25191905094207956,0.9559664503225866,0.479413817166783,0.520586182833217,0.59,0.44,1433.0,687.0,746.0,True
1723.0,0.8224027858386536,0.8,0.7115384615384616,0.7557692307692307,0.7086477074869414,0.748059280169372,0.2408044920091862,0.25194071983062805,0.955798221784361,0.41284403669724773,0.5871559633027523,0.64,0.47,1417.0,585.0,832.0,True
1723.0,0.8154381892048752,0.725181598062954,0.7806563039723662,0.7529189510176602,0.7086477074869414,0.7480427046263345,0.24078791646614872,0.2519572953736655,0.9556695554659291,0.5879003558718862,0.4120996441281139,0.5,0.36,1405.0,826.0,579.0,True
1723.0,0.8107951247823564,0.7253694581280788,0.7794871794871795,0.7524283188076292,0.7086477074869414,0.7480314960629921,0.24077670790280636,0.25196850393700787,0.9555825594892627,0.5812455261274159,0.41875447387258413,0.51,0.365,1397.0,812.0,585.0,True
1723.0,0.7759721416134648,0.8015564202334631,0.7144592952612394,0.7580078577473512,0.7086477074869414,0.7479431563201197,0.24068836815993389,0.25205684367988035,0.9548971757561768,0.3844427823485415,0.6155572176514585,0.665,0.465,1337.0,514.0,823.0,True
1723.0,0.7690075449796866,0.8027888446215139,0.7144592952612394,0.7586240699413767,0.7086477074869414,0.7479245283018868,0.24066974014170106,0.2520754716981132,0.9547527116399819,0.37886792452830187,0.6211320754716981,0.67,0.465,1325.0,502.0,823.0,True
1723.0,0.8380731282646546,0.7922705314009661,0.7144592952612394,0.7533649133311028,0.7086477074869414,0.7479224376731302,0.2406676495129444,0.25207756232686984,0.9547364997161859,0.43005540166204986,0.5699445983379502,0.625,0.465,1444.0,621.0,823.0,True
1723.0,0.8374927452118398,0.7346938775510204,0.7632776934749621,0.7489857855129913,0.7086477074869414,0.7477477477477478,0.240492959587562,0.25225225225225223,0.9533828040792638,0.5433125433125433,0.4566874566874567,0.525,0.405,1443.0,784.0,659.0,True
1723.0,0.828206616366802,0.793046357615894,0.7144592952612394,0.7537528264385667,0.7086477074869414,0.7477224947442186,0.24046770658403283,0.2522775052557814,0.953187270265041,0.4232655921513665,0.5767344078486335,0.63,0.465,1427.0,604.0,823.0,True
1723.0,0.8189204875217644,0.725181598062954,0.7794871794871795,0.7523343887750668,0.7086477074869414,0.7476966690290574,0.24044188086887164,0.2523033309709426,0.9529873424325221,0.5854004252303331,0.4145995747696669,0.5,0.365,1411.0,826.0,585.0,True
1723.0,0.8073128264654672,0.8014311270125224,0.7115384615384616,0.756484794275492,0.7086477074869414,0.7476635514018691,0.24040876324168337,0.25233644859813087,0.9527310246985229,0.40186915887850466,0.5981308411214953,0.65,0.47,1391.0,559.0,832.0,True
1723.0,0.7864190365641324,0.7988721804511278,0.7144592952612394,0.7566657378561836,0.7086477074869414,0.7476014760147601,0.24034668785457436,0.2523985239852399,0.952250766207451,0.392619926199262,0.607380073800738,0.66,0.465,1355.0,532.0,823.0,True
1723.0,0.8438769587928032,0.7788018433179723,0.7222914072229141,0.7505466252704431,0.7086477074869414,0.7475928473177441,0.24033805915755835,0.2524071526822559,0.9521840272890729,0.4477303988995873,0.5522696011004127,0.61,0.46,1454.0,651.0,803.0,True
1723.0,0.8415554265815438,0.7268292682926829,0.7746031746031746,0.7507162214479288,0.7086477074869414,0.7475862068965518,0.240331418736366,0.25241379310344825,0.9521326698571878,0.5655172413793104,0.43448275862068964,0.505,0.39,1450.0,820.0,630.0,True
1723.0,0.840975043528729,0.7341772151898734,0.7632776934749621,0.7487274543324178,0.7086477074869414,0.7474120082815735,0.24015722012138774,0.2525879917184265,0.9507863714641827,0.5452035886818496,0.45479641131815046,0.52,0.405,1449.0,790.0,659.0,True
1723.0,0.8293673824724318,0.7973199329983249,0.7115384615384616,0.7544291972683932,0.7086477074869414,0.7473757872638208,0.24012099910363505,0.2526242127361792,0.950506669581979,0.4177746675997201,0.58222533240028,0.635,0.47,1429.0,597.0,832.0,True
1723.0,0.8154381892048752,0.7993019197207679,0.7115384615384616,0.7554201906296147,0.7086477074869414,0.7473309608540926,0.2400761726939068,0.25266903914590744,0.9501606271406735,0.4078291814946619,0.592170818505338,0.645,0.47,1405.0,573.0,832.0,True
1723.0,0.7556587347649448,0.8106382978723404,0.7115384615384616,0.761088379705401,0.7086477074869414,0.7473118279569892,0.24005703979680348,0.25268817204301075,0.9500129660043712,0.36098310291858676,0.6390168970814132,0.68,0.47,1302.0,470.0,832.0,True
1723.0,0.792222867092281,0.7970479704797048,0.7144592952612394,0.7557536328704721,0.7086477074869414,0.7472527472527473,0.2399979590925615,0.25274725274725274,0.9495571424966563,0.39706959706959705,0.6029304029304029,0.655,0.465,1365.0,542.0,823.0,True
1723.0,0.845037724898433,0.7572815533980582,0.7374149659863946,0.7473482596922264,0.7086477074869414,0.7472527472527473,0.2399979590925615,0.25274725274725274,0.9495571424966563,0.4951923076923077,0.5048076923076923,0.57,0.435,1456.0,721.0,735.0,True
1723.0,0.8357515960533952,0.73,0.76875,0.749375,0.7086477074869414,0.7472222222222222,0.23996743406203647,0.25277777777777777,0.9493217171684959,0.5555555555555556,0.4444444444444444,0.515,0.395,1440.0,800.0,640.0,True
1723.0,0.8357515960533952,0.7386215864759428,0.7570789865871833,0.747850286531563,0.7086477074869414,0.7472222222222222,0.23996743406203647,0.25277777777777777,0.9493217171684959,0.5340277777777778,0.46597222222222223,0.535,0.41,1440.0,769.0,671.0,True
1723.0,0.8357515960533952,0.7527472527472527,0.7415730337078652,0.747160143227559,0.7086477074869414,0.7472222222222222,0.23996743406203647,0.25277777777777777,0.9493217171684959,0.5055555555555555,0.49444444444444446,0.565,0.425,1440.0,728.0,712.0,True
1723.0,0.702263493905978,0.8396739130434783,0.7066508313539193,0.7731623721986988,0.7086477074869414,0.7471074380165289,0.23985264985634314,0.2528925619834711,0.9484369487783503,0.30413223140495865,0.6958677685950413,0.73,0.475,1210.0,368.0,842.0,True
1723.0,0.8421358096343586,0.7647907647907648,0.7308707124010554,0.7478307385959101,0.7086477074869414,0.7470709855272226,0.23981619736703685,0.2529290144727774,0.948156137274034,0.4776016540317023,0.5223983459682977,0.585,0.445,1451.0,693.0,758.0,True
1723.0,0.7272199651770168,0.8093023255813954,0.7144592952612394,0.7618808104213174,0.7086477074869414,0.7470071827613727,0.2397523946011869,0.2529928172386273,0.9476648278715684,0.34317637669592976,0.6568236233040702,0.695,0.465,1253.0,430.0,823.0,True
1723.0,0.722576900754498,0.8184019370460048,0.7115384615384616,0.7649701992922332,0.7086477074869414,0.7469879518072289,0.2397331636470431,0.2530120481927711,0.9475167896525988,0.3317269076305221,0.668273092369478,0.705,0.47,1245.0,413.0,832.0,True
1723.0,0.7202553685432386,0.8320802005012531,0.7066508313539193,0.7693655159275862,0.7086477074869414,0.7469782433521354,0.2397234551919496,0.25302175664786464,0.9474420633541701,0.32151490733279614,0.6784850926672039,0.715,0.475,1241.0,399.0,842.0,True
1723.0,0.7661056297156124,0.8073770491803278,0.7115384615384616,0.7594577553593946,0.7086477074869414,0.746969696969697,0.23971490880951118,0.25303030303030305,0.9473762863130382,0.3696969696969697,0.6303030303030303,0.675,0.47,1320.0,488.0,832.0,True
1723.0,0.8415554265815438,0.7404980340760158,0.7540029112081513,0.7472504726420836,0.7086477074869414,0.7468965517241379,0.23964176356395217,0.25310344827586206,0.9468135072690208,0.5262068965517241,0.47379310344827585,0.54,0.415,1450.0,763.0,687.0,True
1723.0,0.7452118398142774,0.8119469026548672,0.7115384615384616,0.7617426820966644,0.7086477074869414,0.7468847352024922,0.23962994704230645,0.2531152647975078,0.9467226215456045,0.35202492211838005,0.6479750778816199,0.685,0.47,1284.0,452.0,832.0,True
1723.0,0.836912362159025,0.7253694581280788,0.7746031746031746,0.7499863163656267,0.7086477074869414,0.746879334257975,0.23962454609778927,0.25312066574202496,0.9466810834877044,0.5631067961165048,0.4368932038834951,0.51,0.39,1442.0,812.0,630.0,True
1723.0,0.8502611723737666,0.7673048600883653,0.7290076335877863,0.7481562468380758,0.7086477074869414,0.7467576791808874,0.23950289102070166,0.2532423208191126,0.9457459173728517,0.463481228668942,0.5365187713310581,0.595,0.455,1465.0,679.0,786.0,True
1723.0,0.840975043528729,0.744,0.7496423462088698,0.746821173104435,0.7086477074869414,0.7467218771566597,0.23946708899647395,0.2532781228433403,0.9454708772640074,0.5175983436853002,0.4824016563146998,0.55,0.42,1449.0,750.0,699.0,True
1723.0,0.8386535113174696,0.7641921397379913,0.7308707124010554,0.7475314260695234,0.7086477074869414,0.7467128027681661,0.23945801460798033,0.2532871972318339,0.9454011778921628,0.4754325259515571,0.524567474048443,0.59,0.445,1445.0,687.0,758.0,True
1723.0,0.83633197910621,0.7268292682926829,0.7729468599033816,0.7498880640980323,0.7086477074869414,0.7467036780013879,0.23944888984120216,0.2532963219986121,0.9453310966059516,0.5690492713393477,0.4309507286606523,0.505,0.385,1441.0,820.0,621.0,True
1723.0,0.845037724898433,0.725181598062954,0.7746031746031746,0.7498923863330643,0.7086477074869414,0.7465659340659341,0.2393111459057483,0.2534340659340659,0.9442737898069635,0.5673076923076923,0.4326923076923077,0.5,0.39,1456.0,826.0,630.0,True
1723.0,0.845037724898433,0.7527472527472527,0.7403846153846154,0.7465659340659341,0.7086477074869414,0.7465659340659341,0.2393111459057483,0.2534340659340659,0.9442737898069635,0.5,0.5,0.565,0.43,1456.0,728.0,728.0,True
1723.0,0.8427161926871736,0.7673048600883653,0.7283311772315654,0.7478180186599653,0.7086477074869414,0.7465564738292011,0.23930168566901533,0.2534435261707989,0.9442012162810061,0.46763085399449034,0.5323691460055097,0.595,0.45,1452.0,679.0,773.0,True
1723.0,0.8403946604759142,0.7374517374517374,0.7570789865871833,0.7472653620194604,0.7086477074869414,0.7465469613259669,0.2392921731657811,0.2534530386740331,0.9441282472589948,0.5366022099447514,0.4633977900552486,0.53,0.41,1448.0,777.0,671.0,True
1723.0,0.8421358096343586,0.7602836879432624,0.7332439678284183,0.7467638278858404,0.7086477074869414,0.746381805651275,0.23912701749108922,0.253618194348725,0.9428622347270936,0.48587181254307377,0.5141281874569262,0.58,0.44,1451.0,705.0,746.0,True
1723.0,0.7365060940220546,0.8123569794050344,0.7115384615384616,0.761947720471748,0.7086477074869414,0.7462568951930654,0.2390021070328796,0.2537431048069346,0.9419058193314416,0.34436564223798266,0.6556343577620173,0.69,0.47,1269.0,437.0,832.0,True
1723.0,0.8438769587928032,0.7876386687797148,0.7144592952612394,0.7510489820204771,0.7086477074869414,0.7462173314993122,0.23896254333912648,0.25378266850068776,0.9416030840517341,0.4339752407152682,0.5660247592847317,0.62,0.465,1454.0,631.0,823.0,True
1723.0,0.8438769587928032,0.743046357615894,0.7496423462088698,0.7463443519123819,0.7086477074869414,0.7462173314993122,0.23896254333912648,0.25378266850068776,0.9416030840517341,0.5192572214580468,0.48074277854195324,0.545,0.42,1454.0,755.0,699.0,True
1723.0,0.8415554265815438,0.73,0.7661538461538462,0.7480769230769231,0.7086477074869414,0.7462068965517241,0.23895210839153835,0.2537931034482759,0.941523253173181,0.5517241379310345,0.4482758620689655,0.515,0.4,1450.0,800.0,650.0,True
1723.0,0.7248984329657574,0.815347721822542,0.7115384615384616,0.7634430916805017,0.7086477074869414,0.7461969575660529,0.2389421694058671,0.25380304243394713,0.9414472226748518,0.33386709367493994,0.6661329063250601,0.7,0.47,1249.0,417.0,832.0,True
1723.0,0.8479396401625072,0.7594405594405594,0.7332439678284183,0.7463422636344889,0.7086477074869414,0.7460643394934976,0.23880955133331183,0.2539356605065024,0.9404333005336081,0.4893908281998631,0.5106091718001369,0.575,0.44,1461.0,715.0,746.0,True
1723.0,0.8432965757399884,0.7922705314009661,0.7115384615384616,0.7519044964697139,0.7086477074869414,0.7460426703372333,0.2387878821770475,0.25395732966276674,0.9402677311741191,0.42739160357880246,0.5726083964211975,0.625,0.47,1453.0,621.0,832.0,True
1723.0,0.8316889146836912,0.7253694581280788,0.7729468599033816,0.7491581590157302,0.7086477074869414,0.7459874389392882,0.23873265077910244,0.2540125610607118,0.9398458477100379,0.5666434054431263,0.4333565945568737,0.51,0.385,1433.0,812.0,621.0,True
1723.0,0.7811955890887986,0.8015564202334631,0.7115384615384616,0.7565474408859623,0.7086477074869414,0.7459138187221397,0.23865903056195392,0.2540861812778603,0.9392837869485088,0.3818722139673105,0.6181277860326895,0.665,0.47,1346.0,514.0,832.0,True
1723.0,0.845037724898433,0.7386215864759428,0.7540029112081513,0.746312248842047,0.7086477074869414,0.7458791208791209,0.23862433271893513,0.2541208791208791,0.9390189957804583,0.5281593406593407,0.47184065934065933,0.535,0.415,1456.0,769.0,687.0,True
1723.0,0.7742309924550204,0.8027888446215139,0.7115384615384616,0.7571636530799877,0.7086477074869414,0.7458770614692654,0.2386222733090796,0.25412293853073464,0.9390032819891214,0.37631184407796103,0.623688155922039,0.67,0.47,1334.0,502.0,832.0,True
1723.0,0.8334300638421358,0.793046357615894,0.7115384615384616,0.7522924095771778,0.7086477074869414,0.7458217270194986,0.2385669388593128,0.25417827298050144,0.9385811621971866,0.4206128133704735,0.5793871866295265,0.63,0.47,1436.0,604.0,832.0,True
1723.0,0.8583865351131746,0.7647907647907648,0.7290076335877863,0.7468991991892755,0.7086477074869414,0.7457741717376606,0.23851938357747482,0.2542258282623394,0.9382185327422481,0.4685598377281947,0.5314401622718052,0.585,0.455,1479.0,693.0,786.0,True
1723.0,0.71445153801509,0.8303341902313625,0.7066508313539193,0.7684925107926408,0.7086477074869414,0.7457351746547523,0.2384803864945665,0.25426482534524775,0.9379212644562663,0.31600324939073926,0.6839967506092608,0.72,0.475,1231.0,389.0,842.0,True
1723.0,0.849100406268137,0.7742424242424243,0.7222914072229141,0.7482669157326691,0.7086477074869414,0.745727956254272,0.23847316809408625,0.254272043745728,0.9378662497893767,0.45112781954887216,0.5488721804511278,0.605,0.46,1463.0,660.0,803.0,True
1723.0,0.8398142774230992,0.725181598062954,0.7729468599033816,0.7490642289831678,0.7086477074869414,0.7456807187284036,0.23842593056821781,0.2543192812715964,0.9375063085114433,0.5708362128541811,0.42916378714581893,0.5,0.385,1447.0,826.0,621.0,True
1723.0,0.791642484039466,0.7988721804511278,0.7115384615384616,0.7552053209947946,0.7086477074869414,0.7456011730205279,0.2383463848603421,0.25439882697947214,0.9369004868861862,0.39002932551319647,0.6099706744868035,0.66,0.47,1364.0,532.0,832.0,True
1723.0,0.7231572838073128,0.8267326732673267,0.7066508313539193,0.7666917523106229,0.7086477074869414,0.7455858747993579,0.23833108663917213,0.2544141252006421,0.9367840187773137,0.32423756019261635,0.6757624398073836,0.71,0.475,1246.0,404.0,842.0,True
1723.0,0.8508415554265816,0.7647907647907648,0.7283311772315654,0.7465609710111651,0.7086477074869414,0.7455661664392906,0.23831137827910487,0.25443383356070937,0.9366339961318172,0.47271487039563437,0.5272851296043656,0.585,0.45,1466.0,693.0,773.0,True
1723.0,0.8549042367962856,0.7641921397379913,0.7290076335877863,0.7465998866628888,0.7086477074869414,0.745417515274949,0.23816272711476327,0.25458248472505096,0.93550319210679,0.4663951120162933,0.5336048879837068,0.59,0.455,1473.0,687.0,786.0,True
1723.0,0.840975043528729,0.7489823609226595,0.7415730337078652,0.7452776973152624,0.7086477074869414,0.7453416149068323,0.2380868267466465,0.25465838509316774,0.9349263196636605,0.5086266390614217,0.4913733609385783,0.56,0.425,1449.0,737.0,712.0,True
1723.0,0.7109692396982008,0.8396739130434783,0.704784130688448,0.7722290218659631,0.7086477074869414,0.7453061224489796,0.23805133428879388,0.25469387755102035,0.9346566811018352,0.3004081632653061,0.6995918367346938,0.73,0.48,1225.0,368.0,857.0,True
1723.0,0.7086477074869414,0.8311345646437994,0.7066508313539193,0.7688926979988593,0.7086477074869414,0.7452907452907452,0.23803595713055947,0.25470925470925476,0.9345398831395918,0.3104013104013104,0.6895986895986896,0.725,0.475,1221.0,379.0,842.0,True
1723.0,0.7974463145676146,0.7970479704797048,0.7115384615384616,0.7542932160090832,0.7086477074869414,0.745269286754003,0.23801449859381718,0.25473071324599705,0.934376917336871,0.39446870451237265,0.6055312954876274,0.655,0.47,1374.0,542.0,832.0,True
1723.0,0.7040046430644226,0.8426966292134831,0.704784130688448,0.7737403799509656,0.7086477074869414,0.7452596867271228,0.23800489856693707,0.25474031327287716,0.9343040192935103,0.29348722176422093,0.7065127782357791,0.735,0.48,1213.0,356.0,857.0,True
1723.0,0.7289611143354614,0.8320802005012531,0.704784130688448,0.7684321655948505,0.7086477074869414,0.7452229299363057,0.2379681417761199,0.2547770700636943,0.9340249564712705,0.3176751592356688,0.6823248407643312,0.715,0.48,1256.0,399.0,857.0,True
1723.0,0.8496807893209518,0.7374517374517374,0.7540029112081513,0.7457273243299444,0.7086477074869414,0.7452185792349727,0.23796379107478693,0.2547814207650273,0.9339919306527831,0.5307377049180327,0.4692622950819672,0.53,0.415,1464.0,777.0,687.0,True
1723.0,0.8473592571096924,0.7268292682926829,0.76875,0.7477896341463415,0.7086477074869414,0.7452054794520548,0.23795069129186908,0.25479452054794516,0.9338924980809917,0.5616438356164384,0.4383561643835616,0.505,0.395,1460.0,820.0,640.0,True
1723.0,0.8473592571096924,0.7641921397379913,0.7283311772315654,0.7462616584847783,0.7086477074869414,0.7452054794520548,0.23795069129186908,0.25479452054794516,0.9338924980809917,0.47054794520547943,0.5294520547945205,0.59,0.45,1460.0,687.0,773.0,True
1723.0,0.8514219384793964,0.7572815533980582,0.7332439678284183,0.7452627606132383,0.7086477074869414,0.7450579413769598,0.23780315321677403,0.2549420586230402,0.9327733309331752,0.49147920927062033,0.5085207907293797,0.57,0.44,1467.0,721.0,746.0,True
1723.0,0.849100406268137,0.7602836879432624,0.7308707124010554,0.7455772001721589,0.7086477074869414,0.7450444292549556,0.23778964109476985,0.2549555707450444,0.9326708979132664,0.4818865345181135,0.5181134654818865,0.58,0.445,1463.0,705.0,758.0,True
1723.0,0.849100406268137,0.7527472527472527,0.7374149659863946,0.7450811093668237,0.7086477074869414,0.7450444292549556,0.23778964109476985,0.2549555707450444,0.9326708979132664,0.49760765550239233,0.5023923444976076,0.565,0.435,1463.0,728.0,735.0,True
1723.0,0.8467788740568776,0.73,0.7632776934749621,0.746638846737481,0.7086477074869414,0.7450308430431802,0.23777605488299447,0.25496915695681976,0.932567914178196,0.5483207676490747,0.4516792323509253,0.515,0.405,1459.0,800.0,659.0,True
1723.0,0.8444573418456182,0.7346938775510204,0.7570789865871833,0.7458864320691019,0.7086477074869414,0.7450171821305842,0.23776239397039844,0.2549828178694158,0.9324643752747432,0.5388316151202749,0.4611683848797251,0.525,0.41,1455.0,784.0,671.0,True
1723.0,0.828206616366802,0.8,0.7066508313539193,0.7533254156769597,0.7086477074869414,0.7449194113524877,0.23766462319230197,0.25508058864751226,0.9317236738885025,0.4099509460406447,0.5900490539593553,0.64,0.475,1427.0,585.0,842.0,True
1723.0,0.8485200232153222,0.7404980340760158,0.7496423462088698,0.7450701901424428,0.7086477074869414,0.7448700410396717,0.23761525287948593,0.2551299589603283,0.9313498651737492,0.5218878248974008,0.4781121751025992,0.54,0.42,1462.0,763.0,699.0,True
1723.0,0.7324434126523506,0.8093023255813954,0.7115384615384616,0.7604203935599285,0.7086477074869414,0.7448494453248812,0.2375946571646954,0.2551505546751188,0.9311939669001418,0.34072900158478603,0.659270998415214,0.695,0.47,1262.0,430.0,832.0,True
1723.0,0.8549042367962856,0.7594405594405594,0.7308707124010554,0.7451556359208074,0.7086477074869414,0.7447386286490156,0.23748384048882987,0.25526137135098437,0.930355577234166,0.48540393754243044,0.5145960624575696,0.575,0.445,1473.0,715.0,758.0,True
1723.0,0.8525827045850262,0.7717717717717718,0.7222914072229141,0.7470315894973429,0.7086477074869414,0.7447243022464262,0.2374695140862404,0.25527569775357384,0.9302472431804991,0.4533696392103472,0.5466303607896529,0.6,0.46,1469.0,666.0,803.0,True
1723.0,0.8502611723737666,0.7489823609226595,0.7403846153846154,0.7446834881536375,0.7086477074869414,0.7447098976109215,0.23745510945073578,0.25529010238907845,0.9301383298003422,0.5030716723549488,0.4969283276450512,0.56,0.43,1465.0,737.0,728.0,True
1723.0,0.8479396401625072,0.7341772151898734,0.7570789865871833,0.7456281008885284,0.7086477074869414,0.7446954140999316,0.2374406259397458,0.25530458590006844,0.9300288324342322,0.54072553045859,0.45927446954141,0.52,0.41,1461.0,790.0,671.0,True
1723.0,0.8427161926871736,0.7253694581280788,0.76875,0.7470597290640395,0.7086477074869414,0.7444903581267218,0.23723556996653605,0.2555096418732782,0.9284799126453112,0.559228650137741,0.44077134986225897,0.51,0.395,1452.0,812.0,640.0,True
1723.0,0.8131166569936158,0.8014311270125224,0.7066508313539193,0.7540409791832208,0.7086477074869414,0.7444682369735903,0.23721344881340456,0.2555317630264097,0.9283129658870944,0.39900071377587437,0.6009992862241256,0.65,0.475,1401.0,559.0,842.0,True
1723.0,0.849100406268137,0.7876386687797148,0.7115384615384616,0.7495885651590881,0.7086477074869414,0.7443609022556391,0.23710611409545335,0.2556390977443609,0.9275033286675087,0.43130553656869447,0.5686944634313056,0.62,0.47,1463.0,631.0,832.0,True
1723.0,0.8444573418456182,0.746971736204576,0.7415730337078652,0.7442723849562206,0.7086477074869414,0.7443298969072165,0.23707510874703075,0.2556701030927835,0.9272695785670155,0.5106529209621993,0.48934707903780067,0.555,0.425,1455.0,743.0,712.0,True
1723.0,0.7150319210679048,0.8396739130434783,0.7037037037037037,0.771688808373591,0.7086477074869414,0.7443181818181818,0.237063393657996,0.25568181818181823,0.9271812729734953,0.2987012987012987,0.7012987012987013,0.73,0.485,1232.0,368.0,864.0,True
1723.0,0.8351712130005804,0.7973199329983249,0.7066508313539193,0.7519853821761221,0.7086477074869414,0.744266851980542,0.23701206382035622,0.255733148019458,0.9267944560801428,0.41487143849895763,0.5851285615010424,0.635,0.475,1439.0,597.0,842.0,True
1723.0,0.7080673244341266,0.8426966292134831,0.7037037037037037,0.7732001664585935,0.7086477074869414,0.7442622950819672,0.2370075069217814,0.2557377049180328,0.9267601232197862,0.29180327868852457,0.7081967213114754,0.735,0.485,1220.0,356.0,864.0,True
1723.0,0.7330237957051654,0.8320802005012531,0.7037037037037037,0.7678919521024784,0.7086477074869414,0.7442596991290578,0.237004910968872,0.25574030087094224,0.9267405651816882,0.3159144893111639,0.684085510688836,0.715,0.485,1263.0,399.0,864.0,True
1723.0,0.853163087637841,0.7268292682926829,0.7661538461538462,0.7464915572232645,0.7086477074869414,0.7442176870748299,0.23696289891464417,0.25578231292517006,0.9264240994801248,0.5578231292517006,0.4421768707482993,0.505,0.4,1470.0,820.0,650.0,True
1723.0,0.8508415554265816,0.725181598062954,0.76875,0.7469657990314771,0.7086477074869414,0.7442019099590723,0.23694712179888655,0.2557980900409277,0.9263052814857805,0.5634379263301501,0.43656207366984995,0.5,0.395,1466.0,826.0,640.0,True
1723.0,0.8212420197330238,0.7993019197207679,0.7066508313539193,0.7529763755373435,0.7086477074869414,0.7441696113074205,0.23691482314723478,0.25583038869257946,0.9260620849539704,0.4049469964664311,0.5950530035335689,0.645,0.475,1415.0,573.0,842.0,True
1723.0,0.7231572838073128,0.8303341902313625,0.704784130688448,0.7675591604599052,0.7086477074869414,0.7439807383627608,0.23672595020257503,0.2560192616372392,0.9246411722646033,0.31219903691813805,0.687800963081862,0.72,0.48,1246.0,389.0,857.0,True
1723.0,0.7614625652930934,0.8106382978723404,0.7066508313539193,0.7586445646131299,0.7086477074869414,0.7439024390243902,0.23664765086420447,0.25609756097560976,0.9240527319459413,0.35823170731707316,0.6417682926829268,0.68,0.475,1312.0,470.0,842.0,True
1723.0,0.8520023215322112,0.7813953488372093,0.7144592952612394,0.7479273220492244,0.7086477074869414,0.7438692098092643,0.23661442164907853,0.2561307901907357,0.923803114310764,0.4393732970027248,0.5606267029972752,0.615,0.465,1468.0,645.0,823.0,True
1723.0,0.8520023215322112,0.7386215864759428,0.7496423462088698,0.7441319663424063,0.7086477074869414,0.7438692098092643,0.23661442164907853,0.2561307901907357,0.923803114310764,0.523841961852861,0.476158038147139,0.535,0.42,1468.0,769.0,699.0,True
1723.0,0.7318630295995356,0.8267326732673267,0.704784130688448,0.7657584019778874,0.7086477074869414,0.7438540840602696,0.23659929590008388,0.25614591593973035,0.923689511238408,0.3203806502775575,0.6796193497224425,0.71,0.48,1261.0,404.0,857.0,True
1723.0,0.865351131746953,0.7602836879432624,0.7290076335877863,0.7446456607655243,0.7086477074869414,0.743796109993293,0.23654132183310728,0.25620389000670696,0.9232542168930965,0.47283702213279677,0.5271629778672032,0.58,0.455,1491.0,705.0,786.0,True
1723.0,0.8583865351131746,0.7572815533980582,0.7308707124010554,0.7440761328995569,0.7086477074869414,0.7437457741717377,0.23649098601155194,0.2562542258282623,0.9228764335384838,0.4874915483434753,0.5125084516565247,0.57,0.445,1479.0,721.0,758.0,True
1723.0,0.8537434706906558,0.7346938775510204,0.7540029112081513,0.7443483943795859,0.7086477074869414,0.7437117607070021,0.2364569725468163,0.25628823929299793,0.9226212377091958,0.5329707681849082,0.46702923181509176,0.525,0.415,1471.0,784.0,687.0,True
1723.0,0.8537434706906558,0.746971736204576,0.7403846153846154,0.7436781757945957,0.7086477074869414,0.7437117607070021,0.2364569725468163,0.25628823929299793,0.9226212377091958,0.5050985723997281,0.49490142760027195,0.555,0.43,1471.0,743.0,728.0,True
1723.0,0.7719094602437608,0.8073770491803278,0.7066508313539193,0.7570139402671235,0.7086477074869414,0.7436090225563909,0.23635423439620518,0.25639097744360906,0.9218508262373983,0.3669172932330827,0.6330827067669172,0.675,0.475,1330.0,488.0,842.0,True
1723.0,0.8578061520603598,0.7602836879432624,0.7283311772315654,0.7443074325874139,0.7086477074869414,0.7435723951285521,0.23631760696836634,0.2564276048714479,0.9215763142460303,0.4769959404600812,0.5230040595399188,0.58,0.45,1478.0,705.0,773.0,True
1723.0,0.7173534532791642,0.8311345646437994,0.704784130688448,0.7679593476661237,0.7086477074869414,0.7435275080906149,0.2362727199304291,0.25647249190938515,0.9212400057855215,0.30663430420711973,0.6933656957928802,0.725,0.48,1236.0,379.0,857.0,True
1723.0,0.8711549622751016,0.7594405594405594,0.7290076335877863,0.7442240965141729,0.7086477074869414,0.7435043304463691,0.23624954228618333,0.2564956695536309,0.9210663973287304,0.4763491005996003,0.5236508994003998,0.575,0.455,1501.0,715.0,786.0,True
1723.0,0.8485200232153222,0.7253694581280788,0.7661538461538462,0.7457616521409625,0.7086477074869414,0.7435020519835841,0.23624726382339833,0.2564979480164159,0.9210493325594888,0.5554035567715458,0.44459644322845415,0.51,0.4,1462.0,812.0,650.0,True
1723.0,0.751015670342426,0.8119469026548672,0.7066508313539193,0.7592988670043932,0.7086477074869414,0.7434312210200927,0.23617643285990697,0.25656877897990726,0.9205189883154206,0.34930448222565685,0.6506955177743431,0.685,0.475,1294.0,452.0,842.0,True
1723.0,0.7283807312826466,0.8184019370460048,0.7066508313539193,0.7625263841999621,0.7086477074869414,0.7434262948207171,0.23617150666053133,0.2565737051792829,0.9204821144688409,0.3290836653386454,0.6709163346613546,0.705,0.475,1255.0,413.0,842.0,True
1723.0,0.836912362159025,0.8,0.704784130688448,0.752392065344224,0.7086477074869414,0.7434119278779473,0.23615713971776153,0.2565880721220527,0.9203745823594922,0.4056865464632455,0.5943134535367545,0.64,0.48,1442.0,585.0,857.0,True
1723.0,0.7034242600116076,0.8419540229885057,0.7037037037037037,0.7728288633461047,0.7086477074869414,0.7433993399339934,0.23614455177380766,0.25660066006600657,0.9202803754014628,0.2871287128712871,0.7128712871287128,0.74,0.485,1212.0,348.0,864.0,True
1723.0,0.857225769007545,0.7341772151898734,0.7540029112081513,0.7440900631990124,0.7086477074869414,0.7433987813134733,0.2361439931532875,0.25660121868652674,0.9202761949535768,0.5348679756262694,0.4651320243737305,0.52,0.415,1477.0,790.0,687.0,True
1723.0,0.8636099825885084,0.7594405594405594,0.7283311772315654,0.7438858683360624,0.7086477074869414,0.7432795698924731,0.23602478173228736,0.2567204301075269,0.9193844900985435,0.48051075268817206,0.519489247311828,0.575,0.45,1488.0,715.0,773.0,True
1723.0,0.8566453859547302,0.725181598062954,0.7661538461538462,0.7456677221084,0.7086477074869414,0.7432249322493225,0.23597014408913675,0.2567750677506775,0.9189760756611236,0.559620596205962,0.44037940379403795,0.5,0.4,1476.0,826.0,650.0,True
1723.0,0.8566453859547302,0.7374517374517374,0.7496423462088698,0.7435470418303036,0.7086477074869414,0.7432249322493225,0.23597014408913675,0.2567750677506775,0.9189760756611236,0.5264227642276422,0.4735772357723577,0.53,0.42,1476.0,777.0,699.0,True
1723.0,0.8543238537434706,0.7489823609226595,0.7374149659863946,0.743198663454527,0.7086477074869414,0.7432065217391305,0.23595173357894472,0.2567934782608695,0.9188384969000177,0.5006793478260869,0.499320652173913,0.56,0.435,1472.0,737.0,735.0,True
1723.0,0.8583865351131746,0.7268292682926829,0.7632776934749621,0.7450534808838225,0.7086477074869414,0.7430696416497633,0.23581485348957754,0.2569303583502367,0.9178162323975924,0.5544286680189318,0.4455713319810683,0.505,0.405,1479.0,820.0,659.0,True
1723.0,0.7272199651770168,0.8303341902313625,0.7037037037037037,0.767018946967533,0.7086477074869414,0.7430167597765364,0.2357619716163506,0.25698324022346364,0.9174215852027557,0.31045490822027133,0.6895450917797287,0.72,0.485,1253.0,389.0,864.0,True
1723.0,0.849100406268137,0.7922705314009661,0.7066508313539193,0.7494606813774427,0.7086477074869414,0.7429938482570062,0.23573906009682044,0.2570061517429938,0.9172506513873627,0.4244702665755297,0.5755297334244702,0.625,0.475,1463.0,621.0,842.0,True
1723.0,0.8218224027858386,0.8014311270125224,0.704784130688448,0.7531076288504852,0.7086477074869414,0.7429378531073446,0.23568306494715885,0.2570621468926554,0.9168330218823542,0.394774011299435,0.605225988700565,0.65,0.48,1416.0,559.0,857.0,True
1723.0,0.8601276842716192,0.7673048600883653,0.7222914072229141,0.7447981336556397,0.7086477074869414,0.742914979757085,0.23566019159689922,0.257085020242915,0.9166624775501433,0.4581646423751687,0.5418353576248313,0.595,0.46,1482.0,679.0,803.0,True
1723.0,0.7359257109692396,0.8267326732673267,0.7037037037037037,0.7652181884855151,0.7086477074869414,0.7429022082018928,0.23564742004170702,0.2570977917981072,0.916567265683695,0.3186119873817035,0.6813880126182965,0.71,0.485,1268.0,404.0,864.0,True
1723.0,0.8554846198491004,0.7788018433179723,0.7144592952612394,0.7466305692896058,0.7086477074869414,0.742876526458616,0.23562173829843025,0.257123473541384,0.9163758370762168,0.4416553595658073,0.5583446404341926,0.61,0.465,1474.0,651.0,823.0,True
1723.0,0.8554846198491004,0.7527472527472527,0.7332439678284183,0.7429956102878355,0.7086477074869414,0.742876526458616,0.23562173829843025,0.257123473541384,0.9163758370762168,0.49389416553595655,0.5061058344640434,0.565,0.44,1474.0,728.0,746.0,True
1723.0,0.8485200232153222,0.744,0.7415730337078652,0.7427865168539326,0.7086477074869414,0.7428180574555403,0.23556326929535454,0.2571819425444597,0.9159401588026815,0.5129958960328317,0.48700410396716826,0.55,0.425,1462.0,750.0,712.0,True
1723.0,0.8438769587928032,0.7973199329983249,0.704784130688448,0.7510520318433864,0.7086477074869414,0.7427785419532325,0.2355237537930467,0.25722145804676755,0.915645823569759,0.41059147180192573,0.5894085281980743,0.635,0.48,1454.0,597.0,857.0,True
1723.0,0.7423099245502032,0.8123569794050344,0.7066508313539193,0.7595039053794768,0.7086477074869414,0.7427677873338546,0.23551299917366886,0.2572322126661454,0.9155657323499165,0.3416731821735731,0.6583268178264269,0.69,0.475,1279.0,437.0,842.0,True
1723.0,0.8392338943702844,0.793046357615894,0.7066508313539193,0.7498485944849067,0.7086477074869414,0.7427385892116183,0.23548380105143252,0.2572614107883817,0.9153483234418588,0.41770401106500693,0.5822959889349931,0.63,0.475,1446.0,604.0,842.0,True
1723.0,0.8299477655252466,0.7993019197207679,0.704784130688448,0.752043025204608,0.7086477074869414,0.7426573426573426,0.23540255449715686,0.2573426573426574,0.9147436220949301,0.4006993006993007,0.5993006993006993,0.645,0.48,1430.0,573.0,857.0,True
1723.0,0.730702263493906,0.815347721822542,0.7066508313539193,0.7609992765882306,0.7086477074869414,0.7426528991262907,0.23539811096610497,0.25734710087370927,0.9147105608219944,0.3312152501985703,0.6687847498014297,0.7,0.475,1259.0,417.0,842.0,True
1723.0,0.7869994196169472,0.8015564202334631,0.7066508313539193,0.7541036257936912,0.7086477074869414,0.7426253687315634,0.2353705805713776,0.2573746312684366,0.9145057514463839,0.37905604719764013,0.6209439528023599,0.665,0.475,1356.0,514.0,842.0,True
1723.0,0.840975043528729,0.8,0.7037037037037037,0.7518518518518519,0.7086477074869414,0.7425810904071773,0.23532630224699158,0.25741890959282265,0.9141764395600289,0.40372670807453415,0.5962732919254659,0.64,0.485,1449.0,585.0,864.0,True
1723.0,0.7800348229831688,0.8027888446215139,0.7066508313539193,0.7547198379877166,0.7086477074869414,0.7425595238095238,0.23530473564933807,0.25744047619047616,0.9140160829847122,0.37351190476190477,0.6264880952380952,0.67,0.475,1344.0,502.0,842.0,True
1723.0,0.7214161346488682,0.8311345646437994,0.7037037037037037,0.7674191341737515,0.7086477074869414,0.7425583266291231,0.23530353846893737,0.25744167337087687,0.9140071822402788,0.3049074818986323,0.6950925181013676,0.725,0.485,1243.0,379.0,864.0,True
1723.0,0.8746372605919908,0.7572815533980582,0.7290076335877863,0.7431445934929223,0.7086477074869414,0.7425348374253484,0.23528004926516266,0.2574651625746516,0.9138325624809284,0.47843397478433974,0.5215660252156602,0.57,0.455,1507.0,721.0,786.0,True
1723.0,0.7974463145676146,0.7988721804511278,0.7066508313539193,0.7527615059025236,0.7086477074869414,0.74235807860262,0.23510329044243428,0.25764192139737996,0.9125195510392786,0.38719068413391555,0.6128093158660844,0.66,0.475,1374.0,532.0,842.0,True
1723.0,0.8537434706906558,0.7253694581280788,0.7632776934749621,0.7443235758015205,0.7086477074869414,0.7423521414004078,0.23509735324022207,0.25764785859959216,0.9124754791988565,0.5520054384772264,0.4479945615227736,0.51,0.405,1471.0,812.0,659.0,True
1723.0,0.8537434706906558,0.73,0.7570789865871833,0.7435394932935917,0.7086477074869414,0.7423521414004078,0.23509735324022207,0.25764785859959216,0.9124754791988565,0.5438477226376615,0.45615227736233854,0.515,0.41,1471.0,800.0,671.0,True
1723.0,0.8514219384793964,0.743046357615894,0.7415730337078652,0.7423096956618795,0.7086477074869414,0.7423312883435583,0.23507650018337256,0.2576687116564417,0.9123207030926127,0.5146557600545331,0.48534423994546694,0.545,0.425,1467.0,755.0,712.0,True
1723.0,0.8670922809053976,0.7572815533980582,0.7283311772315654,0.7428063653148118,0.7086477074869414,0.7423025435073628,0.23504775534717703,0.2576974564926372,0.9121073934770975,0.4825970548862115,0.5174029451137885,0.57,0.45,1494.0,721.0,773.0,True
1723.0,0.7701683110853164,0.8106382978723404,0.704784130688448,0.7577112142803942,0.7086477074869414,0.7422758100979653,0.23502102193777952,0.2577241899020347,0.9119090529574074,0.3541823662396383,0.6458176337603617,0.68,0.48,1327.0,470.0,857.0,True
1723.0,0.8578061520603598,0.746971736204576,0.7374149659863946,0.7421933510954852,0.7086477074869414,0.7422192151556157,0.23496442699542996,0.25778078484438427,0.9114892994730854,0.5027063599458728,0.4972936400541272,0.555,0.435,1478.0,743.0,735.0,True
1723.0,0.8578061520603598,0.744,0.7403846153846154,0.7421923076923077,0.7086477074869414,0.7422192151556157,0.23496442699542996,0.25778078484438427,0.9114892994730854,0.5074424898511503,0.4925575101488498,0.55,0.43,1478.0,750.0,728.0,True
1723.0,0.8258850841555426,0.8014311270125224,0.7037037037037037,0.752567415358113,0.7086477074869414,0.7420941672522839,0.23483937909209818,0.25790583274771606,0.9105624971336669,0.3928320449754041,0.607167955024596,0.65,0.485,1423.0,559.0,864.0,True
1723.0,0.8618688334300638,0.725181598062954,0.7632776934749621,0.7442296457689581,0.7086477074869414,0.7420875420875421,0.23483275392735636,0.25791245791245787,0.9105134192744758,0.5562289562289562,0.44377104377104376,0.5,0.405,1485.0,826.0,659.0,True
1723.0,0.8032501450957632,0.7970479704797048,0.7066508313539193,0.751849400916812,0.7086477074869414,0.7420520231213873,0.23479723496120153,0.2579479768786127,0.9102503450596721,0.3916184971098266,0.6083815028901735,0.655,0.475,1384.0,542.0,842.0,True
1723.0,0.857225769007545,0.7813953488372093,0.7115384615384616,0.7464669051878354,0.7086477074869414,0.7420446851726472,0.23478989701246145,0.2579553148273528,0.9101960049538201,0.43669600541638454,0.5633039945836155,0.615,0.47,1477.0,645.0,832.0,True
1723.0,0.7806152060359838,0.8073770491803278,0.704784130688448,0.7560805899343879,0.7086477074869414,0.7420074349442379,0.23475264678405217,0.25799256505576207,0.909920201511672,0.36282527881040894,0.6371747211895911,0.675,0.48,1345.0,488.0,857.0,True
1723.0,0.8682530470110272,0.7647907647907648,0.7222914072229141,0.7435410860068394,0.7086477074869414,0.7419786096256684,0.23472382146548265,0.2580213903743316,0.9097068313791762,0.4632352941176471,0.5367647058823529,0.585,0.46,1496.0,693.0,803.0,True
1723.0,0.8479396401625072,0.7973199329983249,0.7037037037037037,0.7505118183510143,0.7086477074869414,0.7419575633127995,0.23470277515261373,0.2580424366872005,0.909551072938909,0.4086242299794661,0.5913757700205339,0.635,0.485,1461.0,597.0,864.0,True
1723.0,0.8340104468949506,0.7993019197207679,0.7037037037037037,0.7515028117122358,0.7086477074869414,0.7418232428670842,0.23456845470689847,0.25817675713291577,0.9085575994981486,0.3987473903966597,0.6012526096033403,0.645,0.485,1437.0,573.0,864.0,True
1723.0,0.7597214161346488,0.8119469026548672,0.704784130688448,0.7583655166716576,0.7086477074869414,0.7417876241405653,0.23453283598037955,0.2582123758594347,0.9082943263263812,0.34530175706646293,0.6546982429335371,0.685,0.48,1309.0,452.0,857.0,True
1723.0,0.8607080673244342,0.7346938775510204,0.7496423462088698,0.7421681118799451,0.7086477074869414,0.7417397167902899,0.23448492863010417,0.25826028320971006,0.9079403372283146,0.528658125421443,0.471341874578557,0.525,0.42,1483.0,784.0,699.0,True
1723.0,0.8607080673244342,0.743046357615894,0.7403846153846154,0.7417154865002547,0.7086477074869414,0.7417397167902899,0.23448492863010417,0.25826028320971006,0.9079403372283146,0.5091031692515172,0.4908968307484828,0.545,0.43,1483.0,755.0,728.0,True
1723.0,0.7370864770748694,0.8184019370460048,0.704784130688448,0.7615930338672264,0.7086477074869414,0.7417322834645669,0.2344774953043811,0.2582677165354331,0.9078854238919633,0.3251968503937008,0.6748031496062992,0.705,0.48,1270.0,413.0,857.0,True
1723.0,0.8647707486941382,0.7641921397379913,0.7222914072229141,0.7432417734804526,0.7086477074869414,0.7416107382550335,0.23435595009484778,0.25838926174496646,0.9069879627047355,0.4610738255033557,0.5389261744966443,0.59,0.46,1490.0,687.0,803.0,True
1723.0,0.8624492164828786,0.7527472527472527,0.7308707124010554,0.7418089825741541,0.7086477074869414,0.7415881561238223,0.23433336796363657,0.25841184387617766,0.9068213145676144,0.4899057873485868,0.5100942126514132,0.565,0.445,1486.0,728.0,758.0,True
1723.0,0.8578061520603598,0.7922705314009661,0.704784130688448,0.7485273310447071,0.7086477074869414,0.7415426251691475,0.23428783700896172,0.2584573748308525,0.9064854007833649,0.42016238159675234,0.5798376184032477,0.625,0.48,1478.0,621.0,857.0,True
1723.0,0.8641903656413232,0.7341772151898734,0.7496423462088698,0.7419097806993716,0.7086477074869414,0.7414372061786434,0.23418241801845763,0.2585627938213566,0.9057081050116452,0.5305574210879785,0.4694425789120215,0.52,0.42,1489.0,790.0,699.0,True
1723.0,0.7742309924550204,0.8106382978723404,0.7037037037037037,0.7571710007880221,0.7086477074869414,0.7413793103448276,0.23412452218464186,0.2586206896551724,0.9052814857806153,0.3523238380809595,0.6476761619190404,0.68,0.485,1334.0,470.0,864.0,True
1723.0,0.7382472431804992,0.8093023255813954,0.7066508313539193,0.7579765784676573,0.7086477074869414,0.7413522012578616,0.23409741309767584,0.2586477987421384,0.905081791672473,0.3380503144654088,0.6619496855345912,0.695,0.475,1272.0,430.0,842.0,True
1723.0,0.8549042367962856,0.7876386687797148,0.7066508313539193,0.747144750066817,0.7086477074869414,0.7413441955193483,0.2340894073591625,0.25865580448065173,0.9050228268767622,0.428377460964019,0.571622539035981,0.62,0.475,1473.0,631.0,842.0,True
1723.0,0.8479396401625072,0.793046357615894,0.704784130688448,0.748915244152171,0.7086477074869414,0.7412731006160165,0.2340183124558307,0.2587268993839835,0.9044993505237269,0.4134154688569473,0.5865845311430528,0.63,0.48,1461.0,604.0,857.0,True
1723.0,0.7846778874056878,0.8073770491803278,0.7037037037037037,0.7555403764420158,0.7086477074869414,0.7411242603550295,0.23386947219484377,0.25887573964497046,0.9034043611640821,0.3609467455621302,0.6390532544378699,0.675,0.485,1352.0,488.0,864.0,True
1723.0,0.751015670342426,0.8123569794050344,0.704784130688448,0.7585705550467412,0.7086477074869414,0.741112828438949,0.23385804027876322,0.258887171561051,0.9033203108081183,0.3377125193199382,0.6622874806800618,0.69,0.48,1294.0,437.0,857.0,True
1723.0,0.8630295995356936,0.73,0.7540029112081513,0.7420014556040757,0.7086477074869414,0.7410894418291862,0.23383465366900047,0.25891055817081376,0.903148389625464,0.5379959650302623,0.46200403496973774,0.515,0.415,1487.0,800.0,687.0,True
1723.0,0.8607080673244342,0.7788018433179723,0.7115384615384616,0.7451701524282169,0.7086477074869414,0.7410654079568443,0.23381061979665851,0.2589345920431557,0.9029717426001163,0.4389750505731625,0.5610249494268374,0.61,0.47,1483.0,651.0,832.0,True
1723.0,0.8607080673244342,0.7742424242424243,0.7144592952612394,0.7443508597518318,0.7086477074869414,0.7410654079568443,0.23381061979665851,0.2589345920431557,0.9029717426001163,0.445043830074174,0.5549561699258261,0.605,0.465,1483.0,660.0,823.0,True
1723.0,0.8607080673244342,0.7489823609226595,0.7332439678284183,0.7411131643755389,0.7086477074869414,0.7410654079568443,0.23381061979665851,0.2589345920431557,0.9029717426001163,0.49696561024949426,0.5030343897505057,0.56,0.44,1483.0,737.0,746.0,True
1723.0,0.79570516540917,0.8015564202334631,0.704784130688448,0.7531702754609555,0.7086477074869414,0.7410649161196207,0.2338101279594349,0.25893508388037934,0.9029681279785499,0.37490882567469,0.62509117432531,0.665,0.48,1371.0,514.0,857.0,True
1723.0,0.8560650029019152,0.7404980340760158,0.7415730337078652,0.7410355338919405,0.7086477074869414,0.7410169491525423,0.23376216099235658,0.25898305084745765,0.9026156739888114,0.5172881355932203,0.48271186440677966,0.54,0.425,1475.0,763.0,712.0,True
1723.0,0.7887405687753918,0.8027888446215139,0.704784130688448,0.7537864876549809,0.7086477074869414,0.7409860191317145,0.2337312309715287,0.25901398086828553,0.9023884741201916,0.36938925680647533,0.6306107431935246,0.67,0.48,1359.0,502.0,857.0,True
1723.0,0.7394080092861288,0.815347721822542,0.704784130688448,0.760065926255495,0.7086477074869414,0.7409733124018838,0.23371852424169803,0.2590266875981162,0.9022951511634039,0.32731554160125587,0.6726844583987441,0.7,0.48,1274.0,417.0,857.0,True
1723.0,0.7370864770748694,0.8320802005012531,0.6991963260619977,0.7656382632816254,0.7086477074869414,0.7409448818897638,0.23369009372957805,0.2590551181102362,0.902086380050347,0.31417322834645667,0.6858267716535433,0.715,0.49,1270.0,399.0,871.0,True
1723.0,0.7190946024376088,0.8396739130434783,0.6991963260619977,0.769435119552738,0.7086477074869414,0.7409200968523002,0.23366530869211444,0.2590799031476998,0.9019044157929276,0.2970137207425343,0.7029862792574657,0.73,0.49,1239.0,368.0,871.0,True
1723.0,0.7637840975043528,0.8119469026548672,0.7037037037037037,0.7578253031792854,0.7086477074869414,0.7408814589665653,0.23362667080637955,0.2591185410334347,0.9016208175401627,0.3434650455927052,0.6565349544072948,0.685,0.485,1316.0,452.0,864.0,True
1723.0,0.7121300058038306,0.8426966292134831,0.6991963260619977,0.7709464776377404,0.7086477074869414,0.7408312958435208,0.23357650768333504,0.2591687041564792,0.9012527513441891,0.29013854930725347,0.7098614506927465,0.735,0.49,1227.0,356.0,871.0,True
1723.0,0.8061520603598374,0.7988721804511278,0.704784130688448,0.7518281555697879,0.7086477074869414,0.7408207343412527,0.23356594618106696,0.25917926565874727,0.9011752756819501,0.3830093592512599,0.6169906407487401,0.66,0.48,1389.0,532.0,857.0,True
1723.0,0.7411491584445734,0.8184019370460048,0.7037037037037037,0.7610528203748543,0.7086477074869414,0.74079874706343,0.2335439589032442,0.25920125293657004,0.9010140045904619,0.32341425215348474,0.6765857478465153,0.705,0.485,1277.0,413.0,864.0,True
1723.0,0.8618688334300638,0.7922705314009661,0.7037037037037037,0.7479871175523349,0.7086477074869414,0.7407407407407407,0.23348595258055493,0.2592592592592593,0.9005886742392831,0.41818181818181815,0.5818181818181818,0.625,0.485,1485.0,621.0,864.0,True
1723.0,0.8618688334300638,0.744,0.7374149659863946,0.7407074829931972,0.7086477074869414,0.7407407407407407,0.23348595258055493,0.2592592592592593,0.9005886742392831,0.5050505050505051,0.494949494949495,0.55,0.435,1485.0,750.0,735.0,True
1723.0,0.811955890887986,0.7970479704797048,0.704784130688448,0.7509160505840764,0.7086477074869414,0.7405289492494639,0.23327416108927812,0.2594710507505361,0.899037331580992,0.3874195854181558,0.6125804145818442,0.655,0.48,1399.0,542.0,857.0,True
1723.0,0.8520023215322112,0.793046357615894,0.7037037037037037,0.7483750306597989,0.7086477074869414,0.7404632152588556,0.23320842709866985,0.2595367847411444,0.8985563542804393,0.4114441416893733,0.5885558583106267,0.63,0.485,1468.0,604.0,864.0,True
1723.0,0.865351131746953,0.7268292682926829,0.7570789865871833,0.741954127439933,0.7086477074869414,0.7404426559356136,0.23318786777542788,0.25955734406438635,0.8984059711968034,0.5499664654594232,0.4500335345405768,0.505,0.41,1491.0,820.0,671.0,True
1723.0,0.865351131746953,0.7404980340760158,0.7403846153846154,0.7404413247303157,0.7086477074869414,0.7404426559356136,0.23318786777542788,0.25955734406438635,0.8984059711968034,0.5117370892018779,0.48826291079812206,0.54,0.43,1491.0,763.0,728.0,True
1723.0,0.8786999419616948,0.7527472527472527,0.7290076335877863,0.7408774431675196,0.7086477074869414,0.7404227212681638,0.233167933107978,0.2595772787318362,0.8982601799630501,0.4808454425363276,0.5191545574636723,0.565,0.455,1514.0,728.0,786.0,True
1723.0,0.8647707486941382,0.743046357615894,0.7374149659863946,0.7402306618011443,0.7086477074869414,0.7402684563758389,0.23301366821565317,0.25973154362416107,0.8971327277553572,0.5067114093959731,0.49328859060402686,0.545,0.435,1490.0,755.0,735.0,True
1723.0,0.799767846778874,0.8015564202334631,0.7037037037037037,0.7526300619685834,0.7086477074869414,0.7402031930333817,0.2329484048731959,0.25979680696661833,0.8966561506012958,0.37300435413642963,0.6269956458635704,0.665,0.485,1378.0,514.0,864.0,True
1723.0,0.75507835171213,0.8123569794050344,0.7037037037037037,0.758030341554369,0.7086477074869414,0.7401998462720983,0.23294505811191257,0.25980015372790166,0.8966317177621249,0.3358954650269024,0.6641045349730976,0.69,0.485,1301.0,437.0,864.0,True
1723.0,0.8711549622751016,0.7527472527472527,0.7283311772315654,0.740539214989409,0.7086477074869414,0.7401732178547635,0.23291842969457777,0.25982678214523647,0.8964373409527212,0.48500999333777484,0.5149900066622252,0.565,0.45,1501.0,728.0,773.0,True
1723.0,0.7928032501450958,0.8027888446215139,0.7037037037037037,0.7532462741626088,0.7086477074869414,0.7401171303074671,0.2328623421472813,0.25988286969253294,0.8960280545723557,0.36749633967789164,0.6325036603221084,0.67,0.485,1366.0,502.0,864.0,True
1723.0,0.8641903656413232,0.7717717717717718,0.7144592952612394,0.7431155335165056,0.7086477074869414,0.7400940228341168,0.23283923467393108,0.25990597716588315,0.8958594843139105,0.44728005372733376,0.5527199462726662,0.6,0.465,1489.0,666.0,823.0,True
1723.0,0.8641903656413232,0.746971736204576,0.7332439678284183,0.7401078520164972,0.7086477074869414,0.7400940228341168,0.23283923467393108,0.25990597716588315,0.8958594843139105,0.4989926124916051,0.5010073875083949,0.555,0.44,1489.0,743.0,746.0,True
1723.0,0.8752176436448056,0.7602836879432624,0.7222914072229141,0.7412875475830882,0.7086477074869414,0.7400530503978779,0.23279826223769218,0.25994694960212206,0.8955606618735708,0.46750663129973474,0.5324933687002652,0.58,0.46,1508.0,705.0,803.0,True
1723.0,0.7434706906558328,0.815347721822542,0.7037037037037037,0.7595257127631229,0.7086477074869414,0.7400468384074942,0.23279205024730842,0.2599531615925058,0.8955153644648713,0.3255269320843091,0.6744730679156908,0.7,0.485,1281.0,417.0,864.0,True
1723.0,0.8595473012188044,0.7386215864759428,0.7415730337078652,0.7400973100919039,0.7086477074869414,0.7400405131667792,0.23278572500659345,0.2599594868332208,0.8954692434669218,0.5192437542201216,0.48075624577987847,0.535,0.425,1481.0,769.0,712.0,True
1723.0,0.8102147417295414,0.7988721804511278,0.7037037037037037,0.7512879420774158,0.7086477074869414,0.7399713467048711,0.23271655854468531,0.2600286532951289,0.8949650571029772,0.38108882521489973,0.6189111747851003,0.66,0.485,1396.0,532.0,864.0,True
1723.0,0.7074869413813116,0.8419540229885057,0.6991963260619977,0.7705751745252517,0.7086477074869414,0.7399507793273175,0.2326959911671317,0.26004922067268255,0.8948151836994748,0.28547990155865466,0.7145200984413453,0.74,0.49,1219.0,348.0,871.0,True
1723.0,0.8636099825885084,0.7876386687797148,0.704784130688448,0.7462113997340813,0.7086477074869414,0.7399193548387096,0.23266456667852387,0.26008064516129037,0.8945862408724637,0.42405913978494625,0.5759408602150538,0.62,0.48,1488.0,631.0,857.0,True
1723.0,0.7452118398142774,0.8320802005012531,0.6983050847457627,0.7651926426235078,0.7086477074869414,0.7398753894080997,0.23262060124791395,0.2601246105919003,0.8942660239590465,0.3107476635514019,0.6892523364485982,0.715,0.495,1284.0,399.0,885.0,True
1723.0,0.7272199651770168,0.8396739130434783,0.6983050847457627,0.7689894988946204,0.7086477074869414,0.7398244213886672,0.23256963322848145,0.2601755786113328,0.8938949399855438,0.2936951316839585,0.7063048683160414,0.73,0.495,1253.0,368.0,885.0,True
1723.0,0.8676726639582124,0.7489823609226595,0.7308707124010554,0.7399265366618575,0.7086477074869414,0.7397993311036789,0.23254454294349314,0.2602006688963211,0.893712317996201,0.49297658862876254,0.5070234113712374,0.56,0.445,1495.0,737.0,758.0,True
1723.0,0.8810214741729542,0.7594405594405594,0.7222914072229141,0.7408659833317368,0.7086477074869414,0.7397891963109354,0.23253440815074966,0.2602108036890646,0.8936385609438936,0.47101449275362317,0.5289855072463768,0.575,0.46,1518.0,715.0,803.0,True
1723.0,0.7202553685432386,0.8426966292134831,0.6983050847457627,0.7705008569796229,0.7086477074869414,0.7397260273972602,0.23247123923707447,0.26027397260273977,0.8931789718056018,0.2868654311039484,0.7131345688960515,0.735,0.495,1241.0,356.0,885.0,True
1723.0,0.8607080673244342,0.7253694581280788,0.7570789865871833,0.7412242223576311,0.7086477074869414,0.7397167902899529,0.2324620021297671,0.26028320971004715,0.8931117853845717,0.5475387727579232,0.4524612272420769,0.51,0.41,1483.0,812.0,671.0,True
1723.0,0.746952988972722,0.8093023255813954,0.704784130688448,0.7570432281349218,0.7086477074869414,0.7397047397047397,0.23244995154455395,0.2602952602952603,0.8930241422025103,0.3341103341103341,0.6658896658896659,0.695,0.48,1287.0,430.0,857.0,True
1723.0,0.845037724898433,0.8,0.6991963260619977,0.7495981630309989,0.7086477074869414,0.7396978021978022,0.23244301403761647,0.26030219780219777,0.892973689812057,0.4017857142857143,0.5982142857142857,0.64,0.49,1456.0,585.0,871.0,True
1723.0,0.81601857225769,0.7970479704797048,0.7037037037037037,0.7503758370917042,0.7086477074869414,0.7396870554765291,0.23243226731634337,0.26031294452347087,0.8928955405649692,0.38549075391180654,0.6145092460881935,0.655,0.485,1406.0,542.0,864.0,True
1723.0,0.7312826465467208,0.8303341902313625,0.6991963260619977,0.7647652581466801,0.7086477074869414,0.7396825396825397,0.23242775152235395,0.2603174603174603,0.8928627040187989,0.30873015873015874,0.6912698412698413,0.72,0.49,1260.0,389.0,871.0,True
1723.0,0.7399883923389438,0.8267326732673267,0.6991963260619977,0.7629644996646622,0.7086477074869414,0.7396078431372549,0.23235305497706915,0.2603921568627451,0.892319714143865,0.3168627450980392,0.6831372549019608,0.71,0.49,1275.0,404.0,871.0,True
1723.0,0.8688334300638422,0.725181598062954,0.7570789865871833,0.7411302923250687,0.7086477074869414,0.7394789579158316,0.23222416975564586,0.2605210420841684,0.8913835439082097,0.5517702070808284,0.4482297929191717,0.5,0.41,1497.0,826.0,671.0,True
1723.0,0.8688334300638422,0.7386215864759428,0.7403846153846154,0.739503100930279,0.7086477074869414,0.7394789579158316,0.23222416975564586,0.2605210420841684,0.8913835439082097,0.5136940547762191,0.4863059452237809,0.535,0.43,1497.0,769.0,728.0,True
1723.0,0.701683110853163,0.8518518518518519,0.6983050847457627,0.7750784682988072,0.7086477074869414,0.739454094292804,0.2321993061326182,0.26054590570719605,0.8912030511566202,0.2679900744416873,0.7320099255583127,0.75,0.495,1209.0,324.0,885.0,True
1723.0,0.8641903656413232,0.7374517374517374,0.7415730337078652,0.7395123855798014,0.7086477074869414,0.7394224311618536,0.2321676430016678,0.2605775688381464,0.8909732485295963,0.5218267293485561,0.47817327065144394,0.53,0.425,1489.0,777.0,712.0,True
1723.0,0.8659315147997678,0.7742424242424243,0.7115384615384616,0.7428904428904429,0.7086477074869414,0.7392761394101877,0.2320213512500019,0.26072386058981234,0.889912226388182,0.44235924932975873,0.5576407506702413,0.605,0.47,1492.0,660.0,832.0,True
1723.0,0.8746372605919908,0.7268292682926829,0.7540029112081513,0.7404160897504171,0.7086477074869414,0.7392169873921699,0.23196219923198413,0.2607830126078301,0.8894835476910945,0.544127405441274,0.4558725945587259,0.505,0.415,1507.0,820.0,687.0,True
1723.0,0.7254788160185722,0.8311345646437994,0.6991963260619977,0.7651654453528985,0.7086477074869414,0.7392,0.2319452118398142,0.26080000000000003,0.8893604748459133,0.3032,0.6968,0.725,0.49,1250.0,379.0,871.0,True
1723.0,0.8299477655252466,0.8014311270125224,0.6991963260619977,0.75031372653726,0.7086477074869414,0.7391608391608392,0.23190605100065342,0.2608391608391608,0.8890768175092076,0.39090909090909093,0.6090909090909091,0.65,0.49,1430.0,559.0,871.0,True
1723.0,0.8699941961694718,0.73,0.7496423462088698,0.7398211731044348,0.7086477074869414,0.7391594396264176,0.23190465146623185,0.2608405603735824,0.889066681708137,0.533689126084056,0.46631087391594395,0.515,0.42,1499.0,800.0,699.0,True
1723.0,0.7074869413813116,0.8473053892215568,0.6983050847457627,0.7728052369836598,0.7086477074869414,0.7391304347826086,0.23187564662242288,0.26086956521739135,0.8888566453859542,0.27399507793273176,0.7260049220672683,0.745,0.495,1219.0,334.0,885.0,True
1723.0,0.8676726639582124,0.7876386687797148,0.7037037037037037,0.7456711862417092,0.7086477074869414,0.7391304347826086,0.23187564662242288,0.26086956521739135,0.8888566453859542,0.42207357859531774,0.5779264214046823,0.62,0.485,1495.0,631.0,864.0,True
1723.0,0.8520023215322112,0.7973199329983249,0.6991963260619977,0.7482581295301614,0.7086477074869414,0.739100817438692,0.23184602927850628,0.26089918256130795,0.8886422218821075,0.40667574931880107,0.5933242506811989,0.635,0.49,1468.0,597.0,871.0,True
1723.0,0.8630295995356936,0.7813953488372093,0.7066508313539193,0.7440230900955642,0.7086477074869414,0.7390719569603228,0.23181716880013703,0.2609280430396772,0.8884333247572261,0.433759246805649,0.5662407531943511,0.615,0.475,1487.0,645.0,842.0,True
1723.0,0.869413813116657,0.7404980340760158,0.7374149659863946,0.7389565000312052,0.7086477074869414,0.7389853137516689,0.2317305255914831,0.26101468624833113,0.8878064637750426,0.5093457943925234,0.49065420560747663,0.54,0.435,1498.0,763.0,735.0,True
1723.0,0.8380731282646546,0.7993019197207679,0.6991963260619977,0.7492491228913828,0.7086477074869414,0.7389196675900277,0.23166487942984193,0.2610803324099723,0.8873317928294211,0.39681440443213295,0.603185595567867,0.645,0.49,1444.0,573.0,871.0,True
1723.0,0.873476494486361,0.7374517374517374,0.7403846153846154,0.7389181764181765,0.7086477074869414,0.7388704318936877,0.23161564373350196,0.26112956810631227,0.8869759384705356,0.5162790697674419,0.48372093023255813,0.53,0.43,1505.0,777.0,728.0,True
1723.0,0.7156123041207196,0.8419540229885057,0.6983050847457627,0.7701295538671342,0.7086477074869414,0.7388483373884833,0.23159354922829756,0.2611516626115167,0.886816292541897,0.2822384428223844,0.7177615571776156,0.74,0.495,1233.0,348.0,885.0,True
1723.0,0.8845037724898432,0.7572815533980582,0.7222914072229141,0.7397864803104861,0.7086477074869414,0.7388451443569554,0.2315903561967696,0.26115485564304464,0.8867932232258212,0.4730971128608924,0.5269028871391076,0.57,0.46,1524.0,721.0,803.0,True
1723.0,0.8711549622751016,0.746971736204576,0.7308707124010554,0.7389212243028157,0.7086477074869414,0.7388407728181212,0.23158598465793545,0.2611592271818788,0.8867616402335742,0.4950033311125916,0.5049966688874084,0.555,0.445,1501.0,743.0,758.0,True
1723.0,0.751015670342426,0.8093023255813954,0.7037037037037037,0.7565030146425495,0.7086477074869414,0.7387944358578052,0.23153964769761948,0.26120556414219476,0.8864269352684011,0.3323029366306028,0.6676970633693973,0.695,0.485,1294.0,430.0,864.0,True
1723.0,0.853163087637841,0.8,0.6983050847457627,0.7491525423728813,0.7086477074869414,0.7387755102040816,0.23152072204389584,0.2612244897959184,0.8862902640742887,0.3979591836734694,0.6020408163265306,0.64,0.495,1470.0,585.0,885.0,True
1723.0,0.8839233894370284,0.7489823609226595,0.7290076335877863,0.7389949972552229,0.7086477074869414,0.7386736703873933,0.23141888222720752,0.2613263296126067,0.8855551699297413,0.48391332895600786,0.5160866710439921,0.56,0.455,1523.0,737.0,786.0,True
1723.0,0.8682530470110272,0.744,0.7332439678284183,0.7386219839142092,0.7086477074869414,0.7386363636363636,0.23138157547617788,0.26136363636363635,0.8852860279088546,0.5013368983957219,0.49866310160427807,0.55,0.44,1496.0,750.0,746.0,True
1723.0,0.7394080092861288,0.8303341902313625,0.6983050847457627,0.7643196374885626,0.7086477074869414,0.7386185243328101,0.2313637361726243,0.26138147566718994,0.8851573570087788,0.3053375196232339,0.6946624803767661,0.72,0.495,1274.0,389.0,885.0,True
1723.0,0.7481137550783518,0.8267326732673267,0.6983050847457627,0.7625188790065447,0.7086477074869414,0.7385570209464701,0.23130223278628437,0.26144297905352987,0.8847138814881915,0.3134212567882079,0.6865787432117921,0.71,0.495,1289.0,404.0,885.0,True
1723.0,0.8699941961694718,0.7253694581280788,0.7540029112081513,0.7396861846681151,0.7086477074869414,0.7384923282188125,0.23123754005862673,0.2615076717811875,0.8842476340507179,0.5416944629753169,0.45830553702468313,0.51,0.415,1499.0,812.0,687.0,True
1723.0,0.8763784097504352,0.7489823609226595,0.7283311772315654,0.7386567690771124,0.7086477074869414,0.7384105960264901,0.2311558078663043,0.26158940397350994,0.8836589110838468,0.4880794701986755,0.5119205298013245,0.56,0.45,1510.0,737.0,773.0,True
1723.0,0.8717353453279164,0.7673048600883653,0.7144592952612394,0.7408820776748024,0.7086477074869414,0.7383488681757656,0.23109408001557985,0.2616511318242344,0.883214524639697,0.45206391478029295,0.547936085219707,0.595,0.465,1502.0,679.0,823.0,True
1723.0,0.869413813116657,0.7717717717717718,0.7115384615384616,0.7416551166551166,0.7086477074869414,0.7383177570093458,0.23106296884916,0.26168224299065423,0.8829906309592899,0.4445927903871829,0.5554072096128171,0.6,0.47,1498.0,666.0,832.0,True
1723.0,0.8781195589088798,0.725181598062954,0.7540029112081513,0.7395922546355527,0.7086477074869414,0.7382683410442828,0.23101355288409708,0.26173165895571715,0.8826351149334314,0.5459352280237938,0.4540647719762062,0.5,0.415,1513.0,826.0,687.0,True
1723.0,0.7782936738247244,0.8106382978723404,0.6991963260619977,0.754917311967169,0.7086477074869414,0.738255033557047,0.23100024539686126,0.261744966442953,0.8825393990803162,0.3504847129008203,0.6495152870991797,0.68,0.49,1341.0,470.0,871.0,True
1723.0,0.8380731282646546,0.8014311270125224,0.6983050847457627,0.7498681058791425,0.7086477074869414,0.7382271468144044,0.2309723586542186,0.2617728531855956,0.8823388515785492,0.3871191135734072,0.6128808864265928,0.65,0.495,1444.0,559.0,885.0,True
1723.0,0.8601276842716192,0.7973199329983249,0.6983050847457627,0.7478125088720438,0.7086477074869414,0.738191632928475,0.23093684476828924,0.261808367071525,0.8820835153263006,0.402834008097166,0.597165991902834,0.635,0.495,1482.0,597.0,885.0,True
1723.0,0.8711549622751016,0.743046357615894,0.7332439678284183,0.7381451627221561,0.7086477074869414,0.7381745502998002,0.2309197621396144,0.26182544970019983,0.8819607200294179,0.502998001332445,0.49700199866755496,0.545,0.44,1501.0,755.0,746.0,True
1723.0,0.7336041787579802,0.8311345646437994,0.6983050847457627,0.7647198246947811,0.7086477074869414,0.7381329113924051,0.23087812323221935,0.2618670886075949,0.881661473611859,0.2998417721518987,0.7001582278481012,0.725,0.495,1264.0,379.0,885.0,True
1723.0,0.8665118978525828,0.7788018433179723,0.7066508313539193,0.7427263373359458,0.7086477074869414,0.7381111855324849,0.23085639737229913,0.2618888144675151,0.8815053741095717,0.43603482920294706,0.5639651707970529,0.61,0.475,1493.0,651.0,842.0,True
1723.0,0.7887405687753918,0.8073770491803278,0.6991963260619977,0.7532866876211628,0.7086477074869414,0.7380426784400295,0.2307878902798437,0.26195732155997054,0.8810133227255832,0.35908756438557765,0.6409124356144223,0.675,0.49,1359.0,488.0,871.0,True
1723.0,0.8728961114335462,0.7386215864759428,0.7374149659863946,0.7380182762311687,0.7086477074869414,0.738031914893617,0.2307771267334312,0.26196808510638303,0.8809360370738083,0.5113031914893617,0.4886968085106383,0.535,0.435,1504.0,769.0,735.0,True
1723.0,0.8461984910040626,0.7993019197207679,0.6983050847457627,0.7488035022332653,0.7086477074869414,0.7379972565157751,0.23074246835558931,0.2620027434842249,0.8806872221530085,0.39300411522633744,0.6069958847736625,0.645,0.495,1458.0,573.0,885.0,True
1723.0,0.8682530470110272,0.7346938775510204,0.7415730337078652,0.7381334556294428,0.7086477074869414,0.7379679144385026,0.23071312627831686,0.2620320855614974,0.8804766247764336,0.5240641711229946,0.47593582887700536,0.525,0.425,1496.0,784.0,712.0,True
1723.0,0.8659315147997678,0.7922705314009661,0.6991963260619977,0.7457334287314819,0.7086477074869414,0.7379356568364611,0.23068086867627535,0.2620643431635389,0.8802451561764778,0.41621983914209115,0.5837801608579088,0.625,0.49,1492.0,621.0,871.0,True
1723.0,0.8874056877539176,0.746971736204576,0.7290076335877863,0.7379896848961811,0.7086477074869414,0.7377370830608241,0.23048229490063832,0.2622629169391759,0.8788215184615362,0.48593852190974496,0.514061478090255,0.555,0.455,1529.0,743.0,786.0,True
1723.0,0.7678467788740568,0.8119469026548672,0.6991963260619977,0.7555716143584325,0.7086477074869414,0.7377173091458806,0.23046252098569486,0.26228269085411937,0.8786798710780241,0.3416477702191988,0.6583522297808012,0.685,0.49,1323.0,452.0,871.0,True
1723.0,0.8717353453279164,0.7813953488372093,0.704784130688448,0.7430897397628287,0.7086477074869414,0.7376830892143809,0.2304283010541951,0.26231691078561914,0.8784347923436575,0.42942743009320905,0.570572569906791,0.615,0.48,1502.0,645.0,857.0,True
1723.0,0.8717353453279164,0.7341772151898734,0.7415730337078652,0.7378751244488693,0.7086477074869414,0.7376830892143809,0.2304283010541951,0.26231691078561914,0.8784347923436575,0.525965379494008,0.474034620505992,0.52,0.425,1502.0,790.0,712.0,True
1723.0,0.8560650029019152,0.793046357615894,0.6991963260619977,0.7461213418389459,0.7086477074869414,0.7376271186440678,0.23037233048388206,0.2623728813559322,0.8780340761336591,0.4094915254237288,0.5905084745762712,0.63,0.49,1475.0,604.0,871.0,True
1723.0,0.7452118398142774,0.8184019370460048,0.6991963260619977,0.7587991315540012,0.7086477074869414,0.7375389408099688,0.23028415264978308,0.26246105919003115,0.8774031216686097,0.32165109034267914,0.6783489096573209,0.705,0.49,1284.0,413.0,871.0,True
1723.0,0.8798607080673244,0.7647907647907648,0.7144592952612394,0.7396250300260021,0.7086477074869414,0.737467018469657,0.23021223030947124,0.262532981530343,0.876888796857182,0.4571240105540897,0.5428759894459103,0.585,0.465,1516.0,693.0,823.0,True
1723.0,0.8798607080673244,0.746971736204576,0.7283311772315654,0.7376514567180708,0.7086477074869414,0.737467018469657,0.23021223030947124,0.262532981530343,0.876888796857182,0.4901055408970976,0.5098944591029023,0.555,0.45,1516.0,743.0,773.0,True
1723.0,0.877539175856065,0.7346938775510204,0.7403846153846154,0.7375392464678179,0.7086477074869414,0.7374338624338624,0.23017907427367668,0.26256613756613756,0.8766517891732976,0.5185185185185185,0.48148148148148145,0.525,0.43,1512.0,784.0,728.0,True
1723.0,0.877539175856065,0.7374517374517374,0.7374149659863946,0.737433351719066,0.7086477074869414,0.7374338624338624,0.23017907427367668,0.26256613756613756,0.8766517891732976,0.5138888888888888,0.4861111111111111,0.53,0.435,1512.0,777.0,735.0,True
1723.0,0.8752176436448056,0.744,0.7308707124010554,0.7374353562005277,0.7086477074869414,0.7374005305039788,0.23014574234379304,0.2625994694960212,0.8764135844809089,0.4973474801061008,0.5026525198938993,0.55,0.445,1508.0,750.0,758.0,True
1723.0,0.881601857225769,0.7268292682926829,0.7496423462088698,0.7382358072507764,0.7086477074869414,0.7373271889400922,0.23007240077990643,0.2626728110599078,0.8758896661270122,0.5398288347597103,0.46017116524028967,0.505,0.42,1519.0,820.0,699.0,True
1723.0,0.7864190365641324,0.8106382978723404,0.6983050847457627,0.7544716913090516,0.7086477074869414,0.7372693726937269,0.23001458453354118,0.26273062730627306,0.8754768596712031,0.34686346863468637,0.6531365313653137,0.68,0.495,1355.0,470.0,885.0,True
1723.0,0.803830528148578,0.8015564202334631,0.6991963260619977,0.7503763731477304,0.7086477074869414,0.7371841155234657,0.22992932736327998,0.26281588447653426,0.874868457137755,0.3711191335740072,0.6288808664259928,0.665,0.49,1385.0,514.0,871.0,True
1723.0,0.8810214741729542,0.7341772151898734,0.7403846153846154,0.7372809152872444,0.7086477074869414,0.7371541501976284,0.22989936203744266,0.2628458498023716,0.8746547157213983,0.5204216073781291,0.4795783926218709,0.52,0.43,1518.0,790.0,728.0,True
1723.0,0.8763784097504352,0.7641921397379913,0.7144592952612394,0.7393257174996153,0.7086477074869414,0.7370860927152317,0.22983130455504597,0.26291390728476827,0.8741694455368245,0.4549668874172185,0.5450331125827814,0.59,0.465,1510.0,687.0,823.0,True
1723.0,0.7968659315147998,0.8073770491803278,0.6983050847457627,0.7528410669630452,0.7086477074869414,0.7370721048798252,0.22981731671963945,0.2629278951201748,0.8740697392134764,0.35542607428987616,0.6445739257101238,0.675,0.495,1373.0,488.0,885.0,True
1723.0,0.7968659315147998,0.8027888446215139,0.6991963260619977,0.7509925853417558,0.7086477074869414,0.7370721048798252,0.22981731671963945,0.2629278951201748,0.8740697392134764,0.36562272396212675,0.6343772760378733,0.67,0.49,1373.0,502.0,871.0,True
1723.0,0.8740568775391758,0.7922705314009661,0.6983050847457627,0.7452878080733645,0.7086477074869414,0.7370517928286853,0.2297970046684995,0.26294820717131473,0.8739249722998996,0.4123505976095618,0.5876494023904383,0.625,0.495,1506.0,621.0,885.0,True
1723.0,0.759141033081834,0.8123569794050344,0.6991963260619977,0.755776652733516,0.7086477074869414,0.7370030581039755,0.22974826994378972,0.2629969418960245,0.8735777240885956,0.33409785932721714,0.6659021406727829,0.69,0.49,1308.0,437.0,871.0,True
1723.0,0.8142774230992456,0.7988721804511278,0.6991963260619977,0.7490342532565628,0.7086477074869414,0.736992159657876,0.22973737149769025,0.263007840342124,0.873500087293386,0.3791874554526016,0.6208125445473984,0.66,0.49,1403.0,532.0,871.0,True
1723.0,0.8781195589088798,0.743046357615894,0.7308707124010554,0.7369585350084746,0.7086477074869414,0.73694646397885,0.22969167581866423,0.26305353602115,0.8731746369689423,0.4990085922009253,0.5009914077990747,0.545,0.445,1513.0,755.0,758.0,True
1723.0,0.8757980266976204,0.7813953488372093,0.7037037037037037,0.7425495262704565,0.7086477074869414,0.7369118621603711,0.2296570740001853,0.2630881378396289,0.8729282737185884,0.4274353876739563,0.5725646123260437,0.615,0.485,1509.0,645.0,864.0,True
1723.0,0.8757980266976204,0.7404980340760158,0.7332439678284183,0.736871000952217,0.7086477074869414,0.7369118621603711,0.2296570740001853,0.2630881378396289,0.8729282737185884,0.5056328694499669,0.4943671305500331,0.54,0.44,1509.0,763.0,746.0,True
1723.0,0.7475333720255368,0.815347721822542,0.6991963260619977,0.7572720239422699,0.7086477074869414,0.7368012422360248,0.22954645407583907,0.26319875776397517,0.8721410998515655,0.32375776397515527,0.6762422360248447,0.7,0.49,1288.0,417.0,871.0,True
1723.0,0.8885664538595474,0.7527472527472527,0.7222914072229141,0.7375193299850834,0.7086477074869414,0.736773350751143,0.22951856259095726,0.26322664924885697,0.8719427278579542,0.47550620509470937,0.5244937949052907,0.565,0.46,1531.0,728.0,803.0,True
1723.0,0.8752176436448056,0.7788018433179723,0.704784130688448,0.7417929870032102,0.7086477074869414,0.736737400530504,0.2294826123703182,0.26326259946949604,0.8716871019003521,0.4316976127320955,0.5683023872679045,0.61,0.48,1508.0,651.0,857.0,True
1723.0,0.8641903656413232,0.793046357615894,0.6983050847457627,0.7456757211808284,0.7086477074869414,0.7367360644728005,0.22948127631261472,0.2632639355271995,0.8716776031364369,0.4056413700470114,0.5943586299529886,0.63,0.495,1489.0,604.0,885.0,True
1723.0,0.820081253627394,0.7970479704797048,0.6991963260619977,0.7481221482708512,0.7086477074869414,0.7367303609341825,0.22947557277399677,0.26326963906581746,0.8716370546496166,0.38358103326256193,0.6164189667374381,0.655,0.49,1413.0,542.0,871.0,True
1723.0,0.7759721416134648,0.8119469026548672,0.6983050847457627,0.755125993700315,0.7086477074869414,0.7367240089753179,0.2294692208151321,0.26327599102468213,0.8715918983802035,0.3380703066566941,0.6619296933433059,0.685,0.495,1337.0,452.0,885.0,True
1723.0,0.8769587928032502,0.7673048600883653,0.7115384615384616,0.7394216608134134,0.7086477074869414,0.7365982792852416,0.2293434911250558,0.2634017207147584,0.8706985303767822,0.4493712772998015,0.5506287227001986,0.595,0.47,1511.0,679.0,832.0,True
1723.0,0.8769587928032502,0.7253694581280788,0.7496423462088698,0.7375059021684743,0.7086477074869414,0.7365982792852416,0.2293434911250558,0.2634017207147584,0.8706985303767822,0.5373924553275976,0.4626075446724024,0.51,0.42,1511.0,812.0,699.0,True
1723.0,0.7533372025536854,0.8184019370460048,0.6983050847457627,0.7583535108958838,0.7086477074869414,0.736517719568567,0.22926293140838128,0.26348228043143296,0.8701265642341489,0.3181818181818182,0.6818181818181818,0.705,0.495,1298.0,413.0,885.0,True
1723.0,0.8850841555426582,0.725181598062954,0.7496423462088698,0.7374119721359119,0.7086477074869414,0.7363934426229508,0.22913865446276505,0.2636065573770492,0.8692448956609867,0.5416393442622951,0.4583606557377049,0.5,0.42,1525.0,826.0,699.0,True
1723.0,0.8717353453279164,0.7876386687797148,0.6991963260619977,0.7434174974208563,0.7086477074869414,0.7363515312916112,0.22909674313142547,0.26364846870838876,0.8689477479378817,0.4201065246338216,0.5798934753661784,0.62,0.49,1502.0,631.0,871.0,True
1723.0,0.8717353453279164,0.7742424242424243,0.7066508313539193,0.7404466277981718,0.7086477074869414,0.7363515312916112,0.22909674313142547,0.26364846870838876,0.8689477479378817,0.4394141145139814,0.5605858854860186,0.605,0.475,1502.0,660.0,842.0,True
1723.0,0.8914683691236216,0.744,0.7290076335877863,0.7365038167938931,0.7086477074869414,0.736328125,0.22907333683981423,0.263671875,0.8687818404591473,0.48828125,0.51171875,0.55,0.455,1536.0,750.0,786.0,True
1723.0,0.811955890887986,0.8015564202334631,0.6983050847457627,0.7499307524896128,0.7086477074869414,0.7362401715511079,0.22898538339092211,0.2637598284488921,0.8681586757829267,0.3674052894924946,0.6325947105075054,0.665,0.495,1399.0,514.0,885.0,True
1723.0,0.8049912942542078,0.8027888446215139,0.6983050847457627,0.7505469646836382,0.7086477074869414,0.7361211247296323,0.22886633656944655,0.2638788752703677,0.8673158710978753,0.3619322278298486,0.6380677721701514,0.67,0.495,1387.0,502.0,885.0,True
1723.0,0.7521764364480558,0.8320802005012531,0.693422519509476,0.7627513600053646,0.7086477074869414,0.7361111111111112,0.2288563229509254,0.26388888888888884,0.8672450132877174,0.30787037037037035,0.6921296296296297,0.715,0.5,1296.0,399.0,897.0,True
1723.0,0.8224027858386536,0.7988721804511278,0.6983050847457627,0.7485886325984452,0.7086477074869414,0.7360621030345801,0.22880731487439432,0.2639378969654199,0.8668983026123442,0.37544107268877913,0.6245589273112209,0.66,0.495,1417.0,532.0,885.0,True
1723.0,0.8839233894370284,0.744,0.7283311772315654,0.7361655886157827,0.7086477074869414,0.7360472751149048,0.228792486954719,0.26395272488509525,0.8667934269453655,0.49244911359159554,0.5075508864084045,0.55,0.45,1523.0,750.0,773.0,True
1723.0,0.881601857225769,0.7346938775510204,0.7374149659863946,0.7360544217687075,0.7086477074869414,0.7360105332455563,0.22875574508537055,0.2639894667544437,0.8665336079418402,0.5161290322580645,0.4838709677419355,0.525,0.435,1519.0,784.0,735.0,True
1723.0,0.767266395821242,0.8123569794050344,0.6983050847457627,0.7553310320753985,0.7086477074869414,0.7360060514372163,0.22875126327703055,0.2639939485627837,0.8665019199204422,0.33055975794251136,0.6694402420574886,0.69,0.495,1322.0,437.0,885.0,True
1723.0,0.8792803250145096,0.7788018433179723,0.7037037037037037,0.7412527735108381,0.7086477074869414,0.735973597359736,0.22871880919955023,0.264026402640264,0.8662724898432966,0.4297029702970297,0.5702970297029702,0.61,0.485,1515.0,651.0,864.0,True
1723.0,0.8792803250145096,0.7386215864759428,0.7332439678284183,0.7359327771521805,0.7086477074869414,0.735973597359736,0.22871880919955023,0.264026402640264,0.8662724898432966,0.5075907590759076,0.4924092409240924,0.535,0.44,1515.0,769.0,746.0,True
1723.0,0.7341845618107952,0.8396739130434783,0.693422519509476,0.7665482162764772,0.7086477074869414,0.7359683794466403,0.22871359128645452,0.2640316205533597,0.8662356077166615,0.2909090909090909,0.7090909090909091,0.73,0.5,1265.0,368.0,897.0,True
1723.0,0.8943702843876958,0.743046357615894,0.7290076335877863,0.7360269956018402,0.7086477074869414,0.735885788449059,0.2286310002888733,0.26411421155094095,0.8656520182927611,0.4899415963659961,0.5100584036340039,0.545,0.455,1541.0,755.0,786.0,True
1723.0,0.7272199651770168,0.8426966292134831,0.693422519509476,0.7680595743614795,0.7086477074869414,0.7358339984038308,0.22857921024364503,0.2641660015961692,0.8652862550915021,0.2841181165203512,0.7158818834796489,0.735,0.5,1253.0,356.0,897.0,True
1723.0,0.828206616366802,0.7970479704797048,0.6983050847457627,0.7476765276127337,0.7086477074869414,0.7358093903293623,0.22855460216917656,0.2641906096706377,0.8651125127199336,0.3798177995795375,0.6201822004204625,0.655,0.495,1427.0,542.0,885.0,True
1723.0,0.7556587347649448,0.815347721822542,0.6983050847457627,0.7568264032841523,0.7086477074869414,0.7357910906298003,0.22853630246961454,0.2642089093701997,0.8649833308588317,0.32027649769585254,0.6797235023041475,0.7,0.495,1302.0,417.0,885.0,True
1723.0,0.8850841555426582,0.7647907647907648,0.7115384615384616,0.7381646131646131,0.7086477074869414,0.7357377049180328,0.22848291675784704,0.2642622950819672,0.864606570857858,0.4544262295081967,0.5455737704918033,0.585,0.47,1525.0,693.0,832.0,True
1723.0,0.8850841555426582,0.7341772151898734,0.7374149659863946,0.735796090588134,0.7086477074869414,0.7357377049180328,0.22848291675784704,0.2642622950819672,0.864606570857858,0.5180327868852459,0.4819672131147541,0.52,0.435,1525.0,790.0,735.0,True
1723.0,0.8827626233313988,0.7404980340760158,0.7308707124010554,0.7356843732385356,0.7086477074869414,0.7357001972386588,0.228445409078473,0.26429980276134124,0.8643419582297448,0.5016436554898094,0.4983563445101907,0.54,0.445,1521.0,763.0,758.0,True
1723.0,0.8868253047011028,0.7602836879432624,0.7144592952612394,0.7373714916022509,0.7086477074869414,0.7356020942408377,0.2283473060806519,0.26439790575916233,0.863650207156525,0.46138743455497383,0.5386125654450262,0.58,0.465,1528.0,705.0,823.0,True
1723.0,0.8868253047011028,0.743046357615894,0.7283311772315654,0.7356887674237297,0.7086477074869414,0.7356020942408377,0.2283473060806519,0.26439790575916233,0.863650207156525,0.49410994764397903,0.5058900523560209,0.545,0.45,1528.0,755.0,773.0,True
1723.0,0.75507835171213,0.8093023255813954,0.6991963260619977,0.7542493258216965,0.7086477074869414,0.7355880092236741,0.2283332210634883,0.26441199077632593,0.8635509319872042,0.3305149884704074,0.6694850115295926,0.695,0.49,1301.0,430.0,871.0,True
1723.0,0.8601276842716192,0.8,0.693422519509476,0.7467112597547381,0.7086477074869414,0.7354925775978407,0.22823778943765494,0.2645074224021593,0.8628785814964401,0.39473684210526316,0.6052631578947368,0.64,0.5,1482.0,585.0,897.0,True
1723.0,0.8798607080673244,0.7876386687797148,0.6983050847457627,0.7429718767627387,0.7086477074869414,0.7354881266490765,0.2282333384888907,0.2645118733509235,0.8628472347859308,0.4162269129287599,0.5837730870712401,0.62,0.495,1516.0,631.0,885.0,True
1723.0,0.7086477074869414,0.8518518518518519,0.693422519509476,0.772637185680664,0.7086477074869414,0.7354627354627354,0.22820794730254967,0.26453726453726456,0.8626684323727961,0.26535626535626533,0.7346437346437347,0.75,0.5,1221.0,324.0,897.0,True
1723.0,0.877539175856065,0.73,0.7415730337078652,0.7357865168539326,0.7086477074869414,0.7354497354497355,0.2281949472895497,0.26455026455026454,0.8625769007544979,0.5291005291005291,0.4708994708994709,0.515,0.425,1512.0,800.0,712.0,True
1723.0,0.8752176436448056,0.7717717717717718,0.7066508313539193,0.7392113015628455,0.7086477074869414,0.7354111405835544,0.22815635242336862,0.2645888594164456,0.862305211665263,0.4416445623342175,0.5583554376657824,0.6,0.475,1508.0,666.0,842.0,True
1723.0,0.8839233894370284,0.7374517374517374,0.7332439678284183,0.7353478526400778,0.7086477074869414,0.7353906762967827,0.2281358881365969,0.2646093237032173,0.862161185191159,0.5101772816808929,0.489822718319107,0.53,0.44,1523.0,777.0,746.0,True
1723.0,0.8926291352292514,0.7594405594405594,0.7144592952612394,0.7369499273508995,0.7086477074869414,0.735370611183355,0.22811582302316924,0.264629388816645,0.8620199897042612,0.464889466840052,0.5351105331599479,0.575,0.465,1538.0,715.0,823.0,True
1723.0,0.881601857225769,0.7641921397379913,0.7115384615384616,0.7378653006382264,0.7086477074869414,0.7353522053982884,0.22809741723810262,0.2646477946017116,0.8618904895141242,0.4522712310730744,0.5477287689269256,0.59,0.47,1519.0,687.0,832.0,True
1723.0,0.71445153801509,0.8473053892215568,0.693422519509476,0.7703639543655164,0.7086477074869414,0.735174654752234,0.22791986659204821,0.264825345247766,0.8606421956282557,0.27132412672623885,0.7286758732737612,0.745,0.5,1231.0,334.0,897.0,True
1723.0,0.893789901334881,0.7489823609226595,0.7222914072229141,0.7356368840727867,0.7086477074869414,0.7350649350649351,0.22781014690474932,0.2649350649350649,0.8598716329247892,0.4785714285714286,0.5214285714285715,0.56,0.46,1540.0,737.0,803.0,True
1723.0,0.8804410911201392,0.7742424242424243,0.704784130688448,0.7395132774654362,0.7086477074869414,0.7350032959789057,0.22774850781871991,0.2649967040210943,0.8594390207985025,0.43506921555702044,0.5649307844429796,0.605,0.48,1517.0,660.0,857.0,True
1723.0,0.8868253047011028,0.73,0.7403846153846154,0.7351923076923077,0.7086477074869414,0.7349476439790575,0.22769285581887178,0.26505235602094246,0.8590486017067556,0.5235602094240838,0.47643979057591623,0.515,0.43,1528.0,800.0,728.0,True
1723.0,0.722576900754498,0.8419540229885057,0.693422519509476,0.7676882712489909,0.7086477074869414,0.7349397590361446,0.22768497087595885,0.2650602409638554,0.8589932992138448,0.27951807228915665,0.7204819277108434,0.74,0.5,1245.0,348.0,897.0,True
1723.0,0.8670922809053976,0.7973199329983249,0.693422519509476,0.7453712262539005,0.7086477074869414,0.7349397590361446,0.22768497087595885,0.2650602409638554,0.8589932992138448,0.39959839357429716,0.6004016064257028,0.635,0.5,1494.0,597.0,897.0,True
1723.0,0.845037724898433,0.8014311270125224,0.693422519509476,0.7474268232609992,0.7086477074869414,0.7348901098901099,0.22763532172992418,0.26510989010989006,0.8586451513957764,0.38392857142857145,0.6160714285714286,0.65,0.5,1456.0,559.0,897.0,True
1723.0,0.7463726059199072,0.8303341902313625,0.693422519509476,0.7618783548704192,0.7086477074869414,0.7348367029548989,0.22758191479471312,0.2651632970451011,0.8582707989032289,0.3024883359253499,0.69751166407465,0.72,0.5,1286.0,389.0,897.0,True
1723.0,0.75507835171213,0.8267326732673267,0.693422519509476,0.7600775963884013,0.7086477074869414,0.7348193697156034,0.2275645815554176,0.26518063028439665,0.8581493350828935,0.31053036126056877,0.6894696387394312,0.71,0.5,1301.0,404.0,897.0,True
1723.0,0.8862449216482878,0.7386215864759428,0.7308707124010554,0.734746149438499,0.7086477074869414,0.7347740667976425,0.2275192786374567,0.26522593320235754,0.8578319468627071,0.5036018336607727,0.49639816633922723,0.535,0.445,1527.0,769.0,758.0,True
1723.0,0.853163087637841,0.7993019197207679,0.693422519509476,0.746362219615122,0.7086477074869414,0.7346938775510204,0.22743908939083468,0.26530612244897955,0.8572704138577616,0.38979591836734695,0.610204081632653,0.645,0.5,1470.0,573.0,897.0,True
1723.0,0.8990133488102148,0.7404980340760158,0.7290076335877863,0.734752833831901,0.7086477074869414,0.7346675274370562,0.22741273927687045,0.2653324725629438,0.8570859687101517,0.4925758553905746,0.5074241446094254,0.54,0.455,1549.0,763.0,786.0,True
1723.0,0.763203714451538,0.8093023255813954,0.6983050847457627,0.7538037051635791,0.7086477074869414,0.7346007604562738,0.227345972296088,0.26539923954372624,0.8566187781356898,0.3269961977186312,0.6730038022813688,0.695,0.495,1315.0,430.0,885.0,True
1723.0,0.8961114335461404,0.7572815533980582,0.7144592952612394,0.7358704243296488,0.7086477074869414,0.7344559585492227,0.22720117038903698,0.26554404145077726,0.8556063587333488,0.46696891191709844,0.5330310880829016,0.57,0.465,1544.0,721.0,823.0,True
1723.0,0.8914683691236216,0.7404980340760158,0.7283311772315654,0.7344146056537906,0.7086477074869414,0.734375,0.22712021183981423,0.265625,0.8550407975145947,0.4967447916666667,0.5032552083333334,0.54,0.45,1536.0,763.0,773.0,True
1723.0,0.7405687753917586,0.8311345646437994,0.693422519509476,0.7622785420766377,0.7086477074869414,0.7343260188087775,0.2270712306485917,0.26567398119122254,0.8546987914678555,0.29702194357366773,0.7029780564263323,0.725,0.5,1276.0,379.0,897.0,True
1723.0,0.8845037724898432,0.7742424242424243,0.7037037037037037,0.7389730639730641,0.7086477074869414,0.734251968503937,0.22699718034375127,0.26574803149606296,0.8541819823305604,0.4330708661417323,0.5669291338582677,0.605,0.485,1524.0,660.0,864.0,True
1723.0,0.8908879860708068,0.7374517374517374,0.7308707124010554,0.7341612249263965,0.7086477074869414,0.7342019543973941,0.22694716623720834,0.2657980456026059,0.853833088662046,0.5061889250814332,0.4938110749185668,0.53,0.445,1535.0,777.0,758.0,True
1723.0,0.8798607080673244,0.7813953488372093,0.6991963260619977,0.7402958374496035,0.7086477074869414,0.7341688654353562,0.22691407727517043,0.2658311345646438,0.8536023353577131,0.4254617414248021,0.5745382585751979,0.615,0.49,1516.0,645.0,871.0,True
1723.0,0.8972721996517702,0.746971736204576,0.7222914072229141,0.734631571713745,0.7086477074869414,0.7341526520051747,0.2268978638449889,0.26584734799482534,0.8534892883317587,0.48059508408796897,0.5194049159120311,0.555,0.46,1546.0,743.0,803.0,True
1723.0,0.8839233894370284,0.7717717717717718,0.704784130688448,0.7382779512301099,0.7086477074869414,0.7340774786605384,0.22682269050035264,0.2659225213394616,0.8529653274865113,0.43729481286933686,0.5627051871306632,0.6,0.48,1523.0,666.0,857.0,True
1723.0,0.8879860708067324,0.7346938775510204,0.7332439678284183,0.7339689226897194,0.7086477074869414,0.7339869281045751,0.22673213994438934,0.2660130718954249,0.8523345801349278,0.5124183006535947,0.4875816993464052,0.525,0.44,1530.0,784.0,746.0,True
1723.0,0.8920487521764364,0.7602836879432624,0.7115384615384616,0.7359110747408619,0.7086477074869414,0.7338972023422251,0.22664241418203934,0.2661027976577749,0.8517100014616001,0.4586857514638907,0.5413142485361093,0.58,0.47,1537.0,705.0,832.0,True
1723.0,0.8810214741729542,0.7922705314009661,0.693422519509476,0.742846525455221,0.7086477074869414,0.7338603425559947,0.22660555439580898,0.26613965744400525,0.8514535434971239,0.4090909090909091,0.5909090909090909,0.625,0.5,1518.0,621.0,897.0,True
1723.0,0.9024956471271038,0.7386215864759428,0.7290076335877863,0.7338146100318645,0.7086477074869414,0.7337620578778135,0.2265072697176277,0.26623794212218654,0.8507700589635532,0.4945337620578778,0.5054662379421222,0.535,0.455,1555.0,769.0,786.0,True
1723.0,0.8827626233313988,0.7673048600883653,0.7066508313539193,0.7369778457211422,0.7086477074869414,0.7337278106508875,0.22647302249070178,0.26627218934911245,0.8505320177984133,0.44641683103221563,0.5535831689677844,0.595,0.475,1521.0,679.0,842.0,True
1723.0,0.8914683691236216,0.7341772151898734,0.7332439678284183,0.7337105915091459,0.7086477074869414,0.7337239583333334,0.2264691701731476,0.26627604166666663,0.8505052454424322,0.5143229166666666,0.4856770833333333,0.52,0.44,1536.0,790.0,746.0,True
1723.0,0.7933836331979106,0.8106382978723404,0.693422519509476,0.7520304086909082,0.7086477074869414,0.733723482077542,0.22646869391735625,0.266276517922458,0.8505019356731481,0.34381858083394295,0.6561814191660571,0.68,0.5,1367.0,470.0,897.0,True
1723.0,0.8891468369123622,0.7268292682926829,0.7415730337078652,0.734201151000274,0.7086477074869414,0.7336814621409922,0.2264266739808064,0.26631853785900783,0.8502099621044005,0.5352480417754569,0.46475195822454307,0.505,0.425,1532.0,820.0,712.0,True
1723.0,0.897852582704585,0.7594405594405594,0.7115384615384616,0.7354895104895105,0.7086477074869414,0.733678086619263,0.22642329845907727,0.26632191338073696,0.8501865114470691,0.46218487394957986,0.5378151260504201,0.575,0.47,1547.0,715.0,832.0,True
1723.0,0.803830528148578,0.8073770491803278,0.693422519509476,0.750399784344902,0.7086477074869414,0.7335740072202166,0.22631921906003083,0.2664259927797834,0.8494637354963216,0.3523465703971119,0.6476534296028881,0.675,0.5,1385.0,488.0,897.0,True
1723.0,0.8908879860708068,0.73,0.7374149659863946,0.7337074829931973,0.7086477074869414,0.7335504885993486,0.2262957004391628,0.26644951140065143,0.849300489423264,0.5211726384364821,0.4788273615635179,0.515,0.435,1535.0,800.0,735.0,True
1723.0,0.8711549622751016,0.793046357615894,0.693422519509476,0.743234438562685,0.7086477074869414,0.7335109926715523,0.22625620451136652,0.2664890073284477,0.8490264074289028,0.40239840106595604,0.597601598934044,0.63,0.5,1501.0,604.0,897.0,True
1723.0,0.8949506674405108,0.7386215864759428,0.7283311772315654,0.7334763818537541,0.7086477074869414,0.7334630350194552,0.22620824685926944,0.2665369649805448,0.8486937144939012,0.4987029831387808,0.5012970168612192,0.535,0.45,1542.0,769.0,773.0,True
1723.0,0.8879860708067324,0.7813953488372093,0.6983050847457627,0.739850216791486,0.7086477074869414,0.7333333333333333,0.22607854517314752,0.2666666666666667,0.847794544399303,0.4215686274509804,0.5784313725490197,0.615,0.495,1530.0,645.0,885.0,True
1723.0,0.8879860708067324,0.7717717717717718,0.7037037037037037,0.7377377377377378,0.7086477074869414,0.7333333333333333,0.22607854517314752,0.2666666666666667,0.847794544399303,0.43529411764705883,0.5647058823529412,0.6,0.485,1530.0,666.0,864.0,True
1723.0,0.8833430063842136,0.7788018433179723,0.6991963260619977,0.738999084689985,0.7086477074869414,0.7332457293035479,0.22599094114336216,0.2667542706964521,0.8471877153206826,0.42772667542706966,0.5722733245729303,0.61,0.49,1522.0,651.0,871.0,True
1723.0,0.9071387115496228,0.7374517374517374,0.7290076335877863,0.7332296855197619,0.7086477074869414,0.7332053742802304,0.2259505861200446,0.26679462571976964,0.8469083120039083,0.4971209213051823,0.5028790786948176,0.53,0.455,1563.0,777.0,786.0,True
1723.0,0.8984329657573998,0.7268292682926829,0.7403846153846154,0.7336069418386492,0.7086477074869414,0.7332041343669251,0.22594934620673934,0.2667958656330749,0.8468997286393041,0.5297157622739018,0.4702842377260982,0.505,0.43,1548.0,820.0,728.0,True
1723.0,0.7829367382472432,0.8119469026548672,0.693422519509476,0.7526847110821716,0.7086477074869414,0.7331356560415122,0.22588086788132644,0.2668643439584878,0.8464258076997482,0.335063009636768,0.6649369903632321,0.685,0.5,1349.0,452.0,897.0,True
1723.0,0.8845037724898432,0.7253694581280788,0.7415730337078652,0.733471245917972,0.7086477074869414,0.7329396325459318,0.225684844385746,0.26706036745406825,0.8450705229579284,0.5328083989501312,0.4671916010498688,0.51,0.425,1524.0,812.0,712.0,True
1723.0,0.8995937318630296,0.7374517374517374,0.7283311772315654,0.7328914573416514,0.7086477074869414,0.7329032258064516,0.22564843764626585,0.2670967741935484,0.8448190298350533,0.5012903225806452,0.49870967741935485,0.53,0.45,1550.0,777.0,773.0,True
1723.0,0.8908879860708068,0.7647907647907648,0.7066508313539193,0.735720798072342,0.7086477074869414,0.7328990228013029,0.22564423464111716,0.2671009771986971,0.8447900004246703,0.4514657980456026,0.5485342019543974,0.585,0.475,1535.0,693.0,842.0,True
1723.0,0.7603017991874638,0.8184019370460048,0.693422519509476,0.7559122282777404,0.7086477074869414,0.732824427480916,0.22556963932073026,0.26717557251908397,0.8442749357433047,0.3152671755725191,0.684732824427481,0.705,0.5,1310.0,413.0,897.0,True
1723.0,0.8949506674405108,0.7346938775510204,0.7308707124010554,0.7327822949760379,0.7086477074869414,0.7328145265888456,0.22555973842865984,0.2671854734111544,0.844206593827654,0.5084306095979247,0.4915693904020752,0.525,0.445,1542.0,784.0,758.0,True
1723.0,0.8189204875217644,0.8015564202334631,0.693422519509476,0.7474894698714696,0.7086477074869414,0.7328136073706591,0.22555881921047338,0.26718639262934085,0.8442002490874748,0.3642806520198441,0.635719347980156,0.665,0.5,1411.0,514.0,897.0,True
1723.0,0.9013348810214742,0.7572815533980582,0.7115384615384616,0.7344100074682599,0.7086477074869414,0.7327752736638764,0.22552048550369064,0.2672247263361236,0.843935696354775,0.4642627173213136,0.5357372826786864,0.57,0.47,1553.0,721.0,832.0,True
1723.0,0.9013348810214742,0.744,0.7222914072229141,0.733145703611457,0.7086477074869414,0.7327752736638764,0.22552048550369064,0.2672247263361236,0.843935696354775,0.48293625241468124,0.5170637475853187,0.55,0.46,1553.0,750.0,803.0,True
1723.0,0.8926291352292514,0.725181598062954,0.7415730337078652,0.7333773158854096,0.7086477074869414,0.7327698309492848,0.22551504278909906,0.26723016905071517,0.8438981406560448,0.5370611183355006,0.46293888166449937,0.5,0.425,1538.0,826.0,712.0,True
1723.0,0.8293673824724318,0.7988721804511278,0.693422519509476,0.746147349980302,0.7086477074869414,0.7326801959412176,0.22542540778103182,0.2673198040587824,0.8432798631389906,0.3722883135059482,0.6277116864940517,0.66,0.5,1429.0,532.0,897.0,True
1723.0,0.811955890887986,0.8027888446215139,0.693422519509476,0.748105682065495,0.7086477074869414,0.7326661901358112,0.22541140197562548,0.26733380986418875,0.8431832924168449,0.3588277340957827,0.6411722659042173,0.67,0.5,1399.0,502.0,897.0,True
1723.0,0.8984329657573998,0.7341772151898734,0.7308707124010554,0.7325239637954644,0.7086477074869414,0.7325581395348837,0.22530335137469792,0.2674418604651163,0.8424386181836531,0.5103359173126615,0.4896640826873385,0.52,0.445,1548.0,790.0,758.0,True
1723.0,0.8874056877539176,0.7641921397379913,0.7066508313539193,0.7354214855459553,0.7086477074869414,0.7325049051667757,0.22525011700658992,0.2674950948332243,0.8420719533082544,0.44931327665140613,0.5506867233485938,0.59,0.475,1529.0,687.0,842.0,True
1723.0,0.893789901334881,0.7253694581280788,0.7403846153846154,0.7328770367563471,0.7086477074869414,0.7324675324675325,0.22521274430734672,0.2675324675324675,0.8418146267798883,0.5272727272727272,0.4727272727272727,0.51,0.43,1540.0,812.0,728.0,True
1723.0,0.8351712130005804,0.7970479704797048,0.693422519509476,0.7452352449945904,0.7086477074869414,0.7324530924252953,0.22519830426510956,0.2675469075747047,0.8417152203571238,0.3766504517025712,0.6233495482974287,0.655,0.5,1439.0,542.0,897.0,True
1723.0,0.9001741149158444,0.7527472527472527,0.7144592952612394,0.7336032740042461,0.7086477074869414,0.7324306898774984,0.2251759017173126,0.2675693101225016,0.8415610206350647,0.4693745970341715,0.5306254029658285,0.565,0.465,1551.0,728.0,823.0,True
1723.0,0.8914683691236216,0.7788018433179723,0.6983050847457627,0.7385534640318675,0.7086477074869414,0.732421875,0.22516708683981423,0.267578125,0.841500353737116,0.423828125,0.576171875,0.61,0.495,1536.0,651.0,885.0,True
1723.0,0.8914683691236216,0.7673048600883653,0.704784130688448,0.7360444953884067,0.7086477074869414,0.732421875,0.22516708683981423,0.267578125,0.841500353737116,0.4420572916666667,0.5579427083333334,0.595,0.48,1536.0,679.0,857.0,True
1723.0,0.7742309924550204,0.8123569794050344,0.693422519509476,0.7528897494572552,0.7086477074869414,0.732383808095952,0.22512901993576628,0.26761619190404795,0.8412384106283256,0.3275862068965517,0.6724137931034483,0.69,0.5,1334.0,437.0,897.0,True
1723.0,0.9042367962855484,0.743046357615894,0.7222914072229141,0.7326688824194041,0.7086477074869414,0.7323491655969191,0.22509437743673333,0.2676508344030809,0.8410000960346055,0.48459563543003853,0.5154043645699615,0.545,0.46,1558.0,755.0,803.0,True
1723.0,0.8868253047011028,0.7876386687797148,0.693422519509476,0.7405305941445954,0.7086477074869414,0.7323298429319371,0.22507505477175138,0.26767015706806285,0.8408671972890858,0.4129581151832461,0.5870418848167539,0.62,0.5,1528.0,631.0,897.0,True
1723.0,0.901915264074289,0.725181598062954,0.7403846153846154,0.7327831067237847,0.7086477074869414,0.7323037323037324,0.2250489441435466,0.26769626769626764,0.8406876423054602,0.5315315315315315,0.46846846846846846,0.5,0.43,1554.0,826.0,728.0,True
1723.0,0.7626233313987232,0.815347721822542,0.693422519509476,0.754385120666009,0.7086477074869414,0.7321156773211568,0.22486088916097102,0.2678843226788432,0.8393954782883976,0.317351598173516,0.682648401826484,0.7,0.5,1314.0,417.0,897.0,True
1723.0,0.9112013929193268,0.7346938775510204,0.7290076335877863,0.7318507555694034,0.7086477074869414,0.7318471337579617,0.22459234559777597,0.26815286624203827,0.8375534028230599,0.49936305732484076,0.5006369426751592,0.525,0.455,1570.0,784.0,786.0,True
1723.0,0.9024956471271038,0.7268292682926829,0.7374149659863946,0.7321221171395387,0.7086477074869414,0.7318327974276527,0.22457800926746696,0.2681672025723473,0.8374551664530242,0.5273311897106109,0.47266881028938906,0.505,0.435,1555.0,820.0,735.0,True
1723.0,0.8955310504933256,0.7673048600883653,0.7037037037037037,0.7355042818960345,0.7086477074869414,0.7316915100453661,0.22443672188518038,0.26830848995463386,0.8364875890551529,0.440051847051199,0.5599481529488011,0.595,0.485,1543.0,679.0,864.0,True
1723.0,0.8995937318630296,0.7647907647907648,0.704784130688448,0.7347874477396064,0.7086477074869414,0.7316129032258064,0.22435811506562064,0.2683870967741936,0.8359497075762307,0.4470967741935484,0.5529032258064516,0.585,0.48,1550.0,693.0,857.0,True
1723.0,0.914683691236216,0.7341772151898734,0.7290076335877863,0.7315924243888299,0.7086477074869414,0.7315989847715736,0.22434419661138782,0.2684010152284264,0.8358545008499934,0.501269035532995,0.4987309644670051,0.52,0.455,1576.0,790.0,786.0,True
1723.0,0.8972721996517702,0.73,0.7332439678284183,0.7316219839142091,0.7086477074869414,0.7315653298835705,0.22431054172338472,0.2684346701164295,0.8356243313357897,0.517464424320828,0.48253557567917205,0.515,0.44,1546.0,800.0,746.0,True
1723.0,0.8885664538595474,0.7742424242424243,0.6991963260619977,0.736719375152211,0.7086477074869414,0.7315480078380143,0.22429321967782856,0.2684519921619857,0.8355058864397943,0.4310907903331156,0.5689092096668844,0.605,0.49,1531.0,660.0,871.0,True
1723.0,0.9036564132327336,0.7346938775510204,0.7283311772315654,0.7315125273912929,0.7086477074869414,0.7315350032113038,0.22428021505111806,0.2684649967886962,0.8354169732884948,0.5035324341682723,0.4964675658317277,0.525,0.45,1557.0,784.0,773.0,True
1723.0,0.9071387115496228,0.7341772151898734,0.7283311772315654,0.7312541962107194,0.7086477074869414,0.7312859884836852,0.22403120032349944,0.2687140115163148,0.8337161097753085,0.5054382597568778,0.4945617402431222,0.52,0.45,1563.0,790.0,773.0,True
1723.0,0.8961114335461404,0.7641921397379913,0.704784130688448,0.7344881352132197,0.7086477074869414,0.7312176165803109,0.22396282842012516,0.2687823834196891,0.8332496556160802,0.44494818652849744,0.5550518134715026,0.59,0.48,1544.0,687.0,857.0,True
1723.0,0.9088798607080674,0.7404980340760158,0.7222914072229141,0.7313947206494649,0.7086477074869414,0.731162196679438,0.22390740851925228,0.26883780332056195,0.8328717381024918,0.4872286079182631,0.5127713920817369,0.54,0.46,1566.0,763.0,803.0,True
1723.0,0.897852582704585,0.7602836879432624,0.7066508313539193,0.7334672596485908,0.7086477074869414,0.7310924369747899,0.2238376488146041,0.26890756302521013,0.8323962565293089,0.4557207498383969,0.5442792501616031,0.58,0.475,1547.0,705.0,842.0,True
1723.0,0.897852582704585,0.7253694581280788,0.7374149659863946,0.7313922120572367,0.7086477074869414,0.7310924369747899,0.2238376488146041,0.26890756302521013,0.8323962565293089,0.5248868778280543,0.4751131221719457,0.51,0.435,1547.0,812.0,735.0,True
1723.0,0.7701683110853164,0.8093023255813954,0.693422519509476,0.7513624225454356,0.7086477074869414,0.7309721175584024,0.22371732939821665,0.2690278824415976,0.831576739807937,0.3240391861341371,0.6759608138658628,0.695,0.5,1327.0,430.0,897.0,True
1723.0,0.905977945443993,0.725181598062954,0.7374149659863946,0.7312982820246743,0.7086477074869414,0.7309417040358744,0.22368691587568867,0.26905829596412556,0.8313697040046429,0.5291479820627802,0.47085201793721976,0.5,0.435,1561.0,826.0,735.0,True
1723.0,0.9036564132327336,0.7647907647907648,0.7037037037037037,0.7342472342472343,0.7086477074869414,0.730892742453436,0.22363795429325029,0.26910725754656395,0.8310365031851805,0.44508670520231214,0.5549132947976878,0.585,0.485,1557.0,693.0,864.0,True
1723.0,0.9036564132327336,0.7594405594405594,0.7066508313539193,0.7330456953972393,0.7086477074869414,0.730892742453436,0.22363795429325029,0.26910725754656395,0.8310365031851805,0.4592164418754014,0.5407835581245986,0.575,0.475,1557.0,715.0,842.0,True
1723.0,0.9053975623911782,0.7527472527472527,0.7115384615384616,0.7321428571428572,0.7086477074869414,0.7307692307692307,0.22351444260904496,0.2692307692307693,0.8301965011193098,0.4666666666666667,0.5333333333333333,0.565,0.47,1560.0,728.0,832.0,True
1723.0,0.9053975623911782,0.7489823609226595,0.7144592952612394,0.7317208280919494,0.7086477074869414,0.7307692307692307,0.22351444260904496,0.2692307692307693,0.8301965011193098,0.4724358974358974,0.5275641025641026,0.56,0.465,1560.0,737.0,823.0,True
1723.0,0.8966918165989554,0.7742424242424243,0.6983050847457627,0.7362737544940935,0.7086477074869414,0.7307443365695793,0.2234895484093935,0.26925566343042073,0.8300272891646946,0.42718446601941745,0.5728155339805825,0.605,0.495,1545.0,660.0,885.0,True
1723.0,0.8920487521764364,0.7717717717717718,0.6991963260619977,0.7354840489168848,0.7086477074869414,0.730644111906311,0.2233893237461252,0.26935588809368904,0.8293463541009526,0.43331164606376055,0.5666883539362394,0.6,0.49,1537.0,666.0,871.0,True
1723.0,0.9001741149158444,0.7641921397379913,0.7037037037037037,0.7339479217208476,0.7086477074869414,0.7304964539007093,0.2232416657405235,0.2695035460992907,0.8283440755108901,0.44294003868471954,0.5570599613152805,0.59,0.485,1551.0,687.0,864.0,True
1723.0,0.9042367962855484,0.73,0.7308707124010554,0.7304353562005277,0.7086477074869414,0.730423620025674,0.2231688318654882,0.26957637997432604,0.8278500953486444,0.5134788189987163,0.4865211810012837,0.515,0.445,1558.0,800.0,758.0,True
1723.0,0.9123621590249564,0.7386215864759428,0.7222914072229141,0.7304564968494285,0.7086477074869414,0.7302798982188295,0.22302511005864378,0.26972010178117045,0.8268761155947831,0.4891857506361323,0.5108142493638677,0.535,0.46,1572.0,769.0,803.0,True
1723.0,0.8949506674405108,0.7813953488372093,0.693422519509476,0.7374089341733426,0.7086477074869414,0.7302204928664072,0.22296570470622146,0.2697795071335928,0.8264738381177726,0.4182879377431907,0.5817120622568094,0.615,0.5,1542.0,645.0,897.0,True
1723.0,0.9071387115496228,0.7572815533980582,0.7066508313539193,0.7319661923759888,0.7086477074869414,0.7300063979526551,0.22275160979246933,0.2699936020473449,0.825025512098648,0.46129238643634035,0.5387076135636596,0.57,0.475,1563.0,721.0,842.0,True
1723.0,0.9088798607080674,0.746971736204576,0.7144592952612394,0.7307155157329077,0.7086477074869414,0.7298850574712644,0.22263026931107865,0.2701149425287356,0.8242056778750573,0.47445721583652617,0.5255427841634738,0.555,0.465,1566.0,743.0,823.0,True
1723.0,0.9088798607080674,0.7268292682926829,0.7332439678284183,0.7300366180605506,0.7086477074869414,0.7298850574712644,0.22263026931107865,0.2701149425287356,0.8242056778750573,0.5236270753512133,0.4763729246487867,0.505,0.44,1566.0,820.0,746.0,True
1723.0,0.9001741149158444,0.7717717717717718,0.6983050847457627,0.7350384282587672,0.7086477074869414,0.7298517085751128,0.22259692041492707,0.27014829142488717,0.8239804858318661,0.42940038684719534,0.5705996131528046,0.6,0.495,1551.0,666.0,885.0,True
1723.0,0.9065583284968078,0.7602836879432624,0.704784130688448,0.7325339093158552,0.7086477074869414,0.7298335467349552,0.2225787585747694,0.27016645326504485,0.8238578694165634,0.4513444302176697,0.5486555697823303,0.58,0.48,1562.0,705.0,857.0,True
1723.0,0.9170052234474754,0.7374517374517374,0.7222914072229141,0.7298715723373257,0.7086477074869414,0.729746835443038,0.2224920472828522,0.270253164556962,0.8232726808124274,0.4917721518987342,0.5082278481012659,0.53,0.46,1580.0,777.0,803.0,True
1723.0,0.9123621590249564,0.7594405594405594,0.704784130688448,0.7321123450645037,0.7086477074869414,0.7296437659033079,0.22238897774312216,0.27035623409669207,0.8225775835580896,0.4548346055979644,0.5451653944020356,0.575,0.48,1572.0,715.0,857.0,True
1723.0,0.9204875217643644,0.73,0.7290076335877863,0.7295038167938932,0.7086477074869414,0.7295081967213115,0.22225340856112574,0.2704918032786885,0.8216641164987074,0.5044136191677175,0.49558638083228246,0.515,0.455,1586.0,800.0,786.0,True
1723.0,0.8984329657573998,0.7788018433179723,0.693422519509476,0.7361121814137241,0.7086477074869414,0.729328165374677,0.22207337721449127,0.27067183462532296,0.820452477155209,0.42054263565891475,0.5794573643410853,0.61,0.5,1548.0,651.0,897.0,True
1723.0,0.9129425420777714,0.73,0.7283311772315654,0.7291655886157826,0.7086477074869414,0.7291799109980928,0.221925122837907,0.27082008900190724,0.8194559113240085,0.5085823267641449,0.49141767323585506,0.515,0.45,1573.0,800.0,773.0,True
1723.0,0.9042367962855484,0.7253694581280788,0.7332439678284183,0.7293067129782486,0.7086477074869414,0.7291399229781772,0.22188513481799144,0.2708600770218228,0.8191872986882245,0.521181001283697,0.47881899871630296,0.51,0.44,1558.0,812.0,746.0,True
1723.0,0.9106210098665118,0.7602836879432624,0.7037037037037037,0.7319936958234831,0.7086477074869414,0.7291268323773104,0.2218720442171246,0.27087316762268965,0.8190993820627492,0.44933078393881454,0.5506692160611855,0.58,0.485,1569.0,705.0,864.0,True
1723.0,0.9106210098665118,0.7489823609226595,0.7115384615384616,0.7302604112305605,0.7086477074869414,0.7291268323773104,0.2218720442171246,0.27087316762268965,0.8190993820627492,0.4697259400892288,0.5302740599107711,0.56,0.47,1569.0,737.0,832.0,True
1723.0,0.8995937318630296,0.7673048600883653,0.6991963260619977,0.7332505930751815,0.7086477074869414,0.7290322580645161,0.22177746990433034,0.2709677419354839,0.818464472265981,0.43806451612903224,0.5619354838709677,0.595,0.49,1550.0,679.0,871.0,True
1723.0,0.9123621590249564,0.725181598062954,0.7332439678284183,0.7292127829456861,0.7086477074869414,0.7290076335877863,0.22175284542760054,0.2709923664122137,0.8182992324229768,0.5254452926208651,0.47455470737913485,0.5,0.44,1572.0,826.0,746.0,True
1723.0,0.9164248403946604,0.7594405594405594,0.7037037037037037,0.7315721315721315,0.7086477074869414,0.7289423685877138,0.221687580427528,0.2710576314122862,0.8178614240538943,0.45281823939202026,0.5471817606079797,0.575,0.485,1579.0,715.0,864.0,True
1723.0,0.9158444573418456,0.7572815533980582,0.704784130688448,0.7310328420432531,0.7086477074869414,0.7287705956907478,0.221515807530562,0.27122940430925224,0.8167101501944551,0.45690747782002533,0.5430925221799746,0.57,0.48,1578.0,721.0,857.0,True
1723.0,0.9158444573418456,0.7268292682926829,0.7308707124010554,0.7288499903468691,0.7086477074869414,0.7287705956907478,0.221515807530562,0.27122940430925224,0.8167101501944551,0.5196451204055766,0.4803548795944233,0.505,0.445,1578.0,820.0,758.0,True
1723.0,0.9129425420777714,0.744,0.7144592952612394,0.7292296476306197,0.7086477074869414,0.7285441830896376,0.22128939492945188,0.27145581691036236,0.8151948904543976,0.47679593134138587,0.5232040686586141,0.55,0.465,1573.0,750.0,823.0,True
1723.0,0.9210679048171794,0.7346938775510204,0.7222914072229141,0.7284926423869673,0.7086477074869414,0.7284183994959043,0.2211636113357185,0.27158160050409574,0.8143541790946295,0.49401386263390046,0.5059861373660995,0.525,0.46,1587.0,784.0,803.0,True
1723.0,0.9077190946024376,0.7673048600883653,0.6983050847457627,0.732804972417064,0.7086477074869414,0.7282608695652174,0.22100608140503164,0.2717391304347826,0.8133023795705164,0.43414322250639387,0.5658567774936062,0.595,0.495,1564.0,679.0,885.0,True
1723.0,0.9077190946024376,0.7647907647907648,0.6991963260619977,0.7319935454263813,0.7086477074869414,0.7282608695652174,0.22100608140503164,0.2717391304347826,0.8133023795705164,0.4430946291560102,0.5569053708439897,0.585,0.49,1564.0,693.0,871.0,True
1723.0,0.914103308183401,0.746971736204576,0.7115384615384616,0.7292550988715187,0.7086477074869414,0.7282539682539683,0.2209991800937825,0.27174603174603174,0.813256328616139,0.47174603174603175,0.5282539682539683,0.555,0.47,1575.0,743.0,832.0,True
1723.0,0.9245502031340684,0.7341772151898734,0.7222914072229141,0.7282343112063938,0.7086477074869414,0.7281858129315757,0.22093102477138993,0.2718141870684243,0.8128016685007488,0.49591964846202136,0.5040803515379787,0.52,0.46,1593.0,790.0,803.0,True
1723.0,0.9158444573418456,0.743046357615894,0.7144592952612394,0.7287528264385668,0.7086477074869414,0.7281368821292775,0.22088209396909175,0.2718631178707225,0.8124753945995961,0.4784537389100127,0.5215462610899874,0.545,0.465,1578.0,755.0,823.0,True
1723.0,0.9199071387115496,0.7572815533980582,0.7037037037037037,0.730492628550881,0.7086477074869414,0.7280757097791798,0.22082092161899403,0.2719242902208202,0.812067658390036,0.45488958990536277,0.5451104100946372,0.57,0.485,1585.0,721.0,864.0,True
1723.0,0.9112013929193268,0.7527472527472527,0.7066508313539193,0.729699042050586,0.7086477074869414,0.7280254777070063,0.22077068954682055,0.2719745222929937,0.811732980300956,0.4636942675159236,0.5363057324840764,0.565,0.475,1570.0,728.0,842.0,True
1723.0,0.9112013929193268,0.7253694581280788,0.7308707124010554,0.7281200852645671,0.7086477074869414,0.7280254777070063,0.22077068954682055,0.2719745222929937,0.811732980300956,0.5171974522292994,0.48280254777070064,0.51,0.445,1570.0,812.0,758.0,True
1723.0,0.9193267556587348,0.725181598062954,0.7308707124010554,0.7280261552320046,0.7086477074869414,0.7279040404040404,0.22064925224385468,0.27209595959595956,0.8109243980377399,0.5214646464646465,0.47853535353535354,0.5,0.445,1584.0,826.0,758.0,True
1723.0,0.9320951828206616,0.7268292682926829,0.7290076335877863,0.7279184509402346,0.7086477074869414,0.727895392278954,0.22064060411876818,0.27210460772104605,0.810866842596663,0.5105853051058531,0.48941469489414696,0.505,0.455,1606.0,820.0,786.0,True
1723.0,0.9042367962855484,0.7641921397379913,0.6991963260619977,0.7316942328999945,0.7086477074869414,0.7278562259306803,0.22060143777049457,0.27214377406931967,0.8106062265246002,0.44094993581514763,0.5590500641848524,0.59,0.49,1558.0,687.0,871.0,True
1723.0,0.9036564132327336,0.7742424242424243,0.693422519509476,0.7338324718759501,0.7086477074869414,0.7276814386640976,0.22042665050391186,0.2723185613359024,0.8094440915910159,0.4238921001926782,0.5761078998073218,0.605,0.5,1557.0,660.0,897.0,True
1723.0,0.9245502031340684,0.7268292682926829,0.7283311772315654,0.7275802227621242,0.7086477074869414,0.7275580665411174,0.22030327838093167,0.27244193345888257,0.8086247061309313,0.514752040175769,0.485247959824231,0.505,0.45,1593.0,820.0,773.0,True
1723.0,0.9158444573418456,0.7647907647907648,0.6983050847457627,0.7315479247682637,0.7086477074869414,0.7275031685678074,0.22024838040762162,0.2724968314321926,0.8082603355423883,0.4391634980988593,0.5608365019011406,0.585,0.495,1578.0,693.0,885.0,True
1723.0,0.9274521183981428,0.7253694581280788,0.7290076335877863,0.7271885458579326,0.7086477074869414,0.7271589486858573,0.21990416052567152,0.2728410513141427,0.8059790103670254,0.5081351689612015,0.4918648310387985,0.51,0.455,1598.0,812.0,786.0,True
1723.0,0.9123621590249564,0.7641921397379913,0.6983050847457627,0.731248612241877,0.7086477074869414,0.7270992366412213,0.21984444848103557,0.27290076335877866,0.805583853175263,0.43702290076335876,0.5629770992366412,0.59,0.495,1572.0,687.0,885.0,True
1723.0,0.9355774811375508,0.725181598062954,0.7290076335877863,0.7270946158253702,0.7086477074869414,0.7270471464019851,0.21979235824179932,0.2729528535980149,0.8052392761040466,0.5124069478908189,0.48759305210918114,0.5,0.455,1612.0,826.0,786.0,True
1723.0,0.9204875217643644,0.7404980340760158,0.7144592952612394,0.7274786646686275,0.7086477074869414,0.7269861286254728,0.21973134046528708,0.27301387137452715,0.8048358105726219,0.4810844892812106,0.5189155107187894,0.54,0.465,1586.0,763.0,823.0,True
1723.0,0.918165989553105,0.744,0.7115384615384616,0.7277692307692307,0.7086477074869414,0.7269279393173198,0.21967315115713404,0.2730720606826802,0.8044512155800602,0.4740834386852086,0.5259165613147914,0.55,0.47,1582.0,750.0,832.0,True
1723.0,0.9199071387115496,0.7527472527472527,0.704784130688448,0.7287656917178504,0.7086477074869414,0.726813880126183,0.2195590919659972,0.273186119873817,0.8036978308686041,0.45930599369085173,0.5406940063091482,0.565,0.48,1585.0,728.0,857.0,True
1723.0,0.9199071387115496,0.7253694581280788,0.7283311772315654,0.7268503176798221,0.7086477074869414,0.726813880126183,0.2195590919659972,0.273186119873817,0.8036978308686041,0.5123028391167193,0.48769716088328074,0.51,0.45,1585.0,812.0,773.0,True
1723.0,0.9071387115496228,0.7717717717717718,0.693422519509476,0.732597145640624,0.7086477074869414,0.7268074216250799,0.21955263346489418,0.27319257837492006,0.8036551899429264,0.42610364683301344,0.5738963531669866,0.6,0.5,1563.0,666.0,897.0,True
1723.0,0.9280325014509576,0.725181598062954,0.7283311772315654,0.7267563876472597,0.7086477074869414,0.7267041901188243,0.2194494019586385,0.27329580988117574,0.8029738986999152,0.5165728580362726,0.4834271419637273,0.5,0.45,1599.0,826.0,773.0,True
1723.0,0.9210679048171794,0.743046357615894,0.7115384615384616,0.7272924095771778,0.7086477074869414,0.7265280403276623,0.2192732521674765,0.2734719596723377,0.8018125603451273,0.47574039067422813,0.5242596093257719,0.545,0.47,1587.0,755.0,832.0,True
1723.0,0.914683691236216,0.7602836879432624,0.6991963260619977,0.7297400070026301,0.7086477074869414,0.7265228426395939,0.21926805447940811,0.2734771573604061,0.8017783152193669,0.4473350253807107,0.5526649746192893,0.58,0.49,1576.0,705.0,871.0,True
1723.0,0.9164248403946604,0.7489823609226595,0.7066508313539193,0.7278165961382894,0.7086477074869414,0.7264091196960102,0.21915433153582442,0.2735908803039898,0.8010293738311732,0.4667511082963901,0.5332488917036099,0.56,0.475,1579.0,737.0,842.0,True
1723.0,0.9204875217643644,0.7594405594405594,0.6991963260619977,0.7293184427512786,0.7086477074869414,0.7263556116015133,0.21910082344132753,0.2736443883984867,0.8006772027141602,0.45081967213114754,0.5491803278688525,0.575,0.49,1586.0,715.0,871.0,True
1723.0,0.930354033662217,0.73,0.7222914072229141,0.726145703611457,0.7086477074869414,0.72613849033063,0.21888370217044428,0.27386150966936995,0.7992496004082509,0.4990642545227698,0.5009357454772302,0.515,0.46,1603.0,800.0,803.0,True
1723.0,0.9239698200812536,0.7527472527472527,0.7037037037037037,0.7282254782254782,0.7086477074869414,0.7261306532663316,0.21887586510614587,0.27386934673366836,0.7991981129563858,0.457286432160804,0.542713567839196,0.565,0.485,1592.0,728.0,864.0,True
1723.0,0.9239698200812536,0.7386215864759428,0.7144592952612394,0.7265404408685912,0.7086477074869414,0.7261306532663316,0.21887586510614587,0.27386934673366836,0.7991981129563858,0.48304020100502515,0.5169597989949749,0.535,0.465,1592.0,769.0,823.0,True
1723.0,0.922809053975624,0.7602836879432624,0.6983050847457627,0.7292943863445125,0.7086477074869414,0.7257861635220125,0.21853137536182676,0.27421383647798747,0.7969378138195057,0.44339622641509435,0.5566037735849056,0.58,0.495,1590.0,705.0,885.0,True
1723.0,0.9286128845037724,0.7594405594405594,0.6983050847457627,0.7288728220931611,0.7086477074869414,0.725625,0.2183702118398142,0.27437500000000004,0.7958823210562703,0.446875,0.553125,0.575,0.495,1600.0,715.0,885.0,True
1723.0,0.9286128845037724,0.7374517374517374,0.7144592952612394,0.7259555163564884,0.7086477074869414,0.725625,0.2183702118398142,0.27437500000000004,0.7958823210562703,0.485625,0.514375,0.53,0.465,1600.0,777.0,823.0,True
1723.0,0.9199071387115496,0.746971736204576,0.7066508313539193,0.7268112837792476,0.7086477074869414,0.7255520504731862,0.2182972623130004,0.27444794952681384,0.7954049672784038,0.46876971608832807,0.5312302839116719,0.555,0.475,1585.0,743.0,842.0,True
1723.0,0.9239698200812536,0.7572815533980582,0.6991963260619977,0.728238939730028,0.7086477074869414,0.7255025125628141,0.2182477244026283,0.27449748743718594,0.7950809548031675,0.4528894472361809,0.5471105527638191,0.57,0.49,1592.0,721.0,871.0,True
1723.0,0.9257109692396982,0.7404980340760158,0.7115384615384616,0.7260182478072387,0.7086477074869414,0.7253918495297805,0.21813706136959476,0.27460815047021947,0.7943575636632503,0.47836990595611284,0.5216300940438872,0.54,0.47,1595.0,763.0,832.0,True
1723.0,0.914683691236216,0.7673048600883653,0.693422519509476,0.7303636897989206,0.7086477074869414,0.725253807106599,0.21799901894641327,0.27474619289340096,0.793456013532442,0.43083756345177665,0.5691624365482234,0.595,0.5,1576.0,679.0,897.0,True
1723.0,0.9251305861868834,0.7489823609226595,0.704784130688448,0.7268832458055537,0.7086477074869414,0.7252195734002509,0.21796478524006513,0.2747804265997491,0.7932325745951228,0.4623588456712672,0.5376411543287327,0.56,0.48,1594.0,737.0,857.0,True
1723.0,0.9320951828206616,0.7572815533980582,0.6983050847457627,0.7277933190719105,0.7086477074869414,0.7247820672478207,0.21752727908763492,0.2752179327521793,0.790381923562764,0.4489414694894147,0.5510585305105853,0.57,0.495,1606.0,721.0,885.0,True
1723.0,0.9419616947185142,0.7268292682926829,0.7222914072229141,0.7245603377577985,0.7086477074869414,0.7245841035120147,0.21732931535182898,0.27541589648798526,0.7890950309083186,0.5052372150338879,0.49476278496611215,0.505,0.46,1623.0,820.0,803.0,True
1723.0,0.9291932675565874,0.7489823609226595,0.7037037037037037,0.7263430323131816,0.7086477074869414,0.7245471580262336,0.21729236986604783,0.2754528419737664,0.7888550661123415,0.4603372891942536,0.5396627108057465,0.56,0.485,1601.0,737.0,864.0,True
1723.0,0.9291932675565874,0.7386215864759428,0.7115384615384616,0.7250800240072022,0.7086477074869414,0.7245471580262336,0.21729236986604783,0.2754528419737664,0.7888550661123415,0.4803247970018738,0.5196752029981262,0.535,0.47,1601.0,769.0,832.0,True
1723.0,0.922809053975624,0.7647907647907648,0.693422519509476,0.7291066421501204,0.7086477074869414,0.7245283018867924,0.21727351372660664,0.2754716981132076,0.788732618322613,0.4358490566037736,0.5641509433962264,0.585,0.5,1590.0,693.0,897.0,True
1723.0,0.9286128845037724,0.746971736204576,0.704784130688448,0.725877933446512,0.7086477074869414,0.724375,0.21712021183981423,0.275625,0.787737730031072,0.464375,0.535625,0.555,0.48,1600.0,743.0,857.0,True
1723.0,0.9326755658734764,0.7346938775510204,0.7144592952612394,0.72457658640613,0.7086477074869414,0.7243310516490354,0.21707626348884967,0.27566894835096456,0.7874527210532312,0.4878655880522713,0.5121344119477287,0.525,0.465,1607.0,784.0,823.0,True
1723.0,0.9239698200812536,0.744,0.7066508313539193,0.7253254156769596,0.7086477074869414,0.7242462311557789,0.21699144299559314,0.2757537688442211,0.7869029094509893,0.47110552763819097,0.5288944723618091,0.55,0.475,1592.0,750.0,842.0,True
1723.0,0.9361578641903656,0.7341772151898734,0.7144592952612394,0.7243182552255565,0.7086477074869414,0.7241165530068195,0.21686176484663378,0.27588344699318046,0.7860629813429668,0.4897706137631742,0.5102293862368258,0.52,0.465,1613.0,790.0,823.0,True
1723.0,0.9193267556587348,0.7641921397379913,0.693422519509476,0.7288073296237336,0.7086477074869414,0.7241161616161617,0.2168613734559759,0.27588383838383834,0.7860604474925992,0.4337121212121212,0.5662878787878788,0.59,0.5,1584.0,687.0,897.0,True
1723.0,0.9338363319791062,0.7374517374517374,0.7115384615384616,0.7244950994950995,0.7086477074869414,0.7240522063393412,0.21679741817915543,0.2759477936606588,0.7856464996627501,0.4829086389061529,0.5170913610938471,0.53,0.47,1609.0,777.0,832.0,True
1723.0,0.926871735345328,0.743046357615894,0.7066508313539193,0.7248485944849066,0.7086477074869414,0.7238572323105823,0.21660244415039653,0.2761427676894177,0.7843857217872635,0.47276142767689416,0.5272385723231058,0.545,0.475,1597.0,755.0,842.0,True
1723.0,0.9373186302959954,0.7253694581280788,0.7222914072229141,0.7238304326754965,0.7086477074869414,0.7238390092879257,0.2165842211277399,0.27616099071207434,0.7842679756082958,0.5027863777089784,0.4972136222910217,0.51,0.46,1615.0,812.0,803.0,True
1723.0,0.9454439930354034,0.725181598062954,0.7222914072229141,0.7237365026429341,0.7086477074869414,0.7237569060773481,0.21650211791716234,0.2762430939226519,0.7837376668601278,0.5070595457335789,0.49294045426642114,0.5,0.46,1629.0,826.0,803.0,True
1723.0,0.9326755658734764,0.746971736204576,0.7037037037037037,0.7253377199541399,0.7086477074869414,0.7237087741132545,0.21645398595306875,0.2762912258867455,0.7834269266364448,0.46235220908525204,0.537647790914748,0.555,0.485,1607.0,743.0,864.0,True
1723.0,0.9280325014509576,0.7527472527472527,0.6991963260619977,0.7259717894046251,0.7086477074869414,0.7235772357723578,0.216322447612172,0.2764227642276422,0.7825782663616813,0.45528455284552843,0.5447154471544715,0.565,0.49,1599.0,728.0,871.0,True
1723.0,0.9326755658734764,0.744,0.704784130688448,0.724392065344224,0.7086477074869414,0.7230864965774736,0.21583170841728783,0.2769135034225264,0.7794192256777114,0.46670815183571873,0.5332918481642813,0.55,0.48,1607.0,750.0,857.0,True
1723.0,0.9361578641903656,0.7527472527472527,0.6983050847457627,0.7255261687465078,0.7086477074869414,0.7228766274023558,0.21562183924217004,0.2771233725976442,0.7780716480931101,0.4513329200247985,0.5486670799752015,0.565,0.495,1613.0,728.0,885.0,True
1723.0,0.9297736506094022,0.7602836879432624,0.693422519509476,0.7268531037263692,0.7086477074869414,0.7228464419475655,0.21559165378737977,0.27715355805243447,0.777877994070681,0.4400749063670412,0.5599250936329588,0.58,0.5,1602.0,705.0,897.0,True
1723.0,0.9378990133488102,0.7346938775510204,0.7115384615384616,0.723116169544741,0.7086477074869414,0.7227722772277227,0.21551748906753698,0.27722772277227725,0.7774023712793298,0.48514851485148514,0.5148514851485149,0.525,0.47,1616.0,784.0,832.0,True
1723.0,0.9315147997678468,0.7404980340760158,0.7066508313539193,0.7235744327149676,0.7086477074869414,0.7227414330218068,0.21548664486162106,0.2772585669781932,0.777204640455959,0.4753894080996885,0.5246105919003116,0.54,0.475,1605.0,763.0,842.0,True
1723.0,0.9355774811375508,0.7594405594405594,0.693422519509476,0.7264315394750177,0.7086477074869414,0.7227047146401985,0.2154499264800127,0.2772952853598015,0.7769693098115894,0.4435483870967742,0.5564516129032258,0.575,0.5,1612.0,715.0,897.0,True
1723.0,0.9355774811375508,0.743046357615894,0.704784130688448,0.723915244152171,0.7086477074869414,0.7227047146401985,0.2154499264800127,0.2772952853598015,0.7769693098115894,0.4683622828784119,0.5316377171215881,0.545,0.48,1612.0,755.0,857.0,True
1723.0,0.9413813116656994,0.7341772151898734,0.7115384615384616,0.7228578383641675,0.7086477074869414,0.7225647348951911,0.21530994673500536,0.27743526510480887,0.7760727413426194,0.4870530209617756,0.5129469790382244,0.52,0.47,1622.0,790.0,832.0,True
1723.0,0.9367382472431804,0.744,0.7037037037037037,0.7238518518518519,0.7086477074869414,0.7224287484510533,0.21517396029086755,0.2775712515489467,0.7752026158693309,0.4646840148698885,0.5353159851301115,0.55,0.485,1614.0,750.0,864.0,True
1723.0,0.9419616947185142,0.73,0.7144592952612394,0.7222296476306197,0.7086477074869414,0.7221195317313617,0.2148647435711759,0.2778804682686383,0.7732272257561386,0.4929143561306223,0.5070856438693777,0.515,0.465,1623.0,800.0,823.0,True
1723.0,0.9396401625072548,0.743046357615894,0.7037037037037037,0.7233750306597988,0.7086477074869414,0.7220506485484868,0.214795860388301,0.2779493514515132,0.7727877732636875,0.4663372452130945,0.5336627547869055,0.545,0.485,1619.0,755.0,864.0,True
1723.0,0.9332559489262914,0.7489823609226595,0.6991963260619977,0.7240893434923286,0.7086477074869414,0.7220149253731343,0.2147601372129485,0.2779850746268657,0.7725599566855059,0.4583333333333333,0.5416666666666666,0.56,0.49,1608.0,737.0,871.0,True
1723.0,0.934997098084736,0.7386215864759428,0.7066508313539193,0.722636208914931,0.7086477074869414,0.7219118559900682,0.21465706782988248,0.27808814400993176,0.7719029827543318,0.47734326505276226,0.5226567349472377,0.535,0.475,1611.0,769.0,842.0,True
1723.0,0.93905977945444,0.7572815533980582,0.693422519509476,0.7253520364537671,0.7086477074869414,0.7218788627935723,0.2146240746333865,0.2781211372064277,0.771692783904043,0.44561186650185414,0.5543881334981459,0.57,0.5,1618.0,721.0,897.0,True
1723.0,0.9402205455600696,0.7404980340760158,0.704784130688448,0.7226410823822319,0.7086477074869414,0.721604938271605,0.21435015011141922,0.278395061728395,0.7699495414201756,0.47098765432098766,0.5290123456790123,0.54,0.48,1620.0,763.0,857.0,True
1723.0,0.9396401625072548,0.7374517374517374,0.7066508313539193,0.7220512844028284,0.7086477074869414,0.721432983323039,0.2141781951628532,0.27856701667696104,0.7688569799748545,0.47992588017294624,0.5200741198270538,0.53,0.475,1619.0,777.0,842.0,True
1723.0,0.9413813116656994,0.7489823609226595,0.6983050847457627,0.7236437228342111,0.7086477074869414,0.7213316892725031,0.21407690111231736,0.27866831072749687,0.7682140123986257,0.45437731196054254,0.5456226880394575,0.56,0.495,1622.0,737.0,885.0,True
1723.0,0.9367382472431804,0.746971736204576,0.6991963260619977,0.7230840311332869,0.7086477074869414,0.7211895910780669,0.21393480291788114,0.2788104089219331,0.767312826465467,0.4603469640644362,0.5396530359355638,0.555,0.49,1614.0,743.0,871.0,True
1723.0,0.9442832269297736,0.7404980340760158,0.7037037037037037,0.7221008688898598,0.7086477074869414,0.720958819913952,0.2137040317537663,0.27904118008604795,0.7658512327387175,0.46896127842655194,0.5310387215734481,0.54,0.485,1627.0,763.0,864.0,True
1723.0,0.9437028438769588,0.7386215864759428,0.704784130688448,0.7217028585821954,0.7086477074869414,0.7207872078720787,0.21353241971189296,0.27921279212792127,0.7647658908624184,0.47293972939729395,0.527060270602706,0.535,0.48,1626.0,769.0,857.0,True
1723.0,0.9535693557748114,0.7268292682926829,0.7144592952612394,0.7206442817769612,0.7086477074869414,0.7206329884357882,0.2133782002756024,0.27936701156421184,0.7637916842109252,0.4990870359099209,0.5009129640900791,0.505,0.465,1643.0,820.0,823.0,True
1723.0,0.947185142193848,0.73,0.7115384615384616,0.7207692307692308,0.7086477074869414,0.7205882352941176,0.21333344713393187,0.27941176470588236,0.7635091792161772,0.49019607843137253,0.5098039215686274,0.515,0.47,1632.0,800.0,832.0,True
1723.0,0.9448636099825886,0.746971736204576,0.6983050847457627,0.7226384104751693,0.7086477074869414,0.7205159705159705,0.21326118235578473,0.2794840294840295,0.7630531975279505,0.4563882063882064,0.5436117936117936,0.555,0.495,1628.0,743.0,885.0,True
1723.0,0.9483459082994776,0.7374517374517374,0.704784130688448,0.7211179340700927,0.7086477074869414,0.7203182374541004,0.21306344929391463,0.2796817625458996,0.7618067311734279,0.4755201958384333,0.5244798041615667,0.53,0.48,1634.0,777.0,857.0,True
1723.0,0.9437028438769588,0.7346938775510204,0.7066508313539193,0.7206723544524698,0.7086477074869414,0.7201722017220172,0.21291741356183147,0.27982779827798276,0.7608872845088747,0.4821648216482165,0.5178351783517835,0.525,0.475,1626.0,784.0,842.0,True
1723.0,0.9477655252466628,0.7386215864759428,0.7037037037037037,0.7211626450898232,0.7086477074869414,0.7201469687691365,0.21289218060895077,0.27985303123086347,0.7607285140796861,0.4709124311083895,0.5290875688916106,0.535,0.485,1633.0,769.0,864.0,True
1723.0,0.943122460824144,0.7527472527472527,0.693422519509476,0.7230848861283643,0.7086477074869414,0.72,0.2127452118398142,0.28,0.7598043279993364,0.448,0.552,0.565,0.5,1625.0,728.0,897.0,True
1723.0,0.947185142193848,0.7341772151898734,0.7066508313539193,0.7204140232718963,0.7086477074869414,0.7199754901960784,0.21272070203589266,0.2800245098039216,0.7596502969859449,0.4840686274509804,0.5159313725490197,0.52,0.475,1632.0,790.0,842.0,True
1723.0,0.9408009286128846,0.744,0.6991963260619977,0.7215981630309989,0.7086477074869414,0.7199259716224553,0.21267118346226954,0.2800740283775447,0.7593391814809228,0.4626773596545342,0.5373226403454657,0.55,0.49,1621.0,750.0,871.0,True
1723.0,0.9489262913522926,0.7253694581280788,0.7144592952612394,0.7199143766946592,0.7086477074869414,0.7198776758409786,0.21262288768079285,0.2801223241590214,0.7590358544936601,0.4966360856269113,0.5033639143730887,0.51,0.465,1635.0,812.0,823.0,True
1723.0,0.9570516540917006,0.725181598062954,0.7144592952612394,0.7198204466620968,0.7086477074869414,0.7198302001212856,0.21257541196109986,0.2801697998787144,0.7587377799217612,0.5009096422073984,0.4990903577926016,0.5,0.465,1649.0,826.0,823.0,True
1723.0,0.9524085896691816,0.7374517374517374,0.7037037037037037,0.7205777205777206,0.7086477074869414,0.7196831200487508,0.21242833188856503,0.2803168799512492,0.7578149839763809,0.473491773308958,0.526508226691042,0.53,0.485,1641.0,777.0,864.0,True
1723.0,0.9437028438769588,0.743046357615894,0.6991963260619977,0.7211213418389458,0.7086477074869414,0.7195571955719557,0.21230240741176998,0.28044280442804426,0.7570256895867061,0.46432964329643295,0.535670356703567,0.545,0.49,1626.0,755.0,871.0,True
1723.0,0.9489262913522926,0.744,0.6983050847457627,0.7211525423728813,0.7086477074869414,0.7192660550458716,0.21201126688568583,0.2807339449541284,0.7552035323705804,0.45871559633027525,0.5412844036697247,0.55,0.495,1635.0,750.0,885.0,True
1723.0,0.958792803250145,0.7268292682926829,0.7115384615384616,0.7191838649155722,0.7086477074869414,0.7191283292978208,0.211873541137635,0.2808716707021792,0.7543428662917522,0.4963680387409201,0.5036319612590799,0.505,0.47,1652.0,820.0,832.0,True
1723.0,0.9524085896691816,0.7346938775510204,0.704784130688448,0.7197390041197342,0.7086477074869414,0.7190737355271176,0.21181894736693185,0.2809262644728824,0.7540019362887965,0.47775746496039,0.52224253503961,0.525,0.48,1641.0,784.0,857.0,True
1723.0,0.9518282066163668,0.743046357615894,0.6983050847457627,0.7206757211808283,0.7086477074869414,0.7189024390243902,0.21164765086420445,0.2810975609756098,0.7529330746579073,0.4603658536585366,0.5396341463414634,0.545,0.495,1640.0,755.0,885.0,True
1723.0,0.9558908879860708,0.7341772151898734,0.704784130688448,0.7194806729391607,0.7086477074869414,0.718882817243473,0.21162802908328726,0.281117182756527,0.7528107211666829,0.47965998785670916,0.5203400121432908,0.52,0.48,1647.0,790.0,857.0,True
1723.0,0.9483459082994776,0.7489823609226595,0.693422519509476,0.7212024402160677,0.7086477074869414,0.7184822521419829,0.21122746398179715,0.2815177478580171,0.7503166872744709,0.4510403916768666,0.5489596083231334,0.56,0.5,1634.0,737.0,897.0,True
1723.0,0.9483459082994776,0.7404980340760158,0.6991963260619977,0.7198471800690067,0.7086477074869414,0.7184822521419829,0.21122746398179715,0.2815177478580171,0.7503166872744709,0.4669522643818849,0.533047735618115,0.54,0.49,1634.0,763.0,871.0,True
1723.0,0.9564712710388856,0.7346938775510204,0.7037037037037037,0.719198790627362,0.7086477074869414,0.7184466019417476,0.21119181378156182,0.2815533980582524,0.7500950627414092,0.47572815533980584,0.5242718446601942,0.525,0.485,1648.0,784.0,864.0,True
1723.0,0.9541497388276262,0.7253694581280788,0.7115384615384616,0.7184539598332702,0.7086477074869414,0.7183698296836983,0.21111504152351257,0.28163017031630166,0.7496179876126452,0.49391727493917276,0.5060827250608273,0.51,0.47,1644.0,812.0,832.0,True
1723.0,0.9622751015670342,0.725181598062954,0.7115384615384616,0.7183600298007078,0.7086477074869414,0.718335343787696,0.21108055562751027,0.28166465621230397,0.749403771371332,0.49819059107358266,0.5018094089264173,0.5,0.47,1658.0,826.0,832.0,True
1723.0,0.9599535693557748,0.7341772151898734,0.7037037037037037,0.7189404594467885,0.7086477074869414,0.7182587666263603,0.21100397846617458,0.28174123337363965,0.7489282840838042,0.47762998790810157,0.5223700120918985,0.52,0.485,1654.0,790.0,864.0,True
1723.0,0.9529889727219966,0.73,0.7066508313539193,0.7183254156769596,0.7086477074869414,0.718026796589525,0.21077200842933919,0.28197320341047505,0.7474894985766197,0.48721071863581,0.51278928136419,0.515,0.475,1642.0,800.0,842.0,True
1723.0,0.9564712710388856,0.7404980340760158,0.6983050847457627,0.7194015594108892,0.7086477074869414,0.7178398058252428,0.210585017665057,0.28216019417475724,0.7463314174451914,0.46298543689320387,0.5370145631067961,0.54,0.495,1648.0,763.0,885.0,True
1723.0,0.9518282066163668,0.746971736204576,0.693422519509476,0.720197127857026,0.7086477074869414,0.7176829268292683,0.2104281386690825,0.28231707317073174,0.7453610095405945,0.4530487804878049,0.5469512195121952,0.555,0.5,1640.0,743.0,897.0,True
1723.0,0.9518282066163668,0.7386215864759428,0.6991963260619977,0.7189089562689702,0.7086477074869414,0.7176829268292683,0.2104281386690825,0.28231707317073174,0.7453610095405945,0.4689024390243902,0.5310975609756098,0.535,0.49,1640.0,769.0,871.0,True
1723.0,0.9564712710388856,0.7374517374517374,0.6991963260619977,0.7183240317568675,0.7086477074869414,0.7172330097087378,0.20997822154855206,0.2827669902912622,0.7425839251330767,0.47148058252427183,0.5285194174757282,0.53,0.49,1648.0,777.0,871.0,True
1723.0,0.9599535693557748,0.7386215864759428,0.6983050847457627,0.7184633356108527,0.7086477074869414,0.717049576783555,0.2097947886233692,0.28295042321644504,0.7414542315877192,0.4649334945586457,0.5350665054413543,0.535,0.495,1654.0,769.0,885.0,True
1723.0,0.9616947185142194,0.73,0.704784130688448,0.7173920653442241,0.7086477074869414,0.7169583584791792,0.20970357031899345,0.2830416415208208,0.7408929979074033,0.4828002414001207,0.5171997585998793,0.515,0.48,1657.0,800.0,857.0,True
1723.0,0.9645966337782936,0.7374517374517374,0.6983050847457627,0.7178784110987501,0.7086477074869414,0.7166064981949458,0.20935171003476005,0.2833935018050542,0.7387315118424016,0.4675090252707581,0.5324909747292419,0.53,0.495,1662.0,777.0,885.0,True
1723.0,0.9645966337782936,0.7268292682926829,0.7066508313539193,0.7167400498233011,0.7086477074869414,0.7166064981949458,0.20935171003476005,0.2833935018050542,0.7387315118424016,0.49338146811071,0.50661853188929,0.505,0.475,1662.0,820.0,842.0,True
1723.0,0.9558908879860708,0.744,0.693422519509476,0.718711259754738,0.7086477074869414,0.7164541590771099,0.2091993709169241,0.28354584092289015,0.7377973531052975,0.4553734061930783,0.5446265938069217,0.55,0.5,1647.0,750.0,897.0,True
1723.0,0.9657573998839234,0.73,0.7037037037037037,0.7168518518518519,0.7086477074869414,0.7163461538461539,0.2090913656859681,0.28365384615384615,0.7371356620793451,0.4807692307692308,0.5192307692307693,0.515,0.485,1664.0,800.0,864.0,True
1723.0,0.958792803250145,0.743046357615894,0.693422519509476,0.718234438562685,0.7086477074869414,0.7161016949152542,0.20884690675506845,0.2838983050847458,0.735639850659644,0.4570217917675545,0.5429782082324455,0.545,0.5,1652.0,755.0,897.0,True
1723.0,0.9605339524085896,0.7346938775510204,0.6991963260619977,0.716945101806509,0.7086477074869414,0.716012084592145,0.20875729643195928,0.28398791540785495,0.7350921821167928,0.47371601208459213,0.5262839879154079,0.525,0.49,1655.0,784.0,871.0,True
1723.0,0.9599535693557748,0.7253694581280788,0.7066508313539193,0.716010144740999,0.7086477074869414,0.7158403869407497,0.20858559878056393,0.2841596130592503,0.7340437880490484,0.4909310761789601,0.5090689238210399,0.51,0.475,1654.0,812.0,842.0,True
1723.0,0.9640162507254788,0.7341772151898734,0.6991963260619977,0.7166867706259356,0.7086477074869414,0.715833835039133,0.20857904687894724,0.284166164960867,0.734003806919346,0.47561709813365444,0.5243829018663456,0.52,0.49,1661.0,790.0,871.0,True
1723.0,0.9680789320951828,0.725181598062954,0.7066508313539193,0.7159162147084366,0.7086477074869414,0.7158273381294964,0.20857254996931063,0.2841726618705036,0.7339641631831437,0.4952038369304556,0.5047961630695443,0.5,0.475,1668.0,826.0,842.0,True
1723.0,0.9733023795705166,0.7268292682926829,0.704784130688448,0.7158066994905654,0.7086477074869414,0.7155635062611807,0.20830871810099494,0.2844364937388193,0.7323558076632464,0.48896839594514013,0.5110316040548599,0.505,0.48,1677.0,820.0,857.0,True
1723.0,0.9686593151479976,0.7346938775510204,0.6983050847457627,0.7164994811483916,0.7086477074869414,0.7153984421809467,0.20814365402076096,0.2846015578190533,0.7313510706540002,0.46974236069502695,0.530257639304973,0.525,0.495,1669.0,784.0,885.0,True
1723.0,0.9721416134648868,0.7341772151898734,0.6983050847457627,0.7162411499678181,0.7086477074869414,0.7152238805970149,0.20796909243682915,0.2847761194029851,0.7302897900035404,0.4716417910447761,0.5283582089552239,0.52,0.495,1675.0,790.0,885.0,True
1723.0,0.963435867672664,0.7404980340760158,0.693422519509476,0.7169602767927459,0.7086477074869414,0.7150602409638555,0.2078054528036697,0.28493975903614455,0.7292960922919487,0.45963855421686745,0.5403614457831325,0.54,0.5,1660.0,763.0,897.0,True
1723.0,0.9773650609402206,0.7268292682926829,0.7037037037037037,0.7152664859981933,0.7086477074869414,0.7149643705463183,0.20770958238613257,0.28503562945368166,0.7287144515380153,0.48693586698337293,0.5130641330166271,0.505,0.485,1684.0,820.0,864.0,True
1723.0,0.9686593151479976,0.7253694581280788,0.704784130688448,0.7150767944082634,0.7086477074869414,0.7147992810065907,0.20754449284640497,0.28520071899340926,0.7277137784887602,0.4865188735769922,0.5134811264230078,0.51,0.48,1669.0,812.0,857.0,True
1723.0,0.9767846778874056,0.725181598062954,0.704784130688448,0.714982864375701,0.7086477074869414,0.714795008912656,0.20754022075247025,0.285204991087344,0.727687899013349,0.49079025549613786,0.5092097445038621,0.5,0.48,1683.0,826.0,857.0,True
1723.0,0.9669181659895532,0.7386215864759428,0.693422519509476,0.7160220529927094,0.7086477074869414,0.7142857142857143,0.20703092612552854,0.2857142857142857,0.7246082414393499,0.4615846338535414,0.5384153661464586,0.535,0.5,1666.0,769.0,897.0,True
1723.0,0.9808473592571096,0.725181598062954,0.7037037037037037,0.7144426508833288,0.7086477074869414,0.7142011834319527,0.20694639527176695,0.2857988165680473,0.7240981532283358,0.4887573964497041,0.5112426035502958,0.5,0.485,1690.0,826.0,864.0,True
1723.0,0.9727219965177016,0.7253694581280788,0.7037037037037037,0.7145365809158912,0.7086477074869414,0.714200477326969,0.20694568916678324,0.285799522673031,0.724093893619058,0.48448687350835323,0.5155131264916468,0.51,0.485,1676.0,812.0,864.0,True
1723.0,0.9698200812536274,0.73,0.6991963260619977,0.7145981630309988,0.7086477074869414,0.7139437462597247,0.2066889580995389,0.2860562537402753,0.722546545992321,0.47875523638539796,0.521244763614602,0.515,0.49,1671.0,800.0,871.0,True
1723.0,0.971561230412072,0.7374517374517374,0.693422519509476,0.7154371284806067,0.7086477074869414,0.7138590203106332,0.20660423215044743,0.2861409796893668,0.7220365023378893,0.46415770609318996,0.53584229390681,0.53,0.5,1674.0,777.0,897.0,True
1723.0,0.9779454439930354,0.73,0.6983050847457627,0.7141525423728814,0.7086477074869414,0.713353115727003,0.20609832756681723,0.286646884272997,0.7189972711181927,0.47477744807121663,0.5252225519287834,0.515,0.495,1685.0,800.0,885.0,True
1723.0,0.975623911781776,0.7346938775510204,0.693422519509476,0.7140581985302482,0.7086477074869414,0.7126710291493159,0.20541624098913014,0.2873289708506841,0.7149165654300782,0.46638905413444376,0.5336109458655562,0.525,0.5,1681.0,784.0,897.0,True
1723.0,0.9814277423099246,0.7268292682926829,0.6991963260619977,0.7130127971773403,0.7086477074869414,0.7125960969840331,0.20534130882384738,0.28740390301596686,0.7144694510722757,0.48492016558249557,0.5150798344175045,0.505,0.49,1691.0,820.0,871.0,True
1723.0,0.9791062100986652,0.7341772151898734,0.693422519509476,0.7137998673496747,0.7086477074869414,0.7125074096028453,0.20525262144265954,0.2874925903971547,0.7139405615953952,0.46828689982216953,0.5317131001778305,0.52,0.5,1687.0,790.0,897.0,True
1723.0,0.9895531050493326,0.7268292682926829,0.6983050847457627,0.7125671765192227,0.7086477074869414,0.7120234604105572,0.20476867225037143,0.2879765395894428,0.7110602569997623,0.4809384164222874,0.5190615835777126,0.505,0.495,1705.0,820.0,885.0,True
1723.0,0.9849100406268136,0.725181598062954,0.6991963260619977,0.7121889620624758,0.7086477074869414,0.7118444313494402,0.20458964318925443,0.2881555686505598,0.7099971871005415,0.48674130819092515,0.5132586918090748,0.5,0.49,1697.0,826.0,871.0,True
1723.0,0.9767846778874056,0.7253694581280788,0.6991963260619977,0.7122828920950383,0.7086477074869414,0.7118241235888295,0.20456933542864375,0.2881758764111705,0.7098766835596031,0.48247177658942364,0.5175282234105764,0.51,0.49,1683.0,812.0,871.0,True
1723.0,0.9930354033662218,0.725181598062954,0.6983050847457627,0.7117433414043584,0.7086477074869414,0.7112799532437172,0.2040251650835314,0.2887200467562828,0.7066539624654298,0.4827586206896552,0.5172413793103449,0.5,0.495,1711.0,826.0,885.0,True
1723.0,0.9849100406268136,0.7253694581280788,0.6983050847457627,0.7118372714369208,0.7086477074869414,0.7112551561579258,0.20400036799774002,0.2887448438420742,0.7065073969227854,0.47849145550972305,0.521508544490277,0.51,0.495,1697.0,812.0,885.0,True
1723.0,0.9849100406268136,0.73,0.693422519509476,0.7117112597547379,0.7086477074869414,0.7106658809664114,0.2034110928062256,0.28933411903358863,0.7030318217763033,0.4714201532115498,0.5285798467884502,0.515,0.5,1697.0,800.0,897.0,True
1723.0,0.9965177016831108,0.7268292682926829,0.693422519509476,0.7101258939010795,0.7086477074869414,0.7093768200349446,0.20212203187475886,0.2906231799650554,0.6954780134848916,0.4775771694816541,0.5224228305183459,0.505,0.5,1717.0,820.0,897.0,True
1723.0,1.0,0.725181598062954,0.693422519509476,0.709302058786215,0.7086477074869414,0.7086477074869414,0.20139291932675563,0.2913522925130586,0.6912350597609561,0.4793964016250725,0.5206035983749274,0.5,0.5,1723.0,826.0,897.0,True
1723.0,0.991874637260592,0.7253694581280788,0.693422519509476,0.7093959888187774,0.7086477074869414,0.708601521357519,0.2013467331973332,0.29139847864248103,0.690967002076792,0.4751316559391457,0.5248683440608543,0.51,0.5,1709.0,812.0,897.0,True
1723.0,0.3993035403366222,0.8518518518518519,0.8598901098901099,0.8558709808709809,0.7086477074869414,0.8561046511627907,0.3488498630026049,0.14389534883720934,2.4243303610686073,0.47093023255813954,0.5290697674418605,0.75,0.25,688.0,324.0,364.0,False
1723.0,0.4033662217063262,0.8518518518518519,0.8571428571428571,0.8544973544973544,0.7086477074869414,0.8546762589928057,0.34742147083262,0.14532374100719425,2.390672497313573,0.46618705035971225,0.5338129496402878,0.75,0.255,695.0,324.0,371.0,False
1723.0,0.4103308183401045,0.8518518518518519,0.856396866840731,0.8541243593462915,0.7086477074869414,0.8543140028288543,0.3470592146686685,0.14568599717114572,2.382241405541248,0.4582743988684583,0.5417256011315418,0.75,0.26,707.0,324.0,383.0,False
1723.0,0.4051073708647707,0.8473053892215568,0.8598901098901099,0.8535977495558333,0.7086477074869414,0.8538681948424068,0.34661340668222107,0.14613180515759316,2.3719231163155907,0.4785100286532951,0.5214899713467048,0.745,0.25,698.0,334.0,364.0,False
1723.0,0.4091700522344748,0.8473053892215568,0.8571428571428571,0.852224123182207,0.7086477074869414,0.8524822695035461,0.34522748134336034,0.1475177304964539,2.3402439841064333,0.47375886524822697,0.526241134751773,0.745,0.255,705.0,334.0,371.0,False
1723.0,0.416134648868253,0.8473053892215568,0.856396866840731,0.8518511280311439,0.7086477074869414,0.8521617852161785,0.3449069970559927,0.14783821478382153,2.3330029895202515,0.46582984658298465,0.5341701534170153,0.745,0.26,717.0,334.0,383.0,False
1723.0,0.4178757980266976,0.8426966292134831,0.8598901098901099,0.8512933695517966,0.7086477074869414,0.8513888888888889,0.3441341007287031,0.14861111111111114,2.3156687151837962,0.49444444444444446,0.5055555555555555,0.735,0.25,720.0,356.0,364.0,False
1723.0,0.4132327336041788,0.8419540229885057,0.8598901098901099,0.8509220664393078,0.7086477074869414,0.851123595505618,0.34386880734543224,0.148876404494382,2.309760290848564,0.4887640449438202,0.5112359550561798,0.74,0.25,712.0,348.0,364.0,False
1723.0,0.4219384793964016,0.8426966292134831,0.8571428571428571,0.8499197431781701,0.7086477074869414,0.8500687757909215,0.3428139876307358,0.14993122420907845,2.2864749450233472,0.4896836313617607,0.5103163686382394,0.735,0.255,727.0,356.0,371.0,False
1723.0,0.4289030760301799,0.8426966292134831,0.856396866840731,0.8495467480271071,0.7086477074869414,0.8497970230040596,0.3425422348438738,0.15020297699594043,2.2805289328794847,0.4817320703653586,0.5182679296346414,0.735,0.26,739.0,356.0,383.0,False
1723.0,0.4172954149738828,0.8419540229885057,0.8571428571428571,0.8495484400656814,0.7086477074869414,0.8497913769123783,0.3425365887521925,0.15020862308762173,2.2804056232669105,0.48400556328233657,0.5159944367176634,0.74,0.255,719.0,348.0,371.0,False
1723.0,0.4248403946604759,0.8396739130434783,0.8598901098901099,0.8497820114667941,0.7086477074869414,0.8497267759562842,0.34247198779609844,0.1502732240437158,2.278995409697674,0.5027322404371585,0.4972677595628415,0.73,0.25,732.0,368.0,364.0,False
1723.0,0.4242600116076611,0.8419540229885057,0.856396866840731,0.8491754449146184,0.7086477074869414,0.8495212038303693,0.34226641567018357,0.15047879616963067,2.274515907771856,0.47606019151846785,0.5239398084815321,0.74,0.26,731.0,348.0,383.0,False
1723.0,0.4149738827626233,0.8518518518518519,0.8465473145780051,0.8491995832149285,0.7086477074869414,0.848951048951049,0.34169626079086324,0.151048951048951,2.2621558006061786,0.45314685314685316,0.5468531468531469,0.75,0.265,715.0,324.0,391.0,False
1723.0,0.4289030760301799,0.8396739130434783,0.8571428571428571,0.8484083850931676,0.7086477074869414,0.8484438430311232,0.3411890548709374,0.1515561569688768,2.2512384959787752,0.4979702300405954,0.5020297699594046,0.73,0.255,739.0,368.0,371.0,False
1723.0,0.4358676726639582,0.8396739130434783,0.856396866840731,0.8480353899421047,0.7086477074869414,0.848202396804261,0.34094760864407525,0.15179760319573898,2.246067141155268,0.49001331557922767,0.5099866844207723,0.73,0.26,751.0,368.0,383.0,False
1723.0,0.4207777132907719,0.8473053892215568,0.8465473145780051,0.8469263518997809,0.7086477074869414,0.8468965517241379,0.33964176356395215,0.1531034482758621,2.2183808881429306,0.4606896551724138,0.5393103448275862,0.745,0.265,725.0,334.0,391.0,False
1723.0,0.4213580963435868,0.8518518518518519,0.8407960199004975,0.8463239358761747,0.7086477074869414,0.8457300275482094,0.3384752393880236,0.15426997245179064,2.1940448553187957,0.4462809917355372,0.5537190082644629,0.75,0.27,726.0,324.0,402.0,False
1723.0,0.4428322692977365,0.8320802005012531,0.8598901098901099,0.8459851551956815,0.7086477074869414,0.8453473132372215,0.3380925250770357,0.15465268676277855,2.186140649438798,0.5229357798165137,0.47706422018348627,0.715,0.25,763.0,399.0,364.0,False
1723.0,0.4312246082414393,0.8311345646437994,0.8598901098901099,0.8455123372669546,0.7086477074869414,0.845222072678331,0.3379672845181453,0.15477792732166895,2.183562542582451,0.5100942126514132,0.4899057873485868,0.725,0.25,743.0,379.0,364.0,False
1723.0,0.4335461404526988,0.8426966292134831,0.8465473145780051,0.8446219718957442,0.7086477074869414,0.8447121820615796,0.33745739390139384,0.1552878179384204,2.173109252106389,0.47657295850066933,0.5234270414993306,0.735,0.265,747.0,356.0,391.0,False
1723.0,0.4370284387695879,0.8303341902313625,0.8598901098901099,0.8451121500607361,0.7086477074869414,0.8446215139442231,0.33736672578403737,0.15537848605577687,2.1712576454306,0.5166002656042497,0.48339973439575035,0.72,0.25,753.0,389.0,364.0,False
1723.0,0.4289030760301799,0.8419540229885057,0.8465473145780051,0.8442506687832554,0.7086477074869414,0.8443843031123139,0.3371295149521282,0.15561569688768606,2.1664235786923713,0.4709066305818674,0.5290933694181326,0.74,0.265,739.0,348.0,391.0,False
1723.0,0.4468949506674405,0.8320802005012531,0.8571428571428571,0.844611528822055,0.7086477074869414,0.8441558441558441,0.33690105599565834,0.1558441558441559,2.1617817759721403,0.5181818181818182,0.4818181818181818,0.715,0.255,770.0,399.0,371.0,False
1723.0,0.4352872896111434,0.8311345646437994,0.8571428571428571,0.8441387108933283,0.7086477074869414,0.844,0.3367452118398142,0.15600000000000003,2.1586231528193216,0.5053333333333333,0.49466666666666664,0.725,0.255,750.0,379.0,371.0,False
1723.0,0.4538595473012188,0.8320802005012531,0.856396866840731,0.8442385336709921,0.7086477074869414,0.8439897698209718,0.3367349816607861,0.15601023017902815,2.1584160299896284,0.510230179028133,0.489769820971867,0.715,0.26,782.0,399.0,383.0,False
1723.0,0.4422518862449216,0.8311345646437994,0.856396866840731,0.8437657157422652,0.7086477074869414,0.8438320209973753,0.33657723283718954,0.1561679790026247,2.155225642201163,0.4973753280839895,0.5026246719160105,0.725,0.26,762.0,379.0,383.0,False
1723.0,0.4271619268717353,0.8473053892215568,0.8407960199004975,0.8440507045610272,0.7086477074869414,0.84375,0.33649521183981423,0.15625,2.153569355774811,0.453804347826087,0.5461956521739131,0.745,0.27,736.0,334.0,402.0,False
1723.0,0.4410911201392919,0.8303341902313625,0.8571428571428571,0.8437385236871098,0.7086477074869414,0.843421052631579,0.3361662644713932,0.15657894736842104,2.1469442100694023,0.5118421052631579,0.4881578947368421,0.72,0.255,760.0,389.0,371.0,False
1723.0,0.4480557167730702,0.8303341902313625,0.856396866840731,0.8433655285360467,0.7086477074869414,0.8432642487046632,0.33600946054447745,0.1567357512953368,2.1437958970275752,0.5038860103626943,0.4961139896373057,0.72,0.26,772.0,389.0,383.0,False
1723.0,0.4405107370864771,0.8396739130434783,0.8465473145780051,0.8431106138107417,0.7086477074869414,0.8432147562582345,0.33595996809804873,0.1567852437417655,2.1428034940035205,0.48484848484848486,0.5151515151515151,0.73,0.265,759.0,368.0,391.0,False
1723.0,0.4277423099245502,0.8518518518518519,0.8353510895883777,0.8436014707201147,0.7086477074869414,0.8426051560379919,0.33535036787780614,0.1573948439620081,2.130631216602959,0.4396200814111262,0.5603799185888738,0.75,0.275,737.0,324.0,413.0,False
1723.0,0.4457341845618108,0.8267326732673267,0.8598901098901099,0.8433113915787183,0.7086477074869414,0.8424479166666666,0.33519312850648086,0.15755208333333337,2.1275067991155145,0.5260416666666666,0.4739583333333333,0.71,0.25,768.0,404.0,364.0,False
1723.0,0.4399303540336622,0.8426966292134831,0.8407960199004975,0.8417463245569903,0.7086477074869414,0.841688654353562,0.33443386619337623,0.158311345646438,2.11250725478816,0.46965699208443273,0.5303430079155673,0.735,0.27,758.0,356.0,402.0,False
1723.0,0.4352872896111434,0.8419540229885057,0.8407960199004975,0.8413750214445016,0.7086477074869414,0.8413333333333334,0.3340785451731476,0.15866666666666662,2.1055370494105947,0.464,0.536,0.74,0.27,750.0,348.0,402.0,False
1723.0,0.4497968659315148,0.8267326732673267,0.8571428571428571,0.8419377652050919,0.7086477074869414,0.8412903225806452,0.3340355344204594,0.15870967741935482,2.1046954404541145,0.5212903225806451,0.47870967741935483,0.71,0.255,775.0,404.0,371.0,False
1723.0,0.4567614625652931,0.8267326732673267,0.856396866840731,0.8415647700540289,0.7086477074869414,0.841168996188056,0.3339142080278702,0.15883100381194404,2.1023238537434716,0.5133418043202033,0.4866581956797967,0.71,0.26,787.0,404.0,383.0,False
1723.0,0.4335461404526988,0.8473053892215568,0.8353510895883777,0.8413282394049673,0.7086477074869414,0.8406961178045516,0.3334413296443658,0.15930388219544844,2.0931149012129517,0.44712182061579653,0.5528781793842035,0.745,0.275,747.0,334.0,413.0,False
1723.0,0.4468949506674405,0.8396739130434783,0.8407960199004975,0.8402349664719879,0.7086477074869414,0.8402597402597403,0.3330049520995545,0.15974025974025974,2.084665147289894,0.4779220779220779,0.522077922077922,0.73,0.27,770.0,368.0,402.0,False
1723.0,0.4347069065583285,0.8518518518518519,0.8305882352941176,0.8412200435729847,0.7086477074869414,0.8397863818424566,0.3325315936822708,0.16021361815754342,2.075551363900173,0.4325767690253672,0.5674232309746329,0.75,0.28,749.0,324.0,425.0,False
1723.0,0.4585026117237377,0.8320802005012531,0.8465473145780051,0.8393137575396291,0.7086477074869414,0.839240506329114,0.3319857181689282,0.16075949367088604,2.065108010657113,0.5050632911392405,0.49493670886075947,0.715,0.265,790.0,399.0,391.0,False
1723.0,0.4468949506674405,0.8311345646437994,0.8465473145780051,0.8388409396109022,0.7086477074869414,0.8389610389610389,0.33170625080085314,0.1610389610389611,2.05978881545691,0.4922077922077922,0.5077922077922078,0.725,0.265,770.0,379.0,391.0,False
1723.0,0.4463145676146257,0.8426966292134831,0.8353510895883777,0.8390238594009304,0.7086477074869414,0.8387516254876463,0.3314968373274605,0.16124837451235374,2.0558150637485246,0.46293888166449937,0.5370611183355006,0.735,0.275,769.0,356.0,413.0,False
1723.0,0.4526987811955891,0.8303341902313625,0.8465473145780051,0.8384407524046837,0.7086477074869414,0.8384615384615385,0.3312067503013527,0.16153846153846152,2.050327501865517,0.4987179487179487,0.5012820512820513,0.72,0.265,780.0,389.0,391.0,False
1723.0,0.4416715031921068,0.8419540229885057,0.8353510895883777,0.8386525562884417,0.7086477074869414,0.8383705650459922,0.3311157768858064,0.16162943495400783,2.0486106195942986,0.45729303547963207,0.5427069645203679,0.74,0.275,761.0,348.0,413.0,False
1723.0,0.4405107370864771,0.8473053892215568,0.8305882352941176,0.8389468122578372,0.7086477074869414,0.8379446640316206,0.33068987587143484,0.1620553359683794,2.040598502328611,0.4400527009222661,0.5599472990777339,0.745,0.28,759.0,334.0,425.0,False
1723.0,0.4509576320371445,0.8184019370460048,0.8598901098901099,0.8391460234680574,0.7086477074869414,0.8378378378378378,0.33058304967765206,0.16216216216216217,2.0385954730121876,0.5315315315315315,0.46846846846846846,0.705,0.25,777.0,413.0,364.0,False
1723.0,0.4393499709808474,0.8518518518518519,0.8267898383371824,0.8393208450945171,0.7086477074869414,0.8375165125495376,0.33026172438935186,0.16248348745046237,2.0325863850629213,0.42800528401585203,0.571994715984148,0.75,0.285,757.0,324.0,433.0,False
1723.0,0.4463145676146257,0.8518518518518519,0.8269662921348314,0.8394090719933416,0.7086477074869414,0.8374512353706112,0.3301964472104254,0.16254876462938883,2.031368543238537,0.4213263979193758,0.5786736020806242,0.75,0.29,769.0,324.0,445.0,False
1723.0,0.4532791642484039,0.8396739130434783,0.8353510895883777,0.8375125013159279,0.7086477074869414,0.8373879641485276,0.3301331759883418,0.16261203585147244,2.0301890586369686,0.471190781049936,0.528809218950064,0.73,0.275,781.0,368.0,413.0,False
1723.0,0.4550203134068485,0.8184019370460048,0.8571428571428571,0.837772397094431,0.7086477074869414,0.8367346938775511,0.3294799057173653,0.16326530612244894,2.018064422518863,0.5267857142857143,0.4732142857142857,0.705,0.255,784.0,413.0,371.0,False
1723.0,0.4619849100406268,0.8184019370460048,0.856396866840731,0.8373994019433679,0.7086477074869414,0.8366834170854272,0.3294286289252414,0.16331658291457285,2.0171168355730167,0.5188442211055276,0.48115577889447236,0.705,0.26,796.0,413.0,383.0,False
1723.0,0.461404526987812,0.8267326732673267,0.8465473145780051,0.8366399939226659,0.7086477074869414,0.8364779874213837,0.3292231992611979,0.16352201257861632,2.0133264877896337,0.5081761006289308,0.4918238993710692,0.71,0.265,795.0,404.0,391.0,False
1723.0,0.4648868253047011,0.8320802005012531,0.8407960199004975,0.8364381102008753,0.7086477074869414,0.83645443196005,0.3291996437998642,0.16354556803995002,2.0128924785014606,0.49812734082397003,0.50187265917603,0.715,0.27,801.0,399.0,402.0,False
1723.0,0.4532791642484039,0.815347721822542,0.8598901098901099,0.837618915856326,0.7086477074869414,0.8361075544174136,0.3288527662572278,0.16389244558258642,2.0065157066163666,0.5339308578745199,0.4660691421254802,0.7,0.25,781.0,417.0,364.0,False
1723.0,0.4532791642484039,0.8426966292134831,0.8305882352941176,0.8366424322538004,0.7086477074869414,0.8361075544174136,0.3288527662572278,0.16389244558258642,2.0065157066163666,0.4558258642765685,0.5441741357234315,0.735,0.28,781.0,356.0,425.0,False
1723.0,0.4532791642484039,0.8311345646437994,0.8407960199004975,0.8359652922721484,0.7086477074869414,0.8361075544174136,0.3288527662572278,0.16389244558258642,2.0065157066163666,0.4852752880921895,0.5147247119078106,0.725,0.27,781.0,379.0,402.0,False
1723.0,0.4451538015089959,0.8473053892215568,0.8267898383371824,0.8370476137793696,0.7086477074869414,0.8357235984354628,0.3284688102752771,0.16427640156453716,1.999488710167758,0.43546284224250326,0.5645371577574967,0.745,0.285,767.0,334.0,433.0,False
1723.0,0.4486360998258851,0.8419540229885057,0.8305882352941176,0.8362711291413116,0.7086477074869414,0.8357050452781372,0.3284502571179514,0.16429495472186284,1.999149990174618,0.4501940491591203,0.5498059508408797,0.74,0.28,773.0,348.0,425.0,False
1723.0,0.4521183981427742,0.8473053892215568,0.8269662921348314,0.8371358406781941,0.7086477074869414,0.8356867779204108,0.32843198976022503,0.1643132220795892,1.9988165626813696,0.4287548138639281,0.5712451861360719,0.745,0.29,779.0,334.0,445.0,False
1723.0,0.4590829947765525,0.8303341902313625,0.8407960199004975,0.83556510506593,0.7086477074869414,0.8356510745891277,0.3283962864289419,0.16434892541087232,1.9981650966561004,0.4917825537294564,0.5082174462705437,0.72,0.27,791.0,389.0,402.0,False
1723.0,0.4509576320371445,0.8518518518518519,0.8233995584988962,0.837625705175374,0.7086477074869414,0.8352638352638353,0.32800904710364953,0.1647361647361647,1.991117418746373,0.416988416988417,0.583011583011583,0.75,0.295,777.0,324.0,453.0,False
1723.0,0.457341845618108,0.815347721822542,0.8571428571428571,0.8362452894826995,0.7086477074869414,0.8350253807106599,0.32777059255047414,0.1649746192893401,1.986794053305951,0.5291878172588832,0.47081218274111675,0.7,0.255,788.0,417.0,371.0,False
1723.0,0.4643064422518862,0.815347721822542,0.856396866840731,0.8358722943316366,0.7086477074869414,0.835,0.3277452118398142,0.16500000000000004,1.9863346172109948,0.52125,0.47875,0.7,0.26,800.0,417.0,383.0,False
1723.0,0.4602437608821822,0.8396739130434783,0.8305882352941176,0.835131074168798,0.7086477074869414,0.8348045397225725,0.32754975156238675,0.16519546027742749,1.9828011678547535,0.4640605296343001,0.5359394703656999,0.73,0.28,793.0,368.0,425.0,False
1723.0,0.4544399303540337,0.8518518518518519,0.8213507625272332,0.8366013071895425,0.7086477074869414,0.8339719029374202,0.3267171147772344,0.16602809706257982,1.9678423143890351,0.41379310344827586,0.5862068965517241,0.75,0.3,783.0,324.0,459.0,False
1723.0,0.4579222286709228,0.8426966292134831,0.8267898383371824,0.8347432337753328,0.7086477074869414,0.8339670468948035,0.32671225873461773,0.1660329531051965,1.9677555125313992,0.4512040557667934,0.5487959442332065,0.735,0.285,789.0,356.0,433.0,False
1723.0,0.4648868253047011,0.8123569794050344,0.8598901098901099,0.8361235446475721,0.7086477074869414,0.8339575530586767,0.3267027648984909,0.1660424469413233,1.9675858246894082,0.5455680399500624,0.4544319600499376,0.69,0.25,801.0,437.0,364.0,False
1723.0,0.4648868253047011,0.8426966292134831,0.8269662921348314,0.8348314606741573,0.7086477074869414,0.8339575530586767,0.3267027648984909,0.1660424469413233,1.9675858246894082,0.4444444444444444,0.5555555555555556,0.735,0.29,801.0,356.0,445.0,False
1723.0,0.4677887405687754,0.8267326732673267,0.8407960199004975,0.8337643465839121,0.7086477074869414,0.8337468982630273,0.3264921101028415,0.16625310173697272,1.963825677185748,0.5012406947890818,0.4987593052109181,0.71,0.27,806.0,404.0,402.0,False
1723.0,0.4712710388856645,0.8320802005012531,0.8353510895883777,0.8337156450448153,0.7086477074869414,0.833743842364532,0.32648905420434626,0.16625615763546797,1.963771200103179,0.49137931034482757,0.5086206896551724,0.715,0.275,812.0,399.0,413.0,False
1723.0,0.4532791642484039,0.8419540229885057,0.8267898383371824,0.8343719306628441,0.7086477074869414,0.8335467349551856,0.32629194679499984,0.1664532650448144,1.9602616188222677,0.44558258642765686,0.5544174135723432,0.74,0.285,781.0,348.0,433.0,False
1723.0,0.4567614625652931,0.8473053892215568,0.8233995584988962,0.8353524738602265,0.7086477074869414,0.8335451080050826,0.32629031984489687,0.16645489199491736,1.9602326848697245,0.4243964421855146,0.5756035578144854,0.745,0.295,787.0,334.0,453.0,False
1723.0,0.4602437608821822,0.8419540229885057,0.8269662921348314,0.8344601575616686,0.7086477074869414,0.8335435056746532,0.3262887175144674,0.16645649432534682,1.9602041893103985,0.43883984867591425,0.5611601513240857,0.74,0.29,793.0,348.0,445.0,False
1723.0,0.473592571096924,0.8119469026548672,0.8598901098901099,0.8359185062724885,0.7086477074869414,0.8333333333333334,0.3260785451731476,0.16666666666666663,1.956471271038886,0.553921568627451,0.44607843137254904,0.685,0.25,816.0,452.0,364.0,False
1723.0,0.4596633778293674,0.8311345646437994,0.8353510895883777,0.8332428271160885,0.7086477074869414,0.8333333333333334,0.3260785451731476,0.16666666666666663,1.956471271038886,0.47853535353535354,0.5214646464646465,0.725,0.275,792.0,379.0,413.0,False
1723.0,0.4759141033081834,0.8123569794050344,0.856396866840731,0.8343769231228827,0.7086477074869414,0.8329268292682926,0.3256720411081069,0.16707317073170735,1.9492779102820992,0.5329268292682927,0.46707317073170734,0.69,0.26,820.0,437.0,383.0,False
1723.0,0.4689495066744051,0.8123569794050344,0.8571428571428571,0.8347499182739457,0.7086477074869414,0.8329207920792079,0.3256660039190221,0.16707920792079212,1.9491713419745913,0.5408415841584159,0.4591584158415842,0.69,0.255,808.0,437.0,371.0,False
1723.0,0.465467208357516,0.8303341902313625,0.8353510895883777,0.8328426399098701,0.7086477074869414,0.8329177057356608,0.32566291757547505,0.16708229426433918,1.949116864892022,0.4850374064837905,0.5149625935162094,0.72,0.275,802.0,389.0,413.0,False
1723.0,0.4718514219384794,0.8396739130434783,0.8269662921348314,0.8333201025891548,0.7086477074869414,0.8327183271832719,0.3254635390230861,0.16728167281672812,1.9456018913659492,0.45264452644526443,0.5473554735547356,0.73,0.29,813.0,368.0,445.0,False
1723.0,0.4648868253047011,0.8396739130434783,0.8267898383371824,0.8332318756903303,0.7086477074869414,0.83270911360799,0.3254543254478043,0.16729088639200995,1.9454396618185916,0.45942571785268416,0.5405742821473158,0.73,0.285,801.0,368.0,433.0,False
1723.0,0.4608241439349971,0.8093023255813954,0.8598901098901099,0.8345962177357527,0.7086477074869414,0.8324937027707808,0.32523891461059506,0.16750629722921917,1.941651866171522,0.5415617128463476,0.45843828715365237,0.695,0.25,794.0,430.0,364.0,False
1723.0,0.4846198491004063,0.8119469026548672,0.856396866840731,0.8341718847477991,0.7086477074869414,0.8323353293413174,0.3250805411811316,0.16766467065868262,1.9388732277588923,0.5413173652694611,0.45868263473053894,0.685,0.26,835.0,452.0,383.0,False
1723.0,0.477655252466628,0.8119469026548672,0.8571428571428571,0.8345448798988622,0.7086477074869414,0.8323207776427703,0.3250659894825846,0.16767922235722965,1.938618183653385,0.5492102065613609,0.4507897934386391,0.685,0.255,823.0,452.0,371.0,False
1723.0,0.4602437608821822,0.8473053892215568,0.8213507625272332,0.834328075874395,0.7086477074869414,0.832282471626734,0.3250276834665482,0.16771752837326603,1.9379470149546827,0.42118537200504413,0.5788146279949559,0.745,0.3,793.0,334.0,459.0,False
1723.0,0.4840394660475914,0.8106382978723404,0.8598901098901099,0.8352642038812252,0.7086477074869414,0.8321342925659473,0.3248795044057615,0.1678657074340527,1.9353536191028942,0.5635491606714629,0.4364508393285372,0.68,0.25,834.0,470.0,364.0,False
1723.0,0.4666279744631457,0.8184019370460048,0.8465473145780051,0.832474625812005,0.7086477074869414,0.832089552238806,0.3248347640786202,0.16791044776119401,1.934571483846005,0.513681592039801,0.486318407960199,0.705,0.265,804.0,413.0,391.0,False
1723.0,0.46952988972722,0.8426966292134831,0.8233995584988962,0.8330480938561897,0.7086477074869414,0.8318912237330037,0.32463643557281796,0.16810877626699627,1.9311093851353658,0.4400494437577256,0.5599505562422744,0.735,0.295,809.0,356.0,453.0,False
1723.0,0.465467208357516,0.8518518518518519,0.8179916317991632,0.8349217418255075,0.7086477074869414,0.8316708229426434,0.3244160347824576,0.16832917705735662,1.9272715547817112,0.40399002493765584,0.5960099750623441,0.75,0.305,802.0,324.0,478.0,False
1723.0,0.4718514219384794,0.8093023255813954,0.856396866840731,0.8328495962110631,0.7086477074869414,0.8314883148831488,0.324233526722963,0.16851168511685122,1.9241011476333494,0.5289052890528906,0.4710947109471095,0.695,0.26,813.0,430.0,383.0,False
1723.0,0.4648868253047011,0.8093023255813954,0.8571428571428571,0.8332225913621263,0.7086477074869414,0.8314606741573034,0.32420588599711764,0.1685393258426966,1.923621590249565,0.5368289637952559,0.4631710362047441,0.695,0.255,801.0,430.0,371.0,False
1723.0,0.4648868253047011,0.8419540229885057,0.8233995584988962,0.8326767907437009,0.7086477074869414,0.8314606741573034,0.32420588599711764,0.1685393258426966,1.923621590249565,0.4344569288389513,0.5655430711610487,0.74,0.295,801.0,348.0,453.0,False
1723.0,0.4782356355194428,0.8320802005012531,0.8305882352941176,0.8313342178976854,0.7086477074869414,0.8313106796116505,0.32405589145146474,0.1686893203883495,1.9210219752230717,0.4842233009708738,0.5157766990291263,0.715,0.28,824.0,399.0,425.0,False
1723.0,0.4950667440510737,0.8106382978723404,0.856396866840731,0.8335175823565357,0.7086477074869414,0.8311840562719812,0.32392926811179545,0.16881594372801878,1.9188310118011214,0.5509964830011723,0.4490035169988277,0.68,0.26,853.0,470.0,383.0,False
1723.0,0.4881021474172954,0.8106382978723404,0.8571428571428571,0.8338905775075988,0.7086477074869414,0.83115338882283,0.3238986006626442,0.16884661117717004,1.9183008673048152,0.558858501783591,0.441141498216409,0.68,0.255,841.0,470.0,371.0,False
1723.0,0.4741729541497388,0.8267326732673267,0.8353510895883777,0.8310418814278522,0.7086477074869414,0.8310893512851897,0.3238345631250039,0.16891064871481032,1.9171944787907835,0.4944920440636475,0.5055079559363526,0.71,0.275,817.0,404.0,413.0,False
1723.0,0.4666279744631457,0.8311345646437994,0.8305882352941176,0.8308613999689585,0.7086477074869414,0.8308457711442786,0.32359098298409283,0.1691542288557214,1.912993752347137,0.47139303482587064,0.5286069651741293,0.725,0.28,804.0,379.0,425.0,False
1723.0,0.4764944863609983,0.8396739130434783,0.8233995584988962,0.8315367357711873,0.7086477074869414,0.830694275274056,0.32343948711387027,0.16930572472594396,1.9103871864783273,0.4482338611449452,0.5517661388550548,0.73,0.295,821.0,368.0,453.0,False
1723.0,0.4730121880441091,0.8426966292134831,0.8213507625272332,0.8320236958703582,0.7086477074869414,0.8306748466257668,0.3234200584655811,0.16932515337423315,1.9100532438365836,0.4368098159509202,0.5631901840490797,0.735,0.3,815.0,356.0,459.0,False
1723.0,0.4724318049912943,0.8303341902313625,0.8305882352941176,0.83046121276274,0.7086477074869414,0.8304668304668305,0.3232120423066447,0.16953316953316955,1.9064826263594836,0.47788697788697787,0.5221130221130221,0.72,0.28,814.0,389.0,425.0,False
1723.0,0.4689495066744051,0.815347721822542,0.8465473145780051,0.8309475182002736,0.7086477074869414,0.8304455445544554,0.32319075639426964,0.1695544554455446,1.9061177457413854,0.5160891089108911,0.4839108910891089,0.7,0.265,808.0,417.0,391.0,False
1723.0,0.4683691236215902,0.8419540229885057,0.8213507625272332,0.8316523927578694,0.7086477074869414,0.8302354399008675,0.3229806517406817,0.16976456009913254,1.902521065362994,0.4312267657992565,0.5687732342007435,0.74,0.3,807.0,348.0,459.0,False
1723.0,0.4712710388856645,0.8473053892215568,0.8179916317991632,0.83264851051036,0.7086477074869414,0.8300492610837439,0.3227944729235581,0.16995073891625612,1.8993413914052844,0.41133004926108374,0.5886699507389163,0.745,0.305,812.0,334.0,478.0,False
1723.0,0.4944863609982589,0.8073770491803278,0.8598901098901099,0.8336335795352189,0.7086477074869414,0.82981220657277,0.32255741841258423,0.17018779342723,1.8953028999139436,0.5727699530516432,0.4272300469483568,0.675,0.25,852.0,488.0,364.0,False
1723.0,0.4799767846778874,0.8396739130434783,0.8213507625272332,0.8305123377853557,0.7086477074869414,0.8295042321644498,0.32224944400426403,0.1704957678355502,1.8900729800817468,0.4449818621523579,0.5550181378476421,0.73,0.3,827.0,368.0,459.0,False
1723.0,0.4730121880441091,0.8184019370460048,0.8407960199004975,0.8295989784732511,0.7086477074869414,0.8294478527607362,0.3221930646005504,0.17055214723926382,1.8891176089888386,0.5067484662576687,0.49325153374233127,0.705,0.27,815.0,413.0,402.0,False
1723.0,0.48984329657574,0.8320802005012531,0.8269662921348314,0.8295232463180422,0.7086477074869414,0.8293838862559242,0.3221290980957384,0.17061611374407581,1.8880344360611336,0.4727488151658768,0.5272511848341233,0.715,0.29,844.0,399.0,445.0,False
1723.0,0.4828786999419617,0.8320802005012531,0.8267898383371824,0.8294350194192177,0.7086477074869414,0.8293269230769231,0.32207213491673736,0.17067307692307687,1.8870705369769407,0.4795673076923077,0.5204326923076923,0.715,0.285,832.0,399.0,433.0,False
1723.0,0.5055136390017412,0.8073770491803278,0.856396866840731,0.8318869580105295,0.7086477074869414,0.8289322617680827,0.3216774736078969,0.17106773823191734,1.8804099296139476,0.5602755453501722,0.4397244546498278,0.675,0.26,871.0,488.0,383.0,False
1723.0,0.4782356355194428,0.8311345646437994,0.8269662921348314,0.8290504283893154,0.7086477074869414,0.8288834951456311,0.3216287069854453,0.1711165048543689,1.8795890394043049,0.45995145631067963,0.5400485436893204,0.725,0.29,824.0,379.0,445.0,False
1723.0,0.4985490423679629,0.8073770491803278,0.8571428571428571,0.8322599531615924,0.7086477074869414,0.8288707799767171,0.32161599181653133,0.1711292200232829,1.8793750814312953,0.5681024447031432,0.4318975552968568,0.675,0.255,859.0,488.0,371.0,False
1723.0,0.4712710388856645,0.8311345646437994,0.8267898383371824,0.8289622014904909,0.7086477074869414,0.8288177339901478,0.32156294582996203,0.1711822660098522,1.8784828202440949,0.4667487684729064,0.5332512315270936,0.725,0.285,812.0,379.0,433.0,False
1723.0,0.4811375507835171,0.8267326732673267,0.8305882352941176,0.8286604542807221,0.7086477074869414,0.8287092882991556,0.3214545001389698,0.17129071170084442,1.8766604268676474,0.4873341375150784,0.5126658624849216,0.71,0.28,829.0,404.0,425.0,False
1723.0,0.4840394660475914,0.8426966292134831,0.8179916317991632,0.8303441305063232,0.7086477074869414,0.8285371702637889,0.32128238210360316,0.17146282973621108,1.873772773946888,0.42685851318944845,0.5731414868105515,0.735,0.305,834.0,356.0,478.0,False
1723.0,0.4840394660475914,0.8303341902313625,0.8269662921348314,0.8286502411830969,0.7086477074869414,0.8285371702637889,0.32128238210360316,0.17146282973621108,1.873772773946888,0.46642685851318944,0.5335731414868106,0.72,0.29,834.0,389.0,445.0,False
1723.0,0.4805571677307023,0.8123569794050344,0.8465473145780051,0.8294521469915197,0.7086477074869414,0.8285024154589372,0.32124762729875145,0.1714975845410628,1.8731903901645508,0.5277777777777778,0.4722222222222222,0.69,0.265,828.0,437.0,391.0,False
1723.0,0.4770748694138131,0.8303341902313625,0.8267898383371824,0.8285620142842725,0.7086477074869414,0.8284671532846716,0.3212123651244858,0.17153284671532842,1.8725997456193433,0.4732360097323601,0.5267639902676399,0.72,0.285,822.0,389.0,433.0,False
1723.0,0.4793964016250725,0.8419540229885057,0.8179916317991632,0.8299728273938345,0.7086477074869414,0.8280871670702179,0.32083237891003213,0.1719128329297821,1.8662503167583557,0.4213075060532688,0.5786924939467313,0.74,0.305,826.0,348.0,478.0,False
1723.0,0.4724318049912943,0.8518518518518519,0.8122448979591836,0.8320483749055178,0.7086477074869414,0.828009828009828,0.32075503984964227,0.17199017199017197,1.8649614459829202,0.39803439803439805,0.601965601965602,0.75,0.31,814.0,324.0,490.0,False
1723.0,0.4892629135229251,0.8119469026548672,0.8465473145780051,0.8292471086164361,0.7086477074869414,0.8279952550415184,0.3207404668813326,0.17200474495848161,1.8647187143514716,0.5361803084223014,0.4638196915776987,0.685,0.265,843.0,452.0,391.0,False
1723.0,0.4753337202553685,0.815347721822542,0.8407960199004975,0.8280718708615198,0.7086477074869414,0.8278388278388278,0.320584039678642,0.17216117216117222,1.8621158049418989,0.5091575091575091,0.4908424908424908,0.7,0.27,819.0,417.0,402.0,False
1723.0,0.4944863609982589,0.8320802005012531,0.8233995584988962,0.8277398795000747,0.7086477074869414,0.8274647887323944,0.3202100005722086,0.17253521126760563,1.8559110237246377,0.46830985915492956,0.5316901408450704,0.715,0.295,852.0,399.0,453.0,False
1723.0,0.4910040626813697,0.8396739130434783,0.8179916317991632,0.8288327724213207,0.7086477074869414,0.8274231678486997,0.32016837968851397,0.17257683215130026,1.8552222549074162,0.43498817966903075,0.5650118203309693,0.73,0.305,846.0,368.0,478.0,False
1723.0,0.4764944863609983,0.8093023255813954,0.8465473145780051,0.8279248200797003,0.7086477074869414,0.8270401948842875,0.3197854067241017,0.17295980511571252,1.84890013324287,0.5237515225334958,0.4762484774665043,0.695,0.265,821.0,430.0,391.0,False
1723.0,0.4997098084735926,0.8106382978723404,0.8465473145780051,0.8285928062251728,0.7086477074869414,0.826945412311266,0.3196906241510802,0.17305458768873405,1.847339781168322,0.5458768873403019,0.454123112659698,0.68,0.265,861.0,470.0,391.0,False
1723.0,0.4828786999419617,0.8311345646437994,0.8233995584988962,0.8272670615713478,0.7086477074869414,0.8269230769230769,0.3196682887628911,0.17307692307692313,1.8469723350744813,0.45552884615384615,0.5444711538461539,0.725,0.295,832.0,379.0,453.0,False
1723.0,0.4793964016250725,0.8184019370460048,0.8353510895883777,0.8268765133171913,0.7086477074869414,0.8268765133171913,0.3196217251570055,0.17312348668280875,1.8462066082495558,0.5,0.5,0.705,0.275,826.0,413.0,413.0,False
1723.0,0.4927452118398143,0.8267326732673267,0.8269662921348314,0.826849482701079,0.7086477074869414,0.8268551236749117,0.3196003355147259,0.17314487632508835,1.8458549989932127,0.4758539458186101,0.5241460541813898,0.71,0.29,849.0,404.0,445.0,False
1723.0,0.5026117237376668,0.8027888446215139,0.8598901098901099,0.8313394772558119,0.7086477074869414,0.8267898383371824,0.3195350501769967,0.17321016166281755,1.8447823563551942,0.5796766743648961,0.42032332563510394,0.67,0.25,866.0,502.0,364.0,False
1723.0,0.485780615206036,0.8267326732673267,0.8267898383371824,0.8267612558022546,0.7086477074869414,0.8267622461170848,0.31950745795689905,0.17323775388291518,1.8443292573098242,0.4826762246117085,0.5173237753882916,0.71,0.285,837.0,404.0,433.0,False
1723.0,0.4886825304701103,0.8303341902313625,0.8233995584988962,0.8268668743651293,0.7086477074869414,0.8266033254156769,0.31934853725549117,0.17339667458432306,1.8417223860898873,0.46199524940617576,0.5380047505938242,0.72,0.295,842.0,389.0,453.0,False
1723.0,0.4782356355194428,0.8518518518518519,0.81,0.830925925925926,0.7086477074869414,0.8264563106796117,0.3192015225194259,0.17354368932038833,1.8393150668252236,0.3932038834951456,0.6067961165048543,0.75,0.315,824.0,324.0,500.0,False
1723.0,0.4782356355194428,0.8473053892215568,0.8122448979591836,0.8297751435903702,0.7086477074869414,0.8264563106796117,0.3192015225194259,0.17354368932038833,1.8393150668252236,0.4053398058252427,0.5946601941747572,0.745,0.31,824.0,334.0,490.0,False
1723.0,0.497968659315148,0.8320802005012531,0.8213507625272332,0.8267154815142431,0.7086477074869414,0.8263403263403264,0.3190855381801406,0.1736596736596736,1.8374187366346357,0.46503496503496505,0.534965034965035,0.715,0.3,858.0,399.0,459.0,False
1723.0,0.5136390017411492,0.8027888446215139,0.856396866840731,0.8295928557311225,0.7086477074869414,0.8259887005649718,0.318733912404786,0.17401129943502824,1.831685145962569,0.5672316384180791,0.4327683615819209,0.67,0.26,885.0,502.0,383.0,False
1723.0,0.4869413813116657,0.8123569794050344,0.8407960199004975,0.8265764996527659,0.7086477074869414,0.8259833134684148,0.31872852530822904,0.1740166865315852,1.831597484476741,0.5208581644815257,0.4791418355184744,0.69,0.27,839.0,437.0,402.0,False
1723.0,0.5066744051073708,0.8027888446215139,0.8571428571428571,0.8299658508821854,0.7086477074869414,0.8258877434135166,0.3186329552533308,0.17411225658648344,1.8300432232641954,0.5750286368843069,0.424971363115693,0.67,0.255,873.0,502.0,371.0,False
1723.0,0.4863609982588508,0.8311345646437994,0.8213507625272332,0.8262426635855162,0.7086477074869414,0.8257756563245824,0.3185208681643966,0.17422434367541761,1.8282225172723592,0.4522673031026253,0.5477326968973747,0.725,0.3,838.0,379.0,459.0,False
1723.0,0.5095763203714452,0.8015564202334631,0.8598901098901099,0.8307232650617865,0.7086477074869414,0.8257403189066059,0.31848553074642016,0.17425968109339407,1.8276489934337052,0.5854214123006833,0.4145785876993166,0.665,0.25,878.0,514.0,364.0,False
1723.0,0.4956471271038886,0.8119469026548672,0.8407960199004975,0.8263714612776824,0.7086477074869414,0.8255269320843092,0.3182721439241234,0.17447306791569084,1.8241906772563854,0.5292740046838408,0.4707259953161593,0.685,0.27,854.0,452.0,402.0,False
1723.0,0.4921648287869994,0.8303341902313625,0.8213507625272332,0.8258424763792978,0.7086477074869414,0.8254716981132075,0.31821690995302176,0.17452830188679247,1.823296889460557,0.45872641509433965,0.5412735849056604,0.72,0.3,848.0,389.0,459.0,False
1723.0,0.481717933836332,0.815347721822542,0.8353510895883777,0.8253494057054598,0.7086477074869414,0.8253012048192772,0.3180464166590914,0.17469879518072284,1.820541557427903,0.5024096385542168,0.4975903614457831,0.7,0.275,830.0,417.0,413.0,False
1723.0,0.4910040626813697,0.8426966292134831,0.8122448979591836,0.8274707635863334,0.7086477074869414,0.8250591016548463,0.31780431349466054,0.1749408983451537,1.8166381703816403,0.42080378250591016,0.5791962174940898,0.735,0.31,846.0,356.0,490.0,False
1723.0,0.5206035983749274,0.8015564202334631,0.856396866840731,0.8289766435370971,0.7086477074869414,0.8249721293199554,0.3177173411597697,0.17502787068004455,1.8152385670083662,0.5730211817168339,0.4269788182831661,0.665,0.26,897.0,514.0,383.0,False
1723.0,0.4973882762623331,0.8267326732673267,0.8233995584988962,0.8250661158831114,0.7086477074869414,0.8249708284714119,0.31771604031122613,0.1750291715285881,1.8152176436448053,0.47141190198366395,0.5285880980163361,0.71,0.295,857.0,404.0,453.0,False
1723.0,0.4840394660475914,0.8518518518518519,0.807843137254902,0.8298474945533769,0.7086477074869414,0.8249400479616307,0.3176852598014449,0.17505995203836933,1.814722648454829,0.38848920863309355,0.6115107913669064,0.75,0.32,834.0,324.0,510.0,False
1723.0,0.4840394660475914,0.8473053892215568,0.81,0.8286526946107784,0.7086477074869414,0.8249400479616307,0.3176852598014449,0.17505995203836933,1.814722648454829,0.40047961630695444,0.5995203836930456,0.745,0.315,834.0,334.0,500.0,False
1723.0,0.5136390017411492,0.8015564202334631,0.8571428571428571,0.82934963868816,0.7086477074869414,0.8248587570621468,0.3176039689019611,0.17514124293785316,1.813416209537003,0.5807909604519774,0.4192090395480226,0.665,0.255,885.0,514.0,371.0,False
1723.0,0.51015670342426,0.8073770491803278,0.8465473145780051,0.8269621818791665,0.7086477074869414,0.8248009101251422,0.31754612196495646,0.17519908987485777,1.8124872805662127,0.5551763367463026,0.4448236632536974,0.675,0.265,879.0,488.0,391.0,False
1723.0,0.4863609982588508,0.8419540229885057,0.8122448979591836,0.8270994604738446,0.7086477074869414,0.8245823389021479,0.31732755074196217,0.17541766109785206,1.8089829083113214,0.4152744630071599,0.5847255369928401,0.74,0.31,838.0,348.0,490.0,False
1723.0,0.4863609982588508,0.8184019370460048,0.8305882352941176,0.8244950861700613,0.7086477074869414,0.8245823389021479,0.31732755074196217,0.17541766109785206,1.8089829083113214,0.4928400954653938,0.5071599045346062,0.705,0.28,838.0,413.0,425.0,False
1723.0,0.506094022054556,0.8106382978723404,0.8407960199004975,0.825717158886419,0.7086477074869414,0.8245412844036697,0.31728649624348393,0.1754587155963303,1.8083256517929276,0.5389908256880734,0.4610091743119266,0.68,0.27,872.0,470.0,402.0,False
1723.0,0.4828786999419617,0.8093023255813954,0.8407960199004975,0.8250491727409464,0.7086477074869414,0.8245192307692307,0.31726444260904496,0.17548076923076927,1.807972714046064,0.5168269230769231,0.4831730769230769,0.695,0.27,832.0,430.0,402.0,False
1723.0,0.5356935577481138,0.8014311270125224,0.8598901098901099,0.8306606184513161,0.7086477074869414,0.8244853737811484,0.3172305856209626,0.1755146262188516,1.8074310526428916,0.6056338028169014,0.39436619718309857,0.65,0.25,923.0,559.0,364.0,False
1723.0,0.5089959373186302,0.8320802005012531,0.8179916317991632,0.8250359161502081,0.7086477074869414,0.8244013683010262,0.3171465801408404,0.17559863169897383,1.8060879921007593,0.4549600912200684,0.5450399087799316,0.715,0.305,877.0,399.0,478.0,False
1723.0,0.497968659315148,0.8396739130434783,0.8122448979591836,0.825959405501331,0.7086477074869414,0.824009324009324,0.31675453584913826,0.17599067599067597,1.7998370315136467,0.4289044289044289,0.5710955710955711,0.73,0.31,858.0,368.0,490.0,False
1723.0,0.5008705745792222,0.8267326732673267,0.8213507625272332,0.8240417178972799,0.7086477074869414,0.8238702201622248,0.316615432002039,0.17612977983777522,1.7976257751168396,0.4681344148319815,0.5318655851680185,0.71,0.3,863.0,404.0,459.0,False
1723.0,0.4973882762623331,0.8311345646437994,0.8179916317991632,0.8245630982214813,0.7086477074869414,0.823803967327888,0.3165491791677022,0.17619603267211204,1.7965738181902038,0.44224037339556593,0.5577596266044341,0.725,0.305,857.0,379.0,478.0,False
1723.0,0.546720835751596,0.8014311270125224,0.856396866840731,0.8289139969266267,0.7086477074869414,0.8237791932059448,0.31652440504575907,0.17622080679405516,1.7961806599584644,0.5934182590233545,0.40658174097664546,0.65,0.26,942.0,559.0,383.0,False
1723.0,0.5200232153221126,0.7988721804511278,0.8598901098901099,0.8293811451706189,0.7086477074869414,0.8236607142857143,0.31640592612552854,0.1763392857142857,1.794301960813124,0.59375,0.40625,0.66,0.25,896.0,532.0,364.0,False
1723.0,0.5397562391178178,0.8014311270125224,0.8571428571428571,0.8292869920776897,0.7086477074869414,0.8236559139784946,0.3164011258183088,0.17634408602150542,1.794225896408702,0.6010752688172043,0.3989247311827957,0.65,0.255,930.0,559.0,371.0,False
1723.0,0.4968078932095183,0.8426966292134831,0.81,0.8263483146067416,0.7086477074869414,0.8235981308411215,0.3163433426809358,0.17640186915887845,1.7933106048667622,0.4158878504672897,0.5841121495327103,0.735,0.315,856.0,356.0,500.0,False
1723.0,0.5031921067904818,0.8303341902313625,0.8179916317991632,0.8241629110152628,0.7086477074869414,0.8235294117647058,0.3162746236045201,0.17647058823529416,1.79222286709228,0.4486735870818916,0.5513264129181085,0.72,0.305,867.0,389.0,478.0,False
1723.0,0.4933255948926291,0.8123569794050344,0.8353510895883777,0.823854034496706,0.7086477074869414,0.8235294117647058,0.3162746236045201,0.17647058823529416,1.79222286709228,0.5141176470588236,0.4858823529411765,0.69,0.275,850.0,437.0,413.0,False
1723.0,0.48984329657574,0.8473053892215568,0.807843137254902,0.8275742632382295,0.7086477074869414,0.8234597156398105,0.3162049274796247,0.17654028436018954,1.7911205288107603,0.3957345971563981,0.6042654028436019,0.745,0.32,844.0,334.0,510.0,False
1723.0,0.502031340684852,0.8119469026548672,0.8353510895883777,0.8236489961216225,0.7086477074869414,0.823121387283237,0.31586659912305126,0.17687861271676297,1.7857817532120221,0.522543352601156,0.4774566473988439,0.685,0.275,865.0,452.0,413.0,False
1723.0,0.4921648287869994,0.8419540229885057,0.81,0.8259770114942528,0.7086477074869414,0.8231132075471698,0.315858419386984,0.17688679245283023,1.7856529309344158,0.41037735849056606,0.589622641509434,0.74,0.315,848.0,348.0,500.0,False
1723.0,0.4886825304701103,0.815347721822542,0.8305882352941176,0.8229679785583298,0.7086477074869414,0.8230403800475059,0.31578559188732014,0.1769596199524941,1.7845064991216342,0.49524940617577196,0.504750593824228,0.7,0.28,842.0,417.0,425.0,False
1723.0,0.5507835171213,0.8,0.8598901098901099,0.829945054945055,0.7086477074869414,0.8229715489989463,0.31571676083876055,0.1770284510010537,1.7834238454522848,0.6164383561643836,0.3835616438356164,0.64,0.25,949.0,585.0,364.0,False
1723.0,0.5310504933255948,0.7988721804511278,0.856396866840731,0.8276345236459295,0.7086477074869414,0.8229508196721311,0.31569603151194536,0.17704918032786887,1.7830979557619135,0.5814207650273224,0.41857923497267757,0.66,0.26,915.0,532.0,383.0,False
1723.0,0.497968659315148,0.8184019370460048,0.8269662921348314,0.8226841145904181,0.7086477074869414,0.8228438228438228,0.3155890346836371,0.17715617715617715,1.781417051043162,0.4813519813519814,0.5186480186480187,0.705,0.29,858.0,413.0,445.0,False
1723.0,0.5438189204875218,0.7993019197207679,0.8598901098901099,0.8295960148054389,0.7086477074869414,0.8228388473852721,0.31558405922508637,0.17716115261472787,1.7813389367102765,0.6115261472785486,0.38847385272145146,0.645,0.25,937.0,573.0,364.0,False
1723.0,0.5240858966918166,0.7988721804511278,0.8571428571428571,0.8280075187969924,0.7086477074869414,0.82281284606866,0.31555805790847424,0.17718715393134,1.7809307893209514,0.5891472868217055,0.4108527131782946,0.66,0.255,903.0,532.0,371.0,False
1723.0,0.4910040626813697,0.8184019370460048,0.8267898383371824,0.8225958876915936,0.7086477074869414,0.8226950354609929,0.3154402473008071,0.17730496453900713,1.7790829947765519,0.48817966903073284,0.5118203309692672,0.705,0.285,846.0,413.0,433.0,False
1723.0,0.5037724898432966,0.8396739130434783,0.81,0.8248369565217392,0.7086477074869414,0.8225806451612904,0.3153258570011046,0.17741935483870963,1.7772911940062264,0.423963133640553,0.576036866359447,0.73,0.315,868.0,368.0,500.0,False
1723.0,0.5165409170052234,0.8073770491803278,0.8407960199004975,0.8240865345404127,0.7086477074869414,0.8224719101123595,0.3152171219521738,0.17752808988764046,1.7755901173255357,0.5483146067415731,0.451685393258427,0.675,0.27,890.0,488.0,402.0,False
1723.0,0.5618107951247824,0.8,0.856396866840731,0.8281984334203656,0.7086477074869414,0.8223140495867769,0.31505926142659113,0.1776859504132231,1.773124215470583,0.6043388429752066,0.3956611570247934,0.64,0.26,968.0,585.0,383.0,False
1723.0,0.5258270458502612,0.7970479704797048,0.8598901098901099,0.8284690401849073,0.7086477074869414,0.8222958057395143,0.31504101757932856,0.17770419426048567,1.772839515073737,0.5982339955849889,0.40176600441501104,0.655,0.25,906.0,542.0,364.0,False
1723.0,0.5124782356355194,0.8106382978723404,0.8353510895883777,0.822994693730359,0.7086477074869414,0.8221970554926388,0.314942267332453,0.17780294450736123,1.7712995035322043,0.5322763306908267,0.46772366930917325,0.68,0.275,883.0,470.0,413.0,False
1723.0,0.554846198491004,0.8,0.8571428571428571,0.8285714285714285,0.7086477074869414,0.8221757322175732,0.31492094405738746,0.17782426778242677,1.770967191287426,0.6119246861924686,0.3880753138075314,0.64,0.255,956.0,585.0,371.0,False
1723.0,0.554846198491004,0.7993019197207679,0.856396866840731,0.8278493932807495,0.7086477074869414,0.8221757322175732,0.31492094405738746,0.17782426778242677,1.770967191287426,0.5993723849372385,0.4006276150627615,0.645,0.26,956.0,573.0,383.0,False
1723.0,0.5026117237376668,0.8426966292134831,0.807843137254902,0.8252698832341925,0.7086477074869414,0.8221709006928406,0.31491611253265483,0.1778290993071594,1.7708919055407728,0.4110854503464203,0.5889145496535797,0.735,0.32,866.0,356.0,510.0,False
1723.0,0.4892629135229251,0.8093023255813954,0.8353510895883777,0.8223267075848866,0.7086477074869414,0.8220640569395018,0.31480926877931603,0.1779359430604982,1.7692280905397564,0.5100830367734283,0.48991696322657174,0.695,0.275,843.0,430.0,413.0,False
1723.0,0.5478816018572258,0.7993019197207679,0.8571428571428571,0.8282223884318125,0.7086477074869414,0.8220338983050848,0.314779110144899,0.17796610169491522,1.7687588093856232,0.6069915254237288,0.3930084745762712,0.645,0.255,944.0,573.0,371.0,False
1723.0,0.5118978525827046,0.8267326732673267,0.8179916317991632,0.822362152533245,0.7086477074869414,0.8219954648526077,0.3147406766924219,0.17800453514739234,1.7681609989981912,0.4580498866213152,0.5419501133786848,0.71,0.305,882.0,404.0,478.0,False
1723.0,0.518282066163668,0.8027888446215139,0.8465473145780051,0.8246680795997595,0.7086477074869414,0.8219484882418813,0.3146937000816955,0.17805151175811873,1.7674306551758117,0.5621500559910414,0.43784994400895855,0.67,0.265,893.0,502.0,391.0,False
1723.0,0.4915844457341846,0.8518518518518519,0.8030592734225621,0.827455562637207,0.7086477074869414,0.8217237308146399,0.31446894265445413,0.1782762691853601,1.763941684955779,0.3825265643447462,0.6174734356552538,0.75,0.325,847.0,324.0,523.0,False
1723.0,0.497968659315148,0.8419540229885057,0.807843137254902,0.8248985801217039,0.7086477074869414,0.8216783216783217,0.3144235335181359,0.17832167832167833,1.763237854631115,0.40559440559440557,0.5944055944055944,0.74,0.32,858.0,348.0,510.0,False
1723.0,0.5368543238537434,0.7970479704797048,0.856396866840731,0.8267224186602179,0.7086477074869414,0.8216216216216217,0.3143668334614359,0.17837837837837833,1.7623595209201715,0.585945945945946,0.41405405405405404,0.655,0.26,925.0,542.0,383.0,False
1723.0,0.5298897272199652,0.7970479704797048,0.8571428571428571,0.8270954138112809,0.7086477074869414,0.8214676889375685,0.31421290077738273,0.1785323110624315,1.7599777816549111,0.5936473165388828,0.4063526834611172,0.655,0.255,913.0,542.0,371.0,False
1723.0,0.5002901915264074,0.8123569794050344,0.8305882352941176,0.821472607349576,0.7086477074869414,0.8213457076566125,0.31409091949642676,0.17865429234338748,1.7580933286098692,0.5069605568445475,0.49303944315545245,0.69,0.28,862.0,437.0,425.0,False
1723.0,0.5002901915264074,0.815347721822542,0.8269662921348314,0.8211570069786867,0.7086477074869414,0.8213457076566125,0.31409091949642676,0.17865429234338748,1.7580933286098692,0.4837587006960557,0.5162412993039444,0.7,0.29,862.0,417.0,445.0,False
1723.0,0.5095763203714452,0.8396739130434783,0.807843137254902,0.8237585251491901,0.7086477074869414,0.8211845102505695,0.3139297220903837,0.1788154897494305,1.755606980862146,0.4191343963553531,0.5808656036446469,0.73,0.32,878.0,368.0,510.0,False
1723.0,0.4933255948926291,0.815347721822542,0.8267898383371824,0.8210687800798622,0.7086477074869414,0.8211764705882353,0.3139216824280495,0.17882352941176471,1.755483092525277,0.49058823529411766,0.5094117647058823,0.7,0.285,850.0,417.0,433.0,False
1723.0,0.5159605339524086,0.8320802005012531,0.8122448979591836,0.8221625492302184,0.7086477074869414,0.8211473565804275,0.3138925684202417,0.17885264341957252,1.7550345492175783,0.44881889763779526,0.5511811023622047,0.715,0.31,889.0,399.0,490.0,False
1723.0,0.5577481137550784,0.7973199329983249,0.8598901098901099,0.8286050214442174,0.7086477074869414,0.8210197710718002,0.3137649829116145,0.17898022892819976,1.7530706312677997,0.6212278876170656,0.37877211238293446,0.635,0.25,961.0,597.0,364.0,False
1723.0,0.5026117237376668,0.8184019370460048,0.8233995584988962,0.8209007477724506,0.7086477074869414,0.8210161662817552,0.31376137812156946,0.17898383371824478,1.7530151835695431,0.476905311778291,0.523094688221709,0.705,0.295,866.0,413.0,453.0,False
1723.0,0.5252466627974464,0.8015564202334631,0.8465473145780051,0.8240518674057341,0.7086477074869414,0.8209944751381215,0.31373968697793575,0.17900552486187848,1.7526815846606902,0.5679558011049723,0.4320441988950276,0.665,0.265,905.0,514.0,391.0,False
1723.0,0.5089959373186302,0.8119469026548672,0.8305882352941176,0.8212675689744924,0.7086477074869414,0.8209806157354618,0.313725827575276,0.17901938426453823,1.7524684763281337,0.5153933865450399,0.4846066134549601,0.685,0.28,877.0,452.0,425.0,False
1723.0,0.5043528728961114,0.8311345646437994,0.8122448979591836,0.8216897313014915,0.7086477074869414,0.8204833141542003,0.3132285259940145,0.17951668584579972,1.7448435197999916,0.4361334867663982,0.5638665132336018,0.725,0.31,869.0,379.0,490.0,False
1723.0,0.5687753917585606,0.7973199329983249,0.856396866840731,0.826858399919528,0.7086477074869414,0.8204081632653061,0.3131533751051203,0.17959183673469392,1.7436949295626014,0.6091836734693877,0.39081632653061227,0.635,0.26,980.0,597.0,383.0,False
1723.0,0.4973882762623331,0.8473053892215568,0.8030592734225621,0.8251823313220594,0.7086477074869414,0.8203033838973163,0.3130485957371305,0.17969661610268373,1.7420951074462399,0.3897316219369895,0.6102683780630105,0.745,0.325,857.0,334.0,523.0,False
1723.0,0.51015670342426,0.8303341902313625,0.8122448979591836,0.821289544095273,0.7086477074869414,0.820250284414107,0.3129954962539212,0.17974971558589303,1.7412850709316252,0.44254835039817975,0.5574516496018203,0.72,0.31,879.0,389.0,490.0,False
1723.0,0.5618107951247824,0.7973199329983249,0.8571428571428571,0.827231395070591,0.7086477074869414,0.8202479338842975,0.31299314572411174,0.1797520661157025,1.7412492244881617,0.6167355371900827,0.38326446280991733,0.635,0.255,968.0,597.0,371.0,False
1723.0,0.5229251305861868,0.8073770491803278,0.8353510895883777,0.8213640693843527,0.7086477074869414,0.8201997780244173,0.3129449898642316,0.17980022197558265,1.740515036220202,0.5416204217536071,0.4583795782463929,0.675,0.275,901.0,488.0,413.0,False
1723.0,0.5194428322692978,0.8106382978723404,0.8305882352941176,0.8206132665832291,0.7086477074869414,0.8201117318435754,0.3128569436833897,0.17988826815642456,1.7391736931467938,0.5251396648044693,0.4748603351955307,0.68,0.28,895.0,470.0,425.0,False
1723.0,0.551363900174115,0.8014311270125224,0.8465473145780051,0.8239892207952637,0.7086477074869414,0.82,0.3127452118398142,0.18000000000000005,1.7374733991100784,0.588421052631579,0.41157894736842104,0.65,0.265,950.0,559.0,391.0,False
1723.0,0.506094022054556,0.8184019370460048,0.8213507625272332,0.819876349786619,0.7086477074869414,0.819954128440367,0.3126993402801812,0.18004587155963303,1.7367759536580765,0.4736238532110092,0.5263761467889908,0.705,0.3,872.0,413.0,459.0,False
1723.0,0.4962275101567034,0.8518518518518519,0.800376647834275,0.8261142498430634,0.7086477074869414,0.8198830409356725,0.3126282527754868,0.18011695906432745,1.7356958189807874,0.37894736842105264,0.6210526315789474,0.75,0.33,855.0,324.0,531.0,False
1723.0,0.4962275101567034,0.8093023255813954,0.8305882352941176,0.8199452804377565,0.7086477074869414,0.8198830409356725,0.3126282527754868,0.18011695906432745,1.7356958189807874,0.5029239766081871,0.49707602339181284,0.695,0.28,855.0,430.0,425.0,False
1723.0,0.5217643644805572,0.8320802005012531,0.81,0.8210401002506266,0.7086477074869414,0.8197997775305895,0.31254498937040376,0.18020022246941048,1.7344317619999565,0.44382647385984425,0.5561735261401557,0.715,0.315,899.0,399.0,500.0,False
1723.0,0.5118978525827046,0.8123569794050344,0.8269662921348314,0.8196616357699329,0.7086477074869414,0.8197278911564626,0.31247310299627684,0.1802721088435374,1.733341363790668,0.4954648526077097,0.5045351473922902,0.69,0.29,882.0,437.0,445.0,False
1723.0,0.5246662797446314,0.8027888446215139,0.8407960199004975,0.8217924322610057,0.7086477074869414,0.8196902654867256,0.31243547732653987,0.18030973451327437,1.7327709908171287,0.5553097345132744,0.4446902654867257,0.67,0.27,904.0,502.0,402.0,False
1723.0,0.5049332559489262,0.8123569794050344,0.8267898383371824,0.8195734088711084,0.7086477074869414,0.8195402298850575,0.3122854417248717,0.18045977011494252,1.7304989445900536,0.5022988505747127,0.49770114942528737,0.69,0.285,870.0,437.0,433.0,False
1723.0,0.5049332559489262,0.815347721822542,0.8233995584988962,0.8193736401607191,0.7086477074869414,0.8195402298850575,0.3122854417248717,0.18045977011494252,1.7304989445900536,0.4793103448275862,0.5206896551724138,0.7,0.295,870.0,417.0,453.0,False
1723.0,0.5206035983749274,0.8119469026548672,0.8269662921348314,0.8194565973948493,0.7086477074869414,0.8193979933110368,0.31214320515085103,0.1806020066889632,1.7283484877797124,0.5039018952062431,0.496098104793757,0.685,0.29,897.0,452.0,445.0,False
1723.0,0.5136390017411492,0.8119469026548672,0.8267898383371824,0.8193683704960248,0.7086477074869414,0.8192090395480226,0.31195425138783683,0.1807909604519774,1.7254969529889725,0.5107344632768361,0.48926553672316386,0.685,0.285,885.0,452.0,433.0,False
1723.0,0.51015670342426,0.8426966292134831,0.8030592734225621,0.8228779513180227,0.7086477074869414,0.8191126279863481,0.31185783982616233,0.1808873720136519,1.7240442843219914,0.4050056882821388,0.5949943117178612,0.735,0.325,879.0,356.0,523.0,False
1723.0,0.51015670342426,0.8311345646437994,0.81,0.8205672823218997,0.7086477074869414,0.8191126279863481,0.31185783982616233,0.1808873720136519,1.7240442843219914,0.4311717861205916,0.5688282138794084,0.725,0.315,879.0,379.0,500.0,False
1723.0,0.5356935577481138,0.7988721804511278,0.8465473145780051,0.8227097475145665,0.7086477074869414,0.819068255687974,0.31181346752778827,0.18093174431202597,1.723376230707477,0.5763813651137595,0.4236186348862405,0.66,0.265,923.0,532.0,391.0,False
1723.0,0.5159605339524086,0.8303341902313625,0.81,0.8201670951156812,0.7086477074869414,0.8188976377952756,0.3116428496350898,0.18110236220472442,1.7208105175502784,0.437570303712036,0.562429696287964,0.72,0.315,889.0,389.0,500.0,False
1723.0,0.5188624492164828,0.8267326732673267,0.8122448979591836,0.8194887856132551,0.7086477074869414,0.8187919463087249,0.3115371581485391,0.18120805369127513,1.7192235764493458,0.4519015659955257,0.5480984340044742,0.71,0.31,894.0,404.0,490.0,False
1723.0,0.5316308763784098,0.8015564202334631,0.8407960199004975,0.8211762200669803,0.7086477074869414,0.8187772925764192,0.3115225044162334,0.18122270742358082,1.71900369906789,0.5611353711790393,0.4388646288209607,0.665,0.27,916.0,514.0,402.0,False
1723.0,0.5664538595473012,0.8,0.8465473145780051,0.8232736572890026,0.7086477074869414,0.8186475409836066,0.3113927528234208,0.1813524590163934,1.7170583432523094,0.5993852459016393,0.40061475409836067,0.64,0.265,976.0,585.0,391.0,False
1723.0,0.5055136390017412,0.8419540229885057,0.8030592734225621,0.8225066482055339,0.7086477074869414,0.8185993111366245,0.3113445229764388,0.18140068886337546,1.716335946281507,0.399540757749713,0.600459242250287,0.74,0.325,871.0,348.0,523.0,False
1723.0,0.5310504933255948,0.8106382978723404,0.8269662921348314,0.8188022950035859,0.7086477074869414,0.8185792349726776,0.31132444681249183,0.1814207650273224,1.7160353544182532,0.5136612021857924,0.48633879781420764,0.68,0.29,915.0,470.0,445.0,False
1723.0,0.502031340684852,0.8473053892215568,0.800376647834275,0.8238410185279159,0.7086477074869414,0.8184971098265896,0.31124232166640386,0.18150289017341037,1.714806421919996,0.3861271676300578,0.6138728323699422,0.745,0.33,865.0,334.0,531.0,False
1723.0,0.5084155542658154,0.815347721822542,0.8213507625272332,0.8183492421748876,0.7086477074869414,0.8184931506849316,0.3112383625247458,0.18150684931506844,1.714747204853317,0.476027397260274,0.523972602739726,0.7,0.3,876.0,417.0,459.0,False
1723.0,0.5275681950087058,0.8320802005012531,0.807843137254902,0.8199616688780775,0.7086477074869414,0.8184818481848185,0.31122706002463274,0.1815181518151815,1.714578167044795,0.4389438943894389,0.5610561056105611,0.715,0.32,909.0,399.0,510.0,False
1723.0,0.559489262913523,0.7993019197207679,0.8465473145780051,0.8229246171493865,0.7086477074869414,0.8184647302904564,0.31120994213027064,0.1815352697095436,1.7143221955061765,0.5943983402489627,0.40560165975103735,0.645,0.265,964.0,573.0,391.0,False
1723.0,0.5240858966918166,0.8106382978723404,0.8267898383371824,0.8187140681047614,0.7086477074869414,0.8183831672203765,0.31112837906019075,0.18161683277962348,1.7131032090936111,0.5204872646733112,0.4795127353266888,0.68,0.285,903.0,470.0,433.0,False
1723.0,0.5078351712130006,0.8093023255813954,0.8269662921348314,0.8181343088581134,0.7086477074869414,0.8182857142857143,0.3110309261255285,0.18171428571428572,1.7116481783637576,0.49142857142857144,0.5085714285714286,0.695,0.29,875.0,430.0,445.0,False
1723.0,0.5618107951247824,0.793046357615894,0.8598901098901099,0.826468233753002,0.7086477074869414,0.8181818181818182,0.31092703002163247,0.18181818181818177,1.7100986651189791,0.6239669421487604,0.3760330578512397,0.63,0.25,968.0,604.0,364.0,False
1723.0,0.5171213000580384,0.8396739130434783,0.8030592734225621,0.8213665932330202,0.7086477074869414,0.8181818181818182,0.31092703002163247,0.18181818181818177,1.7100986651189791,0.41301907968574636,0.5869809203142536,0.73,0.325,891.0,368.0,523.0,False
1723.0,0.5298897272199652,0.8073770491803278,0.8305882352941176,0.8189826422372227,0.7086477074869414,0.8181818181818182,0.31092703002163247,0.18181818181818177,1.7100986651189791,0.5345016429353778,0.4654983570646221,0.675,0.28,913.0,488.0,425.0,False
1723.0,0.5171213000580384,0.8184019370460048,0.8179916317991632,0.818196784422584,0.7086477074869414,0.8181818181818182,0.31092703002163247,0.18181818181818177,1.7100986651189791,0.46352413019079686,0.5364758698092031,0.705,0.305,891.0,413.0,478.0,False
1723.0,0.5008705745792222,0.8093023255813954,0.8267898383371824,0.818046081959289,0.7086477074869414,0.8180764774044033,0.3108216892442175,0.18192352259559674,1.7085294128519728,0.4982618771726535,0.5017381228273464,0.695,0.285,863.0,430.0,433.0,False
1723.0,0.5165409170052234,0.8123569794050344,0.8233995584988962,0.8178782689519652,0.7086477074869414,0.8179775280898877,0.3107227399297019,0.18202247191011234,1.7070570280088564,0.4910112359550562,0.5089887640449439,0.69,0.295,890.0,437.0,453.0,False
1723.0,0.5577481137550784,0.8014311270125224,0.8407960199004975,0.8211135734565099,0.7086477074869414,0.81789802289282,0.3106432347326342,0.18210197710718,1.70587513473178,0.5816857440166493,0.4183142559833507,0.65,0.27,961.0,559.0,402.0,False
1723.0,0.5414973882762624,0.7970479704797048,0.8465473145780051,0.8217976425288549,0.7086477074869414,0.8177920685959271,0.31053728043574136,0.18220793140407288,1.7043016626267453,0.5809217577706324,0.4190782422293676,0.655,0.265,933.0,542.0,391.0,False
1723.0,0.5159605339524086,0.8311345646437994,0.807843137254902,0.8194888509493508,0.7086477074869414,0.8177727784026997,0.3105179902425139,0.18222722159730032,1.704015390898734,0.4263217097862767,0.5736782902137233,0.725,0.32,889.0,379.0,510.0,False
1723.0,0.5252466627974464,0.8119469026548672,0.8233995584988962,0.8176732305768817,0.7086477074869414,0.8176795580110497,0.310424769850864,0.18232044198895025,1.702632828575951,0.4994475138121547,0.5005524861878453,0.685,0.295,905.0,452.0,453.0,False
1723.0,0.5728380731282646,0.793046357615894,0.856396866840731,0.8247216122283125,0.7086477074869414,0.817629179331307,0.3103743911711212,0.18237082066869303,1.7018862449216476,0.6119554204660588,0.3880445795339412,0.63,0.26,987.0,604.0,383.0,False
1723.0,0.5217643644805572,0.8303341902313625,0.807843137254902,0.8190886637431323,0.7086477074869414,0.8175750834260289,0.31032029526584315,0.18242491657397109,1.701085033195079,0.43270300333704115,0.5672969966629589,0.72,0.32,899.0,389.0,510.0,False
1723.0,0.5310504933255948,0.8027888446215139,0.8353510895883777,0.8190699671049457,0.7086477074869414,0.8174863387978142,0.3102315506376284,0.18251366120218582,1.6997716696612573,0.5486338797814208,0.45136612021857925,0.67,0.275,915.0,502.0,413.0,False
1723.0,0.5246662797446314,0.8267326732673267,0.81,0.8183663366336633,0.7086477074869414,0.8174778761061947,0.31022308794600895,0.1825221238938053,1.6996464939587401,0.4469026548672566,0.5530973451327433,0.71,0.315,904.0,404.0,500.0,False
1723.0,0.5658734764944864,0.793046357615894,0.8571428571428571,0.8250946073793756,0.7086477074869414,0.8174358974358974,0.31018110927571163,0.1825641025641026,1.699025739010218,0.6194871794871795,0.38051282051282054,0.63,0.255,975.0,604.0,371.0,False
1723.0,0.5147997678467788,0.8426966292134831,0.800376647834275,0.821536638523879,0.7086477074869414,0.8173618940248027,0.310107105864617,0.18263810597519725,1.6979321166784898,0.40135287485907556,0.5986471251409244,0.735,0.33,887.0,356.0,531.0,False
1723.0,0.571677307022635,0.7922705314009661,0.8598901098901099,0.826080320645538,0.7086477074869414,0.817258883248731,0.3100040950885452,0.18274111675126903,1.696411298123428,0.6304568527918781,0.3695431472081218,0.625,0.25,985.0,621.0,364.0,False
1723.0,0.5014509576320372,0.8518518518518519,0.7962962962962963,0.8240740740740741,0.7086477074869414,0.8171296296296297,0.3098748414694439,0.18287037037037035,1.6945054622126554,0.375,0.625,0.75,0.335,864.0,324.0,540.0,False
1723.0,0.5200232153221126,0.8123569794050344,0.8213507625272332,0.8168538709661337,0.7086477074869414,0.8169642857142857,0.30970949755409993,0.1830357142857143,1.69207140127118,0.4877232142857143,0.5122767857142857,0.69,0.3,896.0,437.0,459.0,False
1723.0,0.5420777713290772,0.7988721804511278,0.8407960199004975,0.8198341001758127,0.7086477074869414,0.816916488222698,0.30966170006251226,0.18308351177730198,1.6913685839671717,0.569593147751606,0.430406852248394,0.66,0.27,934.0,532.0,402.0,False
1723.0,0.5356935577481138,0.8106382978723404,0.8233995584988962,0.8170189281856184,0.7086477074869414,0.8169014084507042,0.3096466202905185,0.18309859154929575,1.6911469262020626,0.5092091007583965,0.49079089924160346,0.68,0.295,923.0,470.0,453.0,False
1723.0,0.51015670342426,0.8419540229885057,0.800376647834275,0.8211653354113904,0.7086477074869414,0.8168373151308305,0.3095825269706447,0.18316268486916953,1.6902052248894202,0.39590443686006827,0.6040955631399317,0.74,0.33,879.0,348.0,531.0,False
1723.0,0.5734184561810796,0.7973199329983249,0.8465473145780051,0.821933623788165,0.7086477074869414,0.8168016194331984,0.30954683127301263,0.1831983805668016,1.6896810458438483,0.604251012145749,0.395748987854251,0.635,0.265,988.0,597.0,391.0,False
1723.0,0.5194428322692978,0.815347721822542,0.8179916317991632,0.8166696768108526,0.7086477074869414,0.8167597765363128,0.30950498837612705,0.18324022346368718,1.6890668572965468,0.4659217877094972,0.5340782122905028,0.7,0.305,895.0,417.0,478.0,False
1723.0,0.5827045850261172,0.7922705314009661,0.856396866840731,0.8243336991208485,0.7086477074869414,0.8167330677290837,0.30947827956889795,0.18326693227091628,1.6886749602563784,0.6185258964143426,0.38147410358565736,0.625,0.26,1004.0,621.0,383.0,False
1723.0,0.5414973882762624,0.8073770491803278,0.8269662921348314,0.8171716706575796,0.7086477074869414,0.8167202572347267,0.309465469074541,0.18327974276527326,1.6884870330207415,0.5230439442658092,0.4769560557341908,0.675,0.29,933.0,488.0,445.0,False
1723.0,0.5287289611143354,0.8119469026548672,0.8213507625272332,0.8166488325910501,0.7086477074869414,0.8166849615806806,0.30943017342049484,0.1833150384193194,1.6879693891381489,0.4961580680570801,0.5038419319429198,0.685,0.3,911.0,452.0,459.0,False
1723.0,0.5728380731282646,0.8,0.8407960199004975,0.8203980099502488,0.7086477074869414,0.8166160081053698,0.30936121994518406,0.18338399189463017,1.6869586966071641,0.5927051671732523,0.4072948328267477,0.64,0.27,987.0,585.0,402.0,False
1723.0,0.5380150899593732,0.8015564202334631,0.8353510895883777,0.8184537549109203,0.7086477074869414,0.8166127292340885,0.3093579410739027,0.18338727076591155,1.6869106551500457,0.5544768069039914,0.44552319309600863,0.665,0.275,927.0,514.0,413.0,False
1723.0,0.5124782356355194,0.8093023255813954,0.8233995584988962,0.8163509420401458,0.7086477074869414,0.8165345413363534,0.3092797531761676,0.1834654586636466,1.6857655682380006,0.4869762174405436,0.5130237825594564,0.695,0.295,883.0,430.0,453.0,False
1723.0,0.575739988392339,0.7922705314009661,0.8571428571428571,0.8247066942719117,0.7086477074869414,0.8165322580645161,0.30927746990433036,0.18346774193548387,1.685732143654372,0.626008064516129,0.37399193548387094,0.625,0.255,992.0,621.0,371.0,False
1723.0,0.534532791642484,0.8073770491803278,0.8267898383371824,0.8170834437587551,0.7086477074869414,0.8165038002171553,0.30924901205696953,0.1834961997828447,1.6853156219199348,0.5298588490770901,0.47014115092290987,0.675,0.285,921.0,488.0,433.0,False
1723.0,0.5217643644805572,0.8396739130434783,0.800376647834275,0.8200252804388766,0.7086477074869414,0.8164627363737486,0.3092079482135628,0.18353726362625145,1.684714820872684,0.40934371523915464,0.5906562847608454,0.73,0.33,899.0,368.0,531.0,False
1723.0,0.5658734764944864,0.7993019197207679,0.8407960199004975,0.8200489698106327,0.7086477074869414,0.8164102564102564,0.3091554682500707,0.18358974358974356,1.683947382926363,0.5876923076923077,0.4123076923076923,0.645,0.27,975.0,573.0,402.0,False
1723.0,0.53047011027278,0.8267326732673267,0.807843137254902,0.8172879052611144,0.7086477074869414,0.8161925601750547,0.30893777201486894,0.1838074398249453,1.680768592985656,0.4420131291028446,0.5579868708971554,0.71,0.32,914.0,404.0,510.0,False
1723.0,0.539175856065003,0.8106382978723404,0.8213507625272332,0.8159945301997868,0.7086477074869414,0.8159311087190527,0.30867632055886696,0.18406889128094728,1.6769608292350138,0.5059203444564048,0.4940796555435953,0.68,0.3,929.0,470.0,459.0,False
1723.0,0.5641323273360418,0.8014311270125224,0.8353510895883777,0.81839110830045,0.7086477074869414,0.815843621399177,0.3085888332389912,0.184156378600823,1.6756890832865896,0.5751028806584362,0.42489711934156377,0.65,0.275,972.0,559.0,413.0,False
1723.0,0.5072547881601858,0.8473053892215568,0.7962962962962963,0.8218008427589265,0.7086477074869414,0.8157894736842105,0.30853468552402474,0.1842105263157895,1.6749025785589913,0.38215102974828374,0.6178489702517163,0.745,0.335,874.0,334.0,540.0,False
1723.0,0.5478816018572258,0.7970479704797048,0.8407960199004975,0.8189219951901011,0.7086477074869414,0.815677966101695,0.3084231779415092,0.18432203389830504,1.673284367682671,0.5741525423728814,0.4258474576271186,0.655,0.27,944.0,542.0,402.0,False
1723.0,0.5351131746952988,0.8320802005012531,0.8030592734225621,0.8175697369619076,0.7086477074869414,0.8156182212581344,0.30836343309794867,0.18438177874186557,1.6724181489194623,0.43275488069414314,0.5672451193058569,0.715,0.325,922.0,399.0,523.0,False
1723.0,0.5380150899593732,0.8027888446215139,0.8305882352941176,0.8166885399578158,0.7086477074869414,0.8155339805825242,0.3082791924223385,0.18446601941747576,1.6711977273421503,0.5415318230852212,0.45846817691477887,0.67,0.28,927.0,502.0,425.0,False
1723.0,0.5159605339524086,0.8093023255813954,0.8213507625272332,0.8153265440543143,0.7086477074869414,0.8155230596175478,0.308268271457362,0.18447694038245221,1.6710395934487488,0.48368953880764903,0.5163104611923509,0.695,0.3,889.0,430.0,459.0,False
1723.0,0.5310504933255948,0.8123569794050344,0.8179916317991632,0.8151743056020988,0.7086477074869414,0.8153005464480875,0.3080457582879017,0.18469945355191253,1.667821709073551,0.47759562841530057,0.5224043715846994,0.69,0.305,915.0,437.0,478.0,False
1723.0,0.5461404526987812,0.8073770491803278,0.8233995584988962,0.815388303839612,0.7086477074869414,0.8150903294367694,0.30783554127658364,0.1849096705632306,1.664788760581984,0.5185972369819342,0.4814027630180659,0.675,0.295,941.0,488.0,453.0,False
1723.0,0.5240858966918166,0.8184019370460048,0.8122448979591836,0.8153234175025943,0.7086477074869414,0.8150609080841639,0.3078061199239781,0.18493909191583613,1.6643648280919292,0.4573643410852713,0.5426356589147286,0.705,0.31,903.0,413.0,490.0,False
1723.0,0.5397562391178178,0.8119469026548672,0.8179916317991632,0.8149692672270152,0.7086477074869414,0.8150537634408602,0.30779897528067446,0.18494623655913978,1.6642619012269027,0.4860215053763441,0.513978494623656,0.685,0.305,930.0,452.0,478.0,False
1723.0,0.5235055136390018,0.8311345646437994,0.8030592734225621,0.8170969190331807,0.7086477074869414,0.8148558758314856,0.3076010876712998,0.18514412416851445,1.661414257961152,0.42017738359201773,0.5798226164079823,0.725,0.325,902.0,379.0,523.0,False
1723.0,0.579802669762043,0.7973199329983249,0.8407960199004975,0.8190579764494113,0.7086477074869414,0.8148148148148148,0.307560026654629,0.18518518518518523,1.6608241439349962,0.5975975975975976,0.4024024024024024,0.635,0.27,999.0,597.0,402.0,False
1723.0,0.5484619849100406,0.7988721804511278,0.8353510895883777,0.8171116350197527,0.7086477074869414,0.8148148148148148,0.307560026654629,0.18518518518518523,1.6608241439349962,0.562962962962963,0.43703703703703706,0.66,0.275,945.0,532.0,413.0,False
1723.0,0.5200232153221126,0.8426966292134831,0.7962962962962963,0.8194964627548897,0.7086477074869414,0.8147321428571429,0.30747735469695714,0.1852678571428571,1.6596368060751425,0.39732142857142855,0.6026785714285714,0.735,0.335,896.0,356.0,540.0,False
1723.0,0.5449796865931514,0.8015564202334631,0.8305882352941176,0.8160723277637904,0.7086477074869414,0.8146964856230032,0.30744169746281746,0.18530351437699677,1.6591250225148602,0.5473908413205538,0.45260915867944623,0.665,0.28,939.0,514.0,425.0,False
1723.0,0.5293093441671504,0.8303341902313625,0.8030592734225621,0.8166967318269622,0.7086477074869414,0.8146929824561403,0.30743819429595454,0.1853070175438597,1.6590747526503578,0.42653508771929827,0.5734649122807017,0.72,0.325,912.0,389.0,523.0,False
1723.0,0.579222286709228,0.8,0.8353510895883777,0.8176755447941888,0.7086477074869414,0.814629258517034,0.3073744703568483,0.18537074148296595,1.6581606563034301,0.5861723446893787,0.41382765531062127,0.64,0.275,998.0,585.0,413.0,False
1723.0,0.5722576900754498,0.7993019197207679,0.8353510895883777,0.8173265046545728,0.7086477074869414,0.8144016227180527,0.30714683455786695,0.18559837728194728,1.6549004310057749,0.5811359026369168,0.41886409736308317,0.645,0.275,986.0,573.0,413.0,False
1723.0,0.5502031340684852,0.8106382978723404,0.8179916317991632,0.8143149648357518,0.7086477074869414,0.8143459915611815,0.3070912034009957,0.18565400843881852,1.6541048910462728,0.4957805907172996,0.5042194092827004,0.68,0.305,948.0,470.0,478.0,False
1723.0,0.5153801508995938,0.8419540229885057,0.7962962962962963,0.819125159642401,0.7086477074869414,0.8141891891891891,0.3069344010290034,0.18581081081081086,1.6518651400833633,0.3918918918918919,0.6081081081081081,0.74,0.335,888.0,348.0,540.0,False
1723.0,0.5496227510156704,0.8027888446215139,0.8269662921348314,0.8148775683781726,0.7086477074869414,0.8141499472016895,0.3068951590415038,0.18585005279831046,1.6513052023426367,0.5300950369588173,0.4699049630411827,0.67,0.29,947.0,502.0,445.0,False
1723.0,0.5496227510156704,0.8073770491803278,0.8213507625272332,0.8143639058537805,0.7086477074869414,0.8141499472016895,0.3068951590415038,0.18585005279831046,1.6513052023426367,0.515311510031679,0.48468848996832103,0.675,0.3,947.0,488.0,459.0,False
1723.0,0.5774811375507836,0.7876386687797148,0.8598901098901099,0.8237643893349124,0.7086477074869414,0.8140703517587939,0.3068155635986082,0.18592964824120606,1.6501701934087303,0.6341708542713568,0.3658291457286432,0.62,0.25,995.0,631.0,364.0,False
1723.0,0.5774811375507836,0.793046357615894,0.8465473145780051,0.8197968360969496,0.7086477074869414,0.8140703517587939,0.3068155635986082,0.18592964824120606,1.6501701934087303,0.607035175879397,0.392964824120603,0.63,0.265,995.0,604.0,391.0,False
1723.0,0.57109692396982,0.8014311270125224,0.8305882352941176,0.81600968115332,0.7086477074869414,0.8140243902439024,0.3067696020837166,0.18597560975609762,1.6495152374337545,0.568089430894309,0.43191056910569103,0.65,0.28,984.0,559.0,425.0,False
1723.0,0.5397562391178178,0.8320802005012531,0.800376647834275,0.816228424167764,0.7086477074869414,0.8139784946236559,0.30672370646347014,0.1860215053763441,1.6488615434163423,0.4290322580645161,0.5709677419354838,0.715,0.33,930.0,399.0,531.0,False
1723.0,0.542658154381892,0.8027888446215139,0.8267898383371824,0.8147893414793481,0.7086477074869414,0.813903743315508,0.3066489551553222,0.18609625668449203,1.6477975463806103,0.5368983957219251,0.46310160427807484,0.67,0.285,935.0,502.0,433.0,False
1723.0,0.5269878119558908,0.8396739130434783,0.7962962962962963,0.8179851046698873,0.7086477074869414,0.8138766519823789,0.30662186382219314,0.1861233480176211,1.6474121440861034,0.4052863436123348,0.5947136563876652,0.73,0.335,908.0,368.0,540.0,False
1723.0,0.5269878119558908,0.8093023255813954,0.8179916317991632,0.8136469786902794,0.7086477074869414,0.8138766519823789,0.30662186382219314,0.1861233480176211,1.6474121440861034,0.473568281938326,0.526431718061674,0.695,0.305,908.0,430.0,478.0,False
1723.0,0.5298897272199652,0.8184019370460048,0.81,0.8142009685230025,0.7086477074869414,0.8138006571741512,0.3065458690139654,0.18619934282584882,1.6463316377044144,0.452354874041621,0.547645125958379,0.705,0.315,913.0,413.0,500.0,False
1723.0,0.526407428903076,0.815347721822542,0.8122448979591836,0.8137963098908628,0.7086477074869414,0.8136714443219405,0.30641665616175473,0.1863285556780595,1.6444964919450389,0.4597574421168688,0.5402425578831312,0.7,0.31,907.0,417.0,490.0,False
1723.0,0.5542658154381892,0.7970479704797048,0.8353510895883777,0.8161995300340412,0.7086477074869414,0.8136125654450261,0.30635777728484037,0.18638743455497386,1.6436611084664186,0.5675392670157068,0.4324607329842932,0.655,0.275,955.0,542.0,413.0,False
1723.0,0.5885084155542658,0.7876386687797148,0.856396866840731,0.822017767810223,0.7086477074869414,0.8136094674556213,0.3063546792954356,0.18639053254437865,1.6436171682834484,0.6222879684418146,0.3777120315581854,0.62,0.26,1014.0,631.0,383.0,False
1723.0,0.5380150899593732,0.8267326732673267,0.8030592734225621,0.8148959733449443,0.7086477074869414,0.8133764832793959,0.30612169511921017,0.18662351672060407,1.640316828760161,0.43581445523193096,0.564185544768069,0.71,0.325,927.0,404.0,523.0,False
1723.0,0.5815438189204876,0.7876386687797148,0.8571428571428571,0.8223907629612859,0.7086477074869414,0.8133732534930139,0.30611846533282816,0.18662674650698607,1.640271135098897,0.6297405189620758,0.37025948103792417,0.62,0.255,1002.0,631.0,371.0,False
1723.0,0.5565873476494486,0.8015564202334631,0.8269662921348314,0.8142613561841472,0.7086477074869414,0.8133472367049009,0.3060924485447152,0.18665276329509906,1.6399031181809043,0.5359749739311783,0.4640250260688217,0.665,0.29,959.0,514.0,445.0,False
1723.0,0.5066744051073708,0.8518518518518519,0.7905282331511839,0.821190042501518,0.7086477074869414,0.8132875143184422,0.3060327261582564,0.18671248568155785,1.6390587112647719,0.3711340206185567,0.6288659793814433,0.75,0.34,873.0,324.0,549.0,False
1723.0,0.587347649448636,0.7922705314009661,0.8465473145780051,0.8194089229894856,0.7086477074869414,0.8132411067193676,0.3059863185591818,0.18675889328063244,1.6384029332375234,0.6136363636363636,0.38636363636363635,0.625,0.265,1012.0,621.0,391.0,False
1723.0,0.5281485780615206,0.8311345646437994,0.800376647834275,0.8157556062390372,0.7086477074869414,0.8131868131868132,0.3059320250266274,0.18681318681318682,1.6376361339660643,0.4164835164835165,0.5835164835164836,0.725,0.33,910.0,379.0,531.0,False
1723.0,0.5496227510156704,0.8015564202334631,0.8267898383371824,0.8141731292853227,0.7086477074869414,0.8130939809926082,0.30583919283242245,0.1869060190073918,1.6363260769056724,0.542766631467793,0.457233368532207,0.665,0.285,947.0,514.0,433.0,False
1723.0,0.5339524085896692,0.8303341902313625,0.800376647834275,0.8153554190328187,0.7086477074869414,0.8130434782608695,0.30578869010068377,0.18695652173913047,1.6356139237943548,0.42282608695652174,0.5771739130434783,0.72,0.33,920.0,389.0,531.0,False
1723.0,0.555426581543819,0.7988721804511278,0.8305882352941176,0.8147302078726227,0.7086477074869414,0.812957157784744,0.3057023696245582,0.18704284221525602,1.6343975850877217,0.5559038662486938,0.4440961337513062,0.66,0.28,957.0,532.0,425.0,False
1723.0,0.5861868833430064,0.7973199329983249,0.8353510895883777,0.8163355112933512,0.7086477074869414,0.8128712871287128,0.30561649896852705,0.18712871287128718,1.633188698191599,0.5910891089108911,0.4089108910891089,0.635,0.275,1010.0,597.0,413.0,False
1723.0,0.5861868833430064,0.8,0.8305882352941176,0.8152941176470588,0.7086477074869414,0.8128712871287128,0.30561649896852705,0.18712871287128718,1.633188698191599,0.5792079207920792,0.4207920792079208,0.64,0.28,1010.0,585.0,425.0,False
1723.0,0.5827045850261172,0.8014311270125224,0.8269662921348314,0.8141987095736769,0.7086477074869414,0.8127490039840638,0.30549421582387803,0.1872509960159362,1.6314691100381578,0.5567729083665338,0.44322709163346613,0.65,0.29,1004.0,559.0,445.0,False
1723.0,0.5606500290191526,0.8073770491803278,0.8179916317991632,0.8126843404897455,0.7086477074869414,0.8126293995859213,0.3053746114257355,0.18737060041407871,1.629789362636798,0.505175983436853,0.494824016563147,0.675,0.305,966.0,488.0,478.0,False
1723.0,0.579222286709228,0.7993019197207679,0.8305882352941176,0.8149450775074427,0.7086477074869414,0.812625250501002,0.3053704623408162,0.18737474949899802,1.6297311305675644,0.5741482965931863,0.4258517034068136,0.645,0.28,998.0,573.0,425.0,False
1723.0,0.5356935577481138,0.8184019370460048,0.807843137254902,0.8131225371504534,0.7086477074869414,0.8125677139761647,0.3053129258159789,0.18743228602383533,1.6289238758852516,0.447453954496208,0.5525460455037919,0.705,0.32,923.0,413.0,510.0,False
1723.0,0.5542658154381892,0.8027888446215139,0.8233995584988962,0.8130942015602051,0.7086477074869414,0.812565445026178,0.30531065686599224,0.187434554973822,1.6288920519945396,0.5256544502617801,0.4743455497382199,0.67,0.295,955.0,502.0,453.0,False
1723.0,0.575739988392339,0.8014311270125224,0.8267898383371824,0.8141104826748524,0.7086477074869414,0.8125,0.30524521183981423,0.1875,1.6279744631456758,0.563508064516129,0.43649193548387094,0.65,0.285,992.0,559.0,433.0,False
1723.0,0.5322112594312246,0.815347721822542,0.81,0.812673860911271,0.7086477074869414,0.8124318429661941,0.3051770548060083,0.18756815703380592,1.6270195305645907,0.4547437295528899,0.5452562704471101,0.7,0.315,917.0,417.0,500.0,False
1723.0,0.5380150899593732,0.8123569794050344,0.8122448979591836,0.812300938682109,0.7086477074869414,0.8122977346278317,0.30504294646764596,0.18770226537216828,1.6251425941121138,0.4714131607335491,0.5285868392664509,0.69,0.31,927.0,437.0,490.0,False
1723.0,0.583865351131747,0.793046357615894,0.8407960199004975,0.8169211887581957,0.7086477074869414,0.8121272365805169,0.3048724484203311,0.1878727634194831,1.6227602280997517,0.6003976143141153,0.3996023856858847,0.63,0.27,1006.0,604.0,402.0,False
1723.0,0.546720835751596,0.8119469026548672,0.8122448979591836,0.8120959003070254,0.7086477074869414,0.8121019108280255,0.30484712266783975,0.18789808917197448,1.622406720639012,0.47983014861995754,0.5201698513800425,0.685,0.31,942.0,452.0,490.0,False
1723.0,0.5124782356355194,0.8473053892215568,0.7905282331511839,0.8189168111863704,0.7086477074869414,0.812004530011325,0.30474974185113923,0.187995469988675,1.621048325629855,0.3782559456398641,0.6217440543601359,0.745,0.34,883.0,334.0,549.0,False
1723.0,0.5612304120719674,0.7970479704797048,0.8305882352941176,0.8138181028869111,0.7086477074869414,0.811789038262668,0.30453425010248225,0.18821096173733198,1.6180473618082434,0.5604963805584281,0.43950361944157185,0.655,0.28,967.0,542.0,425.0,False
1723.0,0.5612304120719674,0.8015564202334631,0.8233995584988962,0.8124779893661797,0.7086477074869414,0.811789038262668,0.30453425010248225,0.18821096173733198,1.6180473618082434,0.531540847983454,0.46845915201654603,0.665,0.295,967.0,514.0,453.0,False
1723.0,0.542658154381892,0.8267326732673267,0.800376647834275,0.8135546605508008,0.7086477074869414,0.8117647058823529,0.3045099177221672,0.18823529411764706,1.6177089378990133,0.4320855614973262,0.5679144385026738,0.71,0.33,935.0,404.0,531.0,False
1723.0,0.567034242600116,0.7988721804511278,0.8269662921348314,0.8129192362929796,0.7086477074869414,0.8116683725690891,0.3044135844089033,0.18833162743091092,1.616369956345101,0.5445240532241555,0.4554759467758444,0.66,0.29,977.0,532.0,445.0,False
1723.0,0.5577481137550784,0.8027888446215139,0.8213507625272332,0.8120698035743735,0.7086477074869414,0.8116545265348595,0.3043997383746737,0.18834547346514052,1.6161776164533777,0.522372528616025,0.47762747138397504,0.67,0.3,961.0,502.0,459.0,False
1723.0,0.5977945443993036,0.8,0.8269662921348314,0.8134831460674157,0.7086477074869414,0.8116504854368932,0.30439569727670746,0.18834951456310678,1.616121485541282,0.5679611650485437,0.4320388349514563,0.64,0.29,1030.0,585.0,445.0,False
1723.0,0.5449796865931514,0.8320802005012531,0.7962962962962963,0.8141882483987747,0.7086477074869414,0.8115015974440895,0.3042468092839037,0.18849840255591055,1.6140551068790143,0.4249201277955272,0.5750798722044729,0.715,0.335,939.0,399.0,540.0,False
1723.0,0.5571677307022634,0.8106382978723404,0.8122448979591836,0.8114415979157621,0.7086477074869414,0.8114583333333333,0.3042035451731475,0.18854166666666672,1.6134552672166935,0.4895833333333333,0.5104166666666666,0.68,0.31,960.0,470.0,490.0,False
1723.0,0.5600696459663378,0.7988721804511278,0.8267898383371824,0.8128310093941551,0.7086477074869414,0.81139896373057,0.3041441755703842,0.18860103626943003,1.6126325792605538,0.5512953367875648,0.44870466321243524,0.66,0.285,965.0,532.0,433.0,False
1723.0,0.5908299477655252,0.8,0.8267898383371824,0.8133949191685912,0.7086477074869414,0.8113948919449901,0.3041401037848044,0.18860510805500985,1.6125761752756813,0.574656188605108,0.42534381139489197,0.64,0.285,1018.0,585.0,433.0,False
1723.0,0.5908299477655252,0.7993019197207679,0.8269662921348314,0.8131341059277997,0.7086477074869414,0.8113948919449901,0.3041401037848044,0.18860510805500985,1.6125761752756813,0.56286836935167,0.43713163064833005,0.645,0.29,1018.0,573.0,445.0,False
1723.0,0.5937318630295996,0.7922705314009661,0.8407960199004975,0.8165332756507317,0.7086477074869414,0.8113391984359726,0.3040844102757868,0.18866080156402742,1.6118049311509317,0.6070381231671554,0.39296187683284456,0.625,0.27,1023.0,621.0,402.0,False
1723.0,0.587347649448636,0.8014311270125224,0.8233995584988962,0.8124153427557093,0.7086477074869414,0.8112648221343873,0.30401003397420157,0.18873517786561267,1.6107756773921045,0.5523715415019763,0.44762845849802374,0.65,0.295,1012.0,559.0,453.0,False
1723.0,0.5380150899593732,0.815347721822542,0.807843137254902,0.811595429538722,0.7086477074869414,0.8112189859762675,0.30396419781608175,0.18878101402373249,1.6101417792886157,0.44983818770226536,0.5501618122977346,0.7,0.32,927.0,417.0,510.0,False
1723.0,0.5931514799767846,0.7973199329983249,0.8305882352941176,0.8139540841462213,0.7086477074869414,0.8111545988258317,0.303899810665646,0.18884540117416826,1.609251847151763,0.5841487279843445,0.4158512720156556,0.635,0.28,1022.0,597.0,425.0,False
1723.0,0.583865351131747,0.7993019197207679,0.8267898383371824,0.8130458790289752,0.7086477074869414,0.8111332007952287,0.3038784126350429,0.18886679920477134,1.6089562268992275,0.5695825049701789,0.4304174950298211,0.645,0.285,1006.0,573.0,433.0,False
1723.0,0.5438189204875218,0.8123569794050344,0.81,0.8111784897025172,0.7086477074869414,0.8110992529348986,0.30384446477471283,0.1889007470651014,1.6084873643723496,0.4663820704375667,0.5336179295624333,0.69,0.315,937.0,437.0,500.0,False
1723.0,0.5252466627974464,0.8426966292134831,0.7905282331511839,0.8166124311823335,0.7086477074869414,0.8110497237569061,0.30379493559672033,0.1889502762430939,1.6078036065206545,0.39337016574585637,0.6066298342541436,0.735,0.34,905.0,356.0,549.0,False
1723.0,0.5525246662797446,0.8119469026548672,0.81,0.8109734513274336,0.7086477074869414,0.8109243697478992,0.3036695815877134,0.18907563025210083,1.6060746759527953,0.47478991596638653,0.5252100840336135,0.685,0.315,952.0,452.0,500.0,False
1723.0,0.5647127103888566,0.8015564202334631,0.8213507625272332,0.8114535913803481,0.7086477074869414,0.8108941418293937,0.3036393536692079,0.18910585817060632,1.605658103913801,0.5282631038026722,0.47173689619732784,0.665,0.3,973.0,514.0,459.0,False
1723.0,0.5339524085896692,0.8093023255813954,0.8122448979591836,0.8107736117702895,0.7086477074869414,0.8108695652173913,0.3036147770572055,0.18913043478260871,1.6053195108771785,0.4673913043478261,0.532608695652174,0.695,0.31,920.0,430.0,490.0,False
1723.0,0.5333720255368544,0.8311345646437994,0.7962962962962963,0.8137154304700478,0.7086477074869414,0.8106637649619152,0.3034089768017294,0.18933623503808483,1.6024876418436171,0.41240478781284007,0.5875952121871599,0.725,0.335,919.0,379.0,540.0,False
1723.0,0.539175856065003,0.8303341902313625,0.7962962962962963,0.8133152432638293,0.7086477074869414,0.8105489773950484,0.3032941892348626,0.1894510226049516,1.6009108056772006,0.418729817007535,0.581270182992465,0.72,0.335,929.0,389.0,540.0,False
1723.0,0.5728380731282646,0.7970479704797048,0.8269662921348314,0.8120071313072681,0.7086477074869414,0.8105369807497467,0.3032821925895609,0.18946301925025333,1.6007461181063987,0.5491388044579534,0.4508611955420466,0.655,0.29,987.0,542.0,445.0,False
1723.0,0.5206035983749274,0.8419540229885057,0.7905282331511839,0.8162411280698448,0.7086477074869414,0.810479375696767,0.3032245875365812,0.18952062430323302,1.5999556177665488,0.3879598662207358,0.6120401337792643,0.74,0.34,897.0,348.0,549.0,False
1723.0,0.5113174695298898,0.8518518518518519,0.7863554757630161,0.819103663807434,0.7086477074869414,0.8104426787741204,0.3031878906139346,0.18955732122587965,1.5994522852148287,0.3677639046538025,0.6322360953461975,0.75,0.345,881.0,324.0,557.0,False
1723.0,0.5908299477655252,0.8014311270125224,0.8213507625272332,0.8113909447698777,0.7086477074869414,0.8104125736738703,0.30315778551368455,0.18958742632612968,1.5990395111550821,0.5491159135559921,0.45088408644400785,0.65,0.3,1018.0,559.0,459.0,False
1723.0,0.562971561230412,0.8106382978723404,0.81,0.8103191489361703,0.7086477074869414,0.8103092783505155,0.3030544901903297,0.18969072164948453,1.5976242145903252,0.4845360824742268,0.5154639175257731,0.68,0.315,970.0,470.0,500.0,False
1723.0,0.5658734764944864,0.7970479704797048,0.8267898383371824,0.8119189044084436,0.7086477074869414,0.8102564102564103,0.3030016220962245,0.18974358974358974,1.5969004407773995,0.5558974358974359,0.4441025641025641,0.655,0.285,975.0,542.0,433.0,False
1723.0,0.5322112594312246,0.8396739130434783,0.7905282331511839,0.8151010730973312,0.7086477074869414,0.8102508178844057,0.3029960297242199,0.18974918211559433,1.5968239037764922,0.40130861504907306,0.5986913849509269,0.73,0.34,917.0,368.0,549.0,False
1723.0,0.5902495647127104,0.793046357615894,0.8353510895883777,0.8141987236021359,0.7086477074869414,0.8102261553588987,0.302971367198713,0.18977384464110125,1.5964864271559127,0.5939036381514258,0.4060963618485742,0.63,0.275,1017.0,604.0,413.0,False
1723.0,0.6024376088218224,0.8,0.8233995584988962,0.8116997792494481,0.7086477074869414,0.8102119460500964,0.3029571578899106,0.1897880539499036,1.5962920298970928,0.5635838150289018,0.43641618497109824,0.64,0.295,1038.0,585.0,453.0,False
1723.0,0.5687753917585606,0.8027888446215139,0.8179916317991632,0.8103902382103385,0.7086477074869414,0.810204081632653,0.30294929347246724,0.189795918367347,1.5961844494785904,0.5122448979591837,0.48775510204081635,0.67,0.305,980.0,502.0,478.0,False
1723.0,0.5931514799767846,0.7876386687797148,0.8465473145780051,0.81709299167886,0.7086477074869414,0.8101761252446184,0.3029213370844326,0.18982387475538165,1.5958020953623198,0.6174168297455969,0.38258317025440314,0.62,0.265,1022.0,631.0,391.0,False
1723.0,0.571677307022635,0.7988721804511278,0.8233995584988962,0.811135869475012,0.7086477074869414,0.8101522842639594,0.3028974961037736,0.18984771573604065,1.5954761158407322,0.5401015228426396,0.45989847715736043,0.66,0.295,985.0,532.0,453.0,False
1723.0,0.6047591410330818,0.7973199329983249,0.8269662921348314,0.8121431125665781,0.7086477074869414,0.8099808061420346,0.30272601798184884,0.1900191938579654,1.5931338926115484,0.572936660268714,0.42706333973128596,0.635,0.29,1042.0,597.0,445.0,False
1723.0,0.5954730121880442,0.7993019197207679,0.8233995584988962,0.811350739109832,0.7086477074869414,0.8099415204678363,0.30268673230765053,0.1900584795321637,1.5925978838341,0.5584795321637427,0.4415204678362573,0.645,0.295,1026.0,573.0,453.0,False
1723.0,0.5496227510156704,0.8123569794050344,0.807843137254902,0.8101000583299682,0.7086477074869414,0.8099260823653643,0.3026712942051786,0.19007391763463566,1.5923873089572453,0.4614572333685322,0.5385427666314678,0.69,0.32,947.0,437.0,510.0,False
1723.0,0.543238537434707,0.8184019370460048,0.8030592734225621,0.8107306052342835,0.7086477074869414,0.8098290598290598,0.3025742716688741,0.19017094017094016,1.5910647094498098,0.4412393162393162,0.5587606837606838,0.705,0.325,936.0,413.0,523.0,False
1723.0,0.567614625652931,0.8073770491803278,0.8122448979591836,0.8098109735697557,0.7086477074869414,0.8098159509202454,0.3025611627600596,0.1901840490797546,1.5908861138674102,0.49897750511247446,0.5010224948875256,0.675,0.31,978.0,488.0,490.0,False
1723.0,0.5583284968078932,0.8119469026548672,0.807843137254902,0.8098950199548847,0.7086477074869414,0.8097713097713097,0.30251652161112397,0.19022869022869027,1.5902781081415367,0.4698544698544699,0.5301455301455301,0.685,0.32,962.0,452.0,510.0,False
1723.0,0.5856065002901916,0.7813953488372093,0.8598901098901099,0.8206427293636596,0.7086477074869414,0.8097125867195243,0.3024577985593385,0.19028741328047571,1.5894787434706905,0.6392467789890981,0.3607532210109019,0.615,0.25,1009.0,645.0,364.0,False
1723.0,0.5977945443993036,0.7973199329983249,0.8267898383371824,0.8120548856677536,0.7086477074869414,0.8097087378640777,0.30245394970389194,0.1902912621359223,1.5894263683418814,0.579611650485437,0.4203883495145631,0.635,0.285,1030.0,597.0,433.0,False
1723.0,0.5397562391178178,0.8093023255813954,0.81,0.8096511627906977,0.7086477074869414,0.8096774193548387,0.30242263119465296,0.19032258064516128,1.589000265599024,0.46236559139784944,0.5376344086021505,0.695,0.315,930.0,430.0,500.0,False
1723.0,0.600116076610563,0.7922705314009661,0.8353510895883777,0.813810810494672,0.7086477074869414,0.809477756286267,0.3022229681260812,0.19052224371373305,1.5862870509764873,0.6005802707930368,0.3994197292069632,0.625,0.275,1034.0,621.0,413.0,False
1723.0,0.575739988392339,0.8015564202334631,0.8179916317991632,0.8097740260163131,0.7086477074869414,0.8094758064516129,0.3022210182914271,0.19052419354838712,1.5862605827782839,0.5181451612903226,0.48185483870967744,0.665,0.305,992.0,514.0,478.0,False
1723.0,0.6059199071387116,0.8,0.8213507625272332,0.8106753812636166,0.7086477074869414,0.8093869731800766,0.3021321850198908,0.19061302681992343,1.585055282214904,0.5603448275862069,0.4396551724137931,0.64,0.3,1044.0,585.0,459.0,False
1723.0,0.5966337782936738,0.7813953488372093,0.856396866840731,0.8188961078389702,0.7086477074869414,0.8093385214007782,0.30208373324059246,0.19066147859922178,1.5843983559761687,0.627431906614786,0.372568093385214,0.615,0.26,1028.0,645.0,383.0,False
1723.0,0.5478816018572258,0.8267326732673267,0.7962962962962963,0.8115144847818114,0.7086477074869414,0.809322033898305,0.30206724573811927,0.19067796610169496,1.584174888759914,0.4279661016949153,0.5720338983050848,0.71,0.335,944.0,404.0,540.0,False
1723.0,0.575159605339524,0.7988721804511278,0.8213507625272332,0.8101114714891805,0.7086477074869414,0.8092835519677094,0.30202876380752364,0.1907164480322906,1.5836534652553225,0.5368314833501514,0.46316851664984865,0.66,0.3,991.0,532.0,459.0,False
1723.0,0.5171213000580384,0.8473053892215568,0.7863554757630161,0.8168304324922865,0.7086477074869414,0.8092031425364759,0.3019483543762901,0.19079685746352415,1.5825646102898496,0.37485970819304154,0.6251402918069585,0.745,0.345,891.0,334.0,557.0,False
1723.0,0.5687753917585606,0.8106382978723404,0.807843137254902,0.8092407175636211,0.7086477074869414,0.8091836734693878,0.30192888530920203,0.1908163265306122,1.5823011101765672,0.47959183673469385,0.5204081632653061,0.68,0.32,980.0,470.0,510.0,False
1723.0,0.5989553105049332,0.7993019197207679,0.8213507625272332,0.8103263411240005,0.7086477074869414,0.8091085271317829,0.3018537389715972,0.19089147286821706,1.5812845615161841,0.5552325581395349,0.44476744186046513,0.645,0.3,1032.0,573.0,459.0,False
1723.0,0.6018572257690076,0.8014311270125224,0.8179916317991632,0.8097113794058428,0.7086477074869414,0.8090646094503375,0.30180982129015177,0.19093539054966246,1.580690831706502,0.5390549662487946,0.4609450337512054,0.65,0.305,1037.0,559.0,478.0,False
1723.0,0.5896691816598956,0.7813953488372093,0.8571428571428571,0.8192691029900332,0.7086477074869414,0.8090551181102362,0.30180032995005046,0.19094488188976377,1.5805625527280993,0.6348425196850394,0.36515748031496065,0.615,0.255,1016.0,645.0,371.0,False
1723.0,0.5774811375507836,0.7970479704797048,0.8233995584988962,0.8102237644893004,0.7086477074869414,0.8090452261306532,0.30179043797046745,0.19095477386934678,1.5804288725295528,0.5447236180904522,0.4552763819095477,0.655,0.295,995.0,542.0,453.0,False
1723.0,0.5165409170052234,0.8518518518518519,0.784452296819788,0.8181520743358199,0.7086477074869414,0.8089887640449438,0.30173397588475803,0.1910112359550562,1.579666109043733,0.36404494382022473,0.6359550561797753,0.75,0.35,890.0,324.0,566.0,False
1723.0,0.5194428322692978,0.8518518518518519,0.7845884413309983,0.8182201465914251,0.7086477074869414,0.8089385474860336,0.3016837593258478,0.19106145251396645,1.5789880970563381,0.36201117318435755,0.6379888268156425,0.75,0.355,895.0,324.0,571.0,False
1723.0,0.5734184561810796,0.8073770491803278,0.81,0.8086885245901639,0.7086477074869414,0.8087044534412956,0.30144966528110984,0.1912955465587044,1.575832112686437,0.4939271255060729,0.5060728744939271,0.675,0.315,988.0,488.0,500.0,False
1723.0,0.6094022054556006,0.7973199329983249,0.8233995584988962,0.8103597457486106,0.7086477074869414,0.8085714285714286,0.30131664041124284,0.1914285714285714,1.574042151402015,0.5685714285714286,0.43142857142857144,0.635,0.295,1050.0,597.0,453.0,False
1723.0,0.5972141613464886,0.793046357615894,0.8305882352941176,0.8118172964550059,0.7086477074869414,0.8085519922254616,0.3012972040652758,0.1914480077745384,1.5737808273257299,0.586977648202138,0.413022351797862,0.63,0.28,1029.0,604.0,425.0,False
1723.0,0.5455600696459664,0.815347721822542,0.8030592734225621,0.8092034976225521,0.7086477074869414,0.8085106382978723,0.3012558501376865,0.19148936170212771,1.5732249951634736,0.44361702127659575,0.5563829787234043,0.7,0.325,940.0,417.0,523.0,False
1723.0,0.5455600696459664,0.8093023255813954,0.807843137254902,0.8085727314181487,0.7086477074869414,0.8085106382978723,0.3012558501376865,0.19148936170212771,1.5732249951634736,0.4574468085106383,0.5425531914893617,0.695,0.32,940.0,430.0,510.0,False
1723.0,0.5995356935577482,0.7876386687797148,0.8407960199004975,0.8142173443401062,0.7086477074869414,0.8083252662149081,0.3010704780547223,0.19167473378509192,1.5707363829824657,0.6108422071636012,0.38915779283639884,0.62,0.27,1033.0,631.0,402.0,False
1723.0,0.5298897272199652,0.8426966292134831,0.7863554757630161,0.8145260524882496,0.7086477074869414,0.8083242059145673,0.30106941775438156,0.19167579408543267,1.5707221623414305,0.3899233296823658,0.6100766703176341,0.735,0.345,913.0,356.0,557.0,False
1723.0,0.5478816018572258,0.8184019370460048,0.800376647834275,0.8093892924401399,0.7086477074869414,0.8082627118644068,0.301007923704221,0.1917372881355932,1.5698976794297494,0.4375,0.5625,0.705,0.33,944.0,413.0,531.0,False
1723.0,0.5809634358676726,0.7970479704797048,0.8213507625272332,0.8091993665034689,0.7086477074869414,0.8081918081918081,0.30093702003162237,0.19180819180819186,1.568947692977364,0.5414585414585414,0.45854145854145856,0.655,0.3,1001.0,542.0,459.0,False
1723.0,0.6169471851421938,0.8,0.8179916317991632,0.8089958158995816,0.7086477074869414,0.8080903104421449,0.3008355222819591,0.19190968955785515,1.5675890205182474,0.5503292568203199,0.44967074317968014,0.64,0.305,1063.0,585.0,478.0,False
1723.0,0.5502031340684852,0.8320802005012531,0.7905282331511839,0.8113042168262186,0.7086477074869414,0.8080168776371308,0.30076208947694505,0.19198312236286919,1.5666069276051864,0.4208860759493671,0.5791139240506329,0.715,0.34,948.0,399.0,549.0,False
1723.0,0.5861868833430064,0.7988721804511278,0.8179916317991632,0.8084319061251455,0.7086477074869414,0.807920792079208,0.3006660039190222,0.19207920792079203,1.5653230100938789,0.5267326732673268,0.47326732673267324,0.66,0.305,1010.0,532.0,478.0,False
1723.0,0.5890887986070806,0.7788018433179723,0.8598901098901099,0.8193459766040412,0.7086477074869414,0.8078817733990148,0.300626985238829,0.1921182266009852,1.5648020000892897,0.6413793103448275,0.3586206896551724,0.61,0.25,1015.0,651.0,364.0,False
1723.0,0.6070806732443412,0.7922705314009661,0.8305882352941176,0.8114293833475419,0.7086477074869414,0.8078393881453155,0.30058459998512976,0.19216061185468447,1.5642362765395312,0.5936902485659655,0.4063097514340344,0.625,0.28,1046.0,621.0,425.0,False
1723.0,0.6099825885084156,0.7993019197207679,0.8179916317991632,0.8086467757599656,0.7086477074869414,0.807802093244529,0.30054730508434324,0.192197906755471,1.563738701206162,0.5451950523311132,0.4548049476688868,0.645,0.305,1051.0,573.0,478.0,False
1723.0,0.522344747533372,0.8473053892215568,0.784452296819788,0.8158788430206725,0.7086477074869414,0.8077777777777778,0.30052298961759205,0.19222222222222218,1.5634143968545255,0.3711111111111111,0.6288888888888889,0.745,0.35,900.0,334.0,566.0,False
1723.0,0.6128845037724898,0.7973199329983249,0.8213507625272332,0.809335347762779,0.7086477074869414,0.8077651515151515,0.3005103633549657,0.1922348484848485,1.5632460280928264,0.5653409090909091,0.4346590909090909,0.635,0.3,1056.0,597.0,459.0,False
1723.0,0.5252466627974464,0.8473053892215568,0.7845884413309983,0.8159469152762775,0.7086477074869414,0.8077348066298342,0.30048001846964845,0.1922651933701658,1.5628414753737458,0.36906077348066296,0.630939226519337,0.745,0.355,905.0,334.0,571.0,False
1723.0,0.5252466627974464,0.8419540229885057,0.7863554757630161,0.8141547493757609,0.7086477074869414,0.8077348066298342,0.30048001846964845,0.1922651933701658,1.5628414753737458,0.38453038674033146,0.6154696132596685,0.74,0.345,905.0,348.0,557.0,False
1723.0,0.579222286709228,0.8073770491803278,0.807843137254902,0.8076100932176149,0.7086477074869414,0.8076152304609219,0.3003604423007361,0.19238476953907813,1.5612485490423682,0.48897795591182364,0.5110220440881763,0.675,0.32,998.0,488.0,510.0,False
1723.0,0.5368543238537434,0.8396739130434783,0.7863554757630161,0.8130146944032473,0.7086477074869414,0.8075675675675675,0.30031277940738177,0.19243243243243247,1.5606141626507195,0.3978378378378378,0.6021621621621621,0.73,0.345,925.0,368.0,557.0,False
1723.0,0.600116076610563,0.7788018433179723,0.856396866840731,0.8175993550793517,0.7086477074869414,0.8075435203094777,0.30028873214929197,0.19245647969052226,1.5602942162933058,0.6295938104448743,0.3704061895551257,0.61,0.26,1034.0,651.0,383.0,False
1723.0,0.575739988392339,0.8027888446215139,0.8122448979591836,0.8075168712903488,0.7086477074869414,0.8074596774193549,0.3002048892591691,0.19254032258064513,1.5591793201313917,0.5060483870967742,0.4939516129032258,0.67,0.31,992.0,502.0,490.0,False
1723.0,0.6088218224027858,0.793046357615894,0.8269662921348314,0.8100063248753627,0.7086477074869414,0.8074356530028599,0.30018086484267414,0.1925643469971401,1.5588600357424023,0.5757864632983795,0.4242135367016206,0.63,0.29,1049.0,604.0,445.0,False
1723.0,0.5571677307022634,0.8123569794050344,0.8030592734225621,0.8077081264137982,0.7086477074869414,0.8072916666666666,0.30003687850648086,0.19270833333333337,1.5569481263039004,0.4552083333333333,0.5447916666666667,0.69,0.325,960.0,437.0,523.0,False
1723.0,0.5931514799767846,0.7788018433179723,0.8571428571428571,0.8179723502304147,0.7086477074869414,0.8072407045009785,0.29998591634079275,0.1927592954990215,1.5562721142146714,0.636986301369863,0.363013698630137,0.61,0.255,1022.0,651.0,371.0,False
1723.0,0.5658734764944864,0.8119469026548672,0.8030592734225621,0.8075030880387146,0.7086477074869414,0.8071794871794872,0.2999246990193014,0.19282051282051282,1.555460540126696,0.4635897435897436,0.5364102564102564,0.685,0.325,975.0,452.0,523.0,False
1723.0,0.6018572257690076,0.793046357615894,0.8267898383371824,0.8099180979765382,0.7086477074869414,0.8071359691417551,0.29988118098156935,0.19286403085824488,1.5548839233894376,0.5824493731918997,0.4175506268081003,0.63,0.285,1037.0,604.0,433.0,False
1723.0,0.538595473012188,0.8311345646437994,0.7905282331511839,0.8108313988974917,0.7086477074869414,0.8071120689655172,0.29985728080533147,0.19288793103448276,1.5545673552365789,0.4084051724137931,0.5915948275862069,0.725,0.34,928.0,379.0,549.0,False
1723.0,0.5443993035403366,0.8303341902313625,0.7905282331511839,0.8104312116912732,0.7086477074869414,0.8070362473347548,0.299781459174569,0.19296375266524524,1.5535635840096447,0.4147121535181237,0.5852878464818764,0.72,0.34,938.0,389.0,549.0,False
1723.0,0.5502031340684852,0.815347721822542,0.800376647834275,0.8078621848284084,0.7086477074869414,0.8069620253164557,0.2997072371562699,0.19303797468354433,1.552581753137398,0.439873417721519,0.560126582278481,0.7,0.33,948.0,417.0,531.0,False
1723.0,0.5351131746952988,0.8426966292134831,0.784452296819788,0.8135744630166355,0.7086477074869414,0.806941431670282,0.2996866435100962,0.19305856832971802,1.55230946806915,0.38611713665943603,0.613882863340564,0.735,0.35,922.0,356.0,566.0,False
1723.0,0.5380150899593732,0.8426966292134831,0.7845884413309983,0.8136425352722407,0.7086477074869414,0.8069039913700108,0.299649203209825,0.1930960086299892,1.5518145886899877,0.38403451995685006,0.61596548004315,0.735,0.355,927.0,356.0,571.0,False
1723.0,0.591990713871155,0.7970479704797048,0.8179916317991632,0.807519801139434,0.7086477074869414,0.8068627450980392,0.29960795693785347,0.19313725490196076,1.5512696247543685,0.5313725490196078,0.46862745098039216,0.655,0.305,1020.0,542.0,478.0,False
1723.0,0.5827045850261172,0.8015564202334631,0.8122448979591836,0.8069006590963234,0.7086477074869414,0.8067729083665338,0.29951812020634805,0.19322709163346619,1.5500834674596564,0.5119521912350598,0.48804780876494025,0.665,0.31,1004.0,514.0,490.0,False
1723.0,0.6186883343006384,0.7922705314009661,0.8269662921348314,0.8096184117678988,0.7086477074869414,0.8067542213883677,0.29949943322818195,0.19324577861163228,1.5498368729186502,0.5825515947467167,0.4174484052532833,0.625,0.29,1066.0,621.0,445.0,False
1723.0,0.5763203714451538,0.8106382978723404,0.8030592734225621,0.8068487856474513,0.7086477074869414,0.8066465256797583,0.2993917375195725,0.19335347432024175,1.5484166424840384,0.473313192346425,0.526686807653575,0.68,0.325,993.0,470.0,523.0,False
1723.0,0.6059199071387116,0.7876386687797148,0.8353510895883777,0.8114948791840462,0.7086477074869414,0.8065134099616859,0.2992586218015001,0.19348659003831414,1.5466633720830008,0.6044061302681992,0.3955938697318008,0.62,0.275,1044.0,631.0,413.0,False
1723.0,0.6239117817759722,0.7973199329983249,0.8179916317991632,0.807655782398744,0.7086477074869414,0.8065116279069767,0.29925683974679096,0.19348837209302328,1.546639916960578,0.5553488372093023,0.44465116279069766,0.635,0.305,1075.0,597.0,478.0,False
1723.0,0.6088218224027858,0.8014311270125224,0.8122448979591836,0.806838012485853,0.7086477074869414,0.8064823641563393,0.29922757599615357,0.19351763584366066,1.5462548138914534,0.5328884652049571,0.4671115347950429,0.65,0.31,1049.0,559.0,490.0,False
1723.0,0.6117237376668602,0.7922705314009661,0.8267898383371824,0.8095301848690744,0.7086477074869414,0.8064516129032258,0.29919682474304,0.19354838709677424,1.5458502611723728,0.5891840607210627,0.4108159392789374,0.625,0.285,1054.0,621.0,433.0,False
1723.0,0.5815438189204876,0.8027888446215139,0.81,0.806394422310757,0.7086477074869414,0.8063872255489022,0.2991324373887164,0.1936127744510978,1.5450036199149166,0.500998003992016,0.499001996007984,0.67,0.315,1002.0,502.0,500.0,False
1723.0,0.53047011027278,0.8419540229885057,0.784452296819788,0.8132031599041469,0.7086477074869414,0.8063457330415755,0.29909094488138976,0.19365426695842447,1.5444583255457078,0.38074398249452956,0.6192560175054704,0.74,0.35,914.0,348.0,566.0,False
1723.0,0.5333720255368544,0.8419540229885057,0.7845884413309983,0.8132712321597519,0.7086477074869414,0.8063112078346029,0.2990564196744171,0.19368879216539714,1.5440047734875806,0.3786724700761698,0.6213275299238302,0.74,0.355,919.0,348.0,571.0,False
1723.0,0.5420777713290772,0.8396739130434783,0.784452296819788,0.8120631049316331,0.7086477074869414,0.8062098501070664,0.2989550619468806,0.19379014989293364,1.5426741870629086,0.39400428265524623,0.6059957173447538,0.73,0.35,934.0,368.0,566.0,False
1723.0,0.5240858966918166,0.8518518518518519,0.7806563039723662,0.816254077912109,0.7086477074869414,0.8062015503875969,0.2989467622274111,0.1937984496124031,1.5425652930934413,0.3588039867109635,0.6411960132890365,0.75,0.36,903.0,324.0,579.0,False
1723.0,0.5449796865931514,0.8396739130434783,0.7845884413309983,0.8121311771872383,0.7086477074869414,0.8061767838125665,0.29892199565238076,0.19382321618743348,1.5422404061405794,0.3919062832800852,0.6080937167199149,0.73,0.355,939.0,368.0,571.0,False
1723.0,0.5356935577481138,0.8518518518518519,0.7813021702838063,0.8165770110678291,0.7086477074869414,0.8060671722643553,0.29881238410416955,0.1939328277356447,1.5408035225036225,0.35102925243770317,0.6489707475622969,0.75,0.375,923.0,324.0,599.0,False
1723.0,0.6134648868253048,0.793046357615894,0.8233995584988962,0.8082229580573952,0.7086477074869414,0.8060548722800378,0.29880008411985204,0.1939451277199622,1.5406423849496758,0.5714285714285714,0.42857142857142855,0.63,0.295,1057.0,604.0,453.0,False
1723.0,0.6012768427161926,0.7813953488372093,0.8465473145780051,0.8139713317076072,0.7086477074869414,0.805984555984556,0.2987297678243702,0.19401544401544402,1.5397215893833212,0.6225868725868726,0.37741312741312744,0.615,0.265,1036.0,645.0,391.0,False
1723.0,0.5531050493325594,0.8267326732673267,0.7905282331511839,0.8086304532092553,0.7086477074869414,0.8058761804826863,0.2986213923225005,0.19412381951731372,1.5383037128829353,0.42392444910807975,0.5760755508919203,0.71,0.34,953.0,404.0,549.0,False
1723.0,0.5531050493325594,0.8184019370460048,0.7962962962962963,0.8073491166711506,0.7086477074869414,0.8058761804826863,0.2986213923225005,0.19412381951731372,1.5383037128829353,0.4333683105981112,0.5666316894018888,0.705,0.335,953.0,413.0,540.0,False
1723.0,0.5531050493325594,0.8093023255813954,0.8030592734225621,0.8061807995019787,0.7086477074869414,0.8058761804826863,0.2986213923225005,0.19412381951731372,1.5383037128829353,0.45120671563483733,0.5487932843651626,0.695,0.325,953.0,430.0,523.0,False
1723.0,0.5618107951247824,0.8123569794050344,0.800376647834275,0.8063668136196547,0.7086477074869414,0.8057851239669421,0.29853033580675636,0.19421487603305787,1.537113643941171,0.45144628099173556,0.5485537190082644,0.69,0.33,968.0,437.0,531.0,False
1723.0,0.5885084155542658,0.8015564202334631,0.81,0.8057782101167316,0.7086477074869414,0.8057199211045365,0.29846513294435073,0.1942800788954635,1.5362621563734602,0.5069033530571992,0.4930966469428008,0.665,0.315,1014.0,514.0,500.0,False
1723.0,0.5705165409170052,0.8119469026548672,0.800376647834275,0.8061617752445711,0.7086477074869414,0.8056968463886063,0.2984420582284205,0.19430315361139372,1.5359609593640697,0.4598168870803662,0.5401831129196337,0.685,0.33,983.0,452.0,531.0,False
1723.0,0.5316308763784098,0.8518518518518519,0.7804054054054054,0.8161286286286287,0.7086477074869414,0.8056768558951966,0.2984220677350108,0.19432314410480345,1.535700078906011,0.3537117903930131,0.6462882096069869,0.75,0.37,916.0,324.0,592.0,False
1723.0,0.6239117817759722,0.8,0.8122448979591836,0.8061224489795918,0.7086477074869414,0.8055813953488372,0.29832660718865145,0.19441860465116279,1.534455036975121,0.5441860465116279,0.4558139534883721,0.64,0.31,1075.0,585.0,490.0,False
1723.0,0.6146256529309344,0.8014311270125224,0.81,0.8057155635062612,0.7086477074869414,0.8054768649669499,0.29822207680676416,0.19452313503305008,1.5330931035842874,0.5278564683663833,0.4721435316336166,0.65,0.315,1059.0,559.0,500.0,False
1723.0,0.554846198491004,0.8320802005012531,0.7863554757630161,0.8092178381321347,0.7086477074869414,0.805439330543933,0.29818454238374725,0.19456066945606698,1.532604422144421,0.41736401673640167,0.5826359832635983,0.715,0.345,956.0,399.0,557.0,False
1723.0,0.6233313987231572,0.7922705314009661,0.8233995584988962,0.8078350449499312,0.7086477074869414,0.8054003724394786,0.29814558427929283,0.1945996275605214,1.5320974043825861,0.5782122905027933,0.42178770949720673,0.625,0.295,1074.0,621.0,453.0,False
1723.0,0.587347649448636,0.8027888446215139,0.807843137254902,0.8053159909382079,0.7086477074869414,0.8053359683794467,0.2980811802192609,0.19466403162055335,1.5312596669131575,0.49604743083003955,0.5039525691699605,0.67,0.32,1012.0,502.0,510.0,False
1723.0,0.5931514799767846,0.7988721804511278,0.8122448979591836,0.8055585392051557,0.7086477074869414,0.8052837573385518,0.2980289691783661,0.19471624266144816,1.5305809371873875,0.5205479452054794,0.4794520547945205,0.66,0.31,1022.0,532.0,490.0,False
1723.0,0.5275681950087058,0.8518518518518519,0.7794871794871795,0.8156695156695157,0.7086477074869414,0.8052805280528053,0.2980257398926195,0.19471947194719474,1.5305389692790456,0.3564356435643564,0.6435643564356436,0.75,0.365,909.0,324.0,585.0,False
1723.0,0.6169471851421938,0.793046357615894,0.8213507625272332,0.8071985600715637,0.7086477074869414,0.8052681091251176,0.2980133209649318,0.1947318908748824,1.530377585438273,0.5682031984948259,0.431796801505174,0.63,0.3,1063.0,604.0,459.0,False
1723.0,0.6169471851421938,0.7993019197207679,0.8122448979591836,0.8057734088399757,0.7086477074869414,0.8052681091251176,0.2980133209649318,0.1947318908748824,1.530377585438273,0.5390404515522107,0.4609595484477893,0.645,0.31,1063.0,573.0,490.0,False
1723.0,0.5809634358676726,0.8106382978723404,0.800376647834275,0.8055074728533077,0.7086477074869414,0.8051948051948052,0.2979400170346195,0.19480519480519476,1.5294254207777136,0.4695304695304695,0.5304695304695305,0.68,0.33,1001.0,470.0,531.0,False
1723.0,0.5867672663958212,0.8073770491803278,0.8030592734225621,0.805218161301445,0.7086477074869414,0.8051434223541049,0.2978886341939191,0.19485657764589515,1.5287584221830062,0.4826904055390702,0.5173095944609297,0.675,0.325,1011.0,488.0,523.0,False
1723.0,0.5298897272199652,0.8473053892215568,0.7806563039723662,0.8139808465969616,0.7086477074869414,0.8050383351588171,0.2977835469986313,0.19496166484118294,1.52739538432444,0.3658269441401972,0.6341730558598029,0.745,0.36,913.0,334.0,579.0,False
1723.0,0.5414973882762624,0.8518518518518519,0.7799671592775042,0.815909505564678,0.7086477074869414,0.804930332261522,0.29767554410133623,0.195069667738478,1.5259960584975096,0.34726688102893893,0.6527331189710611,0.75,0.38,933.0,324.0,609.0,False
1723.0,0.5414973882762624,0.8473053892215568,0.7813021702838063,0.8143037797526815,0.7086477074869414,0.804930332261522,0.29767554410133623,0.195069667738478,1.5259960584975096,0.3579849946409432,0.6420150053590568,0.745,0.375,933.0,334.0,599.0,False
1723.0,0.6128845037724898,0.7876386687797148,0.8305882352941176,0.8091134520369162,0.7086477074869414,0.8049242424242424,0.29766945426405667,0.19507575757575757,1.5259172024409895,0.5975378787878788,0.4024621212121212,0.62,0.28,1056.0,631.0,425.0,False
1723.0,0.5943122460824144,0.7742424242424243,0.8598901098901099,0.8170662670662672,0.7086477074869414,0.8046875,0.29743271183981423,0.1953125,1.522855484619849,0.64453125,0.35546875,0.605,0.25,1024.0,660.0,364.0,False
1723.0,0.5943122460824144,0.8015564202334631,0.807843137254902,0.8046997787441825,0.7086477074869414,0.8046875,0.29743271183981423,0.1953125,1.522855484619849,0.501953125,0.498046875,0.665,0.32,1024.0,514.0,510.0,False
1723.0,0.6268136970400464,0.7922705314009661,0.8213507625272332,0.8068106469640997,0.7086477074869414,0.8046296296296296,0.2973748414694438,0.19537037037037042,1.522108193303314,0.575,0.425,0.625,0.3,1080.0,621.0,459.0,False
1723.0,0.6297156123041208,0.8,0.81,0.805,0.7086477074869414,0.8046082949308756,0.29735350677068983,0.1953917050691244,1.5218328058782948,0.5391705069124424,0.4608294930875576,0.64,0.315,1085.0,585.0,500.0,False
1723.0,0.555426581543819,0.815347721822542,0.7962962962962963,0.8058220090594191,0.7086477074869414,0.8045977011494253,0.29734291298923954,0.1954022988505747,1.5216960841214024,0.43573667711598746,0.5642633228840125,0.7,0.335,957.0,417.0,540.0,False
1723.0,0.5374347069065584,0.8473053892215568,0.7804054054054054,0.8138553973134811,0.7086477074869414,0.8045356371490281,0.29728084898884233,0.1954643628509719,1.5208953931694367,0.36069114470842334,0.6393088552915767,0.745,0.37,926.0,334.0,592.0,False
1723.0,0.620429483459083,0.8014311270125224,0.807843137254902,0.8046371321337122,0.7086477074869414,0.804490177736202,0.29723538957601625,0.19550982226379798,1.5203092414199106,0.5229186155285314,0.47708138447146864,0.65,0.32,1069.0,559.0,510.0,False
1723.0,0.543238537434707,0.8311345646437994,0.7863554757630161,0.8087450202034078,0.7086477074869414,0.8044871794871795,0.29723239132699375,0.19551282051282048,1.5202705917052797,0.4049145299145299,0.5950854700854701,0.725,0.345,936.0,379.0,557.0,False
1723.0,0.5490423679628554,0.8303341902313625,0.7863554757630161,0.8083448329971893,0.7086477074869414,0.8044397463002114,0.29718495814002566,0.19556025369978858,1.519659299461969,0.41120507399577166,0.5887949260042283,0.72,0.345,946.0,389.0,557.0,False
1723.0,0.6053395240858966,0.7742424242424243,0.856396866840731,0.8153196455415777,0.7086477074869414,0.8044103547459253,0.2971555665857395,0.19558964525407474,1.5192806664163057,0.6327900287631831,0.36720997123681687,0.605,0.26,1043.0,660.0,383.0,False
1723.0,0.5577481137550784,0.8093023255813954,0.800376647834275,0.8048394867078352,0.7086477074869414,0.8043704474505723,0.2971156592903865,0.1956295525494277,1.5187667477556457,0.4474505723204995,0.5525494276795005,0.695,0.33,961.0,430.0,531.0,False
1723.0,0.6227510156703424,0.7993019197207679,0.81,0.8046509598603839,0.7086477074869414,0.804287045666356,0.29703225750617024,0.195712954333644,1.517693391924384,0.5340167753960857,0.4659832246039143,0.645,0.315,1073.0,573.0,500.0,False
1723.0,0.542658154381892,0.8426966292134831,0.7806563039723662,0.8116764665929246,0.7086477074869414,0.8042780748663102,0.29702328670612443,0.1957219251336898,1.51757799491927,0.38074866310160427,0.6192513368983957,0.735,0.36,935.0,356.0,579.0,False
1723.0,0.5989553105049332,0.7970479704797048,0.8122448979591836,0.8046464342194442,0.7086477074869414,0.8042635658914729,0.2970087777312871,0.19573643410852715,1.517391379300437,0.5251937984496124,0.4748062015503876,0.655,0.31,1032.0,542.0,490.0,False
1723.0,0.5989553105049332,0.7988721804511278,0.81,0.804436090225564,0.7086477074869414,0.8042635658914729,0.2970087777312871,0.19573643410852715,1.517391379300437,0.5155038759689923,0.4844961240310077,0.66,0.315,1032.0,532.0,500.0,False
1723.0,0.6047591410330818,0.7788018433179723,0.8465473145780051,0.8126745789479888,0.7086477074869414,0.8042226487523992,0.2969678605922135,0.19577735124760076,1.516865248711208,0.6247600767754319,0.3752399232245681,0.61,0.265,1042.0,651.0,391.0,False
1723.0,0.6076610562971562,0.7813953488372093,0.8407960199004975,0.8110956843688534,0.7086477074869414,0.8042024832855779,0.2969476951253921,0.19579751671442214,1.5166060331526126,0.6160458452722063,0.3839541547277937,0.615,0.27,1047.0,645.0,402.0,False
1723.0,0.5542658154381892,0.8426966292134831,0.7813021702838063,0.8119993997486448,0.7086477074869414,0.8041884816753927,0.29693369351520693,0.1958115183246073,1.5164260818557362,0.37277486910994767,0.6272251308900524,0.735,0.375,955.0,356.0,599.0,False
1723.0,0.5600696459663378,0.8320802005012531,0.784452296819788,0.8082662486605205,0.7086477074869414,0.8041450777202073,0.2968902895600215,0.19585492227979273,1.515868409658311,0.41347150259067356,0.5865284974093264,0.715,0.35,965.0,399.0,566.0,False
1723.0,0.5333720255368544,0.8473053892215568,0.7794871794871795,0.8133962843543682,0.7086477074869414,0.8041349292709467,0.2968801411107609,0.19586507072905335,1.5157380537821623,0.3634385201305767,0.6365614798694232,0.745,0.365,919.0,334.0,585.0,False
1723.0,0.562971561230412,0.8320802005012531,0.7845884413309983,0.8083343209161257,0.7086477074869414,0.8041237113402062,0.29686892318002045,0.19587628865979378,1.5155939762348414,0.411340206185567,0.588659793814433,0.715,0.355,970.0,399.0,571.0,False
1723.0,0.5983749274521184,0.7742424242424243,0.8571428571428571,0.8156926406926407,0.7086477074869414,0.8040737148399612,0.2968189266797754,0.19592628516003885,1.5149520465685562,0.6401551891367604,0.35984481086323955,0.605,0.255,1031.0,660.0,371.0,False
1723.0,0.6279744631456762,0.793046357615894,0.8179916317991632,0.8055189947075286,0.7086477074869414,0.8040665434380776,0.29681175527789183,0.1959334565619224,1.5148599962767872,0.5582255083179297,0.4417744916820702,0.63,0.305,1082.0,604.0,478.0,False
1723.0,0.6308763784097504,0.7973199329983249,0.8122448979591836,0.8047824154787543,0.7086477074869414,0.8040478380864765,0.29679304992629074,0.1959521619135235,1.5146199308444976,0.5492180312787488,0.45078196872125115,0.635,0.31,1087.0,597.0,490.0,False
1723.0,0.624492164828787,0.7876386687797148,0.8269662921348314,0.807302480457273,0.7086477074869414,0.8039033457249071,0.2966485575647213,0.19609665427509293,1.5127670518466356,0.5864312267657993,0.41356877323420077,0.62,0.29,1076.0,631.0,445.0,False
1723.0,0.547301218804411,0.8473053892215568,0.7799671592775042,0.8136362742495304,0.7086477074869414,0.8038176033934252,0.29656281523323946,0.19618239660657477,1.5116688365672692,0.35418875927889715,0.6458112407211029,0.745,0.38,943.0,334.0,609.0,False
1723.0,0.5502031340684852,0.8426966292134831,0.7804054054054054,0.8115510173094442,0.7086477074869414,0.8037974683544303,0.29654268019424457,0.19620253164556967,1.5114110796996978,0.3755274261603376,0.6244725738396625,0.735,0.37,948.0,356.0,592.0,False
1723.0,0.5914103308183402,0.8073770491803278,0.800376647834275,0.8038768485073013,0.7086477074869414,0.803729146221786,0.2964743580616003,0.19627085377821396,1.510536854323853,0.478900883218842,0.521099116781158,0.675,0.33,1019.0,488.0,531.0,False
1723.0,0.5380150899593732,0.8419540229885057,0.7806563039723662,0.811305163480436,0.7086477074869414,0.8036677454153183,0.2964129572551325,0.19633225458468173,1.509751710854439,0.37540453074433655,0.6245954692556634,0.74,0.36,927.0,348.0,579.0,False
1723.0,0.6355194428322692,0.8,0.807843137254902,0.803921568627451,0.7086477074869414,0.8036529680365296,0.29639817987634387,0.19634703196347036,1.5095628230911464,0.5342465753424658,0.4657534246575342,0.64,0.32,1095.0,585.0,510.0,False
1723.0,0.5496227510156704,0.8419540229885057,0.7813021702838063,0.811628096636156,0.7086477074869414,0.8035902851108765,0.2963354969506907,0.1964097148891235,1.5087619118941085,0.36747624076029567,0.6325237592397043,0.74,0.375,947.0,348.0,599.0,False
1723.0,0.5496227510156704,0.8396739130434783,0.7806563039723662,0.8101651085079222,0.7086477074869414,0.8035902851108765,0.2963354969506907,0.1964097148891235,1.5087619118941085,0.3885955649419219,0.6114044350580782,0.73,0.36,947.0,368.0,579.0,False
1723.0,0.6175275681950088,0.7876386687797148,0.8267898383371824,0.8072142535584486,0.7086477074869414,0.8035714285714286,0.29631664041124284,0.1964285714285714,1.5085210784572365,0.5930451127819549,0.4069548872180451,0.62,0.285,1064.0,631.0,433.0,False
1723.0,0.5612304120719674,0.8396739130434783,0.7813021702838063,0.8104880416636423,0.7086477074869414,0.8035160289555325,0.29626124079534677,0.19648397104446746,1.5078137886794751,0.38055842812823165,0.6194415718717684,0.73,0.375,967.0,368.0,599.0,False
1723.0,0.567034242600116,0.8123569794050344,0.7962962962962963,0.8043266378506653,0.7086477074869414,0.8034800409416581,0.2962252527814724,0.19651995905834185,1.5073545414973881,0.44728761514841353,0.5527123848515865,0.69,0.335,977.0,437.0,540.0,False
1723.0,0.6378409750435288,0.7922705314009661,0.8179916317991632,0.8051310816000647,0.7086477074869414,0.8034576888080073,0.2962029006478215,0.19654231119199272,1.5070693880183141,0.565059144676979,0.4349408553230209,0.625,0.305,1099.0,621.0,478.0,False
1723.0,0.575739988392339,0.8119469026548672,0.7962962962962963,0.8041215994755817,0.7086477074869414,0.8034274193548387,0.296172631194653,0.19657258064516125,1.5066833340774144,0.45564516129032256,0.5443548387096774,0.685,0.335,992.0,452.0,540.0,False
1723.0,0.5461404526987812,0.8426966292134831,0.7794871794871795,0.8110919043503313,0.7086477074869414,0.8034006376195537,0.29614584945936795,0.19659936238044629,1.5063418613041368,0.3783209351753454,0.6216790648246546,0.735,0.365,941.0,356.0,585.0,False
1723.0,0.5577481137550784,0.8267326732673267,0.7863554757630161,0.8065440745151714,0.7086477074869414,0.8033298647242456,0.29607507656405985,0.1966701352757544,1.5054399395664633,0.42039542143600417,0.5796045785639958,0.71,0.345,961.0,404.0,557.0,False
1723.0,0.628554846198491,0.7993019197207679,0.807843137254902,0.803572528487835,0.7086477074869414,0.8033240997229917,0.2960693115628059,0.19667590027700832,1.5053664996362384,0.5290858725761773,0.4709141274238227,0.645,0.32,1083.0,573.0,510.0,False
1723.0,0.6047591410330818,0.7970479704797048,0.81,0.8035239852398524,0.7086477074869414,0.8032629558541267,0.2960081676939409,0.19673704414587334,1.5045878572540798,0.5201535508637236,0.4798464491362764,0.655,0.315,1042.0,542.0,500.0,False
1723.0,0.6047591410330818,0.7988721804511278,0.807843137254902,0.8033576588530149,0.7086477074869414,0.8032629558541267,0.2960081676939409,0.19673704414587334,1.5045878572540798,0.510556621880998,0.4894433781190019,0.66,0.32,1042.0,532.0,510.0,False
1723.0,0.5455600696459664,0.8419540229885057,0.7804054054054054,0.8111797141969556,0.7086477074869414,0.8031914893617021,0.2959367012015164,0.19680851063829785,1.5036783736725698,0.3702127659574468,0.6297872340425532,0.74,0.37,940.0,348.0,592.0,False
1723.0,0.5484619849100406,0.8311345646437994,0.784452296819788,0.8077934307317938,0.7086477074869414,0.8031746031746032,0.29591981501441744,0.1968253968253968,1.5034635762829276,0.40105820105820106,0.5989417989417989,0.725,0.35,945.0,379.0,566.0,False
1723.0,0.551363900174115,0.8311345646437994,0.7845884413309983,0.8078615029873988,0.7086477074869414,0.8031578947368421,0.2959031065766563,0.19684210526315793,1.5032510761915692,0.3989473684210526,0.6010526315789474,0.725,0.355,950.0,379.0,571.0,False
1723.0,0.5542658154381892,0.8303341902313625,0.784452296819788,0.8073932435255753,0.7086477074869414,0.8031413612565445,0.2958865730963587,0.19685863874345555,1.5030408367394812,0.4073298429319372,0.5926701570680628,0.72,0.35,955.0,389.0,566.0,False
1723.0,0.5571677307022634,0.8396739130434783,0.7804054054054054,0.8100396592244419,0.7086477074869414,0.803125,0.2958702118398142,0.19687500000000002,1.5028328220435005,0.38333333333333336,0.6166666666666667,0.73,0.37,960.0,368.0,592.0,False
1723.0,0.5571677307022634,0.8303341902313625,0.7845884413309983,0.8074613157811803,0.7086477074869414,0.803125,0.2958702118398142,0.19687500000000002,1.5028328220435005,0.40520833333333334,0.5947916666666667,0.72,0.355,960.0,389.0,571.0,False
1723.0,0.5600696459663378,0.8426966292134831,0.7799671592775042,0.8113318942454937,0.7086477074869414,0.8031088082901554,0.29585402012996964,0.1968911917098446,1.502626996975898,0.3689119170984456,0.6310880829015544,0.735,0.38,965.0,356.0,609.0,False
1723.0,0.636680208937899,0.7973199329983249,0.81,0.8036599664991625,0.7086477074869414,0.8030993618960802,0.29584457373589446,0.19690063810391978,1.5025069323531306,0.544211485870556,0.45578851412944393,0.635,0.315,1097.0,597.0,500.0,False
1723.0,0.5861868833430064,0.8106382978723404,0.7962962962962963,0.8034672970843184,0.7086477074869414,0.802970297029703,0.29571550886951725,0.19702970297029698,1.50086765808147,0.46534653465346537,0.5346534653465347,0.68,0.335,1010.0,470.0,540.0,False
1723.0,0.5948926291352292,0.8027888446215139,0.8030592734225621,0.802924059022038,0.7086477074869414,0.8029268292682927,0.29567204110810696,0.19707317073170727,1.5003160501772759,0.4897560975609756,0.5102439024390244,0.67,0.325,1025.0,502.0,523.0,False
1723.0,0.5977945443993036,0.7717717717717718,0.8598901098901099,0.8158309408309409,0.7086477074869414,0.8029126213592233,0.2956578331990375,0.19708737864077674,1.5001358039162982,0.6466019417475728,0.3533980582524272,0.6,0.25,1030.0,666.0,364.0,False
1723.0,0.5414973882762624,0.8419540229885057,0.7794871794871795,0.8107206012378426,0.7086477074869414,0.8027867095391211,0.29553192137893536,0.19721329046087888,1.4985395796007972,0.3729903536977492,0.6270096463022508,0.74,0.365,933.0,348.0,585.0,False
1723.0,0.5531050493325594,0.8396739130434783,0.7794871794871795,0.8095805462653289,0.7086477074869414,0.8027282266526757,0.29547343849248997,0.19727177334732426,1.4977988664007602,0.3861490031479538,0.6138509968520461,0.73,0.365,953.0,368.0,585.0,False
1723.0,0.6088218224027858,0.7717717717717718,0.856396866840731,0.8140843193062515,0.7086477074869414,0.8026692087702574,0.2954144206100716,0.19733079122974262,1.497051822318672,0.6348903717826502,0.3651096282173499,0.6,0.26,1049.0,666.0,383.0,False
1723.0,0.6291352292513058,0.7876386687797148,0.8233995584988962,0.8055191136393055,0.7086477074869414,0.8025830258302583,0.29532823767007255,0.1974169741697417,1.4959617272633583,0.5821033210332104,0.41789667896678967,0.62,0.295,1084.0,631.0,453.0,False
1723.0,0.555426581543819,0.8419540229885057,0.7799671592775042,0.8109605911330049,0.7086477074869414,0.8025078369905956,0.2952530488304098,0.19749216300940442,1.4950114694746146,0.36363636363636365,0.6363636363636364,0.74,0.38,957.0,348.0,609.0,False
1723.0,0.5583284968078932,0.8184019370460048,0.7905282331511839,0.8044650850985944,0.7086477074869414,0.8024948024948025,0.2952400143346168,0.19750519750519746,1.4948468094205336,0.4293139293139293,0.5706860706860707,0.705,0.34,962.0,413.0,549.0,False
1723.0,0.6111433546140452,0.7788018433179723,0.8407960199004975,0.8097989316092349,0.7086477074869414,0.8024691358024691,0.2952143476422834,0.19753086419753085,1.4945226349390597,0.6182336182336182,0.3817663817663818,0.61,0.27,1053.0,651.0,402.0,False
1723.0,0.6140452698781196,0.7813953488372093,0.8353510895883777,0.8083732192127935,0.7086477074869414,0.8024574669187146,0.2952026787585288,0.19754253308128544,1.494375282902026,0.6096408317580341,0.390359168241966,0.615,0.275,1058.0,645.0,413.0,False
1723.0,0.567034242600116,0.8396739130434783,0.7799671592775042,0.8098205361604912,0.7086477074869414,0.8024564994882293,0.2952017113280435,0.19754350051177072,1.4943630671891115,0.3766632548618219,0.623336745138178,0.73,0.38,977.0,368.0,609.0,False
1723.0,0.6018572257690076,0.7717717717717718,0.8571428571428571,0.8144573144573144,0.7086477074869414,0.8023143683702989,0.29505958021011314,0.1976856316297011,1.4925696813555476,0.6422372227579557,0.35776277724204436,0.6,0.255,1037.0,666.0,371.0,False
1723.0,0.6018572257690076,0.8015564202334631,0.8030592734225621,0.8023078468280126,0.7086477074869414,0.8023143683702989,0.29505958021011314,0.1976856316297011,1.4925696813555476,0.4956605593056895,0.5043394406943105,0.665,0.325,1037.0,514.0,523.0,False
1723.0,0.6105629715612304,0.7970479704797048,0.807843137254902,0.8024455538673034,0.7086477074869414,0.8022813688212928,0.295026580661107,0.19771863117870725,1.4921536675744447,0.5152091254752852,0.4847908745247148,0.655,0.32,1052.0,542.0,510.0,False
1723.0,0.6279744631456762,0.8014311270125224,0.8030592734225621,0.8022452002175422,0.7086477074869414,0.8022181146025879,0.2949633264424021,0.19778188539741215,1.4913566318256035,0.5166358595194085,0.4833641404805915,0.65,0.325,1082.0,559.0,523.0,False
1723.0,0.6424840394660476,0.7973199329983249,0.807843137254902,0.8025815351266135,0.7086477074869414,0.8021680216802168,0.29491323352003107,0.19783197831978316,1.4907257968341299,0.5392953929539296,0.46070460704607047,0.635,0.32,1107.0,597.0,510.0,False
1723.0,0.562971561230412,0.8267326732673267,0.784452296819788,0.8055924850435574,0.7086477074869414,0.8020618556701031,0.29480706750991736,0.19793814432989687,1.4893898723157286,0.41649484536082476,0.5835051546391753,0.71,0.35,970.0,404.0,566.0,False
1723.0,0.562971561230412,0.8093023255813954,0.7962962962962963,0.8027993109388458,0.7086477074869414,0.8020618556701031,0.29480706750991736,0.19793814432989687,1.4893898723157286,0.44329896907216493,0.5567010309278351,0.695,0.335,970.0,430.0,540.0,False
1723.0,0.5658734764944864,0.8267326732673267,0.7845884413309983,0.8056605572991624,0.7086477074869414,0.8020512820512821,0.2947964938910963,0.19794871794871793,1.4892568991907715,0.41435897435897434,0.5856410256410256,0.71,0.355,975.0,404.0,571.0,False
1723.0,0.632617527568195,0.7876386687797148,0.8213507625272332,0.804494715653474,0.7086477074869414,0.8018348623853211,0.2945800742251353,0.1981651376146789,1.4865383375249883,0.5788990825688073,0.42110091743119266,0.62,0.3,1090.0,631.0,459.0,False
1723.0,0.6349390597794544,0.793046357615894,0.8122448979591836,0.8026456277875389,0.7086477074869414,0.8016453382084096,0.2943905500482238,0.19835466179159045,1.4841624965564835,0.5521023765996343,0.44789762340036565,0.63,0.31,1094.0,604.0,490.0,False
1723.0,0.567614625652931,0.8320802005012531,0.7806563039723662,0.8063682522368096,0.7086477074869414,0.8016359918200409,0.2943812036598551,0.19836400817995914,1.4840454493780322,0.40797546012269936,0.5920245398773006,0.715,0.36,978.0,399.0,579.0,False
1723.0,0.579222286709228,0.8320802005012531,0.7813021702838063,0.8066911853925297,0.7086477074869414,0.8016032064128257,0.2943484182526399,0.19839679358717432,1.4836349566471447,0.3997995991983968,0.6002004008016032,0.715,0.375,998.0,399.0,599.0,False
1723.0,0.5966337782936738,0.8073770491803278,0.7962962962962963,0.801836672738312,0.7086477074869414,0.8015564202334631,0.2943016320732773,0.19844357976653693,1.4830494008398487,0.47470817120622566,0.5252918287937743,0.675,0.335,1028.0,488.0,540.0,False
1723.0,0.5995356935577482,0.8027888446215139,0.800376647834275,0.8015827462278944,0.7086477074869414,0.8015488867376573,0.2942940985774716,0.19845111326234266,1.482955140636723,0.48596321393998065,0.5140367860600193,0.67,0.33,1033.0,502.0,531.0,False
1723.0,0.6430644225188624,0.8,0.8030592734225621,0.8015296367112811,0.7086477074869414,0.8014440433212996,0.2941892551611138,0.1985559566787004,1.4816440669023365,0.5279783393501805,0.4720216606498195,0.64,0.325,1108.0,585.0,523.0,False
1723.0,0.5606500290191526,0.815347721822542,0.7905282331511839,0.802937977486863,0.7086477074869414,0.8012422360248447,0.2939874478646589,0.19875776397515532,1.479124347069065,0.43167701863354035,0.5683229813664596,0.7,0.34,966.0,417.0,549.0,False
1723.0,0.575159605339524,0.8320802005012531,0.7804054054054054,0.8062428029533293,0.7086477074869414,0.8012108980827447,0.29395610992255894,0.1987891019172553,1.4787335275799793,0.4026236125126135,0.5973763874873865,0.715,0.37,991.0,399.0,592.0,False
1723.0,0.6099825885084156,0.7742424242424243,0.8465473145780051,0.8103948694102148,0.7086477074869414,0.8011417697431018,0.29388698158291604,0.1988582302568982,1.477871854754281,0.6279733587059942,0.3720266412940057,0.605,0.265,1051.0,660.0,391.0,False
1723.0,0.6360998258850842,0.7993019197207679,0.8030592734225621,0.801180596571665,0.7086477074869414,0.801094890510949,0.2938401023507632,0.19890510948905105,1.4772878540203511,0.5228102189781022,0.4771897810218978,0.645,0.325,1096.0,573.0,523.0,False
1723.0,0.644805571677307,0.7922705314009661,0.8122448979591836,0.8022577146800749,0.7086477074869414,0.8010801080108011,0.29382531985061533,0.1989198919891989,1.4771037572580707,0.5589558955895589,0.44104410441044106,0.625,0.31,1111.0,621.0,490.0,False
1723.0,0.6065002901915264,0.8015564202334631,0.800376647834275,0.800966534033869,0.7086477074869414,0.8009569377990431,0.2937021496388573,0.1990430622009569,1.4755708960221439,0.49186602870813395,0.508133971291866,0.665,0.33,1045.0,514.0,531.0,False
1723.0,0.612304120719675,0.7988721804511278,0.8030592734225621,0.800965726936845,0.7086477074869414,0.8009478672985783,0.2936930791383925,0.19905213270142175,1.4754580880524009,0.5042654028436019,0.4957345971563981,0.66,0.325,1055.0,532.0,523.0,False
1723.0,0.6210098665118978,0.7813953488372093,0.8305882352941176,0.8059917920656634,0.7086477074869414,0.8009345794392523,0.2936797912790665,0.19906542056074772,1.4752928482093948,0.602803738317757,0.397196261682243,0.615,0.28,1070.0,645.0,425.0,False
1723.0,0.632617527568195,0.8014311270125224,0.800376647834275,0.8009038874233987,0.7086477074869414,0.8009174311926606,0.2936626430324748,0.19908256880733943,1.4750796355087445,0.5128440366972477,0.4871559633027523,0.65,0.33,1090.0,559.0,531.0,False
1723.0,0.5536854323853744,0.8518518518518519,0.7746031746031746,0.8132275132275133,0.7086477074869414,0.80083857442348,0.2935837862632943,0.19916142557651995,1.4740996426062247,0.33962264150943394,0.660377358490566,0.75,0.39,954.0,324.0,630.0,False
1723.0,0.57109692396982,0.8320802005012531,0.7794871794871795,0.8057836899942163,0.7086477074869414,0.8008130081300813,0.2935582199698955,0.19918699186991873,1.4737820839304956,0.4054878048780488,0.5945121951219512,0.715,0.365,984.0,399.0,585.0,False
1723.0,0.6175275681950088,0.7788018433179723,0.8353510895883777,0.807076466453175,0.7086477074869414,0.8007518796992481,0.29349709153906234,0.1992481203007519,1.4730231386677468,0.6118421052631579,0.3881578947368421,0.61,0.275,1064.0,651.0,413.0,False
1723.0,0.640742890307603,0.793046357615894,0.81,0.8015231788079471,0.7086477074869414,0.8007246376811594,0.29346984952097366,0.19927536231884058,1.4726850630507042,0.5471014492753623,0.4528985507246377,0.63,0.315,1104.0,604.0,500.0,False
1723.0,0.6436448055716774,0.7876386687797148,0.8179916317991632,0.802815150289439,0.7086477074869414,0.8007213706041478,0.29346658244396207,0.19927862939585217,1.4726445245717368,0.5689810640216412,0.4310189359783589,0.62,0.305,1109.0,631.0,478.0,False
1723.0,0.5560069645966338,0.8311345646437994,0.7806563039723662,0.8058954343080829,0.7086477074869414,0.8006263048016702,0.2933715166414844,0.19937369519832981,1.4714655127881786,0.395615866388309,0.6043841336116911,0.725,0.36,958.0,379.0,579.0,False
1723.0,0.5618107951247824,0.8303341902313625,0.7806563039723662,0.8054952471018644,0.7086477074869414,0.8006198347107438,0.29336504655055806,0.19938016528925617,1.4713853111965816,0.4018595041322314,0.5981404958677686,0.72,0.36,968.0,389.0,579.0,False
1723.0,0.567614625652931,0.8311345646437994,0.7813021702838063,0.8062183674638028,0.7086477074869414,0.8006134969325154,0.2933587087723296,0.19938650306748462,1.471306754765838,0.38752556237218816,0.6124744376278118,0.725,0.375,978.0,379.0,599.0,False
1723.0,0.5734184561810796,0.8303341902313625,0.7813021702838063,0.8058181802575843,0.7086477074869414,0.8006072874493927,0.2933524992892069,0.1993927125506073,1.4712297933895249,0.3937246963562753,0.6062753036437247,0.72,0.375,988.0,389.0,599.0,False
1723.0,0.5850261172373766,0.8320802005012531,0.7799671592775042,0.8060236798893786,0.7086477074869414,0.8005952380952381,0.29334044993505237,0.19940476190476186,1.4710804653459346,0.3958333333333333,0.6041666666666666,0.715,0.38,1008.0,399.0,609.0,False
1723.0,0.563551944283227,0.8311345646437994,0.7804054054054054,0.8057699850246024,0.7086477074869414,0.800205973223481,0.2929511850632952,0.19979402677651903,1.4662659829714417,0.3903192584963955,0.6096807415036045,0.725,0.37,971.0,379.0,592.0,False
1723.0,0.5693557748113756,0.8303341902313625,0.7804054054054054,0.8053697978183839,0.7086477074869414,0.800203873598369,0.2929490854381832,0.19979612640163102,1.466240065381927,0.3965341488277268,0.6034658511722731,0.72,0.37,981.0,389.0,592.0,False
1723.0,0.5722576900754498,0.8123569794050344,0.7905282331511839,0.8014426062781091,0.7086477074869414,0.8002028397565923,0.2929480515964066,0.19979716024340766,1.466227303929223,0.4432048681541582,0.5567951318458418,0.69,0.34,986.0,437.0,549.0,False
1723.0,0.5809634358676726,0.8119469026548672,0.7905282331511839,0.8012375679030256,0.7086477074869414,0.8001998001998002,0.2929450120396144,0.1998001998001998,1.4661897852582702,0.4515484515484515,0.5484515484515484,0.685,0.34,1001.0,452.0,549.0,False
1723.0,0.6477074869413814,0.8,0.800376647834275,0.8001883239171375,0.7086477074869414,0.8001792114695341,0.2929244233093483,0.19982078853046592,1.4659356789831066,0.5241935483870968,0.47580645161290325,0.64,0.33,1116.0,585.0,531.0,False
1723.0,0.6506094022054556,0.7922705314009661,0.81,0.8011352657004831,0.7086477074869414,0.800178412132025,0.29292362397183924,0.199821587867975,1.4659258146090708,0.5539696699375558,0.44603033006244425,0.625,0.315,1121.0,621.0,500.0,False
1723.0,0.5484619849100406,0.8518518518518519,0.7729468599033816,0.8123993558776168,0.7086477074869414,0.8,0.2927452118398143,0.19999999999999996,1.4637260591990717,0.34285714285714286,0.6571428571428571,0.75,0.385,945.0,324.0,621.0,False
1723.0,0.632617527568195,0.7813953488372093,0.8269662921348314,0.8041808204860204,0.7086477074869414,0.8,0.2927452118398143,0.19999999999999996,1.4637260591990717,0.591743119266055,0.40825688073394495,0.615,0.29,1090.0,645.0,445.0,False
1723.0,0.562971561230412,0.8184019370460048,0.7863554757630161,0.8023787064045105,0.7086477074869414,0.8,0.2927452118398143,0.19999999999999996,1.4637260591990717,0.42577319587628865,0.5742268041237113,0.705,0.345,970.0,413.0,557.0,False
1723.0,0.6500290191526408,0.7973199329983249,0.8030592734225621,0.8001896032104435,0.7086477074869414,0.8,0.2927452118398143,0.19999999999999996,1.4637260591990717,0.5330357142857143,0.4669642857142857,0.635,0.325,1120.0,597.0,523.0,False
1723.0,0.6181079512478236,0.7970479704797048,0.8030592734225621,0.8000536219511334,0.7086477074869414,0.8,0.2927452118398143,0.19999999999999996,1.4637260591990717,0.5089201877934272,0.49107981220657276,0.655,0.325,1065.0,542.0,523.0,False
1723.0,0.6465467208357516,0.793046357615894,0.807843137254902,0.800444747435398,0.7086477074869414,0.7998204667863554,0.29256567862616967,0.20017953321364457,1.4615164394150355,0.5421903052064632,0.4578096947935368,0.63,0.32,1114.0,604.0,510.0,False
1723.0,0.640742890307603,0.7993019197207679,0.800376647834275,0.7998392837775214,0.7086477074869414,0.7998188405797102,0.29256405241952443,0.2001811594202898,1.4614964428559052,0.5190217391304348,0.48097826086956524,0.645,0.33,1104.0,573.0,531.0,False
1723.0,0.5914103308183402,0.8106382978723404,0.7905282331511839,0.8005832655117622,0.7086477074869414,0.7998037291462218,0.292548940986036,0.20019627085377822,1.4613106414939738,0.46123650637880276,0.5387634936211972,0.68,0.34,1019.0,470.0,549.0,False
1723.0,0.5652930934416716,0.8303341902313625,0.7794871794871795,0.804910684859271,0.7086477074869414,0.7997946611909651,0.29253987303077933,0.2002053388090349,1.4611991606768158,0.3993839835728953,0.6006160164271047,0.72,0.365,974.0,389.0,585.0,False
1723.0,0.559489262913523,0.8473053892215568,0.7746031746031746,0.8109542819123657,0.7086477074869414,0.799792531120332,0.29253774296014623,0.200207468879668,1.4611729751999016,0.34647302904564314,0.6535269709543569,0.745,0.39,964.0,334.0,630.0,False
1723.0,0.559489262913523,0.8311345646437994,0.7794871794871795,0.8053108720654895,0.7086477074869414,0.799792531120332,0.29253774296014623,0.200207468879668,1.4611729751999016,0.39315352697095435,0.6068464730290456,0.725,0.365,964.0,379.0,585.0,False
1723.0,0.6256529309344168,0.7813953488372093,0.8267898383371824,0.8040925935871959,0.7086477074869414,0.7996289424860853,0.2923741543258995,0.2003710575139147,1.459163603533887,0.5983302411873841,0.40166975881261596,0.615,0.285,1078.0,645.0,433.0,False
1723.0,0.6169471851421938,0.7988721804511278,0.800376647834275,0.7996244141427014,0.7086477074869414,0.7996237064910631,0.2923689183308773,0.20037629350893693,1.459099343594942,0.5004703668861712,0.4995296331138288,0.66,0.33,1063.0,532.0,531.0,False
1723.0,0.6053395240858966,0.7673048600883653,0.8598901098901099,0.8135974849892376,0.7086477074869414,0.7996164908916586,0.2923617027314729,0.20038350910834135,1.459010794014001,0.6510067114093959,0.348993288590604,0.595,0.25,1043.0,679.0,364.0,False
1723.0,0.5821242019733024,0.8267326732673267,0.7813021702838063,0.8040174217755665,0.7086477074869414,0.7996011964107677,0.2923464082505819,0.20039880358923234,1.4588231217678287,0.40279162512462613,0.5972083748753739,0.71,0.375,1003.0,404.0,599.0,False
1723.0,0.579222286709228,0.8303341902313625,0.7799671592775042,0.8051506747544332,0.7086477074869414,0.7995991983967936,0.29234441023660784,0.2004008016032064,1.4587986070806733,0.3897795591182365,0.6102204408817635,0.72,0.38,998.0,389.0,609.0,False
1723.0,0.5734184561810796,0.8311345646437994,0.7799671592775042,0.8055508619606517,0.7086477074869414,0.7995951417004049,0.29234035354021914,0.2004048582995951,1.4587488348370534,0.38360323886639675,0.6163967611336032,0.725,0.38,988.0,379.0,609.0,False
1723.0,0.5705165409170052,0.8267326732673267,0.7806563039723662,0.8036944886198465,0.7086477074869414,0.7995930824008138,0.29233829424062807,0.20040691759918616,1.4587235697387686,0.41098677517802645,0.5890132248219736,0.71,0.36,983.0,404.0,579.0,False
1723.0,0.616366802089379,0.7673048600883653,0.856396866840731,0.8118508634645482,0.7086477074869414,0.7994350282485876,0.2921802400884018,0.2005649717514124,1.4567859857928769,0.6393596986817326,0.3606403013182674,0.595,0.26,1062.0,679.0,383.0,False
1723.0,0.616366802089379,0.7742424242424243,0.8407960199004975,0.8075192220714609,0.7086477074869414,0.7994350282485876,0.2921802400884018,0.2005649717514124,1.4567859857928769,0.6214689265536724,0.3785310734463277,0.605,0.27,1062.0,660.0,402.0,False
1723.0,0.6134648868253048,0.7717717717717718,0.8465473145780051,0.8091595431748885,0.7086477074869414,0.7994323557237465,0.2921775675635607,0.2005676442762535,1.4567532495975648,0.630085146641438,0.36991485335856195,0.6,0.265,1057.0,666.0,391.0,False
1723.0,0.6047591410330818,0.8027888446215139,0.7962962962962963,0.7995425704589051,0.7086477074869414,0.7994241842610365,0.2921693961008507,0.20057581573896355,1.456653161421466,0.4817658349328215,0.5182341650671785,0.67,0.335,1042.0,502.0,540.0,False
1723.0,0.6564132327336042,0.7922705314009661,0.807843137254902,0.8000568343279341,0.7086477074869414,0.7992926613616269,0.29203787320144114,0.2007073386383731,1.4550433241886784,0.5490716180371353,0.4509283819628647,0.625,0.32,1131.0,621.0,510.0,False
1723.0,0.624492164828787,0.7788018433179723,0.8305882352941176,0.804695039306045,0.7086477074869414,0.7992565055762082,0.29200171741602243,0.2007434944237918,1.4546011478687044,0.6050185873605948,0.3949814126394052,0.61,0.28,1076.0,651.0,425.0,False
1723.0,0.5780615206035984,0.8267326732673267,0.7804054054054054,0.803569039336366,0.7086477074869414,0.7991967871485943,0.29194199898840856,0.20080321285140568,1.4538711549622743,0.40562248995983935,0.5943775100401606,0.71,0.37,996.0,404.0,592.0,False
1723.0,0.5722576900754498,0.8426966292134831,0.7746031746031746,0.8086499019083289,0.7086477074869414,0.7991886409736308,0.2919338528134451,0.20081135902636915,1.4537716104750347,0.36105476673427994,0.6389452332657201,0.735,0.39,986.0,356.0,630.0,False
1723.0,0.6094022054556006,0.7673048600883653,0.8571428571428571,0.8122238586156112,0.7086477074869414,0.799047619047619,0.29179283088743324,0.200952380952381,1.452049632378222,0.6466666666666666,0.35333333333333333,0.595,0.255,1050.0,679.0,371.0,False
1723.0,0.5542658154381892,0.8473053892215568,0.7729468599033816,0.8101261245624692,0.7086477074869414,0.7989528795811518,0.29169809142096603,0.2010471204188482,1.4508941526407422,0.34973821989528797,0.650261780104712,0.745,0.385,955.0,334.0,621.0,False
1723.0,0.6378409750435288,0.8014311270125224,0.7962962962962963,0.7988637116544093,0.7086477074869414,0.7989080982711556,0.29165331011096984,0.2010919017288444,1.4503483611400718,0.5086442220200182,0.4913557779799818,0.65,0.335,1099.0,559.0,540.0,False
1723.0,0.6117237376668602,0.8015564202334631,0.7962962962962963,0.7989263582648797,0.7086477074869414,0.7988614800759013,0.29160669191571553,0.2011385199240987,1.4497804399960572,0.4876660341555977,0.5123339658444023,0.665,0.335,1054.0,514.0,540.0,False
1723.0,0.5739988392338944,0.8267326732673267,0.7794871794871795,0.8031099263772531,0.7086477074869414,0.7987866531850354,0.2915318650248496,0.2012133468149646,1.448869419646112,0.4084934277047523,0.5915065722952477,0.71,0.365,989.0,404.0,585.0,False
1723.0,0.57109692396982,0.8184019370460048,0.7845884413309983,0.8014951891885016,0.7086477074869414,0.7987804878048781,0.2915256996446923,0.2012195121951219,1.4487943861130168,0.41971544715447157,0.5802845528455285,0.705,0.355,984.0,413.0,571.0,False
1723.0,0.5681950087057458,0.8184019370460048,0.784452296819788,0.8014271169328964,0.7086477074869414,0.7987742594484167,0.29151947128823097,0.20122574055158327,1.448718590818163,0.4218590398365679,0.5781409601634321,0.705,0.35,979.0,413.0,566.0,False
1723.0,0.5681950087057458,0.8093023255813954,0.7905282331511839,0.7999152793662896,0.7086477074869414,0.7987742594484167,0.29151947128823097,0.20122574055158327,1.448718590818163,0.43922369765066394,0.5607763023493361,0.695,0.34,979.0,430.0,549.0,False
1723.0,0.5652930934416716,0.815347721822542,0.7863554757630161,0.8008515987927791,0.7086477074869414,0.7987679671457906,0.2915131789856048,0.20123203285420943,1.4486420221019343,0.42813141683778233,0.5718685831622177,0.7,0.345,974.0,417.0,557.0,False
1723.0,0.6546720835751596,0.7973199329983249,0.800376647834275,0.7988482904162999,0.7086477074869414,0.7987588652482269,0.29150407708804116,0.20124113475177308,1.4485312729308828,0.5292553191489362,0.47074468085106386,0.635,0.33,1128.0,597.0,531.0,False
1723.0,0.6372605919907138,0.7813953488372093,0.8233995584988962,0.8023974536680527,0.7086477074869414,0.7987249544626593,0.2914701663024736,0.20127504553734066,1.4481187447969046,0.587431693989071,0.412568306010929,0.615,0.295,1098.0,645.0,453.0,False
1723.0,0.6227510156703424,0.7970479704797048,0.800376647834275,0.7987123091569899,0.7086477074869414,0.798695246971109,0.2914404588109233,0.20130475302889095,1.4477574643709292,0.5051258154706431,0.49487418452935694,0.655,0.33,1073.0,542.0,531.0,False
1723.0,0.587928032501451,0.8267326732673267,0.7799671592775042,0.8033499162724154,0.7086477074869414,0.7986179664363278,0.291363178276142,0.20138203356367224,1.4468181352633915,0.39881539980256664,0.6011846001974334,0.71,0.38,1013.0,404.0,609.0,False
1723.0,0.579222286709228,0.8396739130434783,0.7746031746031746,0.8071385438233265,0.7086477074869414,0.7985971943887775,0.29134240622859175,0.20140280561122248,1.446565778189724,0.3687374749498998,0.6312625250501002,0.73,0.39,998.0,368.0,630.0,False
1723.0,0.567614625652931,0.8419540229885057,0.7746031746031746,0.8082785987958402,0.7086477074869414,0.7985685071574642,0.2913137189972784,0.2014314928425358,1.4462173460880114,0.3558282208588957,0.6441717791411042,0.74,0.39,978.0,348.0,630.0,False
1723.0,0.6018572257690076,0.8073770491803278,0.7905282331511839,0.7989526411657559,0.7086477074869414,0.7984570877531341,0.2912022995929483,0.20154291224686594,1.4448649984587916,0.47058823529411764,0.5294117647058824,0.675,0.34,1037.0,488.0,549.0,False
1723.0,0.6506094022054556,0.7876386687797148,0.8122448979591836,0.7999417833694492,0.7086477074869414,0.7983942908117752,0.2911395026515894,0.20160570918822485,1.4441034622673965,0.5628902765388046,0.43710972346119537,0.62,0.31,1121.0,631.0,490.0,False
1723.0,0.567034242600116,0.8426966292134831,0.7729468599033816,0.8078217445584324,0.7086477074869414,0.7983623336745138,0.29110754551432805,0.2016376663254862,1.4437161013578603,0.36438075742067555,0.6356192425793245,0.735,0.385,977.0,356.0,621.0,False
1723.0,0.6360998258850842,0.7788018433179723,0.8269662921348314,0.8028840677264019,0.7086477074869414,0.7983576642335767,0.2911028760733909,0.20164233576642332,1.4436595121105724,0.593978102189781,0.40602189781021897,0.61,0.29,1096.0,651.0,445.0,False
1723.0,0.652930934416715,0.8,0.7962962962962963,0.7981481481481482,0.7086477074869414,0.7982222222222223,0.2909674340620365,0.20177777777777772,1.442019221673089,0.52,0.48,0.64,0.335,1125.0,585.0,540.0,False
1723.0,0.640742890307603,0.7813953488372093,0.8213507625272332,0.8013730556822212,0.7086477074869414,0.7980072463768116,0.2907524582166259,0.20199275362318836,1.4394202415746862,0.5842391304347826,0.4157608695652174,0.615,0.3,1104.0,645.0,459.0,False
1723.0,0.6291352292513058,0.7788018433179723,0.8267898383371824,0.8027958408275774,0.7086477074869414,0.7979704797047971,0.2907156915446113,0.20202952029520294,1.438976299700268,0.6005535055350554,0.3994464944649446,0.61,0.285,1084.0,651.0,433.0,False
1723.0,0.6459663377829368,0.7993019197207679,0.7962962962962963,0.797799108008532,0.7086477074869414,0.7978436657681941,0.29058887760800833,0.2021563342318059,1.4374463145676148,0.5148247978436657,0.48517520215633425,0.645,0.335,1113.0,573.0,540.0,False
1723.0,0.5856065002901916,0.8119469026548672,0.7863554757630161,0.7991511892089417,0.7086477074869414,0.7978196233894945,0.29056483522930876,0.20218037661050547,1.4371564644430024,0.44796828543111994,0.5520317145688801,0.685,0.345,1009.0,452.0,557.0,False
1723.0,0.5769007544979686,0.8123569794050344,0.7863554757630161,0.7993562275840252,0.7086477074869414,0.7977867203219315,0.2905319321617458,0.20221327967806846,1.43675990332724,0.4396378269617706,0.5603621730382293,0.69,0.345,994.0,437.0,557.0,False
1723.0,0.5739988392338944,0.8396739130434783,0.7729468599033816,0.80631038647343,0.7086477074869414,0.7977755308392316,0.2905207426790458,0.20222446916076842,1.4366250725478817,0.37209302325581395,0.627906976744186,0.73,0.385,989.0,368.0,621.0,False
1723.0,0.6227510156703424,0.7742424242424243,0.8353510895883777,0.804796756915401,0.7086477074869414,0.7977632805219013,0.2905084923617155,0.20223671947809874,1.4364774760558563,0.6150978564771669,0.3849021435228332,0.605,0.275,1073.0,660.0,413.0,False
1723.0,0.6198491004062682,0.7717717717717718,0.8407960199004975,0.8062838958361347,0.7086477074869414,0.797752808988764,0.29049802082857823,0.202247191011236,1.4363513252079698,0.6235955056179775,0.37640449438202245,0.6,0.27,1068.0,666.0,402.0,False
1723.0,0.5623911781775972,0.8419540229885057,0.7729468599033816,0.8074504414459437,0.7086477074869414,0.7977296181630547,0.2904748300028689,0.20227038183694535,1.4360719911876525,0.3591331269349845,0.6408668730650154,0.74,0.385,969.0,348.0,621.0,False
1723.0,0.6540917005223448,0.793046357615894,0.8030592734225621,0.7980528155192281,0.7086477074869414,0.7976929902395741,0.2904382020793883,0.20230700976042593,1.4356309374713623,0.5359361135758651,0.4640638864241349,0.63,0.325,1127.0,604.0,523.0,False
1723.0,0.6221706326175276,0.7988721804511278,0.7962962962962963,0.7975842383737121,0.7086477074869414,0.7975746268656716,0.29031983870548583,0.2024253731343284,1.4342067607939204,0.4962686567164179,0.503731343283582,0.66,0.335,1072.0,532.0,540.0,False
1723.0,0.5734184561810796,0.815347721822542,0.7845884413309983,0.7999680815767701,0.7086477074869414,0.7975708502024291,0.29031606204224336,0.20242914979757087,1.434161346488682,0.42206477732793524,0.5779352226720648,0.7,0.355,988.0,417.0,571.0,False
1723.0,0.5705165409170052,0.815347721822542,0.784452296819788,0.799900009321165,0.7086477074869414,0.797558494404883,0.29030370624469726,0.20244150559511698,1.4340127800931528,0.4242115971515768,0.5757884028484231,0.7,0.35,983.0,417.0,566.0,False
1723.0,0.6134648868253048,0.7647907647907648,0.8598901098901099,0.8123404373404374,0.7086477074869414,0.7975402081362346,0.29028541997604884,0.2024597918637654,1.4337929388536617,0.6556291390728477,0.3443708609271523,0.585,0.25,1057.0,693.0,364.0,False
1723.0,0.6564132327336042,0.7876386687797148,0.81,0.7988193343898574,0.7086477074869414,0.7975243147656941,0.2902695266055083,0.20247568523430592,1.4336018977765497,0.5579133510167993,0.4420866489832007,0.62,0.315,1131.0,631.0,500.0,False
1723.0,0.596053395240859,0.8106382978723404,0.7863554757630161,0.7984968868176783,0.7086477074869414,0.7974683544303798,0.290213566270194,0.20253164556962022,1.432929483459083,0.45764362220058424,0.5423563777994158,0.68,0.345,1027.0,470.0,557.0,False
1723.0,0.624492164828787,0.7647907647907648,0.856396866840731,0.810593815815748,0.7086477074869414,0.7973977695167286,0.2901429813565428,0.20260223048327142,1.4320818712827523,0.6440520446096655,0.3559479553903346,0.585,0.26,1076.0,693.0,383.0,False
1723.0,0.6099825885084156,0.7641921397379913,0.8598901098901099,0.8120411248140507,0.7086477074869414,0.7973358705994291,0.29008108243924335,0.20266412940057088,1.4313390499701633,0.653663177925785,0.346336822074215,0.59,0.25,1051.0,687.0,364.0,False
1723.0,0.6639582124201974,0.7922705314009661,0.8030592734225621,0.7976649024117641,0.7086477074869414,0.7972027972027972,0.2899480090426114,0.2027972027972028,1.4297436307963252,0.5428321678321678,0.4571678321678322,0.625,0.325,1144.0,621.0,523.0,False
1723.0,0.6210098665118978,0.7641921397379913,0.856396866840731,0.8102945032893611,0.7086477074869414,0.797196261682243,0.28994147352205724,0.202803738317757,1.429665330270052,0.6420560747663552,0.3579439252336449,0.59,0.26,1070.0,687.0,383.0,False
1723.0,0.640742890307603,0.7788018433179723,0.8233995584988962,0.8011007009084343,0.7086477074869414,0.7971014492753623,0.28984666111517654,0.2028985507246377,1.4285299726390843,0.5896739130434783,0.41032608695652173,0.61,0.295,1104.0,651.0,453.0,False
1723.0,0.6175275681950088,0.7647907647907648,0.8571428571428571,0.8109668109668109,0.7086477074869414,0.7969924812030075,0.2897376930428217,0.20300751879699253,1.427226413877603,0.6513157894736842,0.34868421052631576,0.585,0.255,1064.0,693.0,371.0,False
1723.0,0.6517701683110854,0.7813953488372093,0.8179916317991632,0.7996934903181863,0.7086477074869414,0.7969723953695459,0.28971760720936013,0.2030276046304541,1.426986284632068,0.5743544078361532,0.42564559216384684,0.615,0.305,1123.0,645.0,478.0,False
1723.0,0.5972141613464886,0.8320802005012531,0.7746031746031746,0.8033416875522139,0.7086477074869414,0.7968901846452867,0.28963539648510095,0.20310981535471329,1.4260039377185116,0.3877551020408163,0.6122448979591837,0.715,0.39,1029.0,399.0,630.0,False
1723.0,0.6598955310504934,0.7973199329983249,0.7962962962962963,0.7968081146473106,0.7086477074869414,0.7968337730870713,0.2895789849268855,0.20316622691292874,1.4253303284063585,0.525065963060686,0.47493403693931396,0.635,0.335,1137.0,597.0,540.0,False
1723.0,0.6140452698781196,0.7641921397379913,0.8571428571428571,0.8106674984404242,0.7086477074869414,0.7967863894139886,0.28953160125380284,0.2032136105860114,1.4247648098908061,0.6493383742911153,0.3506616257088847,0.59,0.255,1058.0,687.0,371.0,False
1723.0,0.559489262913523,0.8518518518518519,0.76875,0.810300925925926,0.7086477074869414,0.7966804979253111,0.2894257097651254,0.20331950207468885,1.4235019602733714,0.3360995850622407,0.6639004149377593,0.75,0.395,964.0,324.0,640.0,False
1723.0,0.5937318630295996,0.8119469026548672,0.7845884413309983,0.7982676719929327,0.7086477074869414,0.7966764418377321,0.28942165367754635,0.20332355816226788,1.4234536140006244,0.4418377321603128,0.5581622678396871,0.685,0.355,1023.0,452.0,571.0,False
1723.0,0.6279744631456762,0.7970479704797048,0.7962962962962963,0.7966721333880005,0.7086477074869414,0.7966728280961183,0.2894180399359325,0.20332717190388172,1.4234105418667224,0.5009242144177449,0.49907578558225507,0.655,0.335,1082.0,542.0,540.0,False
1723.0,0.6622170632617528,0.7876386687797148,0.807843137254902,0.7977409030173084,0.7086477074869414,0.796669588080631,0.2894147999204453,0.20333041191936896,1.4233719254708108,0.5530236634531113,0.4469763365468887,0.62,0.32,1141.0,631.0,510.0,False
1723.0,0.5908299477655252,0.8119469026548672,0.784452296819788,0.7981995997373277,0.7086477074869414,0.7966601178781926,0.2894053297180068,0.20333988212180742,1.4232590611252705,0.444007858546169,0.555992141453831,0.685,0.35,1018.0,452.0,566.0,False
1723.0,0.5850261172373766,0.8123569794050344,0.7845884413309983,0.7984727103680163,0.7086477074869414,0.7966269841269841,0.2893721959667983,0.20337301587301593,1.4228642611440616,0.43353174603174605,0.566468253968254,0.69,0.355,1008.0,437.0,571.0,False
1723.0,0.5821242019733024,0.8123569794050344,0.784452296819788,0.7984046381124112,0.7086477074869414,0.7966101694915254,0.28935538133133965,0.2033898305084746,1.4226639582124199,0.4356929212362911,0.5643070787637089,0.69,0.35,1003.0,437.0,566.0,False
1723.0,0.6587347649448636,0.793046357615894,0.800376647834275,0.7967115027250845,0.7086477074869414,0.7964757709251101,0.28922098276492436,0.20352422907488987,1.421064136096057,0.5321585903083701,0.46784140969162996,0.63,0.33,1135.0,604.0,531.0,False
1723.0,0.587347649448636,0.8184019370460048,0.7813021702838063,0.7998520536649056,0.7086477074869414,0.7964426877470355,0.28918789958684976,0.20355731225296447,1.4206706523392811,0.40810276679841895,0.591897233201581,0.705,0.375,1012.0,413.0,599.0,False
1723.0,0.6442251886244922,0.7788018433179723,0.8213507625272332,0.8000763029226028,0.7086477074869414,0.7963963963963964,0.2891416082362106,0.20360360360360363,1.4201202882397952,0.5864864864864865,0.4135135135135135,0.61,0.3,1110.0,651.0,459.0,False
1723.0,0.6099825885084156,0.8027888446215139,0.7905282331511839,0.796658538886349,0.7086477074869414,0.796384395813511,0.2891296076533252,0.20361560418648905,1.4199776525403962,0.4776403425309229,0.5223596574690771,0.67,0.34,1051.0,502.0,549.0,False
1723.0,0.575739988392339,0.8184019370460048,0.7806563039723662,0.7995291205091855,0.7086477074869414,0.7963709677419355,0.28911617958174973,0.2036290322580645,1.4198180700252265,0.4163306451612903,0.5836693548387096,0.705,0.36,992.0,413.0,579.0,False
1723.0,0.5728380731282646,0.8093023255813954,0.7863554757630161,0.7978289006722057,0.7086477074869414,0.7963525835866262,0.28909779542644043,0.2036474164133738,1.4195996223178944,0.43566362715298884,0.5643363728470111,0.695,0.345,987.0,430.0,557.0,False
1723.0,0.604178757980267,0.8106382978723404,0.7845884413309983,0.7976133696016694,0.7086477074869414,0.7963496637848223,0.28909487562463654,0.2036503362151777,1.4195649317228616,0.4514889529298751,0.5485110470701249,0.68,0.355,1041.0,470.0,571.0,False
1723.0,0.6012768427161926,0.8106382978723404,0.784452296819788,0.7975452973460642,0.7086477074869414,0.7963320463320464,0.2890772581718606,0.20366795366795365,1.4193556372798464,0.45366795366795365,0.5463320463320464,0.68,0.35,1036.0,470.0,566.0,False
1723.0,0.6297156123041208,0.7742424242424243,0.8305882352941176,0.802415329768271,0.7086477074869414,0.7963133640552995,0.28905857589511375,0.2036866359447005,1.4191337323357391,0.6082949308755761,0.391705069124424,0.605,0.28,1085.0,660.0,425.0,False
1723.0,0.6210098665118978,0.7673048600883653,0.8465473145780051,0.8069260873331852,0.7086477074869414,0.7962616822429907,0.2890068940828049,0.20373831775700935,1.4185200764614736,0.6345794392523364,0.36542056074766355,0.595,0.265,1070.0,679.0,391.0,False
1723.0,0.6065002901915264,0.8073770491803278,0.7863554757630161,0.796866262471672,0.7086477074869414,0.7961722488038278,0.288917460643642,0.20382775119617225,1.417458903157774,0.46698564593301434,0.5330143540669856,0.675,0.345,1045.0,488.0,557.0,False
1723.0,0.6262333139872316,0.7717717717717718,0.8353510895883777,0.8035614306800747,0.7086477074869414,0.7961075069508804,0.28885271879069463,0.2038924930491196,1.4166912889779975,0.6172381835032438,0.3827618164967563,0.6,0.275,1079.0,666.0,413.0,False
1723.0,0.591990713871155,0.8320802005012531,0.7729468599033816,0.8025135302023174,0.7086477074869414,0.796078431372549,0.2888236432123632,0.20392156862745103,1.4163467119067807,0.3911764705882353,0.6088235294117647,0.715,0.385,1020.0,399.0,621.0,False
1723.0,0.6430644225188624,0.8014311270125224,0.7905282331511839,0.7959796800818532,0.7086477074869414,0.796028880866426,0.2887740927062402,0.20397111913357402,1.4157597111438678,0.5045126353790613,0.4954873646209386,0.65,0.34,1108.0,559.0,549.0,False
1723.0,0.583284968078932,0.8184019370460048,0.7804054054054054,0.7994036712257051,0.7086477074869414,0.7960199004975125,0.2887651123373267,0.20398009950248752,1.4156533556049435,0.4109452736318408,0.5890547263681593,0.705,0.37,1005.0,413.0,592.0,False
1723.0,0.6686012768427162,0.7922705314009661,0.800376647834275,0.7963235896176206,0.7086477074869414,0.7960069444444444,0.28875215628425865,0.20399305555555558,1.4154999320828336,0.5390625,0.4609375,0.625,0.33,1152.0,621.0,531.0,False
1723.0,0.5914103308183402,0.8303341902313625,0.7746031746031746,0.8024686824172685,0.7086477074869414,0.7958783120706575,0.28862352391047175,0.2041216879293425,1.4139777445421668,0.3817468105986261,0.6182531894013739,0.72,0.39,1019.0,389.0,630.0,False
1723.0,0.6169471851421938,0.8015564202334631,0.7905282331511839,0.7960423266923236,0.7086477074869414,0.7958607714016933,0.28860598324150755,0.2041392285983067,1.4137703234365093,0.4835371589840075,0.5164628410159925,0.665,0.34,1063.0,514.0,549.0,False
1723.0,0.5856065002901916,0.8311345646437994,0.7746031746031746,0.802868869623487,0.7086477074869414,0.7958374628344896,0.2885826746743039,0.20416253716551036,1.413494751195984,0.37561942517343905,0.624380574826561,0.725,0.39,1009.0,379.0,630.0,False
1723.0,0.5652930934416716,0.8473053892215568,0.76875,0.8080276946107785,0.7086477074869414,0.795687885010267,0.2884330968500812,0.204312114989733,1.4117278207637145,0.34291581108829566,0.6570841889117043,0.745,0.395,974.0,334.0,640.0,False
1723.0,0.579222286709228,0.8184019370460048,0.7794871794871795,0.7989445582665922,0.7086477074869414,0.7955911823647295,0.2883363942045437,0.20440881763527052,1.4105868696869346,0.41382765531062127,0.5861723446893787,0.705,0.365,998.0,413.0,585.0,False
1723.0,0.5931514799767846,0.8184019370460048,0.7799671592775042,0.7991845481617545,0.7086477074869414,0.7954990215264188,0.28824423336623306,0.20450097847358117,1.4095005095707667,0.4041095890410959,0.5958904109589042,0.705,0.38,1022.0,413.0,609.0,False
1723.0,0.6413232733604178,0.7742424242424243,0.8269662921348314,0.8006043581886279,0.7086477074869414,0.7954751131221719,0.28822032496198613,0.2045248868778281,1.4092188454999761,0.5972850678733032,0.40271493212669685,0.605,0.29,1105.0,660.0,445.0,False
1723.0,0.6581543818920488,0.8,0.7905282331511839,0.795264116575592,0.7086477074869414,0.7954144620811288,0.288159673920943,0.20458553791887124,1.4085046130446093,0.5158730158730159,0.48412698412698413,0.64,0.34,1134.0,585.0,549.0,False
1723.0,0.6552524666279744,0.7788018433179723,0.8179916317991632,0.7983967375585678,0.7086477074869414,0.7953941541186891,0.2881393659585033,0.20460584588131092,1.4082655591651523,0.5766164747564216,0.42338352524357836,0.61,0.305,1129.0,651.0,478.0,False
1723.0,0.5896691816598956,0.815347721822542,0.7813021702838063,0.7983249460531742,0.7086477074869414,0.7952755905511811,0.28802080239099537,0.20472440944881887,1.4068708424483238,0.4104330708661417,0.5895669291338582,0.7,0.375,1016.0,417.0,599.0,False
1723.0,0.5809634358676726,0.8093023255813954,0.7845884413309983,0.7969453834561968,0.7086477074869414,0.7952047952047953,0.2879500070446095,0.20479520479520474,1.4060388148861178,0.42957042957042957,0.5704295704295704,0.695,0.355,1001.0,430.0,571.0,False
1723.0,0.5780615206035984,0.8426966292134831,0.76875,0.8057233146067415,0.7086477074869414,0.7951807228915663,0.2879259347313805,0.20481927710843373,1.4057560342767401,0.357429718875502,0.642570281124498,0.735,0.395,996.0,356.0,640.0,False
1723.0,0.5780615206035984,0.815347721822542,0.7806563039723662,0.7980020128974541,0.7086477074869414,0.7951807228915663,0.2879259347313805,0.20481927710843373,1.4057560342767401,0.4186746987951807,0.5813253012048193,0.7,0.36,996.0,417.0,579.0,False
1723.0,0.5780615206035984,0.8093023255813954,0.784452296819788,0.7968773112005917,0.7086477074869414,0.7951807228915663,0.2879259347313805,0.20481927710843373,1.4057560342767401,0.43172690763052207,0.5682730923694779,0.695,0.35,996.0,430.0,566.0,False
1723.0,0.6146256529309344,0.8073770491803278,0.7845884413309983,0.795982745255663,0.7086477074869414,0.7950897072710104,0.2878349191108246,0.20491029272898964,1.4046874623887706,0.46081208687440983,0.5391879131255902,0.675,0.355,1059.0,488.0,571.0,False
1723.0,0.6117237376668602,0.8073770491803278,0.784452296819788,0.7959146730000579,0.7086477074869414,0.7950664136622391,0.2878116255020533,0.20493358633776093,1.404414135551686,0.4629981024667932,0.5370018975332068,0.675,0.35,1054.0,488.0,566.0,False
1723.0,0.6343586767266396,0.7742424242424243,0.8267898383371824,0.8005161312898034,0.7086477074869414,0.7950594693504117,0.28780468119022595,0.20494053064958828,1.4043326631290936,0.6038426349496798,0.39615736505032023,0.605,0.285,1093.0,660.0,433.0,False
1723.0,0.5861868833430064,0.8303341902313625,0.7729468599033816,0.801640525067372,0.7086477074869414,0.7950495049504951,0.2877947167903093,0.2049504950495049,1.4042157679140699,0.38514851485148516,0.6148514851485148,0.72,0.385,1010.0,389.0,621.0,False
1723.0,0.6511897852582704,0.7993019197207679,0.7905282331511839,0.7949150764359759,0.7086477074869414,0.7950089126559715,0.28775412449578575,0.2049910873440285,1.4037396855837898,0.5106951871657754,0.4893048128342246,0.645,0.34,1122.0,573.0,549.0,False
1723.0,0.5803830528148578,0.8311345646437994,0.7729468599033816,0.8020407122735905,0.7086477074869414,0.795,0.2877452118398143,0.20499999999999996,1.4036351797064113,0.379,0.621,0.725,0.385,1000.0,379.0,621.0,False
1723.0,0.600116076610563,0.8267326732673267,0.7746031746031746,0.8006679239352507,0.7086477074869414,0.7949709864603481,0.2877161983001624,0.20502901353965186,1.4032950426526787,0.390715667311412,0.6092843326885881,0.71,0.39,1034.0,404.0,630.0,False
1723.0,0.5856065002901916,0.815347721822542,0.7804054054054054,0.7978765636139737,0.7086477074869414,0.7948463825569871,0.2875915943968014,0.20515361744301286,1.4018353562626698,0.4132804757185332,0.5867195242814668,0.7,0.37,1009.0,417.0,592.0,False
1723.0,0.6587347649448636,0.7813953488372093,0.8122448979591836,0.7968201233981964,0.7086477074869414,0.7947136563876652,0.28745886822747946,0.20528634361233478,1.4002824696917993,0.5682819383259912,0.43171806167400884,0.615,0.31,1135.0,645.0,490.0,False
1723.0,0.6331979106210098,0.7717717717717718,0.8305882352941176,0.8011800035329447,0.7086477074869414,0.7946837763519706,0.28742898819178486,0.20531622364802937,1.3999331523090948,0.6104491292392301,0.38955087076076994,0.6,0.28,1091.0,666.0,425.0,False
1723.0,0.5652930934416716,0.8518518518518519,0.7661538461538462,0.809002849002849,0.7086477074869414,0.7946611909650924,0.2874064028049066,0.20533880903490764,1.3996691816598947,0.3326488706365503,0.6673511293634496,0.75,0.4,974.0,324.0,650.0,False
1723.0,0.5850261172373766,0.8396739130434783,0.76875,0.8042119565217392,0.7086477074869414,0.7946428571428571,0.28738806898267133,0.2053571428571429,1.3994549446112687,0.36507936507936506,0.6349206349206349,0.73,0.395,1008.0,368.0,640.0,False
1723.0,0.6273940800928612,0.7673048600883653,0.8407960199004975,0.8040504399944314,0.7086477074869414,0.7946345975948196,0.2873798094346338,0.20536540240518042,1.3993584414362121,0.6281221091581869,0.37187789084181316,0.595,0.27,1081.0,679.0,402.0,False
1723.0,0.6273940800928612,0.7988721804511278,0.7905282331511839,0.7947002068011559,0.7086477074869414,0.7946345975948196,0.2873798094346338,0.20536540240518042,1.3993584414362121,0.4921369102682701,0.5078630897317299,0.66,0.34,1081.0,532.0,549.0,False
1723.0,0.669762042948346,0.7876386687797148,0.8030592734225621,0.7953489711011384,0.7086477074869414,0.7946273830155979,0.2873725948554121,0.20537261698440212,1.3992741538529345,0.5467937608318891,0.4532062391681109,0.62,0.325,1154.0,631.0,523.0,False
1723.0,0.6639582124201974,0.793046357615894,0.7962962962962963,0.7946713269560952,0.7086477074869414,0.7945804195804196,0.2873256314202338,0.20541958041958042,1.3987256269989254,0.527972027972028,0.47202797202797203,0.63,0.335,1144.0,604.0,540.0,False
1723.0,0.5734184561810796,0.8419540229885057,0.76875,0.805352011494253,0.7086477074869414,0.7945344129554656,0.2872796247952798,0.20546558704453444,1.3981885187080612,0.3522267206477733,0.6477732793522267,0.74,0.395,988.0,348.0,640.0,False
1723.0,0.6099825885084156,0.8119469026548672,0.7813021702838063,0.7966245364693367,0.7086477074869414,0.7944814462416746,0.28722665808148884,0.2055185537583254,1.397570452053911,0.4300666032350143,0.5699333967649858,0.685,0.375,1051.0,452.0,599.0,False
1723.0,0.5815438189204876,0.815347721822542,0.7794871794871795,0.7974174506548608,0.7086477074869414,0.7944111776447106,0.2871563894845248,0.2055888223552894,1.3967509818616208,0.4161676646706587,0.5838323353293413,0.7,0.365,1002.0,417.0,585.0,False
1723.0,0.6012768427161926,0.8123569794050344,0.7813021702838063,0.7968295748444203,0.7086477074869414,0.7944015444015444,0.28714675624135866,0.20559845559845558,1.3966386829391906,0.4218146718146718,0.5781853281853282,0.69,0.375,1036.0,437.0,599.0,False
1723.0,0.5983749274521184,0.8119469026548672,0.7806563039723662,0.7963016033136168,0.7086477074869414,0.7943743937924346,0.2871196056322488,0.20562560620756543,1.3963222330511726,0.4384093113482056,0.5615906886517944,0.685,0.36,1031.0,452.0,579.0,False
1723.0,0.5954730121880442,0.815347721822542,0.7799671592775042,0.7976574405500231,0.7086477074869414,0.7943469785575049,0.28709219039731915,0.2056530214424951,1.3960027836381492,0.4064327485380117,0.5935672514619883,0.7,0.38,1026.0,417.0,609.0,False
1723.0,0.5896691816598956,0.8123569794050344,0.7806563039723662,0.7965066416887003,0.7086477074869414,0.7942913385826772,0.28703655042249143,0.2057086614173228,1.3953547140155567,0.4301181102362205,0.5698818897637795,0.69,0.36,1016.0,437.0,579.0,False
1723.0,0.6291352292513058,0.7647907647907648,0.8465473145780051,0.805669039684385,0.7086477074869414,0.794280442804428,0.28702565464424223,0.205719557195572,1.3952278458939844,0.6392988929889298,0.3607011070110701,0.585,0.265,1084.0,693.0,391.0,False
1723.0,0.6459663377829368,0.7742424242424243,0.8233995584988962,0.7988209913706603,0.7086477074869414,0.7942497753818508,0.28699498722166505,0.20575022461814918,1.3948708330904505,0.5929919137466307,0.40700808625336926,0.605,0.295,1113.0,660.0,453.0,False
1723.0,0.620429483459083,0.7602836879432624,0.8598901098901099,0.8100868989166862,0.7086477074869414,0.794200187090739,0.28694539893055326,0.20579981290926097,1.3942937793489159,0.6594948550046773,0.34050514499532275,0.58,0.25,1069.0,705.0,364.0,False
1723.0,0.620429483459083,0.8106382978723404,0.7813021702838063,0.7959702340780734,0.7086477074869414,0.794200187090739,0.28694539893055326,0.20579981290926097,1.3942937793489159,0.43966323666978485,0.5603367633302152,0.68,0.375,1069.0,470.0,599.0,False
1723.0,0.5948926291352292,0.8267326732673267,0.7729468599033816,0.7998397665853542,0.7086477074869414,0.7941463414634147,0.2868915533032289,0.20585365853658533,1.3936674982739796,0.39414634146341465,0.6058536585365853,0.71,0.385,1025.0,404.0,621.0,False
1723.0,0.6146256529309344,0.8027888446215139,0.7863554757630161,0.7945721601922651,0.7086477074869414,0.7941454202077431,0.2868906320475574,0.20585457979225685,1.3936567859557947,0.4740321057601511,0.5259678942398489,0.67,0.345,1059.0,502.0,557.0,False
1723.0,0.67382472431805,0.7922705314009661,0.7962962962962963,0.7942834138486312,0.7086477074869414,0.7941429801894918,0.28688819202930604,0.2058570198105082,1.3936284140001016,0.5348837209302325,0.46511627906976744,0.625,0.335,1161.0,621.0,540.0,False
1723.0,0.6314567614625652,0.7602836879432624,0.856396866840731,0.8083402773919968,0.7086477074869414,0.7941176470588235,0.2868628588986377,0.20588235294117652,1.3933338860790971,0.6479779411764706,0.35202205882352944,0.58,0.26,1088.0,705.0,383.0,False
1723.0,0.6088218224027858,0.8106382978723404,0.7806563039723662,0.7956473009223533,0.7086477074869414,0.7940896091515729,0.28683482099138713,0.2059103908484271,1.3930079963887272,0.44804575786463297,0.551954242135367,0.68,0.36,1049.0,470.0,579.0,False
1723.0,0.665118978525827,0.7973199329983249,0.7905282331511839,0.7939240830747545,0.7086477074869414,0.794066317626527,0.28681152946634125,0.20593368237347298,1.3927373422390976,0.5209424083769634,0.4790575916230366,0.635,0.34,1146.0,597.0,549.0,False
1723.0,0.6256529309344168,0.7641921397379913,0.8465473145780051,0.8053697271579983,0.7086477074869414,0.7940630797773655,0.2868082916171797,0.20593692022263455,1.3926997223572957,0.637291280148423,0.362708719851577,0.59,0.265,1078.0,687.0,391.0,False
1723.0,0.6059199071387116,0.8119469026548672,0.7804054054054054,0.7961761540301363,0.7086477074869414,0.7940613026819924,0.2868065145218066,0.20593869731800762,1.3926790751663543,0.4329501915708812,0.5670498084291188,0.685,0.37,1044.0,452.0,592.0,False
1723.0,0.5972141613464886,0.8123569794050344,0.7804054054054054,0.7963811924052199,0.7086477074869414,0.793974732750243,0.28671994459005723,0.206025267249757,1.3916736933168348,0.42468415937803694,0.5753158406219631,0.69,0.37,1029.0,437.0,592.0,False
1723.0,0.6477074869413814,0.8014311270125224,0.7863554757630161,0.7938933013877693,0.7086477074869414,0.7939068100358423,0.2866520218756565,0.2060931899641577,1.390885462666229,0.5008960573476703,0.49910394265232977,0.65,0.345,1116.0,559.0,557.0,False
1723.0,0.6645385954730122,0.7813953488372093,0.81,0.7956976744186046,0.7086477074869414,0.7938864628820961,0.2866316747219103,0.20611353711790392,1.3906494387990989,0.5633187772925764,0.4366812227074236,0.615,0.315,1145.0,645.0,500.0,False
1723.0,0.644805571677307,0.7717717717717718,0.8269662921348314,0.7993690319533016,0.7086477074869414,0.7938793879387939,0.2866245997786081,0.20612061206120613,1.3905673814586619,0.5994599459945995,0.40054005400540055,0.6,0.29,1111.0,666.0,445.0,False
1723.0,0.616366802089379,0.8106382978723404,0.7804054054054054,0.7955218516388729,0.7086477074869414,0.7937853107344632,0.28653052257427747,0.20621468926553677,1.3894767807026602,0.4425612052730697,0.5574387947269304,0.68,0.37,1062.0,470.0,592.0,False
1723.0,0.6331979106210098,0.7970479704797048,0.7905282331511839,0.7937881018154443,0.7086477074869414,0.7937671860678277,0.28651239790764194,0.2062328139321723,1.3892667827432772,0.49679193400549954,0.5032080659945004,0.655,0.34,1091.0,542.0,549.0,False
1723.0,0.57109692396982,0.8473053892215568,0.7661538461538462,0.8067296176877015,0.7086477074869414,0.7936991869918699,0.28644439883168415,0.20630081300813008,1.388479253450134,0.3394308943089431,0.6605691056910569,0.745,0.4,984.0,334.0,650.0,False
1723.0,0.624492164828787,0.7602836879432624,0.8571428571428571,0.8087132725430597,0.7086477074869414,0.7936802973977695,0.2864255092375837,0.20631970260223054,1.3882605763046847,0.6552044609665427,0.3447955390334573,0.58,0.255,1076.0,705.0,371.0,False
1723.0,0.6215902495647128,0.8015564202334631,0.7863554757630161,0.7939559479982397,0.7086477074869414,0.7936507936507936,0.28639600549060784,0.2063492063492064,1.387919103531407,0.47992530345471524,0.5200746965452848,0.665,0.345,1071.0,514.0,557.0,False
1723.0,0.6018572257690076,0.8119469026548672,0.7794871794871795,0.7957170410710234,0.7086477074869414,0.793635486981678,0.2863806988214922,0.20636451301832204,1.3877419844761096,0.43587270973963355,0.5641272902603665,0.685,0.365,1037.0,452.0,585.0,False
1723.0,0.6157864190365642,0.8119469026548672,0.7799671592775042,0.7959570309661856,0.7086477074869414,0.7935909519321395,0.2863361637719537,0.20640904806786053,1.3872268025664056,0.42601319509896324,0.5739868049010367,0.685,0.38,1061.0,452.0,609.0,False
1723.0,0.6494486360998258,0.7742424242424243,0.8213507625272332,0.7977965933848288,0.7086477074869414,0.7935656836461126,0.2863108954859268,0.20643431635388743,1.3869345976136453,0.5898123324396782,0.4101876675603217,0.605,0.3,1119.0,660.0,459.0,False
1723.0,0.5931514799767846,0.8123569794050344,0.7794871794871795,0.7959220794461069,0.7086477074869414,0.7935420743639922,0.2862872862038064,0.20645792563600784,1.3866616421814697,0.42759295499021527,0.5724070450097848,0.69,0.365,1022.0,437.0,585.0,False
1723.0,0.6070806732443412,0.8123569794050344,0.7799671592775042,0.7961620693412692,0.7086477074869414,0.7934990439770554,0.28624425581686963,0.2065009560229446,1.3861643128909515,0.41778202676864246,0.5822179732313576,0.69,0.38,1046.0,437.0,609.0,False
1723.0,0.6744051073708648,0.7876386687797148,0.800376647834275,0.7940076583069948,0.7086477074869414,0.7934595524956971,0.28620476433551134,0.2065404475043029,1.3857080673244342,0.5430292598967298,0.4569707401032702,0.62,0.33,1162.0,631.0,531.0,False
1723.0,0.6378409750435288,0.7717717717717718,0.8267898383371824,0.7992808050544771,0.7086477074869414,0.7934485896269335,0.2861938014667478,0.20655141037306646,1.3855814441055319,0.6060054595086443,0.3939945404913558,0.6,0.285,1099.0,666.0,433.0,False
1723.0,0.612304120719675,0.8106382978723404,0.7794871794871795,0.79506273867976,0.7086477074869414,0.7933649289099526,0.2861101407497668,0.20663507109004742,1.384615589408275,0.44549763033175355,0.5545023696682464,0.68,0.365,1055.0,470.0,585.0,False
1723.0,0.6627974463145676,0.8,0.7863554757630161,0.7931777378815081,0.7086477074869414,0.7933450087565674,0.2860902205963817,0.20665499124343256,1.3843857284791012,0.5122591943957968,0.48774080560420313,0.64,0.345,1142.0,585.0,557.0,False
1723.0,0.6262333139872316,0.7594405594405594,0.8598901098901099,0.8096653346653346,0.7086477074869414,0.7933271547729379,0.28607236661275215,0.20667284522706209,1.3841797469738097,0.6626506024096386,0.3373493975903614,0.575,0.25,1079.0,715.0,364.0,False
1723.0,0.6262333139872316,0.8106382978723404,0.7799671592775042,0.7953027285749223,0.7086477074869414,0.7933271547729379,0.28607236661275215,0.20667284522706209,1.3841797469738097,0.4355885078776645,0.5644114921223355,0.68,0.38,1079.0,470.0,609.0,False
1723.0,0.6372605919907138,0.7594405594405594,0.856396866840731,0.8079187131406452,0.7086477074869414,0.7932604735883424,0.28600568542815663,0.2067395264116576,1.3834107603529335,0.651183970856102,0.348816029143898,0.575,0.26,1098.0,715.0,383.0,False
1723.0,0.583865351131747,0.8426966292134831,0.7661538461538462,0.8044252376836647,0.7086477074869414,0.7932405566600398,0.285985768499854,0.2067594433399602,1.3831811688021787,0.3538767395626243,0.6461232604373758,0.735,0.4,1006.0,356.0,650.0,False
1723.0,0.6622170632617528,0.7788018433179723,0.8122448979591836,0.795523370638578,0.7086477074869414,0.7931638913234005,0.2859091031632147,0.20683610867659952,1.3822978250391014,0.5705521472392638,0.4294478527607362,0.61,0.31,1141.0,651.0,490.0,False
1723.0,0.6227510156703424,0.8027888446215139,0.7845884413309983,0.7936886429762561,0.7086477074869414,0.7931034482758621,0.28584866011567633,0.2068965517241379,1.3816018572257691,0.4678471575023299,0.53215284249767,0.67,0.355,1073.0,502.0,571.0,False
1723.0,0.6703424260011608,0.7813953488372093,0.807843137254902,0.7946192430460557,0.7086477074869414,0.793073593073593,0.2858188049134073,0.20692640692640696,1.3812582413179304,0.5584415584415584,0.44155844155844154,0.615,0.32,1155.0,645.0,510.0,False
1723.0,0.6198491004062682,0.8027888446215139,0.784452296819788,0.793620570720651,0.7086477074869414,0.7930711610486891,0.28581637288850337,0.20692883895131087,1.3812302545019077,0.4700374531835206,0.5299625468164794,0.67,0.35,1068.0,502.0,566.0,False
1723.0,0.6030179918746372,0.8320802005012531,0.76875,0.8004151002506266,0.7086477074869414,0.793070259865255,0.28581547170506927,0.20692974013474497,1.3812198841933345,0.38402309913378246,0.6159769008662175,0.715,0.395,1039.0,399.0,640.0,False
1723.0,0.6337782936738248,0.7673048600883653,0.8353510895883777,0.8013279748383715,0.7086477074869414,0.793040293040293,0.28578550488010723,0.206959706959707,1.380875094376447,0.6217948717948718,0.3782051282051282,0.595,0.275,1092.0,679.0,413.0,False
1723.0,0.6308763784097504,0.8073770491803278,0.7813021702838063,0.7943396097320671,0.7086477074869414,0.7930082796688133,0.2857534915086275,0.20699172033118673,1.380506867866125,0.44894204231830726,0.5510579576816927,0.675,0.375,1087.0,488.0,599.0,False
1723.0,0.5972141613464886,0.8093023255813954,0.7813021702838063,0.7953022479326008,0.7086477074869414,0.793002915451895,0.2857481272917093,0.20699708454810495,1.3804451783247365,0.41788143828960156,0.5821185617103984,0.695,0.375,1029.0,430.0,599.0,False
1723.0,0.6558328496807894,0.8014311270125224,0.7845884413309983,0.7930097841717603,0.7086477074869414,0.7929203539823009,0.2856655658221151,0.20707964601769913,1.3794961084572224,0.4946902654867257,0.5053097345132743,0.65,0.355,1130.0,559.0,571.0,False
1723.0,0.6558328496807894,0.7993019197207679,0.7863554757630161,0.792828697741892,0.7086477074869414,0.7929203539823009,0.2856655658221151,0.20707964601769913,1.3794961084572224,0.5070796460176992,0.4929203539823009,0.645,0.345,1130.0,573.0,557.0,False
1723.0,0.652930934416715,0.8014311270125224,0.784452296819788,0.7929417119161553,0.7086477074869414,0.7928888888888889,0.2856341007287031,0.20711111111111113,1.379134606522708,0.4968888888888889,0.5031111111111111,0.65,0.35,1125.0,559.0,566.0,False
1723.0,0.6192687173534532,0.8073770491803278,0.7806563039723662,0.794016676576347,0.7086477074869414,0.7928772258669166,0.2856224377067308,0.20712277413308344,1.3790006381587407,0.45735707591377694,0.542642924086223,0.675,0.36,1067.0,488.0,579.0,False
1723.0,0.5856065002901916,0.8093023255813954,0.7806563039723662,0.7949793147768808,0.7086477074869414,0.7928642220019821,0.2856094338417964,0.20713577799801786,1.378851285867811,0.4261645193260654,0.5738354806739346,0.695,0.36,1009.0,430.0,579.0,False
1723.0,0.6302959953569356,0.7594405594405594,0.8571428571428571,0.8082917082917083,0.7086477074869414,0.7928176795580111,0.2855628913978253,0.20718232044198892,1.3783168891468371,0.6583793738489871,0.3416206261510129,0.575,0.255,1086.0,715.0,371.0,False
1723.0,0.5908299477655252,0.8396739130434783,0.7661538461538462,0.8029138795986622,0.7086477074869414,0.7927308447937131,0.2854760566335274,0.20726915520628686,1.3773205007247906,0.3614931237721022,0.6385068762278978,0.73,0.4,1018.0,368.0,650.0,False
1723.0,0.6355194428322692,0.7647907647907648,0.8407960199004975,0.8027933923456312,0.7086477074869414,0.7926940639269406,0.2854392757667549,0.20730593607305936,1.3768987090951392,0.6328767123287671,0.36712328767123287,0.585,0.27,1095.0,693.0,402.0,False
1723.0,0.6494486360998258,0.7717717717717718,0.8233995584988962,0.797585665135334,0.7086477074869414,0.7926720285969616,0.28541724043677585,0.20732797140303838,1.3766460864170356,0.5951742627345844,0.40482573726541554,0.6,0.295,1119.0,666.0,453.0,False
1723.0,0.6297156123041208,0.8015564202334631,0.7845884413309983,0.7930724307822307,0.7086477074869414,0.7926267281105991,0.2853719399504133,0.2073732718894009,1.3761269104275486,0.4737327188940092,0.5262672811059907,0.665,0.355,1085.0,514.0,571.0,False
1723.0,0.6604759141033082,0.7742424242424243,0.8179916317991632,0.7961170280207938,0.7086477074869414,0.7926186291739895,0.28536384101380374,0.2073813708260105,1.3760341147191049,0.5799648506151143,0.4200351493848858,0.605,0.305,1138.0,660.0,478.0,False
1723.0,0.6268136970400464,0.8073770491803278,0.7804054054054054,0.7938912272928667,0.7086477074869414,0.7925925925925926,0.28533780443240686,0.20740740740740737,1.3757358427991047,0.45185185185185184,0.5481481481481482,0.675,0.37,1080.0,488.0,592.0,False
1723.0,0.6268136970400464,0.8015564202334631,0.784452296819788,0.7930043585266255,0.7086477074869414,0.7925925925925926,0.28533780443240686,0.20740740740740737,1.3757358427991047,0.4759259259259259,0.524074074074074,0.665,0.35,1080.0,514.0,566.0,False
1723.0,0.579222286709228,0.8419540229885057,0.7661538461538462,0.8040539345711759,0.7086477074869414,0.7925851703406813,0.28533038218049556,0.20741482965931868,1.3756508280972681,0.3486973947895792,0.6513026052104208,0.74,0.4,998.0,348.0,650.0,False
1723.0,0.5931514799767846,0.8093023255813954,0.7804054054054054,0.7948538654934003,0.7086477074869414,0.7925636007827789,0.2853088126225931,0.20743639921722112,1.3754038042466519,0.4207436399217221,0.5792563600782779,0.695,0.37,1022.0,430.0,592.0,False
1723.0,0.5705165409170052,0.8518518518518519,0.7632776934749621,0.807564772663407,0.7086477074869414,0.7924720244150559,0.28521723625487017,0.20752797558494407,1.3743556041104772,0.3296032553407935,0.6703967446592065,0.75,0.405,983.0,324.0,659.0,False
1723.0,0.6320371445153802,0.7641921397379913,0.8407960199004975,0.8024940798192444,0.7086477074869414,0.7924701561065197,0.28521536794633395,0.20752984389348028,1.374334228732556,0.6308539944903582,0.3691460055096419,0.59,0.27,1089.0,687.0,402.0,False
1723.0,0.6320371445153802,0.7988721804511278,0.7863554757630161,0.792613828107072,0.7086477074869414,0.7924701561065197,0.28521536794633395,0.20752984389348028,1.374334228732556,0.4885215794306703,0.5114784205693297,0.66,0.345,1089.0,532.0,557.0,False
1723.0,0.6709228090539756,0.8,0.7845884413309983,0.7922942206654991,0.7086477074869414,0.7923875432525952,0.28513275509240943,0.2076124567474048,1.373389437028439,0.5060553633217993,0.4939446366782007,0.64,0.355,1156.0,585.0,571.0,False
1723.0,0.6680208937899014,0.7788018433179723,0.81,0.7944009216589862,0.7086477074869414,0.792354474370113,0.2850996862099272,0.20764552562988703,1.373011459529817,0.5655951346655083,0.43440486533449174,0.61,0.315,1151.0,651.0,500.0,False
1723.0,0.6680208937899014,0.8,0.784452296819788,0.792226148409894,0.7086477074869414,0.792354474370113,0.2850996862099272,0.20764552562988703,1.373011459529817,0.5082536924413553,0.4917463075586447,0.64,0.35,1151.0,585.0,566.0,False
1723.0,0.6227510156703424,0.8073770491803278,0.7794871794871795,0.7934321143337537,0.7086477074869414,0.7921714818266542,0.28491669366646843,0.2078285181733458,1.370922028269599,0.4547996272134203,0.5452003727865797,0.675,0.365,1073.0,488.0,585.0,False
1723.0,0.636680208937899,0.8073770491803278,0.7799671592775042,0.793672104228916,0.7086477074869414,0.7921604375569735,0.28490564939678775,0.20783956244302648,1.3707960411766495,0.4448495897903373,0.5551504102096627,0.675,0.38,1097.0,488.0,609.0,False
1723.0,0.5890887986070806,0.8093023255813954,0.7794871794871795,0.7943947525342874,0.7086477074869414,0.7921182266009852,0.2848634384407994,0.2078817733990148,1.3703146446322814,0.4236453201970443,0.5763546798029556,0.695,0.365,1015.0,430.0,585.0,False
1723.0,0.6030179918746372,0.8093023255813954,0.7799671592775042,0.7946347424294498,0.7086477074869414,0.7921077959576516,0.2848530077974658,0.20789220404234843,1.37019571806281,0.4138594802694899,0.5861405197305101,0.695,0.38,1039.0,430.0,609.0,False
1723.0,0.5972141613464886,0.8303341902313625,0.76875,0.7995420951156813,0.7086477074869414,0.7920310981535471,0.28477630999336134,0.2079689018464529,1.3693216027250878,0.3780369290573372,0.6219630709426628,0.72,0.395,1029.0,389.0,640.0,False
1723.0,0.669762042948346,0.7973199329983249,0.7863554757630161,0.7918377043806706,0.7086477074869414,0.7920277296360485,0.28477294147586274,0.2079722703639515,1.3692832269297732,0.5173310225303293,0.4826689774696707,0.635,0.345,1154.0,597.0,557.0,False
1723.0,0.652930934416715,0.7717717717717718,0.8213507625272332,0.7965612671495025,0.7086477074869414,0.792,0.28474521183981427,0.20799999999999996,1.368967364614492,0.592,0.408,0.6,0.3,1125.0,666.0,459.0,False
1723.0,0.6639582124201974,0.7993019197207679,0.7845884413309983,0.791945180525883,0.7086477074869414,0.791958041958042,0.2847032537978562,0.20804195804195802,1.3684895896838132,0.5008741258741258,0.4991258741258741,0.645,0.355,1144.0,573.0,571.0,False
1723.0,0.5914103308183402,0.8311345646437994,0.76875,0.7999422823218998,0.7086477074869414,0.7919528949950932,0.2846981068349075,0.20804710500490675,1.368430994645145,0.3719332679097154,0.6280667320902846,0.725,0.395,1019.0,379.0,640.0,False
1723.0,0.6053395240858966,0.8184019370460048,0.7746031746031746,0.7965025558245897,0.7086477074869414,0.7919463087248322,0.2846915205646464,0.20805369127516782,1.3683560181978165,0.3959731543624161,0.6040268456375839,0.705,0.39,1043.0,413.0,630.0,False
1723.0,0.661056297156123,0.7993019197207679,0.784452296819788,0.791877108270278,0.7086477074869414,0.7919227392449517,0.28466795108476595,0.2080772607550483,1.3680877480402887,0.5030728709394205,0.49692712906057945,0.645,0.35,1139.0,573.0,566.0,False
1723.0,0.669181659895531,0.793046357615894,0.7905282331511839,0.791787295383539,0.7086477074869414,0.7918473547267997,0.2845925665666139,0.20815264527320032,1.3672301218804412,0.5238508239375542,0.4761491760624458,0.63,0.34,1153.0,604.0,549.0,False
1723.0,0.6297156123041208,0.7572815533980582,0.8598901098901099,0.8085858316440842,0.7086477074869414,0.791705069124424,0.2844502809642382,0.20829493087557605,1.365613074540701,0.6645161290322581,0.33548387096774196,0.57,0.25,1085.0,721.0,364.0,False
1723.0,0.640742890307603,0.7572815533980582,0.856396866840731,0.8068392101193946,0.7086477074869414,0.7916666666666666,0.28441187850648086,0.20833333333333337,1.365177016831108,0.6530797101449275,0.34692028985507245,0.57,0.26,1104.0,721.0,383.0,False
1723.0,0.640742890307603,0.7673048600883653,0.8305882352941176,0.7989465476912414,0.7086477074869414,0.7916666666666666,0.28441187850648086,0.20833333333333337,1.365177016831108,0.615036231884058,0.384963768115942,0.595,0.28,1104.0,679.0,425.0,False
1723.0,0.6796285548461984,0.7876386687797148,0.7962962962962963,0.7919674825380055,0.7086477074869414,0.7916310845431256,0.2843762963829398,0.20836891545687442,1.3647731273132073,0.5388556789069172,0.46114432109308284,0.62,0.335,1171.0,631.0,540.0,False
1723.0,0.6378409750435288,0.7970479704797048,0.7863554757630161,0.7917017231213604,0.7086477074869414,0.7916287534121929,0.2843739652520071,0.20837124658780715,1.3647466716679288,0.4931756141947225,0.5068243858052776,0.655,0.345,1099.0,542.0,557.0,False
1723.0,0.67382472431805,0.7788018433179723,0.807843137254902,0.7933224902864371,0.7086477074869414,0.7915590008613265,0.2843042127011407,0.20844099913867353,1.363955334487704,0.5607235142118863,0.4392764857881137,0.61,0.32,1161.0,651.0,510.0,False
1723.0,0.5763203714451538,0.8473053892215568,0.7632776934749621,0.8052915413482595,0.7086477074869414,0.7915407854984894,0.2842859973383036,0.20845921450151061,1.3637487698402677,0.3363544813695871,0.6636455186304129,0.745,0.405,993.0,334.0,659.0,False
1723.0,0.6401625072547882,0.7988721804511278,0.7845884413309983,0.791730310891063,0.7086477074869414,0.7914777878513146,0.28422299969112885,0.20852221214868538,1.3630346463448486,0.4823209428830462,0.5176790571169537,0.66,0.355,1103.0,532.0,571.0,False
1723.0,0.6790481717933836,0.7922705314009661,0.7905282331511839,0.791399382276075,0.7086477074869414,0.7914529914529914,0.28419820329280565,0.20854700854700858,1.362753679723699,0.5307692307692308,0.46923076923076923,0.625,0.34,1170.0,621.0,549.0,False
1723.0,0.6372605919907138,0.7988721804511278,0.784452296819788,0.7916622386354579,0.7086477074869414,0.7914389799635702,0.2841841918033844,0.20856102003642984,1.3625949458520354,0.48451730418943534,0.5154826958105647,0.66,0.35,1098.0,532.0,566.0,False
1723.0,0.6088218224027858,0.8320802005012531,0.7661538461538462,0.7991170233275496,0.7086477074869414,0.7912297426120114,0.28397495445182563,0.2087702573879886,1.3602270649313473,0.38036224976167776,0.6196377502383222,0.715,0.4,1049.0,399.0,650.0,False
1723.0,0.6337782936738248,0.7572815533980582,0.8571428571428571,0.8072122052704577,0.7086477074869414,0.7912087912087912,0.2839540030486054,0.20879120879120883,1.3599902251275309,0.6602564102564102,0.33974358974358976,0.57,0.255,1092.0,721.0,371.0,False
1723.0,0.6059199071387116,0.8267326732673267,0.76875,0.7977413366336634,0.7086477074869414,0.7911877394636015,0.2839329513034158,0.20881226053639845,1.3597522989025967,0.38697318007662834,0.6130268199233716,0.71,0.395,1044.0,404.0,640.0,False
1723.0,0.6419036564132328,0.7647907647907648,0.8353510895883777,0.8000709271895712,0.7086477074869414,0.7911392405063291,0.28388445234614335,0.2088607594936709,1.3592043475966864,0.6265822784810127,0.37341772151898733,0.585,0.275,1106.0,693.0,413.0,False
1723.0,0.5890887986070806,0.8426966292134831,0.7632776934749621,0.8029871613442225,0.7086477074869414,0.7911330049261084,0.2838782167659226,0.20886699507389161,1.3591339151764692,0.35073891625615766,0.6492610837438424,0.735,0.405,1015.0,356.0,659.0,False
1723.0,0.600116076610563,0.8184019370460048,0.7729468599033816,0.7956743984746932,0.7086477074869414,0.7911025145067698,0.28384772634658406,0.20889748549323017,1.3587895788998514,0.3994197292069632,0.6005802707930368,0.705,0.385,1034.0,413.0,621.0,False
1723.0,0.6390017411491584,0.8027888446215139,0.7813021702838063,0.7920455074526601,0.7086477074869414,0.7910990009082652,0.28384421274807947,0.20890099909173476,1.3587499053723284,0.45594913714804725,0.5440508628519528,0.67,0.375,1101.0,502.0,599.0,False
1723.0,0.677887405687754,0.7813953488372093,0.8030592734225621,0.7922273111298856,0.7086477074869414,0.791095890410959,0.2838411022507732,0.20890410958904104,1.3587147845446852,0.5522260273972602,0.4477739726027397,0.615,0.325,1168.0,645.0,523.0,False
1723.0,0.677887405687754,0.7973199329983249,0.7845884413309983,0.7909541871646616,0.7086477074869414,0.791095890410959,0.2838411022507732,0.20890410958904104,1.3587147845446852,0.5111301369863014,0.4888698630136986,0.635,0.355,1168.0,597.0,571.0,False
1723.0,0.6639582124201974,0.7717717717717718,0.8179916317991632,0.7948817017854675,0.7086477074869414,0.791083916083916,0.2838291279237303,0.20891608391608396,1.3585795914006167,0.5821678321678322,0.4178321678321678,0.6,0.305,1144.0,666.0,478.0,False
1723.0,0.6360998258850842,0.7602836879432624,0.8465473145780051,0.8034155012606338,0.7086477074869414,0.791058394160584,0.2838036060003982,0.208941605839416,1.3582914942202469,0.6432481751824818,0.35675182481751827,0.58,0.265,1096.0,705.0,391.0,False
1723.0,0.6749854904236796,0.7973199329983249,0.784452296819788,0.7908861149090565,0.7086477074869414,0.7910576096302665,0.28380282147008074,0.2089423903697335,1.358282639381497,0.5133276010318143,0.4866723989681857,0.635,0.35,1163.0,597.0,566.0,False
1723.0,0.6720835751596054,0.8014311270125224,0.7813021702838063,0.7913666486481643,0.7086477074869414,0.7910189982728842,0.2837642101126985,0.20898100172711576,1.3578469227706809,0.48272884283246975,0.5172711571675302,0.65,0.375,1158.0,559.0,599.0,False
1723.0,0.6273940800928612,0.8027888446215139,0.7806563039723662,0.79172257429694,0.7086477074869414,0.7909343200740055,0.2836795319138198,0.20906567992599445,1.3568919203488459,0.46438482886216464,0.5356151711378353,0.67,0.36,1081.0,502.0,579.0,False
1723.0,0.6523505513639002,0.7673048600883653,0.8269662921348314,0.7971355761115984,0.7086477074869414,0.7909252669039146,0.28367047874372886,0.20907473309608537,1.3567898642891545,0.6040925266903915,0.3959074733096085,0.595,0.29,1124.0,679.0,445.0,False
1723.0,0.6384213580963436,0.7641921397379913,0.8353510895883777,0.7997716146631845,0.7086477074869414,0.7909090909090909,0.28365430274890513,0.2090909090909091,1.356607534886068,0.6245454545454545,0.37545454545454543,0.59,0.275,1100.0,687.0,413.0,False
1723.0,0.6604759141033082,0.8014311270125224,0.7806563039723662,0.7910437154924443,0.7086477074869414,0.7908611599297012,0.2836063717695154,0.20913884007029881,1.35606744148617,0.4912126537785589,0.5087873462214412,0.65,0.36,1138.0,559.0,579.0,False
1723.0,0.6076610562971562,0.815347721822542,0.7746031746031746,0.7949754482128584,0.7086477074869414,0.7908309455587392,0.28357615739855346,0.20916905444126077,1.3557271086588376,0.3982808022922636,0.6017191977077364,0.7,0.39,1047.0,417.0,630.0,False
1723.0,0.6349390597794544,0.8027888446215139,0.7804054054054054,0.7915971250134597,0.7086477074869414,0.7906764168190128,0.28342162865882703,0.2093235831809872,1.3539880425884574,0.45886654478976235,0.5411334552102377,0.67,0.37,1094.0,502.0,592.0,False
1723.0,0.6459663377829368,0.8015564202334631,0.7813021702838063,0.7914292952586347,0.7086477074869414,0.7906558849955077,0.2834010968353219,0.20934411500449235,1.3537571707197995,0.4618149146451033,0.5381850853548967,0.665,0.375,1113.0,514.0,599.0,False
1723.0,0.6459663377829368,0.7970479704797048,0.7845884413309983,0.7908182059053515,0.7086477074869414,0.7906558849955077,0.2834010968353219,0.20934411500449235,1.3537571707197995,0.48697214734950584,0.5130278526504941,0.655,0.355,1113.0,542.0,571.0,False
1723.0,0.596053395240859,0.8396739130434783,0.7632776934749621,0.8014758032592202,0.7086477074869414,0.7906523855890945,0.2833975974289087,0.20934761441090555,1.3537178258580895,0.35832521908471276,0.6416747809152873,0.73,0.405,1027.0,368.0,659.0,False
1723.0,0.6680208937899014,0.8014311270125224,0.7804054054054054,0.7909182662089639,0.7086477074869414,0.790616854908775,0.2833620667485892,0.20938314509122502,1.353318418371893,0.48566463944396177,0.5143353605560382,0.65,0.37,1151.0,559.0,592.0,False
1723.0,0.6430644225188624,0.7970479704797048,0.784452296819788,0.7907501336497464,0.7086477074869414,0.7906137184115524,0.2833589302513666,0.20938628158844763,1.3532831668901475,0.4891696750902527,0.5108303249097473,0.655,0.35,1108.0,542.0,566.0,False
1723.0,0.6871735345327916,0.8,0.7813021702838063,0.7906510851419032,0.7086477074869414,0.7905405405405406,0.2832857523803548,0.20945945945945943,1.3524610113642748,0.49408783783783783,0.5059121621621622,0.64,0.375,1184.0,585.0,599.0,False
1723.0,0.6343586767266396,0.8015564202334631,0.7806563039723662,0.7911063621029146,0.7086477074869414,0.7904849039341263,0.2832301157739405,0.2095150960658737,1.3518363167725636,0.47026532479414457,0.5297346752058555,0.665,0.36,1093.0,514.0,579.0,False
1723.0,0.6453859547301218,0.7673048600883653,0.8267898383371824,0.7970473492127739,0.7086477074869414,0.7904676258992805,0.2832128377390948,0.20953237410071945,1.35164238440289,0.6106115107913669,0.3893884892086331,0.595,0.285,1112.0,679.0,433.0,False
1723.0,0.5844457341845618,0.8419540229885057,0.7632776934749621,0.802615858231734,0.7086477074869414,0.7904667328699106,0.2832119447097249,0.20953326713008935,1.351632361718924,0.3455809334657398,0.6544190665342602,0.74,0.405,1007.0,348.0,659.0,False
1723.0,0.6674405107370864,0.7742424242424243,0.8122448979591836,0.793243661100804,0.7086477074869414,0.7904347826086957,0.28317999444850994,0.2095652173913043,1.3512738324306495,0.5739130434782609,0.4260869565217391,0.605,0.31,1150.0,660.0,490.0,False
1723.0,0.6755658734764944,0.8,0.7806563039723662,0.7903281519861831,0.7086477074869414,0.7903780068728522,0.28312321871266644,0.2096219931271478,1.3506369941866545,0.5025773195876289,0.49742268041237114,0.64,0.36,1164.0,585.0,579.0,False
1723.0,0.644805571677307,0.8027888446215139,0.7799671592775042,0.791378001949509,0.7086477074869414,0.7902790279027903,0.2830242397426045,0.20972097209720975,1.3495275980859809,0.45184518451845185,0.5481548154815482,0.67,0.38,1111.0,502.0,609.0,False
1723.0,0.6308763784097504,0.8027888446215139,0.7794871794871795,0.7911380120543468,0.7086477074869414,0.7902483900643974,0.28299360190421163,0.2097516099356026,1.3491844090784124,0.46182152713891444,0.5381784728610856,0.67,0.365,1087.0,502.0,585.0,False
1723.0,0.677887405687754,0.8014311270125224,0.7799671592775042,0.7906991431450132,0.7086477074869414,0.7902397260273972,0.28298493786721146,0.20976027397260277,1.3490873772608283,0.4785958904109589,0.521404109589041,0.65,0.38,1168.0,559.0,609.0,False
1723.0,0.6419036564132328,0.7594405594405594,0.8465473145780051,0.8029939370092822,0.7086477074869414,0.7902350813743219,0.2829802932141361,0.20976491862567814,1.3490353633398038,0.6464737793851718,0.3535262206148282,0.575,0.265,1106.0,715.0,391.0,False
1723.0,0.6419036564132328,0.8015564202334631,0.7804054054054054,0.7909809128194343,0.7086477074869414,0.7902350813743219,0.2829802932141361,0.20976491862567814,1.3490353633398038,0.46473779385171793,0.5352622061482821,0.665,0.37,1106.0,514.0,592.0,False
1723.0,0.6639582124201974,0.8014311270125224,0.7794871794871795,0.7904591532498509,0.7086477074869414,0.7902097902097902,0.28295500204960444,0.2097902097902098,1.3487521764364478,0.48863636363636365,0.5113636363636364,0.65,0.365,1144.0,559.0,585.0,False
1723.0,0.6279744631456762,0.8119469026548672,0.7746031746031746,0.7932750386290209,0.7086477074869414,0.7902033271719039,0.2829485390117181,0.2097966728280961,1.3486798203113612,0.4177449168207024,0.5822550831792976,0.685,0.39,1082.0,452.0,630.0,False
1723.0,0.6030179918746372,0.8303341902313625,0.7661538461538462,0.7982440181926043,0.7086477074869414,0.7901828681424446,0.2829280799822589,0.20981713185755535,1.3484508032181972,0.37439846005774785,0.6256015399422522,0.72,0.4,1039.0,389.0,650.0,False
1723.0,0.6831108531630876,0.8,0.7804054054054054,0.7902027027027028,0.7086477074869414,0.7901444350042481,0.28288964684406237,0.20985556499575186,1.348020705811585,0.4970263381478335,0.5029736618521665,0.64,0.37,1177.0,585.0,592.0,False
1723.0,0.6802089378990134,0.7993019197207679,0.7813021702838063,0.7903020450022871,0.7086477074869414,0.7901023890784983,0.2828476009183125,0.20989761092150172,1.3475503588465945,0.48890784982935154,0.5110921501706485,0.645,0.375,1172.0,573.0,599.0,False
1723.0,0.5972141613464886,0.8311345646437994,0.7661538461538462,0.7986442053988227,0.7086477074869414,0.7900874635568513,0.28283267539666557,0.20991253644314867,1.3473834397368931,0.3683187560738581,0.6316812439261419,0.725,0.4,1029.0,379.0,650.0,False
1723.0,0.6192687173534532,0.8123569794050344,0.7746031746031746,0.7934800770041045,0.7086477074869414,0.7900656044985942,0.28281081633840843,0.2099343955014058,1.3471390224691153,0.4095595126522962,0.5904404873477038,0.69,0.39,1067.0,437.0,630.0,False
1723.0,0.6384213580963436,0.8106382978723404,0.7746031746031746,0.7926207362377575,0.7086477074869414,0.79,0.28274521183981427,0.20999999999999996,1.3464057706657824,0.42727272727272725,0.5727272727272728,0.68,0.39,1100.0,470.0,630.0,False
1723.0,0.6024376088218224,0.815347721822542,0.7729468599033816,0.7941472908629619,0.7086477074869414,0.789980732177264,0.2827259440170782,0.21001926782273606,1.3461905040813171,0.40173410404624277,0.5982658959537572,0.7,0.385,1038.0,417.0,621.0,False
1723.0,0.6825304701102728,0.7813953488372093,0.800376647834275,0.7908859983357421,0.7086477074869414,0.7899659863945578,0.2827111982343721,0.21003401360544216,1.3460257859255935,0.548469387755102,0.45153061224489793,0.615,0.33,1176.0,645.0,531.0,False
1723.0,0.6686012768427162,0.7993019197207679,0.7806563039723662,0.7899791118465671,0.7086477074869414,0.7899305555555556,0.2826757673953698,0.21006944444444442,1.3456300993366366,0.4973958333333333,0.5026041666666666,0.645,0.36,1152.0,573.0,579.0,False
1723.0,0.6517701683110854,0.8015564202334631,0.7799671592775042,0.7907617897554836,0.7086477074869414,0.7898486197684773,0.28259383160829155,0.2101513802315227,1.3447155631191163,0.4577025823686554,0.5422974176313446,0.665,0.38,1123.0,514.0,609.0,False
1723.0,0.67382472431805,0.793046357615894,0.7863554757630161,0.7897009166894551,0.7086477074869414,0.7898363479758829,0.2825815598156971,0.21016365202411713,1.3445786514181326,0.5202411714039621,0.4797588285960379,0.63,0.345,1161.0,604.0,557.0,False
1723.0,0.6378409750435288,0.8015564202334631,0.7794871794871795,0.7905217998603213,0.7086477074869414,0.7898089171974523,0.2825541290372665,0.21019108280254772,1.344272674510632,0.467697907188353,0.532302092811647,0.665,0.365,1099.0,514.0,585.0,False
1723.0,0.648868253047011,0.7647907647907648,0.8305882352941176,0.7976895000424412,0.7086477074869414,0.7898032200357782,0.2825484318755924,0.2101967799642218,1.3442091354762227,0.6198568872987478,0.38014311270125223,0.585,0.28,1118.0,693.0,425.0,False
1723.0,0.6929773650609402,0.8,0.7799671592775042,0.7899835796387521,0.7086477074869414,0.7897822445561139,0.28252745639592813,0.2102177554438861,1.343975230823658,0.4899497487437186,0.5100502512562815,0.64,0.38,1194.0,585.0,609.0,False
1723.0,0.656993615786419,0.7673048600883653,0.8233995584988962,0.7953522092936307,0.7086477074869414,0.7897526501766784,0.28249786201649263,0.2102473498233216,1.3436452932885277,0.5998233215547704,0.4001766784452297,0.595,0.295,1132.0,679.0,453.0,False
1723.0,0.6790481717933836,0.8,0.7794871794871795,0.7897435897435898,0.7086477074869414,0.7897435897435897,0.28248880158340395,0.2102564102564103,1.3435443002137504,0.5,0.5,0.64,0.365,1170.0,585.0,585.0,False
1723.0,0.6761462565293094,0.7993019197207679,0.7804054054054054,0.7898536625630866,0.7086477074869414,0.7896995708154506,0.28244478265526485,0.2103004291845494,1.3430537624219734,0.4918454935622318,0.5081545064377683,0.645,0.37,1165.0,573.0,592.0,False
1723.0,0.673244341265235,0.7742424242424243,0.81,0.7921212121212122,0.7086477074869414,0.7896551724137931,0.28240038425360736,0.21034482758620687,1.3425592038286254,0.5689655172413793,0.43103448275862066,0.605,0.315,1160.0,660.0,500.0,False
1723.0,0.681369704004643,0.7788018433179723,0.8030592734225621,0.7909305583702673,0.7086477074869414,0.7896081771720613,0.28235338901187557,0.21039182282793867,1.342035946153611,0.5545144804088586,0.4454855195911414,0.61,0.325,1174.0,651.0,523.0,False
1723.0,0.6453859547301218,0.7641921397379913,0.8305882352941176,0.7973901875160545,0.7086477074869414,0.789568345323741,0.2823135571635552,0.21043165467625902,1.3415926306233905,0.6178057553956835,0.38219424460431656,0.59,0.28,1112.0,687.0,425.0,False
1723.0,0.6564132327336042,0.7988721804511278,0.7813021702838063,0.7900871753674671,0.7086477074869414,0.7895667550839964,0.28231196692381066,0.21043324491600357,1.3415749352555875,0.47038019451812557,0.5296198054818745,0.66,0.375,1131.0,532.0,599.0,False
1723.0,0.6424840394660476,0.7602836879432624,0.8407960199004975,0.80053985392188,0.7086477074869414,0.7895212285456188,0.282266440385433,0.2104787714543812,1.341068452818345,0.6368563685636857,0.36314363143631434,0.58,0.27,1107.0,705.0,402.0,False
1723.0,0.6836912362159024,0.7922705314009661,0.7863554757630161,0.7893130035819911,0.7086477074869414,0.7894736842105263,0.28221889605034056,0.21052631578947367,1.3405397562391177,0.5271646859083192,0.47283531409168084,0.625,0.345,1178.0,621.0,557.0,False
1723.0,0.644805571677307,0.7988721804511278,0.7806563039723662,0.789764242211747,0.7086477074869414,0.7893789378937894,0.28212414973360367,0.21062106210621057,1.339486881854845,0.47884788478847884,0.5211521152115212,0.66,0.36,1111.0,532.0,579.0,False
1723.0,0.6227510156703424,0.8119469026548672,0.7729468599033816,0.7924468812791244,0.7086477074869414,0.7893755824790307,0.28212079431884496,0.21062441752096928,1.3394496119651353,0.4212488350419385,0.5787511649580616,0.685,0.385,1073.0,452.0,621.0,False
1723.0,0.6117237376668602,0.8267326732673267,0.7661538461538462,0.7964432597105864,0.7086477074869414,0.7893738140417458,0.28211902588156,0.21062618595825422,1.3394299697259655,0.38330170777988615,0.6166982922201139,0.71,0.4,1054.0,404.0,650.0,False
1723.0,0.686012768427162,0.7993019197207679,0.7799671592775042,0.789634539499136,0.7086477074869414,0.7893401015228426,0.28208531336265685,0.21065989847715738,1.3390555839142986,0.4847715736040609,0.5152284263959391,0.645,0.38,1182.0,573.0,609.0,False
1723.0,0.69413813116657,0.7973199329983249,0.7813021702838063,0.7893110516410656,0.7086477074869414,0.7892976588628763,0.2820428707026905,0.21070234113712372,1.3385844180968964,0.4991638795986622,0.5008361204013378,0.635,0.375,1196.0,597.0,599.0,False
1723.0,0.6720835751596054,0.7993019197207679,0.7794871794871795,0.7893945496039737,0.7086477074869414,0.7892918825561313,0.2820370943959455,0.21070811744386875,1.33852030864961,0.4948186528497409,0.5051813471502591,0.645,0.365,1158.0,573.0,585.0,False
1723.0,0.6140452698781196,0.8320802005012531,0.7632776934749621,0.7976789469881076,0.7086477074869414,0.7892249527410208,0.281970164580835,0.21077504725897922,1.3377777315090738,0.3771266540642722,0.6228733459357277,0.715,0.405,1058.0,399.0,659.0,False
1723.0,0.6140452698781196,0.8123569794050344,0.7729468599033816,0.792651919654208,0.7086477074869414,0.7892249527410208,0.281970164580835,0.21077504725897922,1.3377777315090738,0.41304347826086957,0.5869565217391305,0.69,0.385,1058.0,437.0,621.0,False
1723.0,0.6331979106210098,0.8106382978723404,0.7729468599033816,0.791792578887861,0.7086477074869414,0.7891842346471127,0.28192944648692697,0.21081576535288726,1.3373262005097275,0.4307974335472044,0.5692025664527957,0.68,0.385,1091.0,470.0,621.0,False
1723.0,0.6523505513639002,0.7988721804511278,0.7804054054054054,0.7896387929282667,0.7086477074869414,0.7891459074733096,0.28189111931312383,0.2108540925266904,1.3369013422276421,0.47330960854092524,0.5266903914590747,0.66,0.37,1124.0,532.0,592.0,False
1723.0,0.6825304701102728,0.7973199329983249,0.7806563039723662,0.7889881184853456,0.7086477074869414,0.7891156462585034,0.2818608580983176,0.2108843537414966,1.336566004530732,0.5076530612244898,0.4923469387755102,0.635,0.36,1176.0,597.0,579.0,False
1723.0,0.6604759141033082,0.7647907647907648,0.8269662921348314,0.795878528462798,0.7086477074869414,0.789103690685413,0.2818489025252272,0.21089630931458703,1.3364335461404522,0.6089630931458699,0.39103690685413006,0.585,0.29,1138.0,693.0,445.0,False
1723.0,0.6604759141033082,0.7673048600883653,0.8213507625272332,0.7943278113077992,0.7086477074869414,0.789103690685413,0.2818489025252272,0.21089630931458703,1.3364335461404522,0.5966608084358523,0.4033391915641476,0.595,0.3,1138.0,679.0,459.0,False
1723.0,0.6848520023215322,0.7876386687797148,0.7905282331511839,0.7890834509654494,0.7086477074869414,0.7889830508474577,0.2817282626872719,0.21101694915254232,1.3350977910481163,0.5347457627118644,0.4652542372881356,0.62,0.34,1180.0,631.0,549.0,False
1723.0,0.681950087057458,0.793046357615894,0.7845884413309983,0.7888173994734462,0.7086477074869414,0.788936170212766,0.2816813820525802,0.21106382978723404,1.3345791286765394,0.5140425531914894,0.48595744680851066,0.63,0.355,1175.0,604.0,571.0,False
1723.0,0.6709228090539756,0.7717717717717718,0.8122448979591836,0.7920083348654777,0.7086477074869414,0.7889273356401384,0.28167254747995263,0.2110726643598616,1.3344814134705951,0.5761245674740484,0.42387543252595156,0.6,0.31,1156.0,666.0,490.0,False
1723.0,0.648868253047011,0.8073770491803278,0.7746031746031746,0.7909901118917513,0.7086477074869414,0.7889087656529516,0.2816539774927659,0.21109123434704835,1.3342760459191194,0.4364937388193202,0.5635062611806798,0.675,0.39,1118.0,488.0,630.0,False
1723.0,0.690075449796866,0.7973199329983249,0.7804054054054054,0.7888626692018652,0.7086477074869414,0.7888982338099243,0.28164344564973853,0.2111017661900757,1.3341595891535423,0.5021026072329688,0.4978973927670311,0.635,0.37,1189.0,597.0,592.0,False
1723.0,0.6790481717933836,0.7742424242424243,0.807843137254902,0.7910427807486631,0.7086477074869414,0.7888888888888889,0.2816341007287031,0.21111111111111114,1.334056266609646,0.5641025641025641,0.4358974358974359,0.605,0.32,1170.0,660.0,510.0,False
1723.0,0.6790481717933836,0.793046357615894,0.784452296819788,0.788749327217841,0.7086477074869414,0.7888888888888889,0.2816341007287031,0.21111111111111114,1.334056266609646,0.5162393162393163,0.48376068376068376,0.63,0.35,1170.0,604.0,566.0,False
1723.0,0.656993615786419,0.7641921397379913,0.8269662921348314,0.7955792159364113,0.7086477074869414,0.7888692579505301,0.2816144697903443,0.2111307420494699,1.3338392460362756,0.6068904593639576,0.3931095406360424,0.59,0.29,1132.0,687.0,445.0,False
1723.0,0.6622170632617528,0.7988721804511278,0.7799671592775042,0.789419669864316,0.7086477074869414,0.7887817703768624,0.2815269822166766,0.21121822962313763,1.3328725589594521,0.4662576687116564,0.5337423312883436,0.66,0.38,1141.0,532.0,609.0,False
1723.0,0.6622170632617528,0.7970479704797048,0.7813021702838063,0.7891750703817555,0.7086477074869414,0.7887817703768624,0.2815269822166766,0.21121822962313763,1.3328725589594521,0.4750219106047327,0.5249780893952674,0.655,0.375,1141.0,542.0,599.0,False
1723.0,0.6482878699941962,0.7594405594405594,0.8407960199004975,0.8001182896705284,0.7086477074869414,0.7887197851387645,0.28146499697857874,0.2112802148612355,1.3321881424791202,0.640107430617726,0.35989256938227393,0.575,0.27,1117.0,715.0,402.0,False
1723.0,0.6482878699941962,0.7988721804511278,0.7794871794871795,0.7891796799691537,0.7086477074869414,0.7887197851387645,0.28146499697857874,0.2112802148612355,1.3321881424791202,0.4762757385854969,0.5237242614145031,0.66,0.365,1117.0,532.0,585.0,False
1723.0,0.6152060359837492,0.8093023255813954,0.7746031746031746,0.7919527500922849,0.7086477074869414,0.7886792452830189,0.28142445712283315,0.21132075471698109,1.3317407345991215,0.4056603773584906,0.5943396226415094,0.695,0.39,1060.0,430.0,630.0,False
1723.0,0.6453859547301218,0.7572815533980582,0.8465473145780051,0.8019144339880317,0.7086477074869414,0.7886690647482014,0.28141427658801565,0.21133093525179858,1.331628406663291,0.6483812949640287,0.3516187050359712,0.57,0.265,1112.0,721.0,391.0,False
1723.0,0.6535113174695298,0.7647907647907648,0.8267898383371824,0.7957903015639736,0.7086477074869414,0.7886323268206039,0.28137753866041815,0.2113676731793961,1.3312231450908858,0.6154529307282416,0.3845470692717584,0.585,0.285,1126.0,693.0,433.0,False
1723.0,0.6918165989553106,0.7922705314009661,0.7845884413309983,0.7884294863659822,0.7086477074869414,0.7885906040268457,0.2813358158666599,0.21140939597315433,1.3307630655280105,0.5209731543624161,0.4790268456375839,0.625,0.355,1192.0,621.0,571.0,False
1723.0,0.6506094022054556,0.7970479704797048,0.7806563039723662,0.7888521372260355,0.7086477074869414,0.7885816235504014,0.28132683539021563,0.2114183764495986,1.3306640610651126,0.48349687778768957,0.5165031222123104,0.655,0.36,1121.0,542.0,579.0,False
1723.0,0.6999419616947186,0.7973199329983249,0.7799671592775042,0.7886435461379145,0.7086477074869414,0.7885572139303483,0.2813024257701625,0.21144278606965172,1.33039500187771,0.49502487562189057,0.5049751243781094,0.635,0.38,1206.0,597.0,609.0,False
1723.0,0.6889146836912362,0.7922705314009661,0.784452296819788,0.7883614141103771,0.7086477074869414,0.7885425442291492,0.2812877560689634,0.21145745577085084,1.3302333324854965,0.523167649536647,0.476832350463353,0.625,0.35,1187.0,621.0,566.0,False
1723.0,0.686012768427162,0.7788018433179723,0.800376647834275,0.7895892455761236,0.7086477074869414,0.7884940778341794,0.2812392896739936,0.21150592216582065,1.3296993615786417,0.550761421319797,0.44923857868020306,0.61,0.33,1182.0,651.0,531.0,False
1723.0,0.686012768427162,0.7973199329983249,0.7794871794871795,0.7884035562427523,0.7086477074869414,0.7884940778341794,0.2812392896739936,0.21150592216582065,1.3296993615786417,0.5050761421319797,0.4949238578680203,0.635,0.365,1182.0,597.0,585.0,False
1723.0,0.644805571677307,0.7527472527472527,0.856396866840731,0.8045720597939918,0.7086477074869414,0.7884788478847885,0.28122405972460274,0.2115211521152115,1.3295316185278028,0.6552655265526552,0.34473447344734476,0.565,0.26,1111.0,728.0,383.0,False
1723.0,0.6337782936738248,0.7527472527472527,0.8598901098901099,0.8063186813186813,0.7086477074869414,0.7884615384615384,0.28120675030135267,0.21153846153846156,1.3293410014245761,0.6666666666666666,0.3333333333333333,0.565,0.25,1092.0,728.0,364.0,False
1723.0,0.6500290191526408,0.7641921397379913,0.8267898383371824,0.7954909890375869,0.7086477074869414,0.7883928571428571,0.28113806898267135,0.21160714285714288,1.3285849673442696,0.6133928571428572,0.38660714285714287,0.59,0.285,1120.0,687.0,433.0,False
1723.0,0.6581543818920488,0.7970479704797048,0.7804054054054054,0.7887266879425551,0.7086477074869414,0.7883597883597884,0.2811050001996026,0.21164021164021163,1.3282211259431225,0.47795414462081126,0.5220458553791887,0.655,0.37,1134.0,542.0,592.0,False
1723.0,0.6715031921067904,0.7673048600883653,0.8179916317991632,0.7926482459437643,0.7086477074869414,0.7882454624027658,0.28099067424258006,0.21175453759723417,1.3269641228516948,0.5868625756266206,0.4131374243733794,0.595,0.305,1157.0,679.0,478.0,False
1723.0,0.6111433546140452,0.8184019370460048,0.76875,0.7935759685230024,0.7086477074869414,0.7882241215574549,0.28096933339726915,0.21177587844254508,1.3267296325888989,0.3922127255460589,0.6077872744539411,0.705,0.395,1053.0,413.0,640.0,False
1723.0,0.6877539175856066,0.7813953488372093,0.7962962962962963,0.7888458225667527,0.7086477074869414,0.7881856540084389,0.2809308658482531,0.21181434599156113,1.3263070758174502,0.5443037974683544,0.45569620253164556,0.615,0.335,1185.0,645.0,540.0,False
1723.0,0.608241439349971,0.8303341902313625,0.7632776934749621,0.7968059418531623,0.7086477074869414,0.7881679389312977,0.2809131507711119,0.21183206106870234,1.3261125315681315,0.3711832061068702,0.6288167938931297,0.72,0.405,1048.0,389.0,659.0,False
1723.0,0.6767266395821242,0.7717717717717718,0.81,0.7908858858858859,0.7086477074869414,0.7881646655231561,0.28090987736297035,0.21183533447684388,1.326076587065682,0.5711835334476844,0.4288164665523156,0.6,0.315,1166.0,666.0,500.0,False
1723.0,0.6436448055716774,0.8073770491803278,0.7729468599033816,0.7901619545418548,0.7086477074869414,0.78809738503156,0.28084259687137425,0.21190261496843998,1.325338042256826,0.4400360685302074,0.5599639314697926,0.675,0.385,1109.0,488.0,621.0,False
1723.0,0.6024376088218224,0.8311345646437994,0.7632776934749621,0.7972061290593808,0.7086477074869414,0.7880539499036608,0.2807991617434751,0.21194605009633916,1.3248614994987595,0.3651252408477842,0.6348747591522158,0.725,0.405,1038.0,379.0,659.0,False
1723.0,0.648868253047011,0.7602836879432624,0.8353510895883777,0.79781738876582,0.7086477074869414,0.7880143112701252,0.28075952310993946,0.21198568872987478,1.3244267799025835,0.6305903398926654,0.3694096601073345,0.58,0.275,1118.0,705.0,413.0,False
1723.0,0.6680208937899014,0.7970479704797048,0.7799671592775042,0.7885075648786044,0.7086477074869414,0.788010425716768,0.2807556375565823,0.21198957428323195,1.3243841755230583,0.47089487402258906,0.529105125977411,0.655,0.38,1151.0,542.0,609.0,False
1723.0,0.6378409750435288,0.7527472527472527,0.8571428571428571,0.804945054945055,0.7086477074869414,0.7879890809827116,0.2807342928225258,0.2120109190172884,1.3241501622830727,0.6624203821656051,0.3375796178343949,0.565,0.255,1099.0,728.0,371.0,False
1723.0,0.665118978525827,0.7647907647907648,0.8233995584988962,0.7940951616448305,0.7086477074869414,0.7879581151832461,0.28070332702306033,0.2120418848167539,1.3238107521334452,0.6047120418848168,0.39528795811518325,0.585,0.295,1146.0,693.0,453.0,False
1723.0,0.5774811375507836,0.8518518518518519,0.7570789865871833,0.8044654192195175,0.7086477074869414,0.7879396984924623,0.2806849103322765,0.21206030150753774,1.3236089373488864,0.3256281407035176,0.6743718592964824,0.75,0.41,995.0,324.0,671.0,False
1723.0,0.6540917005223448,0.7970479704797048,0.7794871794871795,0.7882675749834421,0.7086477074869414,0.7879325643300799,0.2806777761698941,0.21206743566992015,1.3235307688011324,0.48092280390417036,0.5190771960958296,0.655,0.365,1127.0,542.0,585.0,False
1723.0,0.6099825885084156,0.8093023255813954,0.7729468599033816,0.7911245927423884,0.7086477074869414,0.7878211227402474,0.28056633458006164,0.2121788772597526,1.3223103930208286,0.40913415794481445,0.5908658420551856,0.695,0.385,1051.0,430.0,621.0,False
1723.0,0.6616366802089378,0.7641921397379913,0.8233995584988962,0.7937958491184438,0.7086477074869414,0.787719298245614,0.2804645100854283,0.21228070175438596,1.3211964524685464,0.6026315789473684,0.3973684210526316,0.59,0.295,1140.0,687.0,453.0,False
1723.0,0.6825304701102728,0.7717717717717718,0.807843137254902,0.7898074545133369,0.7086477074869414,0.7874149659863946,0.28016017782620883,0.2125850340136054,1.3178734764944866,0.5663265306122449,0.4336734693877551,0.6,0.32,1176.0,666.0,510.0,False
1723.0,0.6169471851421938,0.8267326732673267,0.7632776934749621,0.7950051833711445,0.7086477074869414,0.7873941674506115,0.28013937929042576,0.21260583254938847,1.3176467264854985,0.38005644402634053,0.6199435559736595,0.71,0.405,1063.0,404.0,659.0,False
1723.0,0.6686012768427162,0.7647907647907648,0.8213507625272332,0.793070763658999,0.7086477074869414,0.7873263888888888,0.2800716007287031,0.21267361111111116,1.3169080981202688,0.6015625,0.3984375,0.585,0.3,1152.0,693.0,459.0,False
1723.0,0.6546720835751596,0.7594405594405594,0.8353510895883777,0.7973958245144686,0.7086477074869414,0.7872340425531915,0.27997925439300575,0.21276595744680848,1.3159024956471272,0.6338652482269503,0.36613475177304966,0.575,0.275,1128.0,715.0,413.0,False
1723.0,0.690075449796866,0.8014311270125224,0.7746031746031746,0.7880171508078485,0.7086477074869414,0.7872161480235492,0.27996135986336346,0.21278385197645078,1.3157077346938308,0.4701429772918419,0.5298570227081582,0.65,0.39,1189.0,559.0,630.0,False
1723.0,0.698200812536274,0.793046357615894,0.7813021702838063,0.7871742639498502,0.7086477074869414,0.7871986699916874,0.27994388183150165,0.21280133000831258,1.3155175384503768,0.5020781379883624,0.4979218620116376,0.63,0.375,1203.0,604.0,599.0,False
1723.0,0.6517701683110854,0.7572815533980582,0.8407960199004975,0.7990387866492779,0.7086477074869414,0.7871772039180766,0.2799224157578908,0.21282279608192345,1.315283987013018,0.6420302760463046,0.3579697239536955,0.57,0.27,1123.0,721.0,402.0,False
1723.0,0.6134648868253048,0.815347721822542,0.76875,0.792048860911271,0.7086477074869414,0.7871333964049196,0.2798786082447339,0.21286660359508036,1.3148075062874836,0.3945127719962157,0.6054872280037843,0.7,0.395,1057.0,417.0,640.0,False
1723.0,0.656993615786419,0.8027888446215139,0.7746031746031746,0.7886960096123443,0.7086477074869414,0.7871024734982333,0.2798476853380475,0.21289752650176674,1.3144712854882565,0.44346289752650175,0.5565371024734982,0.67,0.39,1132.0,502.0,630.0,False
1723.0,0.665118978525827,0.7641921397379913,0.8213507625272332,0.7927714511326123,0.7086477074869414,0.787085514834206,0.2798307266740202,0.21291448516579403,1.3142869375755213,0.599476439790576,0.4005235602094241,0.59,0.3,1146.0,687.0,459.0,False
1723.0,0.583284968078932,0.8473053892215568,0.7570789865871833,0.8021921879043701,0.7086477074869414,0.7870646766169154,0.2798098884567296,0.21293532338308463,1.3140604574720243,0.33233830845771145,0.6676616915422886,0.745,0.41,1005.0,334.0,671.0,False
1723.0,0.689495066744051,0.7876386687797148,0.7863554757630161,0.7869970722713655,0.7086477074869414,0.7870370370370371,0.2797822488768513,0.2129629629629629,1.3137601251608675,0.5311447811447811,0.46885521885521886,0.62,0.345,1188.0,631.0,557.0,False
1723.0,0.6865931514799768,0.7742424242424243,0.8030592734225621,0.7886508488324933,0.7086477074869414,0.7869822485207101,0.2797274603605243,0.21301775147928992,1.3131650222480171,0.5579036348267118,0.44209636517328826,0.605,0.325,1183.0,660.0,523.0,False
1723.0,0.6865931514799768,0.793046357615894,0.7806563039723662,0.78685133079413,0.7086477074869414,0.7869822485207101,0.2797274603605243,0.21301775147928992,1.3131650222480171,0.5105663567202029,0.4894336432797971,0.63,0.36,1183.0,604.0,579.0,False
1723.0,0.69413813116657,0.793046357615894,0.7804054054054054,0.7867258815106497,0.7086477074869414,0.7867892976588629,0.2795345094986771,0.21321070234113715,1.3110716602369323,0.5050167224080268,0.49498327759197325,0.63,0.37,1196.0,604.0,592.0,False
1723.0,0.596053395240859,0.8426966292134831,0.7570789865871833,0.7998878079003332,0.7086477074869414,0.7867575462512172,0.2795027580910314,0.2132424537487828,1.3107275459337413,0.3466407010710808,0.6533592989289192,0.735,0.41,1027.0,356.0,671.0,False
1723.0,0.6912362159024956,0.7788018433179723,0.7962962962962963,0.7875490698071343,0.7086477074869414,0.7867338371116709,0.2794790489514851,0.2132661628883291,1.3104706586662158,0.5465994962216625,0.4534005037783375,0.61,0.335,1191.0,651.0,540.0,False
1723.0,0.6558328496807894,0.7602836879432624,0.8305882352941176,0.79543596161869,0.7086477074869414,0.7867256637168142,0.2794708755566284,0.21327433628318582,1.3103821136057683,0.6238938053097345,0.37610619469026546,0.58,0.28,1130.0,705.0,425.0,False
1723.0,0.6639582124201974,0.8015564202334631,0.7746031746031746,0.7880797974183189,0.7086477074869414,0.7867132867132867,0.2794584985531009,0.21328671328671334,1.3102480423965055,0.4493006993006993,0.5506993006993007,0.665,0.39,1144.0,514.0,630.0,False
1723.0,0.6964596633778294,0.7922705314009661,0.7806563039723662,0.7864634176866662,0.7086477074869414,0.7866666666666666,0.27941187850648086,0.21333333333333337,1.3097431804991289,0.5175,0.4825,0.625,0.36,1200.0,621.0,579.0,False
1723.0,0.6337782936738248,0.8119469026548672,0.76875,0.7903484513274337,0.7086477074869414,0.7866300366300366,0.27937524846985085,0.2133699633699634,1.3093466580647086,0.4139194139194139,0.5860805860805861,0.685,0.395,1092.0,452.0,640.0,False
1723.0,0.6796285548461984,0.7647907647907648,0.8179916317991632,0.791391198294964,0.7086477074869414,0.7865072587532024,0.2792524705930166,0.21349274124679762,1.3080185722576898,0.591801878736123,0.408198121263877,0.585,0.305,1171.0,693.0,478.0,False
1723.0,0.6442251886244922,0.8106382978723404,0.76875,0.7896941489361702,0.7086477074869414,0.7864864864864864,0.2792316983263007,0.21351351351351355,1.3077940301358384,0.42342342342342343,0.5765765765765766,0.68,0.395,1110.0,470.0,640.0,False
1723.0,0.6169471851421938,0.8184019370460048,0.7661538461538462,0.7922778915999256,0.7086477074869414,0.786453433678269,0.27919864551808327,0.21354656632173097,1.3074368290119933,0.3885230479774224,0.6114769520225776,0.705,0.4,1063.0,413.0,650.0,False
1723.0,0.6250725478816018,0.8123569794050344,0.76875,0.7905534897025173,0.7086477074869414,0.78644382544104,0.2791890372808542,0.21355617455896003,1.307333013702087,0.40575673166202414,0.5942432683379758,0.69,0.395,1077.0,437.0,640.0,False
1723.0,0.6848520023215322,0.8014311270125224,0.7729468599033816,0.787188993457952,0.7086477074869414,0.7864406779661017,0.27918588980591597,0.21355932203389827,1.3072990078213527,0.47372881355932206,0.5262711864406779,0.65,0.385,1180.0,559.0,621.0,False
1723.0,0.690075449796866,0.793046357615894,0.7794871794871795,0.7862667685515368,0.7086477074869414,0.7863751051303617,0.2791203169701759,0.21362489486963832,1.306590775108422,0.5079899074852817,0.4920100925147183,0.63,0.365,1189.0,604.0,585.0,False
1723.0,0.698200812536274,0.7993019197207679,0.7746031746031746,0.7869525471619713,0.7086477074869414,0.7863674147963424,0.27911262663615666,0.21363258520365758,1.3065077425809197,0.4763092269326683,0.5236907730673317,0.645,0.39,1203.0,573.0,630.0,False
1723.0,0.6030179918746372,0.8396739130434783,0.7570789865871833,0.7983764498153307,0.7086477074869414,0.7863330125120308,0.27907822435184504,0.2136669874879692,1.306136374331383,0.35418671799807505,0.6458132820019249,0.73,0.41,1039.0,368.0,671.0,False
1723.0,0.6517701683110854,0.8027888446215139,0.7729468599033816,0.7878678522624478,0.7086477074869414,0.786286731967943,0.2790319438077572,0.21371326803205704,1.3056369704004636,0.44701691896705253,0.5529830810329475,0.67,0.385,1123.0,502.0,621.0,False
1723.0,0.6761462565293094,0.7641921397379913,0.8179916317991632,0.7910918857685773,0.7086477074869414,0.7862660944206008,0.27901130626041504,0.2137339055793992,1.3054143445517408,0.5896995708154507,0.41030042918454934,0.59,0.305,1165.0,687.0,478.0,False
1723.0,0.697620429483459,0.7876386687797148,0.7845884413309983,0.7861135550553565,0.7086477074869414,0.7861896838602329,0.27893489570004715,0.2138103161397671,1.304590446036796,0.5249584026622296,0.4750415973377704,0.62,0.355,1202.0,631.0,571.0,False
1723.0,0.6784677887405688,0.7673048600883653,0.8122448979591836,0.7897748790237744,0.7086477074869414,0.786142001710864,0.27888721355067825,0.213857998289136,1.3040766105629717,0.5808383233532934,0.41916167664670656,0.595,0.31,1169.0,679.0,490.0,False
1723.0,0.6947185142193848,0.7876386687797148,0.784452296819788,0.7860454827997514,0.7086477074869414,0.7861319966583125,0.2788772084981267,0.21386800334168754,1.3039688225478816,0.5271512113617377,0.4728487886382623,0.62,0.35,1197.0,631.0,566.0,False
1723.0,0.6674405107370864,0.7602836879432624,0.8269662921348314,0.7936249900390469,0.7086477074869414,0.7860869565217391,0.27883216836155333,0.2139130434782609,1.3034837138853101,0.6130434782608696,0.3869565217391304,0.58,0.29,1150.0,705.0,445.0,False
1723.0,0.6999419616947186,0.8,0.7729468599033816,0.7864734299516909,0.7086477074869414,0.7860696517412935,0.27881486358110774,0.2139303482587065,1.3032973855768057,0.48507462686567165,0.5149253731343284,0.64,0.385,1206.0,585.0,621.0,False
1723.0,0.6999419616947186,0.7922705314009661,0.7794871794871795,0.7858788554440728,0.7086477074869414,0.7860696517412935,0.27881486358110774,0.2139303482587065,1.3032973855768057,0.5149253731343284,0.48507462686567165,0.625,0.365,1206.0,621.0,585.0,False
1723.0,0.5914103308183402,0.8419540229885057,0.7570789865871833,0.7995165047878445,0.7086477074869414,0.7860647693817469,0.2788099812215611,0.21393523061825315,1.3032448204806,0.34151128557409227,0.6584887144259077,0.74,0.41,1019.0,348.0,671.0,False
1723.0,0.6616366802089378,0.7594405594405594,0.8305882352941176,0.7950143973673385,0.7086477074869414,0.7859649122807018,0.278710124120516,0.21403508771929824,1.3021702520384764,0.6271929824561403,0.37280701754385964,0.575,0.28,1140.0,715.0,425.0,False
1723.0,0.6587347649448636,0.8015564202334631,0.7729468599033816,0.7872516400684224,0.7086477074869414,0.7859030837004405,0.2786482955402547,0.21409691629955951,1.3015054133258808,0.452863436123348,0.547136563876652,0.665,0.385,1135.0,514.0,621.0,False
1723.0,0.6912362159024956,0.7742424242424243,0.800376647834275,0.7873095360383496,0.7086477074869414,0.7858942065491183,0.2786394183889326,0.21410579345088165,1.3014099894165436,0.5541561712846348,0.44584382871536526,0.605,0.33,1191.0,660.0,531.0,False
1723.0,0.6500290191526408,0.7489823609226595,0.856396866840731,0.8026896138816952,0.7086477074869414,0.7857142857142857,0.27845949755409993,0.2142857142857143,1.2994776552524663,0.6580357142857143,0.3419642857142857,0.56,0.26,1120.0,737.0,383.0,False
1723.0,0.6581543818920488,0.7572815533980582,0.8353510895883777,0.796316321493218,0.7086477074869414,0.7857142857142857,0.27845949755409993,0.2142857142857143,1.2994776552524663,0.6358024691358025,0.36419753086419754,0.57,0.275,1134.0,721.0,413.0,False
1723.0,0.6744051073708648,0.7988721804511278,0.7746031746031746,0.7867376775271513,0.7086477074869414,0.7857142857142857,0.27845949755409993,0.2142857142857143,1.2994776552524663,0.4578313253012048,0.5421686746987951,0.66,0.39,1162.0,532.0,630.0,False
1723.0,0.6390017411491584,0.7489823609226595,0.8598901098901099,0.8044362354063848,0.7086477074869414,0.7856494096276113,0.27839462146742555,0.21435059037238868,1.298781687439134,0.6693914623069936,0.33060853769300635,0.56,0.25,1101.0,737.0,364.0,False
1723.0,0.6929773650609402,0.7993019197207679,0.7729468599033816,0.7861243898120748,0.7086477074869414,0.7855946398659966,0.2783398517058109,0.21440536013400335,1.2981944645966335,0.4798994974874372,0.5201005025125628,0.645,0.385,1194.0,573.0,621.0,False
1723.0,0.6929773650609402,0.7813953488372093,0.7905282331511839,0.7859617909941966,0.7086477074869414,0.7855946398659966,0.2783398517058109,0.21440536013400335,1.2981944645966335,0.5402010050251256,0.45979899497487436,0.615,0.34,1194.0,645.0,549.0,False
1723.0,0.6604759141033082,0.7602836879432624,0.8267898383371824,0.7935367631402224,0.7086477074869414,0.7855887521968365,0.2783339640366508,0.21441124780316345,1.2981313568594615,0.6195079086115993,0.3804920913884007,0.58,0.285,1138.0,705.0,433.0,False
1723.0,0.690075449796866,0.7717717717717718,0.8030592734225621,0.787415522597167,0.7086477074869414,0.7855340622371741,0.2782792740769884,0.21446593776282585,1.2975453210883892,0.56013456686291,0.43986543313709,0.6,0.325,1189.0,666.0,523.0,False
1723.0,0.6494486360998258,0.7527472527472527,0.8465473145780051,0.7996472836626289,0.7086477074869414,0.7855227882037533,0.27826800004356755,0.21447721179624668,1.2974245502031336,0.6505808757819481,0.3494191242180518,0.565,0.265,1119.0,728.0,391.0,False
1723.0,0.6546720835751596,0.8073770491803278,0.76875,0.7880635245901639,0.7086477074869414,0.7854609929078015,0.2782062047476157,0.21453900709219853,1.296762805600457,0.4326241134751773,0.5673758865248227,0.675,0.395,1128.0,488.0,640.0,False
1723.0,0.6842716192687174,0.7673048600883653,0.81,0.7886524300441826,0.7086477074869414,0.7854113655640373,0.2781565774038516,0.21458863443596266,1.296231639364194,0.5759117896522477,0.42408821034775235,0.595,0.315,1179.0,679.0,500.0,False
1723.0,0.6192687173534532,0.815347721822542,0.7661538461538462,0.7907507839881941,0.7086477074869414,0.7853795688847235,0.2781247807245377,0.2146204311152765,1.2958914455593087,0.3908153701968135,0.6091846298031866,0.7,0.4,1067.0,417.0,650.0,False
1723.0,0.5867672663958212,0.8518518518518519,0.7540029112081513,0.8029273815300015,0.7086477074869414,0.7853610286844708,0.278106240524285,0.21463897131552923,1.2956931298159082,0.32047477744807124,0.6795252225519288,0.75,0.415,1011.0,324.0,687.0,False
1723.0,0.673244341265235,0.7594405594405594,0.8269662921348314,0.7932034257876954,0.7086477074869414,0.7853448275862069,0.2780900394260212,0.21465517241379306,1.2955198623862836,0.6163793103448276,0.38362068965517243,0.575,0.29,1160.0,715.0,445.0,False
1723.0,0.6430644225188624,0.7489823609226595,0.8571428571428571,0.8030626090327583,0.7086477074869414,0.7851985559566786,0.2779437677964929,0.21480144404332135,1.2939567004979582,0.6651624548736462,0.3348375451263538,0.56,0.255,1108.0,737.0,371.0,False
1723.0,0.6210098665118978,0.8320802005012531,0.7570789865871833,0.7945795935442181,0.7086477074869414,0.7850467289719626,0.2777919408117768,0.2149532710280374,1.292336420298266,0.3728971962616822,0.6271028037383177,0.715,0.41,1070.0,399.0,671.0,False
1723.0,0.6210098665118978,0.8093023255813954,0.76875,0.7890261627906977,0.7086477074869414,0.7850467289719626,0.2777919408117768,0.2149532710280374,1.292336420298266,0.40186915887850466,0.5981308411214953,0.695,0.395,1070.0,430.0,640.0,False
1723.0,0.6802089378990134,0.7970479704797048,0.7746031746031746,0.7858255725414397,0.7086477074869414,0.7849829351535836,0.2777281469933979,0.21501706484641636,1.2916563026835808,0.46245733788395904,0.537542662116041,0.655,0.39,1172.0,542.0,630.0,False
1723.0,0.6720835751596054,0.7602836879432624,0.8233995584988962,0.7918416232210793,0.7086477074869414,0.7849740932642487,0.27771930510406295,0.21502590673575128,1.2915620695201,0.6088082901554405,0.3911917098445596,0.58,0.295,1158.0,705.0,453.0,False
1723.0,0.6395821242019734,0.8119469026548672,0.7661538461538462,0.7890503744043567,0.7086477074869414,0.7849364791288567,0.2776816909686709,0.21506352087114333,1.2911612803690944,0.4101633393829401,0.5898366606170599,0.685,0.4,1102.0,452.0,650.0,False
1723.0,0.669181659895531,0.7988721804511278,0.7729468599033816,0.7859095201772548,0.7086477074869414,0.784908933217693,0.2776541450575072,0.21509106678230705,1.2908678598842973,0.4614050303555941,0.5385949696444059,0.66,0.385,1153.0,532.0,621.0,False
1723.0,0.6662797446314568,0.7594405594405594,0.8267898383371824,0.7931151988888709,0.7086477074869414,0.7848432055749129,0.2775884174147272,0.21515679442508706,1.2901680291178415,0.622822299651568,0.37717770034843207,0.575,0.285,1148.0,715.0,433.0,False
1723.0,0.6500290191526408,0.8106382978723404,0.7661538461538462,0.7883960720130934,0.7086477074869414,0.7848214285714286,0.2775666404112428,0.21517857142857144,1.2899362541933275,0.41964285714285715,0.5803571428571429,0.68,0.4,1120.0,470.0,650.0,False
1723.0,0.6308763784097504,0.8123569794050344,0.7661538461538462,0.7892554127794402,0.7086477074869414,0.7847286108555658,0.27747382269538,0.21527138914443422,1.2889489114097354,0.40202391904323825,0.5979760809567617,0.69,0.4,1087.0,437.0,650.0,False
1723.0,0.690075449796866,0.7673048600883653,0.807843137254902,0.7875739986716337,0.7086477074869414,0.7846930193439865,0.27743823118380073,0.2153069806560135,1.2885705346778866,0.5710681244743482,0.4289318755256518,0.595,0.32,1189.0,679.0,510.0,False
1723.0,0.5925710969239698,0.8473053892215568,0.7540029112081513,0.8006541502148541,0.7086477074869414,0.7845249755142018,0.277270187354016,0.21547502448579825,1.2867857331293195,0.32713026444662097,0.672869735553379,0.745,0.415,1021.0,334.0,687.0,False
1723.0,0.6221706326175276,0.8184019370460048,0.7632776934749621,0.7908398152604834,0.7086477074869414,0.7845149253731343,0.2772601372129485,0.21548507462686572,1.2866790783215616,0.38526119402985076,0.6147388059701493,0.705,0.405,1072.0,413.0,659.0,False
1723.0,0.665118978525827,0.7572815533980582,0.8305882352941176,0.793934894346088,0.7086477074869414,0.7844677137870855,0.2772129256268997,0.21553228621291454,1.2861781893458581,0.6291448516579407,0.37085514834205935,0.57,0.28,1146.0,721.0,425.0,False
1723.0,0.6947185142193848,0.7717717717717718,0.800376647834275,0.7860742098030233,0.7086477074869414,0.7844611528822055,0.27720636472201976,0.21553884711779447,1.2861085991172778,0.556390977443609,0.44360902255639095,0.6,0.33,1197.0,666.0,531.0,False
1723.0,0.6865931514799768,0.7647907647907648,0.8122448979591836,0.7885178313749742,0.7086477074869414,0.7844463229078613,0.27719153474767555,0.21555367709213868,1.285951316103922,0.5857988165680473,0.41420118343195267,0.585,0.31,1183.0,693.0,490.0,False
1723.0,0.6755658734764944,0.7602836879432624,0.8213507625272332,0.7908172252352478,0.7086477074869414,0.7843642611683849,0.2771094730081991,0.21563573883161513,1.285081380802963,0.6056701030927835,0.3943298969072165,0.58,0.3,1164.0,705.0,459.0,False
1723.0,0.6053395240858966,0.8426966292134831,0.7540029112081513,0.7983497702108172,0.7086477074869414,0.7842761265580057,0.27702133839781995,0.21572387344199428,1.2841478042174497,0.34132310642377756,0.6586768935762224,0.735,0.415,1043.0,356.0,687.0,False
1723.0,0.677887405687754,0.7594405594405594,0.8233995584988962,0.7914200589697278,0.7086477074869414,0.7842465753424658,0.27699178718228,0.21575342465753422,1.2838349501146948,0.6121575342465754,0.3878424657534247,0.575,0.295,1168.0,715.0,453.0,False
1723.0,0.6831108531630876,0.7641921397379913,0.8122448979591836,0.7882185188485875,0.7086477074869414,0.784197111299915,0.2769423231397292,0.21580288870008502,1.2833114737616582,0.5836873406966865,0.4163126593033135,0.59,0.31,1177.0,687.0,490.0,False
1723.0,0.6535113174695298,0.746971736204576,0.856396866840731,0.8016843015226536,0.7086477074869414,0.7841918294849023,0.2769370413247165,0.2158081705150977,1.2832555906651473,0.6598579040852576,0.3401420959147424,0.555,0.26,1126.0,743.0,383.0,False
1723.0,0.6749854904236796,0.7970479704797048,0.7729468599033816,0.7849974151915432,0.7086477074869414,0.7841788478073947,0.2769240596472089,0.21582115219260534,1.28311825246894,0.4660361134995701,0.5339638865004299,0.655,0.385,1163.0,542.0,621.0,False
1723.0,0.6964596633778294,0.7742424242424243,0.7962962962962963,0.7852693602693603,0.7086477074869414,0.7841666666666667,0.2769118785064809,0.21583333333333332,1.282989398485626,0.55,0.45,0.605,0.335,1200.0,660.0,540.0,False
1723.0,0.6964596633778294,0.7788018433179723,0.7905282331511839,0.7846650382345781,0.7086477074869414,0.7841666666666667,0.2769118785064809,0.21583333333333332,1.282989398485626,0.5425,0.4575,0.61,0.34,1200.0,651.0,549.0,False
1723.0,0.6424840394660476,0.746971736204576,0.8598901098901099,0.803430923047343,0.7086477074869414,0.7841011743450768,0.276846386184891,0.21589882565492324,1.282296859860562,0.6711833785004516,0.3288166214995483,0.555,0.25,1107.0,743.0,364.0,False
1723.0,0.6558328496807894,0.7527472527472527,0.8407960199004975,0.796771636323875,0.7086477074869414,0.784070796460177,0.2768160082999912,0.21592920353982303,1.2819757761434016,0.6442477876106195,0.35575221238938054,0.565,0.27,1130.0,728.0,402.0,False
1723.0,0.6958792803250146,0.8014311270125224,0.76875,0.7850905635062613,0.7086477074869414,0.7839866555462885,0.2767318673861028,0.21601334445371145,1.281086907320221,0.4662218515429525,0.5337781484570475,0.65,0.395,1199.0,559.0,640.0,False
1723.0,0.6152060359837492,0.8303341902313625,0.7570789865871833,0.7937065884092729,0.7086477074869414,0.7839622641509434,0.2767074759907576,0.2160377358490566,1.2808293648480484,0.36698113207547167,0.6330188679245283,0.72,0.41,1060.0,389.0,671.0,False
1723.0,0.612304120719675,0.8396739130434783,0.7540029112081513,0.7968384121258147,0.7086477074869414,0.7838862559241706,0.27663146776398484,0.2161137440758294,1.2800271863640527,0.34881516587677724,0.6511848341232227,0.73,0.415,1055.0,368.0,687.0,False
1723.0,0.6767266395821242,0.7572815533980582,0.8269662921348314,0.7921239227664448,0.7086477074869414,0.7838765008576329,0.2766217126974472,0.21612349914236706,1.2799242738302516,0.6183533447684391,0.3816466552315609,0.57,0.29,1166.0,721.0,445.0,False
1723.0,0.6604759141033082,0.8073770491803278,0.7661538461538462,0.786765447667087,0.7086477074869414,0.7838312829525483,0.27657649479236257,0.21616871704745166,1.2794473620882465,0.4288224956063269,0.5711775043936731,0.675,0.4,1138.0,488.0,650.0,False
1723.0,0.6094022054556006,0.8311345646437994,0.7570789865871833,0.7941067756154914,0.7086477074869414,0.7838095238095238,0.2765547356493381,0.21619047619047616,1.279217940228216,0.36095238095238097,0.6390476190476191,0.725,0.41,1050.0,379.0,671.0,False
1723.0,0.6923969820081254,0.7647907647907648,0.81,0.7873953823953824,0.7086477074869414,0.7837384744341995,0.27648368627401376,0.21626152556580047,1.2784691384685987,0.5808885163453479,0.4191114836546521,0.585,0.315,1193.0,693.0,500.0,False
1723.0,0.6627974463145676,0.8027888446215139,0.76875,0.785769422310757,0.7086477074869414,0.7837127845884413,0.2764579964282555,0.2162872154115587,1.2781985098018938,0.4395796847635727,0.5604203152364273,0.67,0.395,1142.0,502.0,640.0,False
1723.0,0.697620429483459,0.7813953488372093,0.7863554757630161,0.7838754123001127,0.7086477074869414,0.78369384359401,0.2764390554338242,0.21630615640599005,1.2779990178132947,0.5366056572379367,0.4633943427620632,0.615,0.345,1202.0,645.0,557.0,False
1723.0,0.6465467208357516,0.746971736204576,0.8571428571428571,0.8020572966737165,0.7086477074869414,0.7836624775583483,0.2764076893981625,0.21633752244165172,1.2776687385458632,0.6669658886894075,0.33303411131059246,0.555,0.255,1114.0,743.0,371.0,False
1723.0,0.681369704004643,0.7594405594405594,0.8213507625272332,0.7903956609838962,0.7086477074869414,0.7836456558773425,0.2763908677171567,0.21635434412265753,1.2774916484249688,0.6090289608177172,0.3909710391822828,0.575,0.3,1174.0,715.0,459.0,False
1723.0,0.6865931514799768,0.7602836879432624,0.8179916317991632,0.7891376598712128,0.7086477074869414,0.7836010143702451,0.27634622621005933,0.2163989856297549,1.277021818775391,0.5959425190194421,0.4040574809805579,0.58,0.305,1183.0,705.0,478.0,False
1723.0,0.6006964596633778,0.8419540229885057,0.7540029112081513,0.7979784670983285,0.7086477074869414,0.7835748792270532,0.2763200910668674,0.21642512077294684,1.2767468493491418,0.336231884057971,0.663768115942029,0.74,0.415,1035.0,348.0,687.0,False
1723.0,0.6889146836912362,0.7641921397379913,0.81,0.7870960698689957,0.7086477074869414,0.7834877843302444,0.2762329961700586,0.21651221566975565,1.27583099787494,0.5787700084245998,0.42122999157540014,0.59,0.315,1187.0,687.0,500.0,False
1723.0,0.624492164828787,0.815347721822542,0.7632776934749621,0.789312707648752,0.7086477074869414,0.783457249070632,0.2762024609104462,0.21654275092936803,1.2755100769941636,0.387546468401487,0.612453531598513,0.7,0.405,1076.0,417.0,659.0,False
1723.0,0.669762042948346,0.7572815533980582,0.8267898383371824,0.7920356958676203,0.7086477074869414,0.7833622183708839,0.27610743021069817,0.21663778162911607,1.2745118978525831,0.6247833622183708,0.3752166377816291,0.57,0.285,1154.0,721.0,433.0,False
1723.0,0.669762042948346,0.8015564202334631,0.76875,0.7851532101167316,0.7086477074869414,0.7833622183708839,0.27610743021069817,0.21663778162911607,1.2745118978525831,0.44540727902946275,0.5545927209705372,0.665,0.395,1154.0,514.0,640.0,False
1723.0,0.6268136970400464,0.8093023255813954,0.7661538461538462,0.7877280858676208,0.7086477074869414,0.7833333333333333,0.27607854517314756,0.21666666666666667,1.2742086700299118,0.39814814814814814,0.6018518518518519,0.695,0.4,1080.0,430.0,650.0,False
1723.0,0.6239117817759722,0.8267326732673267,0.7570789865871833,0.791905829927255,0.7086477074869414,0.7832558139534884,0.27600102579330266,0.21674418604651158,1.273395290677255,0.3758139534883721,0.6241860465116279,0.71,0.41,1075.0,404.0,671.0,False
1723.0,0.644805571677307,0.8119469026548672,0.7632776934749621,0.7876122980649147,0.7086477074869414,0.783078307830783,0.27582351967059726,0.21692169216921697,1.2715349807221306,0.40684068406840684,0.5931593159315932,0.685,0.405,1111.0,452.0,659.0,False
1723.0,0.698200812536274,0.7647907647907648,0.807843137254902,0.7863169510228334,0.7086477074869414,0.7830423940149626,0.2757876058547768,0.21695760598503744,1.2711589649168447,0.5760598503740648,0.4239401496259352,0.585,0.32,1203.0,693.0,510.0,False
1723.0,0.6552524666279744,0.8106382978723404,0.7632776934749621,0.7869579956736512,0.7086477074869414,0.7829937998228521,0.27573901166266634,0.2170062001771479,1.2706503843557158,0.4162976085031001,0.5837023914969,0.68,0.405,1129.0,470.0,659.0,False
1723.0,0.6923969820081254,0.7594405594405594,0.8179916317991632,0.7887160956198613,0.7086477074869414,0.7829002514668902,0.2756454633067045,0.21709974853310976,1.2696719603277935,0.5993294216261525,0.40067057837384745,0.575,0.305,1193.0,715.0,478.0,False
1723.0,0.697620429483459,0.7673048600883653,0.8030592734225621,0.7851820667554636,0.7086477074869414,0.7828618968386023,0.27560710867841653,0.2171381031613977,1.2692710522278032,0.5648918469217971,0.435108153078203,0.595,0.325,1202.0,679.0,523.0,False
1723.0,0.6360998258850842,0.8123569794050344,0.7632776934749621,0.7878173364399983,0.7086477074869414,0.7828467153284672,0.2755919271682814,0.21715328467153283,1.269112404102674,0.3987226277372263,0.6012773722627737,0.69,0.405,1096.0,437.0,659.0,False
1723.0,0.6546720835751596,0.7489823609226595,0.8465473145780051,0.7977648377503324,0.7086477074869414,0.7828014184397163,0.2755466302795305,0.2171985815602837,1.2686391794094303,0.6533687943262412,0.3466312056737589,0.56,0.265,1128.0,737.0,391.0,False
1723.0,0.681369704004643,0.7572815533980582,0.8233995584988962,0.7903405559484773,0.7086477074869414,0.782793867120954,0.27553907896076824,0.217206132879046,1.2685603086272232,0.6141396933560477,0.3858603066439523,0.57,0.295,1174.0,721.0,453.0,False
1723.0,0.6947185142193848,0.7641921397379913,0.807843137254902,0.7860176384964466,0.7086477074869414,0.7827903091060986,0.2755355209459128,0.2172096908939014,1.2685231483548371,0.5739348370927319,0.42606516290726815,0.59,0.32,1197.0,687.0,510.0,False
1723.0,0.6999419616947186,0.7717717717717718,0.7962962962962963,0.784034034034034,0.7086477074869414,0.7827529021558872,0.27549811399570145,0.21724709784411278,1.2681325399954806,0.5522388059701493,0.44776119402985076,0.6,0.335,1206.0,666.0,540.0,False
1723.0,0.6302959953569356,0.8320802005012531,0.7540029112081513,0.7930415558547022,0.7086477074869414,0.7826887661141805,0.2754339779539947,0.21731123388581952,1.2674631358391453,0.3674033149171271,0.6325966850828729,0.715,0.415,1086.0,399.0,687.0,False
1723.0,0.6622170632617528,0.7527472527472527,0.8353510895883777,0.7940491711678153,0.7086477074869414,0.782646801051709,0.27539201289152326,0.21735319894829097,1.267025349633984,0.6380368098159509,0.3619631901840491,0.565,0.275,1141.0,728.0,413.0,False
1723.0,0.6802089378990134,0.7988721804511278,0.76875,0.783811090225564,0.7086477074869414,0.7824232081911263,0.27516842003094055,0.21757679180887368,1.2646956402990681,0.4539249146757679,0.5460750853242321,0.66,0.395,1172.0,532.0,640.0,False
1723.0,0.6848520023215322,0.7572815533980582,0.8213507625272332,0.7893161579626458,0.7086477074869414,0.7822033898305085,0.27494860167032276,0.21779661016949148,1.2624099220660736,0.6110169491525423,0.3889830508474576,0.57,0.3,1180.0,721.0,459.0,False
1723.0,0.6686012768427162,0.8027888446215139,0.7661538461538462,0.78447134538768,0.7086477074869414,0.7821180555555556,0.2748632673953698,0.21788194444444442,1.2615238407946856,0.4357638888888889,0.5642361111111112,0.67,0.4,1152.0,502.0,650.0,False
1723.0,0.665699361578642,0.8073770491803278,0.7632776934749621,0.785327371327645,0.7086477074869414,0.7820401046207498,0.27478531646056403,0.2179598953792502,1.2607150319210678,0.42545771578029645,0.5745422842197035,0.675,0.405,1147.0,488.0,659.0,False
1723.0,0.5937318630295996,0.8518518518518519,0.7496423462088698,0.8007470990303609,0.7086477074869414,0.7820136852394917,0.2747588970793059,0.21798631476050834,1.260441039067847,0.31671554252199413,0.6832844574780058,0.75,0.42,1023.0,324.0,699.0,False
1723.0,0.6575739988392338,0.744,0.856396866840731,0.8001984334203656,0.7086477074869414,0.7819947043248014,0.2747399161646157,0.21800529567519855,1.2602442308279742,0.6619593998234775,0.3380406001765225,0.55,0.26,1133.0,750.0,383.0,False
1723.0,0.6465467208357516,0.744,0.8598901098901099,0.801945054945055,0.7086477074869414,0.781867145421903,0.2746123572617173,0.21813285457809695,1.258922493784169,0.6732495511669659,0.3267504488330341,0.55,0.25,1114.0,750.0,364.0,False
1723.0,0.6755658734764944,0.8015564202334631,0.7661538461538462,0.7838551331936546,0.7086477074869414,0.781786941580756,0.27453215342057025,0.218213058419244,1.2580922306359992,0.4415807560137457,0.5584192439862543,0.665,0.4,1164.0,514.0,650.0,False
1723.0,0.686012768427162,0.7970479704797048,0.76875,0.7828989852398525,0.7086477074869414,0.7817258883248731,0.27447110016468734,0.2182741116751269,1.2574606216847304,0.45854483925549916,0.5414551607445008,0.655,0.395,1182.0,542.0,640.0,False
1723.0,0.624492164828787,0.8303341902313625,0.7540029112081513,0.7921685507197569,0.7086477074869414,0.7815985130111525,0.2743437248509667,0.21840148698884754,1.256144033785703,0.36152416356877326,0.6384758364312267,0.72,0.415,1076.0,389.0,687.0,False
1723.0,0.693557748113755,0.7602836879432624,0.8122448979591836,0.786264292951223,0.7086477074869414,0.7815899581589958,0.27433516999881,0.2184100418410042,1.2560556634045132,0.5899581589958159,0.4100418410041841,0.58,0.31,1195.0,705.0,490.0,False
1723.0,0.6958792803250146,0.7572815533980582,0.8179916317991632,0.7876365925986107,0.7086477074869414,0.7814845704753962,0.27422978231521045,0.2185154295246038,1.2549675915875473,0.6013344453711427,0.3986655546288574,0.57,0.305,1199.0,721.0,478.0,False
1723.0,0.6320371445153802,0.8093023255813954,0.7632776934749621,0.7862900095281787,0.7086477074869414,0.7814508723599632,0.2741960841997775,0.21854912764003676,1.2546198978720908,0.3948576675849403,0.6051423324150597,0.695,0.405,1089.0,430.0,659.0,False
1723.0,0.6506094022054556,0.744,0.8571428571428571,0.8005714285714285,0.7086477074869414,0.7814451382694023,0.27419035010921655,0.21855486173059768,1.2545607447854357,0.6690454950936664,0.33095450490633366,0.55,0.255,1121.0,750.0,371.0,False
1723.0,0.669181659895531,0.7527472527472527,0.8305882352941176,0.7916677440206852,0.7086477074869414,0.7814397224631396,0.2741849343029539,0.21856027753686036,1.2545048779813723,0.6313963573287077,0.3686036426712923,0.565,0.28,1153.0,728.0,425.0,False
1723.0,0.6186883343006384,0.8311345646437994,0.7540029112081513,0.7925687379259754,0.7086477074869414,0.7814258911819888,0.27417110302180303,0.2185741088180112,1.2543622138250734,0.35553470919324576,0.6444652908067542,0.725,0.415,1066.0,379.0,687.0,False
1723.0,0.661056297156123,0.7489823609226595,0.8407960199004975,0.7948891904115785,0.7086477074869414,0.781387181738367,0.2741323935781812,0.21861281826163304,1.2539630372913588,0.6470588235294118,0.35294117647058826,0.56,0.27,1139.0,737.0,402.0,False
1723.0,0.6581543818920488,0.746971736204576,0.8465473145780051,0.7967595253912906,0.7086477074869414,0.781305114638448,0.2740503264782622,0.21869488536155202,1.2531172186546347,0.6552028218694885,0.3447971781305115,0.555,0.265,1134.0,743.0,391.0,False
1723.0,0.5995356935577482,0.8473053892215568,0.7496423462088698,0.7984738677152133,0.7086477074869414,0.7812197483059051,0.27396496014571936,0.21878025169409487,1.2522380700465845,0.3233301064859632,0.6766698935140368,0.745,0.42,1033.0,334.0,699.0,False
1723.0,0.6604759141033082,0.743046357615894,0.856396866840731,0.7997216122283125,0.7086477074869414,0.781195079086116,0.2739402909259302,0.21880492091388404,1.2519841408582673,0.663444639718805,0.3365553602811951,0.545,0.26,1138.0,755.0,383.0,False
1723.0,0.6494486360998258,0.743046357615894,0.8598901098901099,0.8014682337530019,0.7086477074869414,0.7810545129579982,0.27379972479781245,0.21894548704200179,1.2505383348928658,0.6747095621090259,0.32529043789097406,0.545,0.25,1119.0,755.0,364.0,False
1723.0,0.612304120719675,0.8426966292134831,0.7496423462088698,0.7961694877111765,0.7086477074869414,0.781042654028436,0.2737878658682502,0.21895734597156402,1.2504164436839997,0.33744075829383885,0.6625592417061611,0.735,0.42,1055.0,356.0,699.0,False
1723.0,0.6331979106210098,0.8267326732673267,0.7540029112081513,0.790367792237739,0.7086477074869414,0.7809349220898258,0.2736801339296401,0.21906507791017416,1.249309732708106,0.3703024747937672,0.6296975252062328,0.71,0.415,1091.0,404.0,687.0,False
1723.0,0.6993615786419036,0.7594405594405594,0.8122448979591836,0.7858427286998715,0.7086477074869414,0.7809128630705394,0.27365807491035365,0.21908713692946058,1.2490832585870308,0.5933609958506224,0.4066390041493776,0.575,0.31,1205.0,715.0,490.0,False
1723.0,0.6993615786419036,0.7602836879432624,0.81,0.7851418439716312,0.7086477074869414,0.7809128630705394,0.27365807491035365,0.21908713692946058,1.2490832585870308,0.5850622406639004,0.4149377593360996,0.58,0.315,1205.0,705.0,500.0,False
1723.0,0.6807893209518282,0.7527472527472527,0.8269662921348314,0.7898567724410421,0.7086477074869414,0.7809036658141517,0.27364887765396595,0.21909633418584828,1.2489888462572063,0.6206308610400681,0.3793691389599318,0.565,0.29,1173.0,728.0,445.0,False
1723.0,0.686012768427162,0.7988721804511278,0.7661538461538462,0.782513013302487,0.7086477074869414,0.7808798646362098,0.2736250764760241,0.21912013536379016,1.2487445575083418,0.4500846023688663,0.5499153976311336,0.66,0.4,1182.0,532.0,650.0,False
1723.0,0.6192687173534532,0.8396739130434783,0.7496423462088698,0.7946581296261741,0.7086477074869414,0.7806935332708529,0.2734387451106671,0.2193064667291471,1.2468339360388114,0.344892221180881,0.6551077788191191,0.73,0.42,1067.0,368.0,699.0,False
1723.0,0.6535113174695298,0.743046357615894,0.8571428571428571,0.8000946073793755,0.7086477074869414,0.7806394316163411,0.2733846434561553,0.21936056838365892,1.2462797916260362,0.6705150976909414,0.32948490230905864,0.545,0.255,1126.0,755.0,371.0,False
1723.0,0.6291352292513058,0.8184019370460048,0.7570789865871833,0.7877404618165941,0.7086477074869414,0.7804428044280443,0.2731880162678585,0.21955719557195574,1.244268107707389,0.38099630996309963,0.6190036900369004,0.705,0.41,1084.0,413.0,671.0,False
1723.0,0.67382472431805,0.7527472527472527,0.8267898383371824,0.7897685455422176,0.7086477074869414,0.7803617571059431,0.27310696894575737,0.21963824289405687,1.243439964494213,0.6270456503014643,0.37295434969853575,0.565,0.285,1161.0,728.0,433.0,False
1723.0,0.67382472431805,0.8027888446215139,0.7632776934749621,0.783033269048238,0.7086477074869414,0.7803617571059431,0.27310696894575737,0.21963824289405687,1.243439964494213,0.43238587424633934,0.5676141257536607,0.67,0.405,1161.0,502.0,659.0,False
1723.0,0.6076610562971562,0.8419540229885057,0.7496423462088698,0.7957981845986878,0.7086477074869414,0.7803247373447947,0.2730699491846089,0.21967526265520532,1.2430618991142852,0.332378223495702,0.667621776504298,0.74,0.42,1047.0,348.0,699.0,False
1723.0,0.6918165989553106,0.7970479704797048,0.7661538461538462,0.7816009083167754,0.7086477074869414,0.7802013422818792,0.27294655412169344,0.2197986577181208,1.241802643179613,0.4546979865771812,0.5453020134228188,0.655,0.4,1192.0,542.0,650.0,False
1723.0,0.6807893209518282,0.8015564202334631,0.7632776934749621,0.7824170568542126,0.7086477074869414,0.7800511508951407,0.2727963627349549,0.21994884910485935,1.2402718352252018,0.4381926683716965,0.5618073316283035,0.665,0.405,1173.0,514.0,659.0,False
1723.0,0.6674405107370864,0.7489823609226595,0.8353510895883777,0.7921667252555186,0.7086477074869414,0.78,0.27274521183981426,0.21999999999999997,1.2397509629082468,0.6408695652173914,0.3591304347826087,0.56,0.275,1150.0,737.0,413.0,False
1723.0,0.6645385954730122,0.746971736204576,0.8407960199004975,0.7938838780525368,0.7086477074869414,0.7799126637554585,0.27265787559527277,0.22008733624454146,1.2388621728436007,0.6489082969432315,0.35109170305676857,0.555,0.27,1145.0,743.0,402.0,False
1723.0,0.685432385374347,0.7527472527472527,0.8233995584988962,0.7880734056230745,0.7086477074869414,0.7798475867908552,0.27259279863066943,0.2201524132091448,1.2382003660877714,0.6164267569856055,0.3835732430143946,0.565,0.295,1181.0,728.0,453.0,False
1723.0,0.6372605919907138,0.8320802005012531,0.7496423462088698,0.7908612733550615,0.7086477074869414,0.7795992714025501,0.2723444832423644,0.22040072859744986,1.235678688430232,0.3633879781420765,0.6366120218579235,0.715,0.42,1098.0,399.0,699.0,False
1723.0,0.6314567614625652,0.815347721822542,0.7570789865871833,0.7862133542048626,0.7086477074869414,0.7794117647058824,0.2721569765456966,0.22058823529411764,1.2337782936738246,0.38327205882352944,0.6167279411764706,0.7,0.41,1088.0,417.0,671.0,False
1723.0,0.6889146836912362,0.7527472527472527,0.8213507625272332,0.787049007637243,0.7086477074869414,0.7792754844144903,0.2720206962543046,0.22072451558550965,1.2323991086025174,0.6133108677337826,0.3866891322662174,0.565,0.3,1187.0,728.0,459.0,False
1723.0,0.665118978525827,0.7404980340760158,0.856396866840731,0.7984474504583734,0.7086477074869414,0.7792321116928447,0.2719773235326589,0.22076788830715532,1.2319605247763918,0.6657940663176265,0.33420593368237345,0.54,0.26,1146.0,763.0,383.0,False
1723.0,0.6912362159024956,0.7988721804511278,0.7632776934749621,0.781074936963045,0.7086477074869414,0.7791771620486986,0.2719223738885128,0.22082283795130142,1.2314051228183223,0.4466834592779177,0.5533165407220823,0.66,0.405,1191.0,532.0,659.0,False
1723.0,0.6517701683110854,0.8119469026548672,0.7570789865871833,0.7845129446210253,0.7086477074869414,0.7791629563668745,0.2719081682066887,0.2208370436331255,1.2312615842585142,0.402493321460374,0.597506678539626,0.685,0.41,1123.0,452.0,671.0,False
1723.0,0.6622170632617528,0.744,0.8465473145780051,0.7952736572890026,0.7086477074869414,0.7791411042944786,0.2718863161342928,0.22085889570552142,1.231040820274715,0.6573181419807187,0.3426818580192813,0.55,0.265,1141.0,750.0,391.0,False
1723.0,0.6622170632617528,0.8106382978723404,0.7570789865871833,0.7838586422297619,0.7086477074869414,0.7791411042944786,0.2718863161342928,0.22085889570552142,1.231040820274715,0.4119193689745837,0.5880806310254163,0.68,0.41,1141.0,470.0,671.0,False
1723.0,0.6540917005223448,0.7404980340760158,0.8598901098901099,0.8001940719830629,0.7086477074869414,0.7790594498669032,0.27180466170671747,0.22094055013309677,1.230216280094259,0.6770186335403726,0.32298136645962733,0.54,0.25,1127.0,763.0,364.0,False
1723.0,0.6430644225188624,0.8123569794050344,0.7570789865871833,0.7847179829961088,0.7086477074869414,0.7788808664259927,0.271626078265807,0.22111913357400725,1.228415080483731,0.3944043321299639,0.605595667870036,0.69,0.41,1108.0,437.0,671.0,False
1723.0,0.6744051073708648,0.7489823609226595,0.8305882352941176,0.7897852981083886,0.7086477074869414,0.7788296041308089,0.27157481597062316,0.22117039586919107,1.2278985842718446,0.6342512908777969,0.3657487091222031,0.56,0.28,1162.0,737.0,425.0,False
1723.0,0.6581543818920488,0.7404980340760158,0.8571428571428571,0.7988204456094364,0.7086477074869414,0.7786596119929453,0.27140482383275955,0.2213403880070547,1.226187530782268,0.6728395061728395,0.3271604938271605,0.54,0.255,1134.0,763.0,371.0,False
1723.0,0.6999419616947186,0.7527472527472527,0.8179916317991632,0.785369442273208,0.7086477074869414,0.7786069651741293,0.27135217701394354,0.2213930348258707,1.2256581478607336,0.603648424543947,0.3963515754560531,0.565,0.305,1206.0,728.0,478.0,False
1723.0,0.6709228090539756,0.746971736204576,0.8353510895883777,0.7911614128964768,0.7086477074869414,0.7785467128027682,0.27129192464258245,0.22145328719723179,1.2250525972141617,0.6427335640138409,0.35726643598615915,0.555,0.275,1156.0,743.0,413.0,False
1723.0,0.6970400464306442,0.7970479704797048,0.7632776934749621,0.7801628319773335,0.7086477074869414,0.7785179017485429,0.2712631135883571,0.22148209825145715,1.224763155712845,0.45129059117402165,0.5487094088259784,0.655,0.405,1201.0,542.0,659.0,False
1723.0,0.6314567614625652,0.8303341902313625,0.7496423462088698,0.7899882682201161,0.7086477074869414,0.7784926470588235,0.2712378588986377,0.22150735294117652,1.2245095040735177,0.35753676470588236,0.6424632352941176,0.72,0.42,1088.0,389.0,699.0,False
1723.0,0.665118978525827,0.743046357615894,0.8465473145780051,0.7947968360969495,0.7086477074869414,0.7783595113438045,0.2711047231836188,0.22164048865619546,1.223173278615855,0.6588132635253054,0.3411867364746946,0.545,0.265,1146.0,755.0,391.0,False
1723.0,0.686012768427162,0.7489823609226595,0.8269662921348314,0.7879743265287454,0.7086477074869414,0.7783417935702199,0.27108700541003417,0.22165820642978007,1.222995574025421,0.6235194585448393,0.37648054145516074,0.56,0.29,1182.0,737.0,445.0,False
1723.0,0.6256529309344168,0.8311345646437994,0.7496423462088698,0.7903884554263346,0.7086477074869414,0.7782931354359925,0.2710383472758068,0.22170686456400746,1.222507691896735,0.3515769944341373,0.6484230055658627,0.725,0.42,1078.0,379.0,699.0,False
1723.0,0.6726639582124202,0.8073770491803278,0.7570789865871833,0.7822280178837555,0.7086477074869414,0.7782571182053495,0.2710023300451637,0.22174288179465051,1.222146694639474,0.42105263157894735,0.5789473684210527,0.675,0.41,1159.0,488.0,671.0,False
1723.0,0.6384213580963436,0.8184019370460048,0.7540029112081513,0.7862024241270781,0.7086477074869414,0.7781818181818182,0.27092703002163243,0.2218181818181818,1.221392348458179,0.37545454545454543,0.6245454545454545,0.705,0.415,1100.0,413.0,687.0,False
1723.0,0.6401625072547882,0.8267326732673267,0.7496423462088698,0.7881875097380983,0.7086477074869414,0.7778785131459656,0.2706237249857798,0.22212148685403443,1.2183590557523067,0.36627379873073435,0.6337262012692656,0.71,0.42,1103.0,404.0,699.0,False
1723.0,0.6686012768427162,0.7386215864759428,0.856396866840731,0.7975092266583369,0.7086477074869414,0.7777777777777778,0.270522989617592,0.2222222222222222,1.217353453279164,0.6675347222222222,0.3324652777777778,0.535,0.26,1152.0,769.0,383.0,False
1723.0,0.6686012768427162,0.744,0.8407960199004975,0.7923980099502488,0.7086477074869414,0.7777777777777778,0.270522989617592,0.2222222222222222,1.217353453279164,0.6510416666666666,0.3489583333333333,0.55,0.27,1152.0,750.0,402.0,False
1723.0,0.6790481717933836,0.7489823609226595,0.8267898383371824,0.787886099629921,0.7086477074869414,0.7777777777777778,0.270522989617592,0.2222222222222222,1.217353453279164,0.6299145299145299,0.3700854700854701,0.56,0.285,1170.0,737.0,433.0,False
1723.0,0.6575739988392338,0.7386215864759428,0.8598901098901099,0.7992558481830263,0.7086477074869414,0.7775816416593115,0.2703268534991258,0.22241835834068846,1.2153981151369424,0.678729037952339,0.3212709620476611,0.535,0.25,1133.0,769.0,364.0,False
1723.0,0.6390017411491584,0.8093023255813954,0.7570789865871833,0.7831906560842894,0.7086477074869414,0.7774750227066304,0.2702202345464446,0.22252497729336962,1.214336645859737,0.3905540417801998,0.6094459582198002,0.695,0.41,1101.0,430.0,671.0,False
1723.0,0.677887405687754,0.746971736204576,0.8305882352941176,0.7887799857493468,0.7086477074869414,0.7773972602739726,0.27014247211378684,0.2226027397260274,1.213563105495781,0.6361301369863014,0.3638698630136986,0.555,0.28,1168.0,743.0,425.0,False
1723.0,0.6906558328496808,0.7489823609226595,0.8233995584988962,0.7861909597107779,0.7086477074869414,0.7773109243697479,0.27005613620956215,0.2226890756302521,1.2127049135448262,0.619327731092437,0.380672268907563,0.56,0.295,1190.0,737.0,453.0,False
1723.0,0.6616366802089378,0.7386215864759428,0.8571428571428571,0.7978822218093999,0.7086477074869414,0.7771929824561403,0.26993819429595456,0.22280701754385968,1.211533627942473,0.6745614035087719,0.3254385964912281,0.535,0.255,1140.0,769.0,371.0,False
1723.0,0.640742890307603,0.815347721822542,0.7540029112081513,0.7846753165153466,0.7086477074869414,0.7771739130434783,0.2699191248832925,0.22282608695652173,1.211344365329898,0.37771739130434784,0.6222826086956522,0.7,0.415,1104.0,417.0,687.0,False
1723.0,0.6715031921067904,0.743046357615894,0.8407960199004975,0.7919211887581957,0.7086477074869414,0.777009507346586,0.26975471918640026,0.22299049265341397,1.209713992630485,0.6525496974935178,0.3474503025064823,0.545,0.27,1157.0,755.0,402.0,False
1723.0,0.6715031921067904,0.8106382978723404,0.7540029112081513,0.7823206045402459,0.7086477074869414,0.777009507346586,0.26975471918640026,0.22299049265341397,1.209713992630485,0.4062229904926534,0.5937770095073466,0.68,0.415,1157.0,470.0,687.0,False
1723.0,0.661056297156123,0.8119469026548672,0.7540029112081513,0.7829749069315093,0.7086477074869414,0.7769973661106233,0.26974257795043755,0.2230026338893767,1.209593686163576,0.3968393327480246,0.6031606672519754,0.685,0.415,1139.0,452.0,687.0,False
1723.0,0.689495066744051,0.746971736204576,0.8269662921348314,0.7869690141697037,0.7086477074869414,0.7769360269360269,0.26968123877584116,0.22306397306397308,1.2089860817573557,0.6254208754208754,0.37457912457912457,0.555,0.29,1188.0,743.0,445.0,False
1723.0,0.69413813116657,0.7489823609226595,0.8213507625272332,0.7851665617249464,0.7086477074869414,0.7767558528428093,0.2695010646826236,0.22324414715719065,1.2072032710128007,0.6162207357859532,0.38377926421404684,0.56,0.3,1196.0,737.0,459.0,False
1723.0,0.673244341265235,0.7374517374517374,0.856396866840731,0.7969243021462342,0.7086477074869414,0.7767241379310345,0.2694693497708487,0.22327586206896555,1.206889751869438,0.6698275862068965,0.33017241379310347,0.53,0.26,1160.0,777.0,383.0,False
1723.0,0.6523505513639002,0.8123569794050344,0.7540029112081513,0.7831799453065929,0.7086477074869414,0.7766903914590747,0.26943560329888894,0.2233096085409253,1.2065562474420364,0.3887900355871886,0.6112099644128114,0.69,0.415,1124.0,437.0,687.0,False
1723.0,0.6807893209518282,0.8027888446215139,0.7570789865871833,0.7799339156043485,0.7086477074869414,0.7766410912190963,0.26938630305891054,0.2233589087809037,1.206069211786649,0.4279624893435635,0.5720375106564365,0.67,0.41,1173.0,502.0,671.0,False
1723.0,0.6622170632617528,0.7374517374517374,0.8598901098901099,0.7986709236709237,0.7086477074869414,0.7765118317265557,0.2692570435663699,0.2234881682734443,1.2047932812126594,0.6809815950920245,0.31901840490797545,0.53,0.25,1141.0,777.0,364.0,False
1723.0,0.6749854904236796,0.744,0.8353510895883777,0.7896755447941888,0.7086477074869414,0.7764402407566638,0.2691854525964781,0.22355975924333615,1.2040872360373234,0.6448839208942391,0.355116079105761,0.55,0.275,1163.0,750.0,413.0,False
1723.0,0.669762042948346,0.7404980340760158,0.8465473145780051,0.7935226743270105,0.7086477074869414,0.7764298093587522,0.2691750211985664,0.22357019064124783,1.2039843971439752,0.6611785095320624,0.33882149046793764,0.54,0.265,1154.0,763.0,391.0,False
1723.0,0.6877539175856066,0.8015564202334631,0.7570789865871833,0.7793177034103231,0.7086477074869414,0.7763713080168776,0.2691165198566918,0.2236286919831224,1.20340783407615,0.4337552742616034,0.5662447257383966,0.665,0.41,1185.0,514.0,671.0,False
1723.0,0.6825304701102728,0.746971736204576,0.8267898383371824,0.7868807872708792,0.7086477074869414,0.7763605442176871,0.2691057560575013,0.22363945578231292,1.203301783740006,0.6318027210884354,0.3681972789115646,0.555,0.285,1176.0,743.0,433.0,False
1723.0,0.681950087057458,0.8073770491803278,0.7540029112081513,0.7806899801942395,0.7086477074869414,0.7761702127659574,0.26891542460577167,0.22382978723404257,1.2014282278014512,0.4153191489361702,0.5846808510638298,0.675,0.415,1175.0,488.0,687.0,False
1723.0,0.6662797446314568,0.7374517374517374,0.8571428571428571,0.7972972972972973,0.7086477074869414,0.7761324041811847,0.2688776160209989,0.22386759581881532,1.201056432654112,0.676829268292683,0.3231707317073171,0.53,0.255,1148.0,777.0,371.0,False
1723.0,0.6012768427161926,0.8518518518518519,0.7415730337078652,0.7967124427798585,0.7086477074869414,0.7760617760617761,0.2688069879015903,0.22393822393822393,1.2003622390777913,0.3127413127413127,0.6872586872586872,0.75,0.425,1036.0,324.0,712.0,False
1723.0,0.69413813116657,0.746971736204576,0.8233995584988962,0.7851856473517361,0.7086477074869414,0.7759197324414716,0.26866494428128584,0.2240802675585284,1.1989674379120072,0.6212374581939799,0.3787625418060201,0.555,0.295,1196.0,743.0,453.0,False
1723.0,0.677887405687754,0.743046357615894,0.8353510895883777,0.7891987236021358,0.7086477074869414,0.7756849315068494,0.2684301433466636,0.22431506849315064,1.196665677209554,0.646404109589041,0.3535958904109589,0.545,0.275,1168.0,755.0,413.0,False
1723.0,0.698200812536274,0.7988721804511278,0.7570789865871833,0.7779755835191555,0.7086477074869414,0.7755610972568578,0.2683063090966721,0.22443890274314215,1.1954536660862833,0.44222776392352453,0.5577722360764755,0.66,0.41,1203.0,532.0,671.0,False
1723.0,0.697620429483459,0.746971736204576,0.8213507625272332,0.7841612493659046,0.7086477074869414,0.7753743760399334,0.26811958787974766,0.22462562396006658,1.19362868382021,0.6181364392678869,0.38186356073211314,0.555,0.3,1202.0,743.0,459.0,False
1723.0,0.6070806732443412,0.8473053892215568,0.7415730337078652,0.794439211464711,0.7086477074869414,0.7753346080305927,0.26807981987040697,0.22466539196940727,1.1932403897210455,0.3193116634799235,0.6806883365200764,0.745,0.425,1046.0,334.0,712.0,False
1723.0,0.681950087057458,0.744,0.8305882352941176,0.7872941176470588,0.7086477074869414,0.7753191489361703,0.2680643607759845,0.22468085106382973,1.1930894845143252,0.6382978723404256,0.3617021276595745,0.55,0.28,1175.0,750.0,425.0,False
1723.0,0.6482878699941962,0.8093023255813954,0.7540029112081513,0.7816526183947734,0.7086477074869414,0.7752909579230081,0.2680361697628223,0.22470904207699194,1.1928143491038745,0.38495971351835273,0.6150402864816473,0.695,0.415,1117.0,430.0,687.0,False
1723.0,0.6198491004062682,0.8426966292134831,0.7415730337078652,0.7921348314606742,0.7086477074869414,0.7752808988764045,0.26802611071621874,0.2247191011235955,1.1927161926871734,0.3333333333333333,0.6666666666666666,0.735,0.425,1068.0,356.0,712.0,False
1723.0,0.6453859547301218,0.8184019370460048,0.7496423462088698,0.7840221416274373,0.7086477074869414,0.7751798561151079,0.2679250679549221,0.22482014388489213,1.1917307022634933,0.37140287769784175,0.6285971223021583,0.705,0.42,1112.0,413.0,699.0,False
1723.0,0.6761462565293094,0.7404980340760158,0.8407960199004975,0.7906470269882566,0.7086477074869414,0.7751072961373391,0.2678525079771533,0.22489270386266091,1.1910235564632965,0.6549356223175966,0.34506437768240344,0.54,0.27,1165.0,763.0,402.0,False
1723.0,0.673244341265235,0.7386215864759428,0.8465473145780051,0.7925844505269739,0.7086477074869414,0.775,0.26774521183981426,0.22499999999999998,1.1899787192880635,0.6629310344827586,0.33706896551724136,0.535,0.265,1160.0,769.0,391.0,False
1723.0,0.6268136970400464,0.8396739130434783,0.7415730337078652,0.7906234733756717,0.7086477074869414,0.775,0.26774521183981426,0.22499999999999998,1.1899787192880635,0.34074074074074073,0.6592592592592592,0.73,0.425,1080.0,368.0,712.0,False
1723.0,0.693557748113755,0.744,0.8269662921348314,0.7854831460674156,0.7086477074869414,0.7748953974895397,0.26764060932935396,0.22510460251046027,1.1889610711843046,0.6276150627615062,0.3723849372384937,0.55,0.29,1195.0,750.0,445.0,False
1723.0,0.6105629715612304,0.8518518518518519,0.7403846153846154,0.7961182336182336,0.7086477074869414,0.7747148288973384,0.2674600407371527,0.22528517110266155,1.1872065943269396,0.30798479087452474,0.6920152091254753,0.75,0.43,1052.0,324.0,728.0,False
1723.0,0.677307022634939,0.7346938775510204,0.856396866840731,0.7955453721958757,0.7086477074869414,0.7746358183376179,0.2673810301774321,0.22536418166238215,1.1864397802930162,0.6718080548414739,0.3281919451585261,0.525,0.26,1167.0,784.0,383.0,False
1723.0,0.690075449796866,0.8027888446215139,0.7540029112081513,0.7783958779148326,0.7086477074869414,0.7746005046257359,0.26734571646555016,0.22539949537426407,1.186097227154997,0.4222035323801514,0.5777964676198486,0.67,0.415,1189.0,502.0,687.0,False
1723.0,0.6848520023215322,0.743046357615894,0.8305882352941176,0.7868172964550058,0.7086477074869414,0.7745762711864407,0.2673214830262549,0.22542372881355932,1.185862217936018,0.6398305084745762,0.3601694915254237,0.545,0.28,1180.0,755.0,425.0,False
1723.0,0.6152060359837492,0.8419540229885057,0.7415730337078652,0.7917635283481854,0.7086477074869414,0.7745283018867924,0.2672735137266067,0.22547169811320755,1.185397173850222,0.3283018867924528,0.6716981132075471,0.74,0.425,1060.0,348.0,712.0,False
1723.0,0.6662797446314568,0.7346938775510204,0.8598901098901099,0.7972919937205651,0.7086477074869414,0.774390243902439,0.2671354557422533,0.22560975609756095,1.1840598578845822,0.6829268292682927,0.3170731707317073,0.525,0.25,1148.0,784.0,364.0,False
1723.0,0.6970400464306442,0.8015564202334631,0.7540029112081513,0.7777796657208071,0.7086477074869414,0.7743547044129891,0.2670999162528034,0.22564529558701085,1.1837158650170363,0.4279766860949209,0.5720233139050791,0.665,0.415,1201.0,514.0,687.0,False
1723.0,0.6865931514799768,0.744,0.8267898383371824,0.7853949191685912,0.7086477074869414,0.7743026204564666,0.2670478322962808,0.22569737954353342,1.1832119311104876,0.6339814032121724,0.36601859678782755,0.55,0.285,1183.0,750.0,433.0,False
1723.0,0.6477074869413814,0.815347721822542,0.7496423462088698,0.782495034015706,0.7086477074869414,0.7741935483870968,0.266938760226911,0.22580645161290325,1.1821573667191771,0.3736559139784946,0.6263440860215054,0.7,0.42,1116.0,417.0,699.0,False
1723.0,0.6964596633778294,0.743046357615894,0.8269662921348314,0.7850063248753627,0.7086477074869414,0.7741666666666667,0.2669118785064809,0.22583333333333333,1.1818976170028674,0.6291666666666667,0.37083333333333335,0.545,0.29,1200.0,755.0,445.0,False
1723.0,0.6784677887405688,0.8106382978723404,0.7496423462088698,0.7801403220406051,0.7086477074869414,0.7741659538066724,0.26691116564648665,0.2258340461933276,1.1818907296997838,0.4020530367835757,0.5979469632164243,0.68,0.42,1169.0,470.0,699.0,False
1723.0,0.6680208937899014,0.8119469026548672,0.7496423462088698,0.7807946244318685,0.7086477074869414,0.7741094700260643,0.2668546818658786,0.22589052997393566,1.1813451493370242,0.39270199826238056,0.6072980017376195,0.685,0.42,1151.0,452.0,699.0,False
1723.0,0.6807893209518282,0.7341772151898734,0.856396866840731,0.7952870410153022,0.7086477074869414,0.7740835464620631,0.26682875830187736,0.22591645353793688,1.181094843351329,0.6734867860187553,0.32651321398124467,0.52,0.26,1173.0,790.0,383.0,False
1723.0,0.644805571677307,0.8320802005012531,0.7415730337078652,0.7868266171045591,0.7086477074869414,0.774077407740774,0.2668226195805883,0.22592259225922595,1.1810355790997353,0.35913591359135916,0.6408640864086409,0.715,0.425,1111.0,399.0,712.0,False
1723.0,0.6703424260011608,0.7346938775510204,0.8571428571428571,0.7959183673469388,0.7086477074869414,0.7740259740259741,0.2667711858657883,0.22597402597402594,1.1805391558428564,0.6787878787878788,0.3212121212121212,0.525,0.255,1155.0,784.0,371.0,False
1723.0,0.616366802089379,0.8473053892215568,0.7403846153846154,0.7938450023030861,0.7086477074869414,0.7740112994350282,0.26675651127484246,0.22598870056497178,1.1803975623911778,0.3145009416195857,0.6854990583804144,0.745,0.43,1062.0,334.0,728.0,False
1723.0,0.6291352292513058,0.8426966292134831,0.7403846153846154,0.7915406222990493,0.7086477074869414,0.7739852398523985,0.26673045169221277,0.22601476014760147,1.1801461617728926,0.3284132841328413,0.6715867158671587,0.735,0.43,1084.0,356.0,728.0,False
1723.0,0.677887405687754,0.7374517374517374,0.8465473145780051,0.7919995260148713,0.7086477074869414,0.773972602739726,0.26671781457954025,0.226027397260274,1.1800242705640265,0.6652397260273972,0.3347602739726027,0.53,0.265,1168.0,777.0,391.0,False
1723.0,0.698200812536274,0.744,0.8233995584988962,0.7836997792494481,0.7086477074869414,0.7738985868661679,0.2666437987059821,0.22610141313383214,1.1793106244238838,0.6234413965087282,0.3765586034912718,0.55,0.295,1203.0,750.0,453.0,False
1723.0,0.669762042948346,0.7341772151898734,0.8598901098901099,0.7970336625399916,0.7086477074869414,0.7738301559792028,0.26657536781901703,0.2261698440207972,1.1786512431538148,0.6845753899480069,0.31542461005199307,0.52,0.25,1154.0,790.0,364.0,False
1723.0,0.6825304701102728,0.7404980340760158,0.8353510895883777,0.7879245618321967,0.7086477074869414,0.7738095238095238,0.26655473564933807,0.22619047619047616,1.1784525155023369,0.6488095238095238,0.35119047619047616,0.54,0.275,1176.0,763.0,413.0,False
1723.0,0.6593151479976784,0.8123569794050344,0.7496423462088698,0.7809996628069521,0.7086477074869414,0.7737676056338029,0.2665128174736171,0.22623239436619713,1.1780488741246269,0.3846830985915493,0.6153169014084507,0.69,0.42,1136.0,437.0,699.0,False
1723.0,0.6360998258850842,0.8396739130434783,0.7403846153846154,0.7900292642140468,0.7086477074869414,0.7737226277372263,0.26646783957704057,0.22627737226277367,1.1776159361953087,0.3357664233576642,0.6642335766423357,0.73,0.43,1096.0,368.0,728.0,False
1723.0,0.6796285548461984,0.7386215864759428,0.8407960199004975,0.7897088031882201,0.7086477074869414,0.7736976942783945,0.26644290611820876,0.22630230572160548,1.1773760115638583,0.6567036720751495,0.34329632792485054,0.535,0.27,1171.0,769.0,402.0,False
1723.0,0.689495066744051,0.743046357615894,0.8267898383371824,0.7849180979765382,0.7086477074869414,0.7735690235690236,0.2663142354088378,0.22643097643097643,1.1761387050769492,0.6355218855218855,0.36447811447811446,0.545,0.285,1188.0,755.0,433.0,False
1723.0,0.67382472431805,0.7341772151898734,0.8571428571428571,0.7956600361663653,0.7086477074869414,0.7734711455641688,0.2662163574039831,0.22652885443583115,1.1751984446616897,0.6804478897502153,0.3195521102497847,0.52,0.255,1161.0,790.0,371.0,False
1723.0,0.6889146836912362,0.8073770491803278,0.7496423462088698,0.7785096976945989,0.7086477074869414,0.7733782645324347,0.266123476372249,0.22662173546756526,1.1743069384901843,0.4111204717775906,0.5888795282224094,0.675,0.42,1187.0,488.0,699.0,False
1723.0,0.624492164828787,0.8419540229885057,0.7403846153846154,0.7911693191865605,0.7086477074869414,0.7732342007434945,0.2659794125833087,0.22676579925650553,1.1729256063100009,0.32342007434944237,0.6765799256505576,0.74,0.43,1076.0,348.0,728.0,False
1723.0,0.6390017411491584,0.8303341902313625,0.7415730337078652,0.7859536119696138,0.7086477074869414,0.7729336966394187,0.2656789084792329,0.2270663033605813,1.1700499129425417,0.3533151680290645,0.6466848319709355,0.72,0.425,1101.0,389.0,712.0,False
1723.0,0.6540917005223448,0.8320802005012531,0.7403846153846154,0.7862324079429343,0.7086477074869414,0.7728482697426797,0.26559348158249396,0.22715173025732027,1.1692338036854326,0.35403726708074534,0.6459627329192547,0.715,0.43,1127.0,399.0,728.0,False
1723.0,0.689495066744051,0.7404980340760158,0.8305882352941176,0.7855431346850668,0.7086477074869414,0.7727272727272727,0.26547248456708694,0.2272727272727273,1.1680789320951825,0.6422558922558923,0.35774410774410775,0.54,0.28,1188.0,763.0,425.0,False
1723.0,0.6842716192687174,0.7374517374517374,0.8407960199004975,0.7891238786761174,0.7086477074869414,0.7726887192536047,0.26543393109341895,0.22731128074639528,1.1677112117878392,0.6590330788804071,0.34096692111959287,0.53,0.27,1179.0,777.0,402.0,False
1723.0,0.6331979106210098,0.8311345646437994,0.7415730337078652,0.7863537991758323,0.7086477074869414,0.772685609532539,0.2654308213723532,0.22731439046746105,1.167681556924344,0.3473877176901925,0.6526122823098075,0.725,0.425,1091.0,379.0,712.0,False
1723.0,0.6146256529309344,0.8518518518518519,0.7374149659863946,0.7946334089191232,0.7086477074869414,0.7724268177525968,0.26517202959241104,0.2275731822474032,1.1652165117774411,0.3059490084985836,0.6940509915014165,0.75,0.435,1059.0,324.0,735.0,False
1723.0,0.686012768427162,0.7386215864759428,0.8353510895883777,0.7869863380321602,0.7086477074869414,0.772419627749577,0.2651648395893912,0.22758037225042305,1.1651481055563582,0.6505922165820643,0.3494077834179357,0.535,0.275,1182.0,769.0,413.0,False
1723.0,0.6477074869413814,0.8267326732673267,0.7415730337078652,0.7841528534875959,0.7086477074869414,0.7724014336917563,0.2651466455315705,0.2275985663082437,1.1649750252489477,0.36200716845878134,0.6379928315412187,0.71,0.425,1116.0,404.0,712.0,False
1723.0,0.6552524666279744,0.8093023255813954,0.7496423462088698,0.7794723358951325,0.7086477074869414,0.7723649247121346,0.2651101365519488,0.22763507528786542,1.1646277983157594,0.3808680248007086,0.6191319751992914,0.695,0.42,1129.0,430.0,699.0,False
1723.0,0.681950087057458,0.7346938775510204,0.8465473145780051,0.7906205960645127,0.7086477074869414,0.7719148936170213,0.2646601054568355,0.22808510638297874,1.1603568056409763,0.6672340425531915,0.33276595744680854,0.525,0.265,1175.0,784.0,391.0,False
1723.0,0.6970400464306442,0.8027888446215139,0.7496423462088698,0.7762155954151919,0.7086477074869414,0.771856786011657,0.2646019978514712,0.22814321398834303,1.1598065672248794,0.417985012489592,0.582014987510408,0.67,0.42,1201.0,502.0,699.0,False
1723.0,0.6331979106210098,0.8426966292134831,0.7374149659863946,0.7900557975999388,0.7086477074869414,0.7717690192483959,0.26451423108821015,0.22823098075160408,1.1589760085029608,0.32630614115490375,0.6736938588450962,0.735,0.435,1091.0,356.0,735.0,False
1723.0,0.620429483459083,0.8473053892215568,0.7374149659863946,0.7923601776039757,0.7086477074869414,0.7717492984097287,0.26449451024954296,0.22825070159027128,1.1587894731834485,0.3124415341440599,0.6875584658559402,0.745,0.435,1069.0,334.0,735.0,False
1723.0,0.69413813116657,0.7404980340760158,0.8267898383371824,0.7836439362065991,0.7086477074869414,0.7717391304347826,0.26448434227459683,0.2282608695652174,1.1586933090125193,0.6379598662207357,0.3620401337792642,0.54,0.285,1196.0,763.0,433.0,False
1723.0,0.6482878699941962,0.8303341902313625,0.7403846153846154,0.7853594028079889,0.7086477074869414,0.7717099373321397,0.2644551491719539,0.22829006266786034,1.158417261274794,0.34825425246195163,0.6517457475380484,0.72,0.43,1117.0,389.0,728.0,False
1723.0,0.6401625072547882,0.8396739130434783,0.7374149659863946,0.7885444395149364,0.7086477074869414,0.771532184950136,0.2642773967899502,0.22846781504986402,1.1567379708702978,0.33363553943789664,0.6663644605621033,0.73,0.435,1103.0,368.0,735.0,False
1723.0,0.6424840394660476,0.8311345646437994,0.7403846153846154,0.7857595900142074,0.7086477074869414,0.7714543812104788,0.26419959305029306,0.22854561878952118,1.1560037529908083,0.34236675700090335,0.6576332429990966,0.725,0.43,1107.0,379.0,728.0,False
1723.0,0.6906558328496808,0.7374517374517374,0.8353510895883777,0.7864014135200575,0.7086477074869414,0.7714285714285715,0.2641737832683857,0.22857142857142854,1.1557603017991875,0.6529411764705882,0.34705882352941175,0.53,0.275,1190.0,777.0,413.0,False
1723.0,0.685432385374347,0.7341772151898734,0.8465473145780051,0.7903622648839392,0.7086477074869414,0.7713801862828111,0.26412539812262537,0.22861981371718887,1.1553040562326684,0.6689246401354784,0.3310753598645216,0.52,0.265,1181.0,790.0,391.0,False
1723.0,0.6929773650609402,0.7386215864759428,0.8305882352941176,0.7846049108850301,0.7086477074869414,0.7713567839195979,0.2641019957594122,0.22864321608040206,1.1550834539807255,0.6440536013400335,0.3559463986599665,0.535,0.28,1194.0,769.0,425.0,False
1723.0,0.656993615786419,0.8267326732673267,0.7403846153846154,0.783558644325971,0.7086477074869414,0.7712014134275619,0.2639466252673761,0.22879858657243812,1.1536199992381073,0.3568904593639576,0.6431095406360424,0.71,0.43,1132.0,404.0,728.0,False
1723.0,0.628554846198491,0.8419540229885057,0.7374149659863946,0.7896844944874502,0.7086477074869414,0.7710064635272391,0.26375167536705335,0.22899353647276088,1.1517865500908013,0.32132963988919666,0.6786703601108033,0.74,0.435,1083.0,348.0,735.0,False
1723.0,0.6865931514799768,0.73,0.856396866840731,0.7931984334203654,0.7086477074869414,0.7709213863060017,0.26366659814581594,0.2290786136939983,1.1509874007619938,0.6762468300929839,0.3237531699070161,0.515,0.26,1183.0,800.0,383.0,False
1723.0,0.6581543818920488,0.8320802005012531,0.7374149659863946,0.7847475832438238,0.7086477074869414,0.7707231040564374,0.26346831589625164,0.2292768959435626,1.1491271931782667,0.35185185185185186,0.6481481481481481,0.715,0.435,1134.0,399.0,735.0,False
1723.0,0.6883343006384214,0.7346938775510204,0.8407960199004975,0.787744948725759,0.7086477074869414,0.7706576728499157,0.26340288468972994,0.2293423271500843,1.148514048683896,0.6610455311973018,0.33895446880269814,0.525,0.27,1186.0,784.0,402.0,False
1723.0,0.6755658734764944,0.73,0.8598901098901099,0.794945054945055,0.7086477074869414,0.770618556701031,0.2633637685408452,0.22938144329896903,1.1481476650994151,0.6872852233676976,0.3127147766323024,0.515,0.25,1164.0,800.0,364.0,False
1723.0,0.697620429483459,0.7374517374517374,0.8305882352941176,0.7840199863729276,0.7086477074869414,0.7703826955074875,0.26312790734730174,0.2296173044925125,1.1459411037371618,0.6464226289517471,0.35357737104825293,0.53,0.28,1202.0,777.0,425.0,False
1723.0,0.697620429483459,0.7386215864759428,0.8267898383371824,0.7827057124065626,0.7086477074869414,0.7703826955074875,0.26312790734730174,0.2296173044925125,1.1459411037371618,0.6397670549084858,0.36023294509151416,0.535,0.285,1202.0,769.0,433.0,False
1723.0,0.6796285548461984,0.73,0.8571428571428571,0.7935714285714286,0.7086477074869414,0.7702818104184458,0.26302702225826,0.2297181895815542,1.1449986731019424,0.6831767719897524,0.31682322801024765,0.515,0.255,1171.0,800.0,371.0,False
1723.0,0.6918165989553106,0.7341772151898734,0.8407960199004975,0.7874866175451855,0.7086477074869414,0.7701342281879194,0.26287944002773367,0.22986577181208057,1.1436215055221113,0.662751677852349,0.337248322147651,0.52,0.27,1192.0,790.0,402.0,False
1723.0,0.652930934416715,0.8184019370460048,0.7415730337078652,0.7799874853769351,0.7086477074869414,0.7697777777777778,0.262522989617592,0.23022222222222222,1.1403025610802742,0.3671111111111111,0.6328888888888888,0.705,0.425,1125.0,413.0,712.0,False
1723.0,0.6523505513639002,0.8303341902313625,0.7374149659863946,0.7838745781088785,0.7086477074869414,0.7695729537366548,0.26231816557646903,0.2304270462633452,1.1384000699148695,0.34608540925266906,0.6539145907473309,0.72,0.435,1124.0,389.0,735.0,False
1723.0,0.6947185142193848,0.7346938775510204,0.8353510895883777,0.7850224835696991,0.7086477074869414,0.7694235588972431,0.26216877073705736,0.23057644110275688,1.137014560044412,0.6549707602339181,0.34502923976608185,0.525,0.275,1197.0,784.0,413.0,False
1723.0,0.6465467208357516,0.8311345646437994,0.7374149659863946,0.784274765315097,0.7086477074869414,0.7692998204667864,0.2620450323066006,0.23070017953321365,1.1358683501539029,0.3402154398563734,0.6597845601436265,0.725,0.435,1114.0,379.0,735.0,False
1723.0,0.6210098665118978,0.8518518518518519,0.7332439678284183,0.7925479098401351,0.7086477074869414,0.7691588785046729,0.26190409034448714,0.2308411214953271,1.1345642780105314,0.30280373831775703,0.697196261682243,0.75,0.44,1070.0,324.0,746.0,False
1723.0,0.661056297156123,0.8267326732673267,0.7374149659863946,0.7820738196268606,0.7086477074869414,0.7690956979806848,0.261840909820499,0.23090430201931522,1.1339802140134918,0.3546971027216857,0.6453028972783144,0.71,0.435,1139.0,404.0,735.0,False
1723.0,0.686012768427162,0.8106382978723404,0.7415730337078652,0.7761056657901029,0.7086477074869414,0.7690355329949239,0.2617807448347381,0.2309644670050761,1.1334243237899653,0.3976311336717428,0.6023688663282571,0.68,0.425,1182.0,470.0,712.0,False
1723.0,0.698200812536274,0.7341772151898734,0.8353510895883777,0.7847641523891256,0.7086477074869414,0.7689110556940981,0.26165626753391236,0.23108894430590188,1.1322751433212108,0.656691604322527,0.343308395677473,0.52,0.275,1203.0,790.0,413.0,False
1723.0,0.6755658734764944,0.8119469026548672,0.7415730337078652,0.7767599681813662,0.7086477074869414,0.7689003436426117,0.26164555548242596,0.23109965635738827,1.132176306994587,0.38831615120274915,0.6116838487972509,0.685,0.425,1164.0,452.0,712.0,False
1723.0,0.6552524666279744,0.815347721822542,0.7415730337078652,0.7784603777652036,0.7086477074869414,0.7688219663418955,0.2615671781817097,0.23117803365810452,1.1314534259277789,0.36935341009743133,0.6306465899025686,0.7,0.425,1129.0,417.0,712.0,False
1723.0,0.6622170632617528,0.8184019370460048,0.7403846153846154,0.7793932762153102,0.7086477074869414,0.768624014022787,0.26136922586260125,0.23137598597721298,1.129629873898591,0.3619631901840491,0.6380368098159509,0.705,0.43,1141.0,413.0,728.0,False
1723.0,0.6395821242019734,0.8426966292134831,0.7332439678284183,0.7879702985209507,0.7086477074869414,0.7686025408348457,0.26134775267465993,0.2313974591651543,1.1294322488136281,0.32304900181488205,0.676950998185118,0.735,0.44,1102.0,356.0,746.0,False
1723.0,0.6268136970400464,0.8473053892215568,0.7332439678284183,0.7902746785249876,0.7086477074869414,0.7685185185185185,0.2612637303583327,0.2314814814814815,1.1286593151479973,0.30925925925925923,0.6907407407407408,0.745,0.44,1080.0,334.0,746.0,False
1723.0,0.6668601276842716,0.8123569794050344,0.7415730337078652,0.7769650065564497,0.7086477074869414,0.7684943429068756,0.2612395547466898,0.23150565709312443,1.1284370240749872,0.3803307223672759,0.6196692776327241,0.69,0.425,1149.0,437.0,712.0,False
1723.0,0.6465467208357516,0.8396739130434783,0.7332439678284183,0.7864589404359483,0.7086477074869414,0.7684021543985637,0.261147366238378,0.23159784560143626,1.1275897906571826,0.3303411131059246,0.6696588868940754,0.73,0.44,1114.0,368.0,746.0,False
1723.0,0.6964596633778294,0.8073770491803278,0.7415730337078652,0.7744750414440965,0.7086477074869414,0.7683333333333333,0.26107854517314755,0.2316666666666667,1.1269577489488383,0.4066666666666667,0.5933333333333334,0.675,0.425,1200.0,488.0,712.0,False
1723.0,0.6912362159024956,0.73,0.8465473145780051,0.7882736572890026,0.7086477074869414,0.7682619647355163,0.26100717657533057,0.23173803526448367,1.1263027076131111,0.6717044500419815,0.32829554995801846,0.515,0.265,1191.0,800.0,391.0,False
1723.0,0.698200812536274,0.7268292682926829,0.856396866840731,0.791613067566707,0.7086477074869414,0.7680798004987531,0.26082501233856736,0.23192019950124687,1.1246325800835002,0.6816292601828762,0.3183707398171239,0.505,0.26,1203.0,820.0,383.0,False
1723.0,0.6952988972721996,0.8106382978723404,0.7403846153846154,0.775511456628478,0.7086477074869414,0.7679465776293823,0.2606917894691966,0.23205342237061766,1.1234128193672575,0.39232053422370616,0.6076794657762938,0.68,0.43,1198.0,470.0,728.0,False
1723.0,0.6349390597794544,0.8419540229885057,0.7332439678284183,0.787598995408462,0.7086477074869414,0.7678244972577697,0.2605697090975839,0.2321755027422303,1.122296306113216,0.3180987202925046,0.6819012797074955,0.74,0.44,1094.0,348.0,746.0,False
1723.0,0.6848520023215322,0.8119469026548672,0.7403846153846154,0.7761657590197413,0.7086477074869414,0.7677966101694915,0.26054182200930576,0.23220338983050848,1.1220414232517546,0.38305084745762713,0.6169491525423729,0.685,0.43,1180.0,452.0,728.0,False
1723.0,0.6871735345327916,0.7268292682926829,0.8598901098901099,0.7933596890913964,0.7086477074869414,0.7677364864864865,0.26048169832630075,0.2322635135135135,1.1214921120666914,0.6925675675675675,0.30743243243243246,0.505,0.25,1184.0,820.0,364.0,False
1723.0,0.6645385954730122,0.8320802005012531,0.7332439678284183,0.7826620841648357,0.7086477074869414,0.7676855895196506,0.26043080135946484,0.2323144104803494,1.1210273216413051,0.34847161572052404,0.651528384279476,0.715,0.44,1145.0,399.0,746.0,False
1723.0,0.6645385954730122,0.815347721822542,0.7403846153846154,0.7778661686035787,0.7086477074869414,0.7676855895196506,0.26043080135946484,0.2323144104803494,1.1210273216413051,0.36419213973799125,0.6358078602620088,0.7,0.43,1145.0,417.0,728.0,False
1723.0,0.6912362159024956,0.7268292682926829,0.8571428571428571,0.79198606271777,0.7086477074869414,0.7674223341729639,0.26016754601277814,0.2325776658270361,1.1186265245531364,0.6884970612930311,0.31150293870696893,0.505,0.255,1191.0,820.0,371.0,False
1723.0,0.6761462565293094,0.8123569794050344,0.7403846153846154,0.7763707973948248,0.7086477074869414,0.7673819742489271,0.2601271860887413,0.23261802575107293,1.1182589365069509,0.37510729613733906,0.6248927038626609,0.69,0.43,1165.0,437.0,728.0,False
1723.0,0.693557748113755,0.7253694581280788,0.856396866840731,0.7908831624844049,0.7086477074869414,0.7673640167364016,0.2601092285762159,0.23263598326359836,1.1180954249948847,0.6794979079497908,0.3205020920502092,0.51,0.26,1195.0,812.0,383.0,False
1723.0,0.6279744631456762,0.8518518518518519,0.7308707124010554,0.7913612821264536,0.7086477074869414,0.767097966728281,0.25984317856809525,0.232902033271719,1.1156758698836473,0.29944547134935307,0.7005545286506469,0.75,0.445,1082.0,324.0,758.0,False
1723.0,0.6627974463145676,0.8093023255813954,0.7415730337078652,0.7754376796446303,0.7086477074869414,0.7670753064798599,0.2598205183196741,0.2329246935201401,1.1154700448160444,0.37653239929947463,0.6234676007005254,0.695,0.425,1142.0,430.0,712.0,False
1723.0,0.697620429483459,0.73,0.8407960199004975,0.7853980099502487,0.7086477074869414,0.7670549084858569,0.2598001203256711,0.2329450915141431,1.1152848022552024,0.6655574043261231,0.33444259567387685,0.515,0.27,1202.0,800.0,402.0,False
1723.0,0.6825304701102728,0.7253694581280788,0.8598901098901099,0.7926297840090943,0.7086477074869414,0.7670068027210885,0.2597520145609027,0.23299319727891155,1.1148480624949693,0.6904761904761905,0.30952380952380953,0.51,0.25,1176.0,812.0,364.0,False
1723.0,0.6865931514799768,0.7253694581280788,0.8571428571428571,0.791256157635468,0.7086477074869414,0.7666948436179205,0.25944005545773474,0.2333051563820795,1.1120202377047108,0.6863905325443787,0.3136094674556213,0.51,0.255,1183.0,812.0,371.0,False
1723.0,0.6465467208357516,0.8426966292134831,0.7308707124010554,0.7867836708072693,0.7086477074869414,0.7666068222621185,0.25935203410193275,0.23339317773788149,1.111223715344435,0.31956912028725315,0.6804308797127468,0.735,0.445,1114.0,356.0,758.0,False
1723.0,0.6662797446314568,0.8184019370460048,0.7374149659863946,0.7779084515161997,0.7086477074869414,0.7665505226480837,0.2592957344878979,0.23344947735191635,1.1107145641496523,0.3597560975609756,0.6402439024390244,0.705,0.435,1148.0,413.0,735.0,False
1723.0,0.6587347649448636,0.8303341902313625,0.7332439678284183,0.7817890790298904,0.7086477074869414,0.7665198237885462,0.25926503562836045,0.23348017621145378,1.1104370393893928,0.34273127753303967,0.6572687224669603,0.72,0.44,1135.0,389.0,746.0,False
1723.0,0.6337782936738248,0.8473053892215568,0.7308707124010554,0.7890880508113061,0.7086477074869414,0.7664835164835165,0.25922872832333077,0.23351648351648346,1.110108907172852,0.3058608058608059,0.6941391941391941,0.745,0.445,1092.0,334.0,758.0,False
1723.0,0.6535113174695298,0.8396739130434783,0.7308707124010554,0.7852723127222668,0.7086477074869414,0.7664298401420959,0.25917505198191015,0.23357015985790408,1.1096239868122846,0.3268206039076377,0.6731793960923623,0.73,0.445,1126.0,368.0,758.0,False
1723.0,0.6906558328496808,0.725181598062954,0.8598901098901099,0.7925358539765319,0.7086477074869414,0.7663865546218488,0.259131766461663,0.2336134453781512,1.109233101040932,0.6941176470588235,0.3058823529411765,0.5,0.25,1190.0,826.0,364.0,False
1723.0,0.652930934416715,0.8311345646437994,0.7332439678284183,0.7821892662361088,0.7086477074869414,0.7662222222222222,0.2589674340620365,0.23377777777777775,1.1077504308737303,0.3368888888888889,0.6631111111111111,0.725,0.44,1125.0,379.0,746.0,False
1723.0,0.6674405107370864,0.8267326732673267,0.7332439678284183,0.7799883205478725,0.7086477074869414,0.7660869565217391,0.2588321683615533,0.23391304347826092,1.1065315747798745,0.35130434782608694,0.648695652173913,0.71,0.44,1150.0,404.0,746.0,False
1723.0,0.6947185142193848,0.725181598062954,0.8571428571428571,0.7911622276029056,0.7086477074869414,0.7660818713450293,0.2588270831848435,0.23391812865497075,1.106485780615206,0.6900584795321637,0.30994152046783624,0.5,0.255,1197.0,826.0,371.0,False
1723.0,0.6720835751596054,0.8093023255813954,0.7403846153846154,0.7748434704830054,0.7086477074869414,0.7659758203799655,0.2587210322197797,0.23402417962003452,1.1055312004077673,0.37132987910189985,0.6286701208981001,0.695,0.43,1158.0,430.0,728.0,False
1723.0,0.6993615786419036,0.8106382978723404,0.7374149659863946,0.7740266319293675,0.7086477074869414,0.7659751037344399,0.2587203155742541,0.2340248962655601,1.105524752719774,0.3900414937759336,0.6099585062240664,0.68,0.435,1205.0,470.0,735.0,False
1723.0,0.6419036564132328,0.8419540229885057,0.7308707124010554,0.7864123676947805,0.7086477074869414,0.7658227848101266,0.2585679966499408,0.23417721518987344,1.1041552289375849,0.31464737793851716,0.6853526220614828,0.74,0.445,1106.0,348.0,758.0,False
1723.0,0.6889146836912362,0.8119469026548672,0.7374149659863946,0.7746809343206309,0.7086477074869414,0.7657961246840775,0.2585413365238918,0.23420387531592246,1.1039157066685596,0.38079191238416177,0.6192080876158382,0.685,0.435,1187.0,452.0,735.0,False
1723.0,0.6715031921067904,0.8320802005012531,0.7308707124010554,0.7814754564511542,0.7086477074869414,0.7657735522904062,0.25851876413022046,0.23422644770959378,1.103712952393598,0.34485738980121,0.6551426101987899,0.715,0.445,1157.0,399.0,758.0,False
1723.0,0.6686012768427162,0.815347721822542,0.7374149659863946,0.7763813439044682,0.7086477074869414,0.765625,0.25837021183981423,0.234375,1.1023795705165407,0.3619791666666667,0.6380208333333334,0.7,0.435,1152.0,417.0,735.0,False
1723.0,0.6802089378990134,0.8123569794050344,0.7374149659863946,0.7748859726957145,0.7086477074869414,0.765358361774744,0.25810357361455827,0.23464163822525597,1.0999905028227719,0.3728668941979522,0.6271331058020477,0.69,0.435,1172.0,437.0,735.0,False
1723.0,0.6442251886244922,0.8518518518518519,0.7290076335877863,0.790429742719819,0.7086477074869414,0.7648648648648648,0.25761007670467906,0.23513513513513518,1.0955830848359913,0.2918918918918919,0.7081081081081081,0.75,0.455,1110.0,324.0,786.0,False
1723.0,0.636680208937899,0.8518518518518519,0.7283311772315654,0.7900915145417087,0.7086477074869414,0.764813126709207,0.2575583385490212,0.23518687329079302,1.095122082900296,0.29535095715587967,0.7046490428441203,0.75,0.45,1097.0,324.0,773.0,False
1723.0,0.698200812536274,0.7253694581280788,0.8465473145780051,0.7859583863530419,0.7086477074869414,0.7647547797173733,0.2574999915571875,0.23524522028262673,1.094602437608822,0.6749792186201163,0.3250207813798836,0.51,0.265,1203.0,812.0,391.0,False
1723.0,0.665699361578642,0.8303341902313625,0.7308707124010554,0.7806024513162089,0.7086477074869414,0.7646033129904097,0.25734852483022397,0.23539668700959027,1.0932546591861736,0.33914559721011334,0.6608544027898866,0.72,0.445,1147.0,389.0,758.0,False
1723.0,0.6627974463145676,0.8426966292134831,0.7290076335877863,0.7858521314006347,0.7086477074869414,0.7644483362521891,0.25719354809200334,0.2355516637478109,1.0918774420857538,0.3117338003502627,0.6882661996497373,0.735,0.455,1142.0,356.0,786.0,False
1723.0,0.6552524666279744,0.8426966292134831,0.7283311772315654,0.7855139032225242,0.7086477074869414,0.7643932683790965,0.2571384802189107,0.2356067316209035,1.0913885119065794,0.3153232949512843,0.6846767050487157,0.735,0.45,1129.0,356.0,773.0,False
1723.0,0.669762042948346,0.8396739130434783,0.7290076335877863,0.7843407733156322,0.7086477074869414,0.7642980935875217,0.2570433054273359,0.23570190641247835,1.0905440237615647,0.3188908145580589,0.6811091854419411,0.73,0.455,1154.0,368.0,786.0,False
1723.0,0.6598955310504934,0.8311345646437994,0.7308707124010554,0.7810026385224274,0.7086477074869414,0.7642919964819701,0.25703720832178434,0.2357080035180299,1.0904899472457792,0.3333333333333333,0.6666666666666666,0.725,0.445,1137.0,379.0,758.0,False
1723.0,0.6500290191526408,0.8473053892215568,0.7290076335877863,0.7881565114046716,0.7086477074869414,0.7642857142857142,0.25703092612552847,0.23571428571428577,1.0904342320476963,0.2982142857142857,0.7017857142857142,0.745,0.455,1120.0,334.0,786.0,False
1723.0,0.6622170632617528,0.8396739130434783,0.7283311772315654,0.7840025451375219,0.7086477074869414,0.7642418930762489,0.25698710491606314,0.2357581069237511,1.090045675498989,0.32252410166520595,0.677475898334794,0.73,0.45,1141.0,368.0,773.0,False
1723.0,0.6424840394660476,0.8473053892215568,0.7283311772315654,0.7878182832265611,0.7086477074869414,0.7642276422764228,0.25697285411623705,0.2357723577235772,1.0899193467688677,0.3017163504968383,0.6982836495031617,0.745,0.45,1107.0,334.0,773.0,False
1723.0,0.6744051073708648,0.8267326732673267,0.7308707124010554,0.778801692834191,0.7086477074869414,0.7641996557659209,0.2569448676057351,0.23580034423407914,1.0896712998462197,0.3476764199655766,0.6523235800344234,0.71,0.445,1162.0,404.0,758.0,False
1723.0,0.6761462565293094,0.8093023255813954,0.7374149659863946,0.773358645783895,0.7086477074869414,0.7639484978540773,0.2566937096938915,0.23605150214592274,1.0874478974304858,0.36909871244635195,0.630901287553648,0.695,0.435,1165.0,430.0,735.0,False
1723.0,0.6877539175856066,0.8320802005012531,0.7290076335877863,0.7805439170445196,0.7086477074869414,0.7637130801687764,0.2564582920085906,0.23628691983122363,1.0853681286792138,0.3367088607594937,0.6632911392405063,0.715,0.455,1185.0,399.0,786.0,False
1723.0,0.6581543818920488,0.8419540229885057,0.7290076335877863,0.785480828288146,0.7086477074869414,0.763668430335097,0.25641364217491125,0.23633156966490299,1.084974142635632,0.30687830687830686,0.6931216931216931,0.74,0.455,1134.0,348.0,786.0,False
1723.0,0.6802089378990134,0.8320802005012531,0.7283311772315654,0.7802056888664093,0.7086477074869414,0.7636518771331058,0.25639708897292,0.23634812286689422,1.0848281165208022,0.34044368600682595,0.659556313993174,0.715,0.45,1172.0,399.0,773.0,False
1723.0,0.6506094022054556,0.8419540229885057,0.7283311772315654,0.7851426001100356,0.7086477074869414,0.7636039250669046,0.2563491369067188,0.23639607493309545,1.084405216877101,0.31043710972346117,0.6895628902765388,0.74,0.45,1121.0,348.0,773.0,False
1723.0,0.6726639582124202,0.8184019370460048,0.7332439678284183,0.7758229524372116,0.7086477074869414,0.7635893011216566,0.2563345129614708,0.23641069887834343,1.08427627927863,0.35634167385677307,0.6436583261432269,0.705,0.44,1159.0,413.0,746.0,False
1723.0,0.6952988972721996,0.8119469026548672,0.7332439678284183,0.7725954352416428,0.7086477074869414,0.7629382303839732,0.25568344222378747,0.23706176961602676,1.0785519851552723,0.3772954924874791,0.6227045075125208,0.685,0.44,1198.0,452.0,746.0,False
1723.0,0.6749854904236796,0.815347721822542,0.7332439678284183,0.7742958448254802,0.7086477074869414,0.7626827171109201,0.2554279289507343,0.23731728288907994,1.0763140629337102,0.3585554600171969,0.641444539982803,0.7,0.44,1163.0,417.0,746.0,False
1723.0,0.681950087057458,0.8303341902313625,0.7290076335877863,0.7796709119095744,0.7086477074869414,0.7625531914893617,0.25529840332917597,0.23744680851063826,1.0751814477124797,0.33106382978723403,0.668936170212766,0.72,0.455,1175.0,389.0,786.0,False
1723.0,0.6744051073708648,0.8303341902313625,0.7283311772315654,0.7793326837314639,0.7086477074869414,0.7624784853700516,0.2552236972098658,0.23752151462994842,1.0745287541951596,0.3347676419965577,0.6652323580034424,0.72,0.45,1162.0,389.0,773.0,False
1723.0,0.6865931514799768,0.8123569794050344,0.7332439678284183,0.7728004736167263,0.7086477074869414,0.7624683009298394,0.25521351276965365,0.23753169907016058,1.0744398064288267,0.3693998309382925,0.6306001690617076,0.69,0.44,1183.0,437.0,746.0,False
1723.0,0.6761462565293094,0.8311345646437994,0.7290076335877863,0.7800710991157929,0.7086477074869414,0.7622317596566524,0.2549769714964666,0.23776824034334765,1.0723760714562585,0.32532188841201715,0.6746781115879829,0.725,0.455,1165.0,379.0,786.0,False
1723.0,0.6906558328496808,0.8267326732673267,0.7290076335877863,0.7778701534275565,0.7086477074869414,0.7621848739495798,0.254930085789394,0.2378151260504202,1.0719674985490417,0.33949579831932775,0.6605042016806723,0.71,0.455,1190.0,404.0,786.0,False
1723.0,0.6686012768427162,0.8311345646437994,0.7283311772315654,0.7797328709376824,0.7086477074869414,0.7621527777777778,0.254897989617592,0.2378472222222222,1.0716878979542557,0.3289930555555556,0.6710069444444444,0.725,0.45,1152.0,379.0,773.0,False
1723.0,0.6831108531630876,0.8267326732673267,0.7283311772315654,0.777531925249446,0.7086477074869414,0.762107051826678,0.2548522636664923,0.23789294817332196,1.0712896940552195,0.34324553950722175,0.6567544604927783,0.71,0.45,1177.0,404.0,773.0,False
1723.0,0.6796285548461984,0.8184019370460048,0.7308707124010554,0.7746363247235302,0.7086477074869414,0.7617421007685738,0.2544873126083881,0.23825789923142615,1.0681170002309048,0.35269000853970967,0.6473099914602903,0.705,0.445,1171.0,413.0,758.0,False
1723.0,0.6825304701102728,0.8093023255813954,0.7332439678284183,0.7712731467049068,0.7086477074869414,0.7610544217687075,0.25379963360852176,0.23894557823129248,1.06216501467481,0.3656462585034014,0.6343537414965986,0.695,0.44,1176.0,430.0,746.0,False
1723.0,0.681950087057458,0.815347721822542,0.7308707124010554,0.7731092171117987,0.7086477074869414,0.7608510638297873,0.2535962756696015,0.2391489361702127,1.060411472995665,0.3548936170212766,0.6451063829787234,0.7,0.445,1175.0,417.0,758.0,False
1723.0,0.693557748113755,0.8123569794050344,0.7308707124010554,0.7716138459030448,0.7086477074869414,0.7606694560669456,0.2534146679067598,0.23933054393305442,1.0588480005195033,0.36569037656903763,0.6343096234309623,0.69,0.445,1195.0,437.0,758.0,False
1723.0,0.6958792803250146,0.8184019370460048,0.7290076335877863,0.7737047853168956,0.7086477074869414,0.7597998331943286,0.2525450450341429,0.24020016680567136,1.0513941284581159,0.34445371142618847,0.6555462885738115,0.705,0.455,1199.0,413.0,786.0,False
1723.0,0.6883343006384214,0.8184019370460048,0.7283311772315654,0.7733665571387851,0.7086477074869414,0.7596964586846543,0.25244167052446853,0.2403035413153457,1.0505116534807708,0.3482293423271501,0.6517706576728499,0.705,0.45,1186.0,413.0,773.0,False
1723.0,0.6540917005223448,0.8518518518518519,0.7222914072229141,0.787071629537383,0.7086477074869414,0.7595385980479148,0.252283809887729,0.2404614019520852,1.0491655119685261,0.28748890860692106,0.712511091393079,0.75,0.46,1127.0,324.0,803.0,False
1723.0,0.6726639582124202,0.8426966292134831,0.7222914072229141,0.7824940182181985,0.7086477074869414,0.7592752372735116,0.2520204491133259,0.24072476272648835,1.0469236577861818,0.3071613459879206,0.6928386540120793,0.735,0.46,1159.0,356.0,803.0,False
1723.0,0.689495066744051,0.8093023255813954,0.7308707124010554,0.7700865189912254,0.7086477074869414,0.7592592592592593,0.25200447109907353,0.2407407407407407,1.046787803026921,0.36195286195286197,0.6380471380471381,0.695,0.445,1188.0,430.0,758.0,False
1723.0,0.6796285548461984,0.8396739130434783,0.7222914072229141,0.7809826601331962,0.7086477074869414,0.7591801878736123,0.25192539971342653,0.2408198121263877,1.0461157555475975,0.3142613151152861,0.6857386848847139,0.73,0.46,1171.0,368.0,803.0,False
1723.0,0.6598955310504934,0.8473053892215568,0.7222914072229141,0.7847983982222355,0.7086477074869414,0.7590149516270889,0.2517601634669031,0.24098504837291113,1.0447127951163098,0.2937554969217238,0.7062445030782761,0.745,0.46,1137.0,334.0,803.0,False
1723.0,0.698200812536274,0.815347721822542,0.7290076335877863,0.7721776777051641,0.7086477074869414,0.7589359933499584,0.25168120518977266,0.24106400665004157,1.0440430684251603,0.34663341645885287,0.6533665835411472,0.7,0.455,1203.0,417.0,786.0,False
1723.0,0.6906558328496808,0.815347721822542,0.7283311772315654,0.7718394495270537,0.7086477074869414,0.7588235294117647,0.2515687412515789,0.24117647058823533,1.043089902750449,0.35042016806722687,0.6495798319327731,0.7,0.45,1190.0,417.0,773.0,False
1723.0,0.697620429483459,0.8320802005012531,0.7222914072229141,0.7771858038620836,0.7086477074869414,0.7587354409317804,0.2514806527715946,0.24126455906821964,1.042343947005023,0.3319467554076539,0.668053244592346,0.715,0.46,1202.0,399.0,803.0,False
1723.0,0.6680208937899014,0.8419540229885057,0.7222914072229141,0.78212271510571,0.7086477074869414,0.7584708948740226,0.2512161067138369,0.24152910512597736,1.0401069742000946,0.3023457862728063,0.6976542137271937,0.74,0.46,1151.0,348.0,803.0,False
1723.0,0.6918165989553106,0.8303341902313625,0.7222914072229141,0.7763127987271383,0.7086477074869414,0.7575503355704698,0.25029554741028404,0.2424496644295302,1.0323608737476075,0.3263422818791946,0.6736577181208053,0.72,0.46,1192.0,389.0,803.0,False
1723.0,0.698200812536274,0.8093023255813954,0.7283311772315654,0.7688167514064803,0.7086477074869414,0.7572734829592684,0.2500186947990827,0.24272651704073156,1.0300427734359465,0.3574397339983375,0.6425602660016625,0.695,0.45,1203.0,430.0,773.0,False
1723.0,0.686012768427162,0.8311345646437994,0.7222914072229141,0.7767129859333568,0.7086477074869414,0.7571912013536379,0.24993641319345217,0.24280879864636207,1.0293548445806986,0.3206429780033841,0.6793570219966159,0.725,0.46,1182.0,379.0,803.0,False
1723.0,0.665699361578642,0.8518518518518519,0.7144592952612394,0.7831555735565456,0.7086477074869414,0.7532693984306887,0.24601461027050298,0.24673060156931126,0.9970980847359254,0.28247602441150826,0.7175239755884917,0.75,0.465,1147.0,324.0,823.0,False
1723.0,0.6842716192687174,0.8426966292134831,0.7144592952612394,0.7785779622373612,0.7086477074869414,0.7531806615776081,0.24592587341742234,0.2468193384223919,0.9963800850829584,0.30195080576759964,0.6980491942324003,0.735,0.465,1179.0,356.0,823.0,False
1723.0,0.6912362159024956,0.8396739130434783,0.7144592952612394,0.7770666041523588,0.7086477074869414,0.7531486146095718,0.24589382644938607,0.24685138539042817,0.9961209091878193,0.3089840470193115,0.6910159529806885,0.73,0.465,1191.0,368.0,823.0,False
1723.0,0.6715031921067904,0.8473053892215568,0.7144592952612394,0.7808823422413982,0.7086477074869414,0.7528089887640449,0.24555420060385913,0.2471910112359551,0.993378356988339,0.28867761452031115,0.7113223854796888,0.745,0.465,1157.0,334.0,823.0,False
1723.0,0.6796285548461984,0.8419540229885057,0.7144592952612394,0.7782066591248726,0.7086477074869414,0.7523484201537147,0.24509363199352896,0.24765157984628527,0.9896711829807667,0.2971818958155423,0.7028181041844578,0.74,0.465,1171.0,348.0,823.0,False
1723.0,0.697620429483459,0.8311345646437994,0.7144592952612394,0.7727969299525195,0.7086477074869414,0.7512479201331115,0.24399313197292571,0.24875207986688852,0.9808687111419957,0.31530782029950083,0.6846921797004991,0.725,0.465,1202.0,379.0,823.0,False
1723.0,0.6709228090539756,0.8518518518518519,0.7115384615384616,0.7816951566951567,0.7086477074869414,0.7508650519031141,0.24361026374292838,0.24913494809688586,0.9778245308570318,0.28027681660899656,0.7197231833910035,0.75,0.47,1156.0,324.0,832.0,False
1723.0,0.689495066744051,0.8426966292134831,0.7115384615384616,0.7771175453759723,0.7086477074869414,0.7508417508417509,0.2435869626815651,0.24915824915824913,0.9776395664381735,0.2996632996632997,0.7003367003367004,0.735,0.47,1188.0,356.0,832.0,False
1723.0,0.6964596633778294,0.8396739130434783,0.7115384615384616,0.7756061872909699,0.7086477074869414,0.7508333333333334,0.2435785451731476,0.24916666666666665,0.9775727565477496,0.30666666666666664,0.6933333333333334,0.73,0.47,1200.0,368.0,832.0,False
1723.0,0.6767266395821242,0.8473053892215568,0.7115384615384616,0.7794219253800092,0.7086477074869414,0.7504288164665524,0.24317402830636659,0.24957118353344765,0.9743674123890841,0.2864493996569468,0.7135506003430532,0.745,0.47,1166.0,334.0,832.0,False
1723.0,0.6848520023215322,0.8419540229885057,0.7115384615384616,0.7767462422634837,0.7086477074869414,0.75,0.24274521183981423,0.25,0.9709808473592569,0.29491525423728815,0.7050847457627119,0.74,0.47,1180.0,348.0,832.0,False
1723.0,0.6952988972721996,0.8426966292134831,0.7066508313539193,0.7746737302837012,0.7086477074869414,0.7470784641068448,0.239823675946659,0.25292153589315525,0.9482137418617078,0.29716193656093487,0.7028380634390651,0.735,0.475,1198.0,356.0,842.0,False
1723.0,0.6767266395821242,0.8518518518518519,0.7066508313539193,0.7792513416028856,0.7086477074869414,0.7469982847341338,0.239743496573948,0.25300171526586623,0.9475963288312655,0.27787307032590053,0.7221269296740995,0.75,0.475,1166.0,324.0,842.0,False
1723.0,0.6825304701102728,0.8473053892215568,0.7066508313539193,0.776978110287738,0.7086477074869414,0.7465986394557823,0.23934385129559654,0.2534013605442177,0.9445247286027568,0.28401360544217685,0.7159863945578231,0.745,0.475,1176.0,334.0,842.0,False
1723.0,0.6906558328496808,0.8419540229885057,0.7066508313539193,0.7743024271712124,0.7086477074869414,0.746218487394958,0.23896369923477223,0.253781512605042,0.9416119274482747,0.292436974789916,0.7075630252100841,0.74,0.475,1190.0,348.0,842.0,False
1723.0,0.685432385374347,0.8518518518518519,0.704784130688448,0.7783179912701499,0.7086477074869414,0.7451312447078747,0.23787645654768896,0.25486875529212527,0.9333292198764808,0.2743437764606266,0.7256562235393734,0.75,0.48,1181.0,324.0,857.0,False
1723.0,0.6912362159024956,0.8473053892215568,0.704784130688448,0.7760447599550024,0.7086477074869414,0.744752308984047,0.23749752082386122,0.255247691015953,0.9304590371750614,0.2804366078925273,0.7195633921074727,0.745,0.48,1191.0,334.0,857.0,False
1723.0,0.6993615786419036,0.8419540229885057,0.704784130688448,0.7733690768384769,0.7086477074869414,0.7443983402489627,0.2371435520887769,0.2556016597510373,0.9277856502174552,0.2887966804979253,0.7112033195020747,0.74,0.48,1205.0,348.0,857.0,False
1723.0,0.689495066744051,0.8518518518518519,0.7037037037037037,0.7777777777777778,0.7086477074869414,0.7441077441077442,0.2368529559475584,0.25589225589225584,0.9255964199529587,0.2727272727272727,0.7272727272727273,0.75,0.485,1188.0,324.0,864.0,False
1723.0,0.6952988972721996,0.8473053892215568,0.7037037037037037,0.7755045464626302,0.7086477074869414,0.7437395659432388,0.236484777783053,0.25626043405676124,0.922829849459601,0.27879799666110183,0.7212020033388982,0.745,0.485,1198.0,334.0,864.0,False
1723.0,0.693557748113755,0.8518518518518519,0.6991963260619977,0.7755240889569248,0.7086477074869414,0.7405857740585774,0.23333098589839163,0.2594142259414226,0.8994533166083161,0.2711297071129707,0.7288702928870293,0.75,0.49,1195.0,324.0,871.0,False
1723.0,0.6993615786419036,0.8473053892215568,0.6991963260619977,0.7732508576417773,0.7086477074869414,0.7402489626556017,0.23299417449541593,0.2597510373443983,0.8969903522906589,0.27717842323651454,0.7228215767634855,0.745,0.49,1205.0,334.0,871.0,False
